  0
SECTION
  2
HEADER
  9
$ANGBASE
  50
0.0
  9
$ANGDIR
  70
1
  9
$MEASUREMENT
  70
0
  0
ENDSEC
  0
SECTION
  2
TABLES
  0
TABLE
  2
LTYPE
  70
4
  0
LTYPE
  5
40F
  2
CONTINUOUS
  70
0
  3
Solid line
  72
65
  73
0
  40
0.0
  0
LTYPE
  5
410
  2
DASHDOT
 70
0
  3
Dash Dot ____ _ ____ _
 72
65
 73
4
 40
2.0
 49
1.25
 49
-0.25
 49
0.25
 49
-0.25
  0
LTYPE
  5
411
  2
DASHED
 70
0
  3
Dashed __ __ __ __ __
 72
65
 73
2
 40
0.75
 49
0.5
 49
-0.25
  0
LTYPE
  5
43B
  2
DOTTED
 70
0
  3
Dotted .  .  .  .
 72
65
 73
2
 40
0.2
 49
0.0
 49
-0.2
  0
ENDTAB
  0
TABLE
  2
STYLE
  70
4
  0
STYLE
  2
KICAD
  70
0
  40
0
  41
1
  42
1
  50
0
  71
0
  3
isocp.shx
  0
STYLE
  2
KICADB
  70
0
  40
0
  41
1
  42
1
  50
0
  71
0
  3
isocp.shx
  0
STYLE
  2
KICADI
  70
0
  40
0
  41
1
  42
1
  50
15
  71
0
  3
isocp.shx
  0
STYLE
  2
KICADBI
  70
0
  40
0
  41
1
  42
1
  50
15
  71
0
  3
isocp.shx
  0
ENDTAB
  0
TABLE
  2
LAYER
  70
1
  0
LAYER
  2
BLACK
  70
0
  62
7
  6
CONTINUOUS
  0
ENDTAB
  0
ENDSEC
  0
SECTION
  2
ENTITIES
0
LINE
8
BLACK
6
CONTINUOUS
10
4.541026496062992
20
-4.5254507086614169
11
4.5445868110236223
21
-4.5275062598425198
0
LINE
8
BLACK
6
CONTINUOUS
10
4.5445868110236223
20
-4.5275062598425198
11
4.5474937401574804
21
-4.5304131889763779
0
LINE
8
BLACK
6
CONTINUOUS
10
4.5474937401574804
20
-4.5304131889763779
11
4.5495492913385824
21
-4.5339735039370082
0
LINE
8
BLACK
6
CONTINUOUS
10
4.5495492913385824
20
-4.5339735039370082
11
4.5506133070866142
21
-4.5379444881889759
0
LINE
8
BLACK
6
CONTINUOUS
10
4.5506133070866142
20
-4.5379444881889759
11
4.5506133070866142
21
-4.5420555118110233
0
LINE
8
BLACK
6
CONTINUOUS
10
4.5506133070866142
20
-4.5420555118110233
11
4.5495492913385824
21
-4.5460264960629919
0
LINE
8
BLACK
6
CONTINUOUS
10
4.5495492913385824
20
-4.5460264960629919
11
4.5474937401574804
21
-4.5495868110236222
0
LINE
8
BLACK
6
CONTINUOUS
10
4.5474937401574804
20
-4.5495868110236222
11
4.5445868110236223
21
-4.5524937401574803
0
LINE
8
BLACK
6
CONTINUOUS
10
4.5445868110236223
20
-4.5524937401574803
11
4.541026496062992
21
-4.5545492913385823
0
LINE
8
BLACK
6
CONTINUOUS
10
4.541026496062992
20
-4.5545492913385823
11
4.5370555118110234
21
-4.555613307086614
0
LINE
8
BLACK
6
CONTINUOUS
10
4.5370555118110234
20
-4.555613307086614
11
4.532944488188976
21
-4.555613307086614
0
LINE
8
BLACK
6
CONTINUOUS
10
4.532944488188976
20
-4.555613307086614
11
4.5289735039370074
21
-4.5545492913385823
0
LINE
8
BLACK
6
CONTINUOUS
10
4.5289735039370074
20
-4.5545492913385823
11
4.5276402362204724
21
-4.5537795275590547
0
LINE
8
BLACK
6
CONTINUOUS
10
4.5276402362204724
20
-4.5537795275590547
11
4.4257903149606301
21
-4.5537795275590547
0
LINE
8
BLACK
6
CONTINUOUS
10
4.4257903149606301
20
-4.5537795275590547
11
4.3937795275590554
21
-4.5857903149606294
0
LINE
8
BLACK
6
CONTINUOUS
10
4.3937795275590554
20
-4.5857903149606294
11
4.3937795275590554
21
-4.6700718503937004
0
LINE
8
BLACK
6
CONTINUOUS
10
4.3937795275590554
20
-4.6700718503937004
11
4.5049281496062994
21
-4.7812204724409444
0
LINE
8
BLACK
6
CONTINUOUS
10
4.5049281496062994
20
-4.7812204724409444
11
5.6696900000000001
21
-4.7812204724409444
0
LINE
8
BLACK
6
CONTINUOUS
10
5.6696900000000001
20
-4.7812204724409444
11
5.8112695275590553
21
-4.6396409055118113
0
LINE
8
BLACK
6
CONTINUOUS
10
5.8112695275590553
20
-4.6396409055118113
11
5.8104429527559054
21
-4.6376453543307088
0
LINE
8
BLACK
6
CONTINUOUS
10
5.8104429527559054
20
-4.6376453543307088
11
5.80916311023622
21
-4.6312112204724407
0
LINE
8
BLACK
6
CONTINUOUS
10
5.80916311023622
20
-4.6312112204724407
11
5.80916311023622
21
-4.6246509842519687
0
LINE
8
BLACK
6
CONTINUOUS
10
5.80916311023622
20
-4.6246509842519687
11
5.8104429527559054
21
-4.6182168503937007
0
LINE
8
BLACK
6
CONTINUOUS
10
5.8104429527559054
20
-4.6182168503937007
11
5.8129534251968504
21
-4.6121560236220471
0
LINE
8
BLACK
6
CONTINUOUS
10
5.8129534251968504
20
-4.6121560236220471
11
5.8165980708661413
21
-4.6067014173228342
0
LINE
8
BLACK
6
CONTINUOUS
10
5.8165980708661413
20
-4.6067014173228342
11
5.8212368503937011
21
-4.6020626377952754
0
LINE
8
BLACK
6
CONTINUOUS
10
5.8212368503937011
20
-4.6020626377952754
11
5.8266914566929131
21
-4.5984179921259845
0
LINE
8
BLACK
6
CONTINUOUS
10
5.8266914566929131
20
-4.5984179921259845
11
5.8327522834645666
21
-4.5959075196850394
0
LINE
8
BLACK
6
CONTINUOUS
10
5.8327522834645666
20
-4.5959075196850394
11
5.8391864173228347
21
-4.594627677165354
0
LINE
8
BLACK
6
CONTINUOUS
10
5.8391864173228347
20
-4.594627677165354
11
5.8457466535433067
21
-4.594627677165354
0
LINE
8
BLACK
6
CONTINUOUS
10
5.8457466535433067
20
-4.594627677165354
11
5.8521807874015748
21
-4.5959075196850394
0
LINE
8
BLACK
6
CONTINUOUS
10
5.8521807874015748
20
-4.5959075196850394
11
5.8582416141732283
21
-4.5984179921259845
0
LINE
8
BLACK
6
CONTINUOUS
10
5.8582416141732283
20
-4.5984179921259845
11
5.8636962204724412
21
-4.6020626377952754
0
LINE
8
BLACK
6
CONTINUOUS
10
5.8636962204724412
20
-4.6020626377952754
11
5.8683350000000001
21
-4.6067014173228342
0
LINE
8
BLACK
6
CONTINUOUS
10
5.8683350000000001
20
-4.6067014173228342
11
5.871979645669291
21
-4.6121560236220471
0
LINE
8
BLACK
6
CONTINUOUS
10
5.871979645669291
20
-4.6121560236220471
11
5.874490118110236
21
-4.6182168503937007
0
LINE
8
BLACK
6
CONTINUOUS
10
5.874490118110236
20
-4.6182168503937007
11
5.8757699606299214
21
-4.6246509842519687
0
LINE
8
BLACK
6
CONTINUOUS
10
5.8757699606299214
20
-4.6246509842519687
11
5.8757699606299214
21
-4.6312112204724407
0
LINE
8
BLACK
6
CONTINUOUS
10
5.8757699606299214
20
-4.6312112204724407
11
5.874490118110236
21
-4.6376453543307088
0
LINE
8
BLACK
6
CONTINUOUS
10
5.874490118110236
20
-4.6376453543307088
11
5.871979645669291
21
-4.6437061811023623
0
LINE
8
BLACK
6
CONTINUOUS
10
5.871979645669291
20
-4.6437061811023623
11
5.8683350000000001
21
-4.6491607874015743
0
LINE
8
BLACK
6
CONTINUOUS
10
5.8683350000000001
20
-4.6491607874015743
11
5.8636962204724412
21
-4.6537995669291341
0
LINE
8
BLACK
6
CONTINUOUS
10
5.8636962204724412
20
-4.6537995669291341
11
5.8582416141732283
21
-4.657444212598425
0
LINE
8
BLACK
6
CONTINUOUS
10
5.8582416141732283
20
-4.657444212598425
11
5.8521807874015748
21
-4.65995468503937
0
LINE
8
BLACK
6
CONTINUOUS
10
5.8521807874015748
20
-4.65995468503937
11
5.8457466535433067
21
-4.6612345275590554
0
LINE
8
BLACK
6
CONTINUOUS
10
5.8457466535433067
20
-4.6612345275590554
11
5.8391864173228347
21
-4.6612345275590554
0
LINE
8
BLACK
6
CONTINUOUS
10
5.8391864173228347
20
-4.6612345275590554
11
5.8327522834645666
21
-4.65995468503937
0
LINE
8
BLACK
6
CONTINUOUS
10
5.8327522834645666
20
-4.65995468503937
11
5.8307566929133854
21
-4.6591280708661413
0
LINE
8
BLACK
6
CONTINUOUS
10
5.8307566929133854
20
-4.6591280708661413
11
5.685141220472441
21
-4.8047435826771654
0
LINE
8
BLACK
6
CONTINUOUS
10
5.685141220472441
20
-4.8047435826771654
11
5.6837861023622045
21
-4.8059320472440943
0
LINE
8
BLACK
6
CONTINUOUS
10
5.6837861023622045
20
-4.8059320472440943
11
5.680670826771653
21
-4.8077306299212594
0
LINE
8
BLACK
6
CONTINUOUS
10
5.680670826771653
20
-4.8077306299212594
11
5.6771962204724407
21
-4.8086616535433073
0
LINE
8
BLACK
6
CONTINUOUS
10
5.6771962204724407
20
-4.8086616535433073
11
5.6753976377952755
21
-4.8087795275590546
0
LINE
8
BLACK
6
CONTINUOUS
10
5.6753976377952755
20
-4.8087795275590546
11
4.4992204724409444
21
-4.8087795275590546
0
LINE
8
BLACK
6
CONTINUOUS
10
4.4992204724409444
20
-4.8087795275590546
11
4.4974224803149605
21
-4.8086616929133861
0
LINE
8
BLACK
6
CONTINUOUS
10
4.4974224803149605
20
-4.8086616929133861
11
4.4974218897637792
21
-4.8086616929133861
0
LINE
8
BLACK
6
CONTINUOUS
10
4.4974218897637792
20
-4.8086616929133861
11
4.4939472834645668
21
-4.8077306299212594
0
LINE
8
BLACK
6
CONTINUOUS
10
4.4939472834645668
20
-4.8077306299212594
11
4.4908320078740154
21
-4.8059320472440943
0
LINE
8
BLACK
6
CONTINUOUS
10
4.4908320078740154
20
-4.8059320472440943
11
4.4908316929133854
21
-4.8059317322834643
0
LINE
8
BLACK
6
CONTINUOUS
10
4.4908316929133854
20
-4.8059317322834643
11
4.4894768897637798
21
-4.8047436220472441
0
LINE
8
BLACK
6
CONTINUOUS
10
4.4894768897637798
20
-4.8047436220472441
11
4.3702564173228344
21
-4.68552311023622
0
LINE
8
BLACK
6
CONTINUOUS
10
4.3702564173228344
20
-4.68552311023622
11
4.3690679527559055
21
-4.6841679921259844
0
LINE
8
BLACK
6
CONTINUOUS
10
4.3690679527559055
20
-4.6841679921259844
11
4.3672693700787404
21
-4.681052716535433
0
LINE
8
BLACK
6
CONTINUOUS
10
4.3672693700787404
20
-4.681052716535433
11
4.3663383464566925
21
-4.6775781102362206
0
LINE
8
BLACK
6
CONTINUOUS
10
4.3663383464566925
20
-4.6775781102362206
11
4.3662204724409444
21
-4.6757795275590546
0
LINE
8
BLACK
6
CONTINUOUS
10
4.3662204724409444
20
-4.6757795275590546
11
4.3662204724409444
21
-4.580082677165354
0
LINE
8
BLACK
6
CONTINUOUS
10
4.3662204724409444
20
-4.580082677165354
11
4.3663383464566925
21
-4.5782840944881888
0
LINE
8
BLACK
6
CONTINUOUS
10
4.3663383464566925
20
-4.5782840944881888
11
4.3672693700787404
21
-4.5748094881889765
0
LINE
8
BLACK
6
CONTINUOUS
10
4.3672693700787404
20
-4.5748094881889765
11
4.3690679527559055
21
-4.571694212598425
0
LINE
8
BLACK
6
CONTINUOUS
10
4.3690679527559055
20
-4.571694212598425
11
4.3702564173228344
21
-4.5703390944881885
0
LINE
8
BLACK
6
CONTINUOUS
10
4.3702564173228344
20
-4.5703390944881885
11
4.4103390944881893
21
-4.5302564173228346
0
LINE
8
BLACK
6
CONTINUOUS
10
4.4103390944881893
20
-4.5302564173228346
11
4.4116942125984249
21
-4.5290679527559057
0
LINE
8
BLACK
6
CONTINUOUS
10
4.4116942125984249
20
-4.5290679527559057
11
4.4148094881889763
21
-4.5272693700787396
0
LINE
8
BLACK
6
CONTINUOUS
10
4.4148094881889763
20
-4.5272693700787396
11
4.4182840944881887
21
-4.5263383464566926
0
LINE
8
BLACK
6
CONTINUOUS
10
4.4182840944881887
20
-4.5263383464566926
11
4.4200826771653539
21
-4.5262204724409445
0
LINE
8
BLACK
6
CONTINUOUS
10
4.4200826771653539
20
-4.5262204724409445
11
4.5276402362204724
21
-4.5262204724409445
0
LINE
8
BLACK
6
CONTINUOUS
10
4.5276402362204724
20
-4.5262204724409445
11
4.5289735039370074
21
-4.5254507086614169
0
LINE
8
BLACK
6
CONTINUOUS
10
4.5289735039370074
20
-4.5254507086614169
11
4.532944488188976
21
-4.524386692913386
0
LINE
8
BLACK
6
CONTINUOUS
10
4.532944488188976
20
-4.524386692913386
11
4.5370555118110234
21
-4.524386692913386
0
LINE
8
BLACK
6
CONTINUOUS
10
4.5370555118110234
20
-4.524386692913386
11
4.541026496062992
21
-4.5254507086614169
0
LINE
8
BLACK
6
CONTINUOUS
10
6.1351339763779524
20
-4.3898196062992128
11
6.1370498425196853
21
-4.3910997637795273
0
LINE
8
BLACK
6
CONTINUOUS
10
6.1370498425196853
20
-4.3910997637795273
11
6.1383299999999998
21
-4.3930156299212602
0
LINE
8
BLACK
6
CONTINUOUS
10
6.1383299999999998
20
-4.3930156299212602
11
6.1387795275590546
21
-4.3952755905511811
0
LINE
8
BLACK
6
CONTINUOUS
10
6.1387795275590546
20
-4.3952755905511811
11
6.1387795275590546
21
-4.4503937007874015
0
LINE
8
BLACK
6
CONTINUOUS
10
6.1387795275590546
20
-4.4503937007874015
11
6.1383299999999998
21
-4.4526536614173224
0
LINE
8
BLACK
6
CONTINUOUS
10
6.1383299999999998
20
-4.4526536614173224
11
6.1370498425196853
21
-4.4545695275590553
0
LINE
8
BLACK
6
CONTINUOUS
10
6.1370498425196853
20
-4.4545695275590553
11
6.1366449212598422
21
-4.4548400787401574
0
LINE
8
BLACK
6
CONTINUOUS
10
6.1366449212598422
20
-4.4548400787401574
11
6.2154269685039365
21
-4.5336220472440942
0
LINE
8
BLACK
6
CONTINUOUS
10
6.2154269685039365
20
-4.5336220472440942
11
6.4560314960629919
21
-4.5336220472440942
0
LINE
8
BLACK
6
CONTINUOUS
10
6.4560314960629919
20
-4.5336220472440942
11
6.4575676377952753
21
-4.5337733464566927
0
LINE
8
BLACK
6
CONTINUOUS
10
6.4575676377952753
20
-4.5337733464566927
11
6.4604060629921261
21
-4.5349490551181102
0
LINE
8
BLACK
6
CONTINUOUS
10
6.4604060629921261
20
-4.5349490551181102
11
6.4615992519685035
21
-4.5359283070866141
0
LINE
8
BLACK
6
CONTINUOUS
10
6.4615992519685035
20
-4.5359283070866141
11
6.5251313385826766
21
-4.5994603937007872
0
LINE
8
BLACK
6
CONTINUOUS
10
6.5251313385826766
20
-4.5994603937007872
11
6.5266914566929133
21
-4.5984179921259845
0
LINE
8
BLACK
6
CONTINUOUS
10
6.5266914566929133
20
-4.5984179921259845
11
6.5327522834645668
21
-4.5959075196850394
0
LINE
8
BLACK
6
CONTINUOUS
10
6.5327522834645668
20
-4.5959075196850394
11
6.5391864173228349
21
-4.594627677165354
0
LINE
8
BLACK
6
CONTINUOUS
10
6.5391864173228349
20
-4.594627677165354
11
6.5457466535433069
21
-4.594627677165354
0
LINE
8
BLACK
6
CONTINUOUS
10
6.5457466535433069
20
-4.594627677165354
11
6.5521807874015749
21
-4.5959075196850394
0
LINE
8
BLACK
6
CONTINUOUS
10
6.5521807874015749
20
-4.5959075196850394
11
6.5582416141732285
21
-4.5984179921259845
0
LINE
8
BLACK
6
CONTINUOUS
10
6.5582416141732285
20
-4.5984179921259845
11
6.5636962204724405
21
-4.6020626377952754
0
LINE
8
BLACK
6
CONTINUOUS
10
6.5636962204724405
20
-4.6020626377952754
11
6.5683350000000003
21
-4.6067014173228342
0
LINE
8
BLACK
6
CONTINUOUS
10
6.5683350000000003
20
-4.6067014173228342
11
6.5719796456692912
21
-4.6121560236220471
0
LINE
8
BLACK
6
CONTINUOUS
10
6.5719796456692912
20
-4.6121560236220471
11
6.5744901181102362
21
-4.6182168503937007
0
LINE
8
BLACK
6
CONTINUOUS
10
6.5744901181102362
20
-4.6182168503937007
11
6.5757699606299207
21
-4.6246509842519687
0
LINE
8
BLACK
6
CONTINUOUS
10
6.5757699606299207
20
-4.6246509842519687
11
6.5757699606299207
21
-4.6312112204724407
0
LINE
8
BLACK
6
CONTINUOUS
10
6.5757699606299207
20
-4.6312112204724407
11
6.5744901181102362
21
-4.6376453543307088
0
LINE
8
BLACK
6
CONTINUOUS
10
6.5744901181102362
20
-4.6376453543307088
11
6.5719796456692912
21
-4.6437061811023623
0
LINE
8
BLACK
6
CONTINUOUS
10
6.5719796456692912
20
-4.6437061811023623
11
6.5683350000000003
21
-4.6491607874015743
0
LINE
8
BLACK
6
CONTINUOUS
10
6.5683350000000003
20
-4.6491607874015743
11
6.5636962204724405
21
-4.6537995669291341
0
LINE
8
BLACK
6
CONTINUOUS
10
6.5636962204724405
20
-4.6537995669291341
11
6.5582416141732285
21
-4.657444212598425
0
LINE
8
BLACK
6
CONTINUOUS
10
6.5582416141732285
20
-4.657444212598425
11
6.5521807874015749
21
-4.65995468503937
0
LINE
8
BLACK
6
CONTINUOUS
10
6.5521807874015749
20
-4.65995468503937
11
6.5457466535433069
21
-4.6612345275590554
0
LINE
8
BLACK
6
CONTINUOUS
10
6.5457466535433069
20
-4.6612345275590554
11
6.5391864173228349
21
-4.6612345275590554
0
LINE
8
BLACK
6
CONTINUOUS
10
6.5391864173228349
20
-4.6612345275590554
11
6.5327522834645668
21
-4.65995468503937
0
LINE
8
BLACK
6
CONTINUOUS
10
6.5327522834645668
20
-4.65995468503937
11
6.5266914566929133
21
-4.657444212598425
0
LINE
8
BLACK
6
CONTINUOUS
10
6.5266914566929133
20
-4.657444212598425
11
6.5251313385826766
21
-4.6564017716535435
0
LINE
8
BLACK
6
CONTINUOUS
10
6.5251313385826766
20
-4.6564017716535435
11
6.3794693307086616
21
-4.8020638188976381
0
LINE
8
BLACK
6
CONTINUOUS
10
6.3794693307086616
20
-4.8020638188976381
11
6.3782761811023621
21
-4.8030430314960633
0
LINE
8
BLACK
6
CONTINUOUS
10
6.3782761811023621
20
-4.8030430314960633
11
6.3782761417322833
21
-4.803043070866142
0
LINE
8
BLACK
6
CONTINUOUS
10
6.3782761417322833
20
-4.803043070866142
11
6.3754377165354326
21
-4.8042187795275586
0
LINE
8
BLACK
6
CONTINUOUS
10
6.3754377165354326
20
-4.8042187795275586
11
6.3739015748031491
21
-4.8043700787401571
0
LINE
8
BLACK
6
CONTINUOUS
10
6.3739015748031491
20
-4.8043700787401571
11
5.9569538976377947
21
-4.8043700787401571
0
LINE
8
BLACK
6
CONTINUOUS
10
5.9569538976377947
20
-4.8043700787401571
11
5.9554177559055113
21
-4.8042187795275586
0
LINE
8
BLACK
6
CONTINUOUS
10
5.9554177559055113
20
-4.8042187795275586
11
5.9525793307086614
21
-4.803043070866142
0
LINE
8
BLACK
6
CONTINUOUS
10
5.9525793307086614
20
-4.803043070866142
11
5.9525790944881889
21
-4.8030428346456695
0
LINE
8
BLACK
6
CONTINUOUS
10
5.9525790944881889
20
-4.8030428346456695
11
5.9513861023622043
21
-4.8020638188976381
0
LINE
8
BLACK
6
CONTINUOUS
10
5.9513861023622043
20
-4.8020638188976381
11
5.9329361811023622
21
-4.7836138582677163
0
LINE
8
BLACK
6
CONTINUOUS
10
5.9329361811023622
20
-4.7836138582677163
11
5.9319569291338583
21
-4.7824206692913389
0
LINE
8
BLACK
6
CONTINUOUS
10
5.9319569291338583
20
-4.7824206692913389
11
5.9307812204724408
21
-4.7795822440944882
0
LINE
8
BLACK
6
CONTINUOUS
10
5.9307812204724408
20
-4.7795822440944882
11
5.9306299212598423
21
-4.7780461023622047
0
LINE
8
BLACK
6
CONTINUOUS
10
5.9306299212598423
20
-4.7780461023622047
11
5.9306299212598423
21
-4.6968828740157482
0
LINE
8
BLACK
6
CONTINUOUS
10
5.9306299212598423
20
-4.6968828740157482
11
5.887646771653543
21
-4.6538997244094489
0
LINE
8
BLACK
6
CONTINUOUS
10
5.887646771653543
20
-4.6538997244094489
11
5.8866675196850391
21
-4.6527065354330706
0
LINE
8
BLACK
6
CONTINUOUS
10
5.8866675196850391
20
-4.6527065354330706
11
5.8854918110236216
21
-4.6498681102362207
0
LINE
8
BLACK
6
CONTINUOUS
10
5.8854918110236216
20
-4.6498681102362207
11
5.8853405118110231
21
-4.6483319685039373
0
LINE
8
BLACK
6
CONTINUOUS
10
5.8853405118110231
20
-4.6483319685039373
11
5.8853405118110231
21
-4.5513276377952758
0
LINE
8
BLACK
6
CONTINUOUS
10
5.8853405118110231
20
-4.5513276377952758
11
5.8854918110236216
21
-4.5497914960629924
0
LINE
8
BLACK
6
CONTINUOUS
10
5.8854918110236216
20
-4.5497914960629924
11
5.8866675196850391
21
-4.5469530708661416
0
LINE
8
BLACK
6
CONTINUOUS
10
5.8866675196850391
20
-4.5469530708661416
11
5.887646771653543
21
-4.5457598818897633
0
LINE
8
BLACK
6
CONTINUOUS
10
5.887646771653543
20
-4.5457598818897633
11
5.8886220472440947
21
-4.5447846062992125
0
LINE
8
BLACK
6
CONTINUOUS
10
5.8886220472440947
20
-4.5447846062992125
11
5.8886220472440947
21
-4.4847575590551179
0
LINE
8
BLACK
6
CONTINUOUS
10
5.8886220472440947
20
-4.4847575590551179
11
5.8702030708661415
21
-4.4663385826771655
0
LINE
8
BLACK
6
CONTINUOUS
10
5.8702030708661415
20
-4.4663385826771655
11
5.3363903543307085
21
-4.4663385826771655
0
LINE
8
BLACK
6
CONTINUOUS
10
5.3363903543307085
20
-4.4663385826771655
11
5.2865933464566925
21
-4.5161355511811019
0
LINE
8
BLACK
6
CONTINUOUS
10
5.2865933464566925
20
-4.5161355511811019
11
5.2854001574803151
21
-4.5171148031496058
0
LINE
8
BLACK
6
CONTINUOUS
10
5.2854001574803151
20
-4.5171148031496058
11
5.2825617322834644
21
-4.5182905118110233
0
LINE
8
BLACK
6
CONTINUOUS
10
5.2825617322834644
20
-4.5182905118110233
11
5.2810255905511809
21
-4.5184418110236217
0
LINE
8
BLACK
6
CONTINUOUS
10
5.2810255905511809
20
-4.5184418110236217
11
5.2734826377952757
21
-4.5184418110236217
0
LINE
8
BLACK
6
CONTINUOUS
10
5.2734826377952757
20
-4.5184418110236217
11
5.2724937401574801
21
-4.5201546062992124
0
LINE
8
BLACK
6
CONTINUOUS
10
5.2724937401574801
20
-4.5201546062992124
11
5.2695868110236219
21
-4.5230615354330705
0
LINE
8
BLACK
6
CONTINUOUS
10
5.2695868110236219
20
-4.5230615354330705
11
5.2660264960629917
21
-4.5251170866141734
0
LINE
8
BLACK
6
CONTINUOUS
10
5.2660264960629917
20
-4.5251170866141734
11
5.2620555118110239
21
-4.5261811023622043
0
LINE
8
BLACK
6
CONTINUOUS
10
5.2620555118110239
20
-4.5261811023622043
11
5.2579444881889765
21
-4.5261811023622043
0
LINE
8
BLACK
6
CONTINUOUS
10
5.2579444881889765
20
-4.5261811023622043
11
5.2539735039370079
21
-4.5251170866141734
0
LINE
8
BLACK
6
CONTINUOUS
10
5.2539735039370079
20
-4.5251170866141734
11
5.2504131889763777
21
-4.5230615354330705
0
LINE
8
BLACK
6
CONTINUOUS
10
5.2504131889763777
20
-4.5230615354330705
11
5.2475062598425195
21
-4.5201546062992124
0
LINE
8
BLACK
6
CONTINUOUS
10
5.2475062598425195
20
-4.5201546062992124
11
5.2454507086614175
21
-4.5165942913385821
0
LINE
8
BLACK
6
CONTINUOUS
10
5.2454507086614175
20
-4.5165942913385821
11
5.2443866929133858
21
-4.5126233070866144
0
LINE
8
BLACK
6
CONTINUOUS
10
5.2443866929133858
20
-4.5126233070866144
11
5.2443866929133858
21
-4.508512283464567
0
LINE
8
BLACK
6
CONTINUOUS
10
5.2443866929133858
20
-4.508512283464567
11
5.2448985433070865
21
-4.5066018897637798
0
LINE
8
BLACK
6
CONTINUOUS
10
5.2448985433070865
20
-4.5066018897637798
11
5.2361707086614171
21
-4.4978740157480317
0
LINE
8
BLACK
6
CONTINUOUS
10
5.2361707086614171
20
-4.4978740157480317
11
5.1334826377952751
21
-4.4978740157480317
0
LINE
8
BLACK
6
CONTINUOUS
10
5.1334826377952751
20
-4.4978740157480317
11
5.1324937401574804
21
-4.4995868110236223
0
LINE
8
BLACK
6
CONTINUOUS
10
5.1324937401574804
20
-4.4995868110236223
11
5.1295868110236222
21
-4.5024937401574805
0
LINE
8
BLACK
6
CONTINUOUS
10
5.1295868110236222
20
-4.5024937401574805
11
5.126026496062992
21
-4.5045492913385825
0
LINE
8
BLACK
6
CONTINUOUS
10
5.126026496062992
20
-4.5045492913385825
11
5.1220555118110234
21
-4.5056133070866142
0
LINE
8
BLACK
6
CONTINUOUS
10
5.1220555118110234
20
-4.5056133070866142
11
5.117944488188976
21
-4.5056133070866142
0
LINE
8
BLACK
6
CONTINUOUS
10
5.117944488188976
20
-4.5056133070866142
11
5.1139735039370073
21
-4.5045492913385825
0
LINE
8
BLACK
6
CONTINUOUS
10
5.1139735039370073
20
-4.5045492913385825
11
5.110413188976378
21
-4.5024937401574805
0
LINE
8
BLACK
6
CONTINUOUS
10
5.110413188976378
20
-4.5024937401574805
11
5.1075062598425198
21
-4.4995868110236223
0
LINE
8
BLACK
6
CONTINUOUS
10
5.1075062598425198
20
-4.4995868110236223
11
5.1054507086614169
21
-4.4960264960629921
0
LINE
8
BLACK
6
CONTINUOUS
10
5.1054507086614169
20
-4.4960264960629921
11
5.1043866929133861
21
-4.4920555118110235
0
LINE
8
BLACK
6
CONTINUOUS
10
5.1043866929133861
20
-4.4920555118110235
11
5.1043866929133861
21
-4.4879444881889761
0
LINE
8
BLACK
6
CONTINUOUS
10
5.1043866929133861
20
-4.4879444881889761
11
5.1054507086614169
21
-4.4839735039370074
0
LINE
8
BLACK
6
CONTINUOUS
10
5.1054507086614169
20
-4.4839735039370074
11
5.1075062598425198
21
-4.4804131889763781
0
LINE
8
BLACK
6
CONTINUOUS
10
5.1075062598425198
20
-4.4804131889763781
11
5.110413188976378
21
-4.4775062598425199
0
LINE
8
BLACK
6
CONTINUOUS
10
5.110413188976378
20
-4.4775062598425199
11
5.1139735039370073
21
-4.475450708661417
0
LINE
8
BLACK
6
CONTINUOUS
10
5.1139735039370073
20
-4.475450708661417
11
5.117944488188976
21
-4.4743866929133853
0
LINE
8
BLACK
6
CONTINUOUS
10
5.117944488188976
20
-4.4743866929133853
11
5.1220555118110234
21
-4.4743866929133853
0
LINE
8
BLACK
6
CONTINUOUS
10
5.1220555118110234
20
-4.4743866929133853
11
5.126026496062992
21
-4.475450708661417
0
LINE
8
BLACK
6
CONTINUOUS
10
5.126026496062992
20
-4.475450708661417
11
5.1295868110236222
21
-4.4775062598425199
0
LINE
8
BLACK
6
CONTINUOUS
10
5.1295868110236222
20
-4.4775062598425199
11
5.1324937401574804
21
-4.4804131889763781
0
LINE
8
BLACK
6
CONTINUOUS
10
5.1324937401574804
20
-4.4804131889763781
11
5.1334826377952751
21
-4.4821259842519687
0
LINE
8
BLACK
6
CONTINUOUS
10
5.1334826377952751
20
-4.4821259842519687
11
5.2394322047244097
21
-4.4821259842519687
0
LINE
8
BLACK
6
CONTINUOUS
10
5.2394322047244097
20
-4.4821259842519687
11
5.2409683464566932
21
-4.4822772834645672
0
LINE
8
BLACK
6
CONTINUOUS
10
5.2409683464566932
20
-4.4822772834645672
11
5.243806771653543
21
-4.4834529921259838
0
LINE
8
BLACK
6
CONTINUOUS
10
5.243806771653543
20
-4.4834529921259838
11
5.2449999606299214
21
-4.4844322440944877
0
LINE
8
BLACK
6
CONTINUOUS
10
5.2449999606299214
20
-4.4844322440944877
11
5.2560340944881885
21
-4.495466338582677
0
LINE
8
BLACK
6
CONTINUOUS
10
5.2560340944881885
20
-4.495466338582677
11
5.2579444881889765
21
-4.4949544881889762
0
LINE
8
BLACK
6
CONTINUOUS
10
5.2579444881889765
20
-4.4949544881889762
11
5.2620555118110239
21
-4.4949544881889762
0
LINE
8
BLACK
6
CONTINUOUS
10
5.2620555118110239
20
-4.4949544881889762
11
5.2660264960629917
21
-4.496018503937008
0
LINE
8
BLACK
6
CONTINUOUS
10
5.2660264960629917
20
-4.496018503937008
11
5.2695868110236219
21
-4.49807405511811
0
LINE
8
BLACK
6
CONTINUOUS
10
5.2695868110236219
20
-4.49807405511811
11
5.2724937401574801
21
-4.5009809842519681
0
LINE
8
BLACK
6
CONTINUOUS
10
5.2724937401574801
20
-4.5009809842519681
11
5.2734826377952757
21
-4.5026937795275588
0
LINE
8
BLACK
6
CONTINUOUS
10
5.2734826377952757
20
-4.5026937795275588
11
5.2777640944881892
21
-4.5026937795275588
0
LINE
8
BLACK
6
CONTINUOUS
10
5.2777640944881892
20
-4.5026937795275588
11
5.3275610236220468
21
-4.4528968110236216
0
LINE
8
BLACK
6
CONTINUOUS
10
5.3275610236220468
20
-4.4528968110236216
11
5.3287542519685038
21
-4.4519175590551177
0
LINE
8
BLACK
6
CONTINUOUS
10
5.3287542519685038
20
-4.4519175590551177
11
5.3315926771653546
21
-4.4507418503937011
0
LINE
8
BLACK
6
CONTINUOUS
10
5.3315926771653546
20
-4.4507418503937011
11
5.333128818897638
21
-4.4505905511811026
0
LINE
8
BLACK
6
CONTINUOUS
10
5.333128818897638
20
-4.4505905511811026
11
5.8734645669291341
21
-4.4505905511811026
0
LINE
8
BLACK
6
CONTINUOUS
10
5.8734645669291341
20
-4.4505905511811026
11
5.8750007086614175
21
-4.4507418503937011
0
LINE
8
BLACK
6
CONTINUOUS
10
5.8750007086614175
20
-4.4507418503937011
11
5.8778391338582674
21
-4.4519175590551177
0
LINE
8
BLACK
6
CONTINUOUS
10
5.8778391338582674
20
-4.4519175590551177
11
5.8790323228346457
21
-4.4528968110236216
0
LINE
8
BLACK
6
CONTINUOUS
10
5.8790323228346457
20
-4.4528968110236216
11
5.9020638188976378
21
-4.4759283070866145
0
LINE
8
BLACK
6
CONTINUOUS
10
5.9020638188976378
20
-4.4759283070866145
11
5.9030430708661417
21
-4.4771214960629919
0
LINE
8
BLACK
6
CONTINUOUS
10
5.9030430708661417
20
-4.4771214960629919
11
5.9042187795275591
21
-4.4799599212598427
0
LINE
8
BLACK
6
CONTINUOUS
10
5.9042187795275591
20
-4.4799599212598427
11
5.9043700787401576
21
-4.4814960629921261
0
LINE
8
BLACK
6
CONTINUOUS
10
5.9043700787401576
20
-4.4814960629921261
11
5.9043700787401576
21
-4.5480461023622043
0
LINE
8
BLACK
6
CONTINUOUS
10
5.9043700787401576
20
-4.5480461023622043
11
5.9042187795275591
21
-4.5495822440944877
0
LINE
8
BLACK
6
CONTINUOUS
10
5.9042187795275591
20
-4.5495822440944877
11
5.9030430708661417
21
-4.5524206692913385
0
LINE
8
BLACK
6
CONTINUOUS
10
5.9030430708661417
20
-4.5524206692913385
11
5.9020638188976378
21
-4.5536138582677168
0
LINE
8
BLACK
6
CONTINUOUS
10
5.9020638188976378
20
-4.5536138582677168
11
5.9010885433070861
21
-4.5545891338582676
0
LINE
8
BLACK
6
CONTINUOUS
10
5.9010885433070861
20
-4.5545891338582676
11
5.9010885433070861
21
-4.6450704724409446
0
LINE
8
BLACK
6
CONTINUOUS
10
5.9010885433070861
20
-4.6450704724409446
11
5.9440716929133854
21
-4.688053622047244
0
LINE
8
BLACK
6
CONTINUOUS
10
5.9440716929133854
20
-4.688053622047244
11
5.9450509448818893
21
-4.6892468110236223
0
LINE
8
BLACK
6
CONTINUOUS
10
5.9450509448818893
20
-4.6892468110236223
11
5.9462266535433068
21
-4.6920852362204721
0
LINE
8
BLACK
6
CONTINUOUS
10
5.9462266535433068
20
-4.6920852362204721
11
5.9463779527559053
21
-4.6936213779527556
0
LINE
8
BLACK
6
CONTINUOUS
10
5.9463779527559053
20
-4.6936213779527556
11
5.9463779527559053
21
-4.7747845669291333
0
LINE
8
BLACK
6
CONTINUOUS
10
5.9463779527559053
20
-4.7747845669291333
11
5.9602154330708661
21
-4.7886220472440941
0
LINE
8
BLACK
6
CONTINUOUS
10
5.9602154330708661
20
-4.7886220472440941
11
6.3706400787401574
21
-4.7886220472440941
0
LINE
8
BLACK
6
CONTINUOUS
10
6.3706400787401574
20
-4.7886220472440941
11
6.5139958267716533
21
-4.6452662598425194
0
LINE
8
BLACK
6
CONTINUOUS
10
6.5139958267716533
20
-4.6452662598425194
11
6.5129534251968506
21
-4.6437061811023623
0
LINE
8
BLACK
6
CONTINUOUS
10
6.5129534251968506
20
-4.6437061811023623
11
6.5104429527559056
21
-4.6376453543307088
0
LINE
8
BLACK
6
CONTINUOUS
10
6.5104429527559056
20
-4.6376453543307088
11
6.5091631102362202
21
-4.6312112204724407
0
LINE
8
BLACK
6
CONTINUOUS
10
6.5091631102362202
20
-4.6312112204724407
11
6.5091631102362202
21
-4.6246509842519687
0
LINE
8
BLACK
6
CONTINUOUS
10
6.5091631102362202
20
-4.6246509842519687
11
6.5104429527559056
21
-4.6182168503937007
0
LINE
8
BLACK
6
CONTINUOUS
10
6.5104429527559056
20
-4.6182168503937007
11
6.5129534251968506
21
-4.6121560236220471
0
LINE
8
BLACK
6
CONTINUOUS
10
6.5129534251968506
20
-4.6121560236220471
11
6.5139958267716533
21
-4.6105959055118113
0
LINE
8
BLACK
6
CONTINUOUS
10
6.5139958267716533
20
-4.6105959055118113
11
6.4527700000000001
21
-4.5493700787401572
0
LINE
8
BLACK
6
CONTINUOUS
10
6.4527700000000001
20
-4.5493700787401572
11
6.212165433070866
21
-4.5493700787401572
0
LINE
8
BLACK
6
CONTINUOUS
10
6.212165433070866
20
-4.5493700787401572
11
6.2106292913385825
21
-4.5492187795275587
0
LINE
8
BLACK
6
CONTINUOUS
10
6.2106292913385825
20
-4.5492187795275587
11
6.2077908661417318
21
-4.5480430708661412
0
LINE
8
BLACK
6
CONTINUOUS
10
6.2077908661417318
20
-4.5480430708661412
11
6.2065976377952756
21
-4.5470638188976373
0
LINE
8
BLACK
6
CONTINUOUS
10
6.2065976377952756
20
-4.5470638188976373
11
6.1214007480314958
21
-4.4618669291338584
0
LINE
8
BLACK
6
CONTINUOUS
10
6.1214007480314958
20
-4.4618669291338584
11
6.1204214960629919
21
-4.4606737401574801
0
LINE
8
BLACK
6
CONTINUOUS
10
6.1204214960629919
20
-4.4606737401574801
11
6.1192457874015744
21
-4.4578353149606302
0
LINE
8
BLACK
6
CONTINUOUS
10
6.1192457874015744
20
-4.4578353149606302
11
6.1190944881889759
21
-4.4562991732283468
0
LINE
8
BLACK
6
CONTINUOUS
10
6.1190944881889759
20
-4.4562991732283468
11
6.1190944881889759
21
-4.4559076377952751
0
LINE
8
BLACK
6
CONTINUOUS
10
6.1190944881889759
20
-4.4559076377952751
11
6.1188030314960624
21
-4.4558496850393698
0
LINE
8
BLACK
6
CONTINUOUS
10
6.1188030314960624
20
-4.4558496850393698
11
6.1168871653543304
21
-4.4545695275590553
0
LINE
8
BLACK
6
CONTINUOUS
10
6.1168871653543304
20
-4.4545695275590553
11
6.1156070078740159
21
-4.4526536614173224
0
LINE
8
BLACK
6
CONTINUOUS
10
6.1156070078740159
20
-4.4526536614173224
11
6.1151574803149602
21
-4.4503937007874015
0
LINE
8
BLACK
6
CONTINUOUS
10
6.1151574803149602
20
-4.4503937007874015
11
6.1151574803149602
21
-4.3952755905511811
0
LINE
8
BLACK
6
CONTINUOUS
10
6.1151574803149602
20
-4.3952755905511811
11
6.1156070078740159
21
-4.3930156299212602
0
LINE
8
BLACK
6
CONTINUOUS
10
6.1156070078740159
20
-4.3930156299212602
11
6.1168871653543304
21
-4.3910997637795273
0
LINE
8
BLACK
6
CONTINUOUS
10
6.1168871653543304
20
-4.3910997637795273
11
6.1188030314960624
21
-4.3898196062992128
0
LINE
8
BLACK
6
CONTINUOUS
10
6.1188030314960624
20
-4.3898196062992128
11
6.1210629921259843
21
-4.3893700787401571
0
LINE
8
BLACK
6
CONTINUOUS
10
6.1210629921259843
20
-4.3893700787401571
11
6.1328740157480315
21
-4.3893700787401571
0
LINE
8
BLACK
6
CONTINUOUS
10
6.1328740157480315
20
-4.3893700787401571
11
6.1351339763779524
21
-4.3898196062992128
0
LINE
8
BLACK
6
CONTINUOUS
10
6.3521807874015748
20
-4.5959075196850394
11
6.3582416141732283
21
-4.5984179921259845
0
LINE
8
BLACK
6
CONTINUOUS
10
6.3582416141732283
20
-4.5984179921259845
11
6.3636962204724412
21
-4.6020626377952754
0
LINE
8
BLACK
6
CONTINUOUS
10
6.3636962204724412
20
-4.6020626377952754
11
6.3683350000000001
21
-4.6067014173228342
0
LINE
8
BLACK
6
CONTINUOUS
10
6.3683350000000001
20
-4.6067014173228342
11
6.371979645669291
21
-4.6121560236220471
0
LINE
8
BLACK
6
CONTINUOUS
10
6.371979645669291
20
-4.6121560236220471
11
6.374490118110236
21
-4.6182168503937007
0
LINE
8
BLACK
6
CONTINUOUS
10
6.374490118110236
20
-4.6182168503937007
11
6.3757699606299214
21
-4.6246509842519687
0
LINE
8
BLACK
6
CONTINUOUS
10
6.3757699606299214
20
-4.6246509842519687
11
6.3757699606299214
21
-4.6312112204724407
0
LINE
8
BLACK
6
CONTINUOUS
10
6.3757699606299214
20
-4.6312112204724407
11
6.374490118110236
21
-4.6376453543307088
0
LINE
8
BLACK
6
CONTINUOUS
10
6.374490118110236
20
-4.6376453543307088
11
6.371979645669291
21
-4.6437061811023623
0
LINE
8
BLACK
6
CONTINUOUS
10
6.371979645669291
20
-4.6437061811023623
11
6.3683350000000001
21
-4.6491607874015743
0
LINE
8
BLACK
6
CONTINUOUS
10
6.3683350000000001
20
-4.6491607874015743
11
6.3636962204724412
21
-4.6537995669291341
0
LINE
8
BLACK
6
CONTINUOUS
10
6.3636962204724412
20
-4.6537995669291341
11
6.3582416141732283
21
-4.657444212598425
0
LINE
8
BLACK
6
CONTINUOUS
10
6.3582416141732283
20
-4.657444212598425
11
6.3521807874015748
21
-4.65995468503937
0
LINE
8
BLACK
6
CONTINUOUS
10
6.3521807874015748
20
-4.65995468503937
11
6.3457466535433067
21
-4.6612345275590554
0
LINE
8
BLACK
6
CONTINUOUS
10
6.3457466535433067
20
-4.6612345275590554
11
6.3391864173228347
21
-4.6612345275590554
0
LINE
8
BLACK
6
CONTINUOUS
10
6.3391864173228347
20
-4.6612345275590554
11
6.3327522834645666
21
-4.65995468503937
0
LINE
8
BLACK
6
CONTINUOUS
10
6.3327522834645666
20
-4.65995468503937
11
6.3266914566929131
21
-4.657444212598425
0
LINE
8
BLACK
6
CONTINUOUS
10
6.3266914566929131
20
-4.657444212598425
11
6.325131377952756
21
-4.6564017716535435
0
LINE
8
BLACK
6
CONTINUOUS
10
6.325131377952756
20
-4.6564017716535435
11
6.2109653937007874
21
-4.7705677559055113
0
LINE
8
BLACK
6
CONTINUOUS
10
6.2109653937007874
20
-4.7705677559055113
11
6.2097722047244091
21
-4.7715470078740152
0
LINE
8
BLACK
6
CONTINUOUS
10
6.2097722047244091
20
-4.7715470078740152
11
6.2069337795275592
21
-4.7727227165354327
0
LINE
8
BLACK
6
CONTINUOUS
10
6.2069337795275592
20
-4.7727227165354327
11
6.2053976377952758
21
-4.7728740157480312
0
LINE
8
BLACK
6
CONTINUOUS
10
6.2053976377952758
20
-4.7728740157480312
11
5.9834826377952757
21
-4.7728740157480312
0
LINE
8
BLACK
6
CONTINUOUS
10
5.9834826377952757
20
-4.7728740157480312
11
5.98249374015748
21
-4.7745868110236218
0
LINE
8
BLACK
6
CONTINUOUS
10
5.98249374015748
20
-4.7745868110236218
11
5.9795868110236219
21
-4.77749374015748
0
LINE
8
BLACK
6
CONTINUOUS
10
5.9795868110236219
20
-4.77749374015748
11
5.9760264960629916
21
-4.7795492913385829
0
LINE
8
BLACK
6
CONTINUOUS
10
5.9760264960629916
20
-4.7795492913385829
11
5.9720555118110239
21
-4.7806133070866137
0
LINE
8
BLACK
6
CONTINUOUS
10
5.9720555118110239
20
-4.7806133070866137
11
5.9679444881889765
21
-4.7806133070866137
0
LINE
8
BLACK
6
CONTINUOUS
10
5.9679444881889765
20
-4.7806133070866137
11
5.9639735039370079
21
-4.7795492913385829
0
LINE
8
BLACK
6
CONTINUOUS
10
5.9639735039370079
20
-4.7795492913385829
11
5.9604131889763776
21
-4.77749374015748
0
LINE
8
BLACK
6
CONTINUOUS
10
5.9604131889763776
20
-4.77749374015748
11
5.9575062598425195
21
-4.7745868110236218
0
LINE
8
BLACK
6
CONTINUOUS
10
5.9575062598425195
20
-4.7745868110236218
11
5.9554507086614175
21
-4.7710264960629925
0
LINE
8
BLACK
6
CONTINUOUS
10
5.9554507086614175
20
-4.7710264960629925
11
5.9543866929133857
21
-4.7670555118110238
0
LINE
8
BLACK
6
CONTINUOUS
10
5.9543866929133857
20
-4.7670555118110238
11
5.9543866929133857
21
-4.7629444881889764
0
LINE
8
BLACK
6
CONTINUOUS
10
5.9543866929133857
20
-4.7629444881889764
11
5.9554507086614175
21
-4.7589735039370078
0
LINE
8
BLACK
6
CONTINUOUS
10
5.9554507086614175
20
-4.7589735039370078
11
5.9575062598425195
21
-4.7554131889763775
0
LINE
8
BLACK
6
CONTINUOUS
10
5.9575062598425195
20
-4.7554131889763775
11
5.9604131889763776
21
-4.7525062598425194
0
LINE
8
BLACK
6
CONTINUOUS
10
5.9604131889763776
20
-4.7525062598425194
11
5.9639735039370079
21
-4.7504507086614174
0
LINE
8
BLACK
6
CONTINUOUS
10
5.9639735039370079
20
-4.7504507086614174
11
5.9679444881889765
21
-4.7493866929133857
0
LINE
8
BLACK
6
CONTINUOUS
10
5.9679444881889765
20
-4.7493866929133857
11
5.9720555118110239
21
-4.7493866929133857
0
LINE
8
BLACK
6
CONTINUOUS
10
5.9720555118110239
20
-4.7493866929133857
11
5.9760264960629916
21
-4.7504507086614174
0
LINE
8
BLACK
6
CONTINUOUS
10
5.9760264960629916
20
-4.7504507086614174
11
5.9795868110236219
21
-4.7525062598425194
0
LINE
8
BLACK
6
CONTINUOUS
10
5.9795868110236219
20
-4.7525062598425194
11
5.98249374015748
21
-4.7554131889763775
0
LINE
8
BLACK
6
CONTINUOUS
10
5.98249374015748
20
-4.7554131889763775
11
5.9834826377952757
21
-4.7571259842519682
0
LINE
8
BLACK
6
CONTINUOUS
10
5.9834826377952757
20
-4.7571259842519682
11
6.2021361417322831
21
-4.7571259842519682
0
LINE
8
BLACK
6
CONTINUOUS
10
6.2021361417322831
20
-4.7571259842519682
11
6.3139958267716532
21
-4.6452662204724406
0
LINE
8
BLACK
6
CONTINUOUS
10
6.3139958267716532
20
-4.6452662204724406
11
6.3129534251968504
21
-4.6437061811023623
0
LINE
8
BLACK
6
CONTINUOUS
10
6.3129534251968504
20
-4.6437061811023623
11
6.3104429527559054
21
-4.6376453543307088
0
LINE
8
BLACK
6
CONTINUOUS
10
6.3104429527559054
20
-4.6376453543307088
11
6.30916311023622
21
-4.6312112204724407
0
LINE
8
BLACK
6
CONTINUOUS
10
6.30916311023622
20
-4.6312112204724407
11
6.30916311023622
21
-4.6246509842519687
0
LINE
8
BLACK
6
CONTINUOUS
10
6.30916311023622
20
-4.6246509842519687
11
6.3104429527559054
21
-4.6182168503937007
0
LINE
8
BLACK
6
CONTINUOUS
10
6.3104429527559054
20
-4.6182168503937007
11
6.3129534251968504
21
-4.6121560236220471
0
LINE
8
BLACK
6
CONTINUOUS
10
6.3129534251968504
20
-4.6121560236220471
11
6.3165980708661413
21
-4.6067014173228342
0
LINE
8
BLACK
6
CONTINUOUS
10
6.3165980708661413
20
-4.6067014173228342
11
6.3212368503937002
21
-4.6020626377952754
0
LINE
8
BLACK
6
CONTINUOUS
10
6.3212368503937002
20
-4.6020626377952754
11
6.3266914566929131
21
-4.5984179921259845
0
LINE
8
BLACK
6
CONTINUOUS
10
6.3266914566929131
20
-4.5984179921259845
11
6.3327522834645666
21
-4.5959075196850394
0
LINE
8
BLACK
6
CONTINUOUS
10
6.3327522834645666
20
-4.5959075196850394
11
6.3391864173228347
21
-4.594627677165354
0
LINE
8
BLACK
6
CONTINUOUS
10
6.3391864173228347
20
-4.594627677165354
11
6.3457466535433067
21
-4.594627677165354
0
LINE
8
BLACK
6
CONTINUOUS
10
6.3457466535433067
20
-4.594627677165354
11
6.3521807874015748
21
-4.5959075196850394
0
LINE
8
BLACK
6
CONTINUOUS
10
4.475931102362205
20
-4.6419085039370076
11
4.5498099999999999
21
-4.7157874015748034
0
LINE
8
BLACK
6
CONTINUOUS
10
4.5498099999999999
20
-4.7157874015748034
11
5.4073632283464566
21
-4.7157874015748034
0
LINE
8
BLACK
6
CONTINUOUS
10
5.4073632283464566
20
-4.7157874015748034
11
5.4488029921259837
21
-4.6743475984251965
0
LINE
8
BLACK
6
CONTINUOUS
10
5.4488029921259837
20
-4.6743475984251965
11
5.4479764173228347
21
-4.672352047244094
0
LINE
8
BLACK
6
CONTINUOUS
10
5.4479764173228347
20
-4.672352047244094
11
5.4466965748031493
21
-4.6659179133858268
0
LINE
8
BLACK
6
CONTINUOUS
10
5.4466965748031493
20
-4.6659179133858268
11
5.4466965748031493
21
-4.659357677165354
0
LINE
8
BLACK
6
CONTINUOUS
10
5.4466965748031493
20
-4.659357677165354
11
5.4479764173228347
21
-4.6529235433070868
0
LINE
8
BLACK
6
CONTINUOUS
10
5.4479764173228347
20
-4.6529235433070868
11
5.4504868897637797
21
-4.6468627165354333
0
LINE
8
BLACK
6
CONTINUOUS
10
5.4504868897637797
20
-4.6468627165354333
11
5.4541315354330706
21
-4.6414081102362204
0
LINE
8
BLACK
6
CONTINUOUS
10
5.4541315354330706
20
-4.6414081102362204
11
5.4587703149606295
21
-4.6367693307086615
0
LINE
8
BLACK
6
CONTINUOUS
10
5.4587703149606295
20
-4.6367693307086615
11
5.4642249212598424
21
-4.6331246850393697
0
LINE
8
BLACK
6
CONTINUOUS
10
5.4642249212598424
20
-4.6331246850393697
11
5.4702857480314959
21
-4.6306142125984247
0
LINE
8
BLACK
6
CONTINUOUS
10
5.4702857480314959
20
-4.6306142125984247
11
5.476719881889764
21
-4.6293343700787402
0
LINE
8
BLACK
6
CONTINUOUS
10
5.476719881889764
20
-4.6293343700787402
11
5.483280118110236
21
-4.6293343700787402
0
LINE
8
BLACK
6
CONTINUOUS
10
5.483280118110236
20
-4.6293343700787402
11
5.489714251968504
21
-4.6306142125984247
0
LINE
8
BLACK
6
CONTINUOUS
10
5.489714251968504
20
-4.6306142125984247
11
5.4957750787401576
21
-4.6331246850393697
0
LINE
8
BLACK
6
CONTINUOUS
10
5.4957750787401576
20
-4.6331246850393697
11
5.5012296850393696
21
-4.6367693307086615
0
LINE
8
BLACK
6
CONTINUOUS
10
5.5012296850393696
20
-4.6367693307086615
11
5.5058684645669294
21
-4.6414081102362204
0
LINE
8
BLACK
6
CONTINUOUS
10
5.5058684645669294
20
-4.6414081102362204
11
5.5095131102362203
21
-4.6468627165354333
0
LINE
8
BLACK
6
CONTINUOUS
10
5.5095131102362203
20
-4.6468627165354333
11
5.5120235826771653
21
-4.6529235433070868
0
LINE
8
BLACK
6
CONTINUOUS
10
5.5120235826771653
20
-4.6529235433070868
11
5.5133034251968507
21
-4.659357677165354
0
LINE
8
BLACK
6
CONTINUOUS
10
5.5133034251968507
20
-4.659357677165354
11
5.5133034251968507
21
-4.6659179133858268
0
LINE
8
BLACK
6
CONTINUOUS
10
5.5133034251968507
20
-4.6659179133858268
11
5.5120235826771653
21
-4.672352047244094
0
LINE
8
BLACK
6
CONTINUOUS
10
5.5120235826771653
20
-4.672352047244094
11
5.5095131102362203
21
-4.6784128740157476
0
LINE
8
BLACK
6
CONTINUOUS
10
5.5095131102362203
20
-4.6784128740157476
11
5.5058684645669294
21
-4.6838674803149605
0
LINE
8
BLACK
6
CONTINUOUS
10
5.5058684645669294
20
-4.6838674803149605
11
5.5012296850393696
21
-4.6885062598425193
0
LINE
8
BLACK
6
CONTINUOUS
10
5.5012296850393696
20
-4.6885062598425193
11
5.4957750787401576
21
-4.6921509055118111
0
LINE
8
BLACK
6
CONTINUOUS
10
5.4957750787401576
20
-4.6921509055118111
11
5.489714251968504
21
-4.6946613779527562
0
LINE
8
BLACK
6
CONTINUOUS
10
5.489714251968504
20
-4.6946613779527562
11
5.483280118110236
21
-4.6959412204724407
0
LINE
8
BLACK
6
CONTINUOUS
10
5.483280118110236
20
-4.6959412204724407
11
5.476719881889764
21
-4.6959412204724407
0
LINE
8
BLACK
6
CONTINUOUS
10
5.476719881889764
20
-4.6959412204724407
11
5.4702857480314959
21
-4.6946613779527562
0
LINE
8
BLACK
6
CONTINUOUS
10
5.4702857480314959
20
-4.6946613779527562
11
5.4682901574803147
21
-4.6938347637795275
0
LINE
8
BLACK
6
CONTINUOUS
10
5.4682901574803147
20
-4.6938347637795275
11
5.4228144488188974
21
-4.7393105118110235
0
LINE
8
BLACK
6
CONTINUOUS
10
5.4228144488188974
20
-4.7393105118110235
11
5.4214593307086609
21
-4.7404989763779524
0
LINE
8
BLACK
6
CONTINUOUS
10
5.4214593307086609
20
-4.7404989763779524
11
5.4183440551181103
21
-4.7422975590551184
0
LINE
8
BLACK
6
CONTINUOUS
10
5.4183440551181103
20
-4.7422975590551184
11
5.4148694488188971
21
-4.7432285826771654
0
LINE
8
BLACK
6
CONTINUOUS
10
5.4148694488188971
20
-4.7432285826771654
11
5.4130708661417319
21
-4.7433464566929135
0
LINE
8
BLACK
6
CONTINUOUS
10
5.4130708661417319
20
-4.7433464566929135
11
4.5441023622047245
21
-4.7433464566929135
0
LINE
8
BLACK
6
CONTINUOUS
10
4.5441023622047245
20
-4.7433464566929135
11
4.5423037795275594
21
-4.7432285826771654
0
LINE
8
BLACK
6
CONTINUOUS
10
4.5423037795275594
20
-4.7432285826771654
11
4.5388291732283461
21
-4.7422975590551184
0
LINE
8
BLACK
6
CONTINUOUS
10
4.5388291732283461
20
-4.7422975590551184
11
4.5357138976377955
21
-4.7404989763779524
0
LINE
8
BLACK
6
CONTINUOUS
10
4.5357138976377955
20
-4.7404989763779524
11
4.5343587795275591
21
-4.7393105118110235
0
LINE
8
BLACK
6
CONTINUOUS
10
4.5343587795275591
20
-4.7393105118110235
11
4.4564439370078741
21
-4.6613956692913385
0
LINE
8
BLACK
6
CONTINUOUS
10
4.4564439370078741
20
-4.6613956692913385
11
4.4090019685039366
21
-4.6613956692913385
0
LINE
8
BLACK
6
CONTINUOUS
10
4.4090019685039366
20
-4.6613956692913385
11
4.4090019685039366
21
-4.5944665354330709
0
LINE
8
BLACK
6
CONTINUOUS
10
4.4090019685039366
20
-4.5944665354330709
11
4.475931102362205
21
-4.5944665354330709
0
LINE
8
BLACK
6
CONTINUOUS
10
4.475931102362205
20
-4.5944665354330709
11
4.475931102362205
21
-4.6419085039370076
0
LINE
8
BLACK
6
CONTINUOUS
10
5.9760264960629916
20
-4.4703325984251965
11
5.9795868110236219
21
-4.4723881496062994
0
LINE
8
BLACK
6
CONTINUOUS
10
5.9795868110236219
20
-4.4723881496062994
11
5.98249374015748
21
-4.4752950787401575
0
LINE
8
BLACK
6
CONTINUOUS
10
5.98249374015748
20
-4.4752950787401575
11
5.9845492913385829
21
-4.4788553937007869
0
LINE
8
BLACK
6
CONTINUOUS
10
5.9845492913385829
20
-4.4788553937007869
11
5.9856133070866138
21
-4.4828263779527555
0
LINE
8
BLACK
6
CONTINUOUS
10
5.9856133070866138
20
-4.4828263779527555
11
5.9856133070866138
21
-4.4869374015748029
0
LINE
8
BLACK
6
CONTINUOUS
10
5.9856133070866138
20
-4.4869374015748029
11
5.9845492913385829
21
-4.4909083858267715
0
LINE
8
BLACK
6
CONTINUOUS
10
5.9845492913385829
20
-4.4909083858267715
11
5.98249374015748
21
-4.4944687007874018
0
LINE
8
BLACK
6
CONTINUOUS
10
5.98249374015748
20
-4.4944687007874018
11
5.9795868110236219
21
-4.4973756299212599
0
LINE
8
BLACK
6
CONTINUOUS
10
5.9795868110236219
20
-4.4973756299212599
11
5.9778740157480312
21
-4.4983644881889759
0
LINE
8
BLACK
6
CONTINUOUS
10
5.9778740157480312
20
-4.4983644881889759
11
5.9778740157480312
21
-4.5023769685039365
0
LINE
8
BLACK
6
CONTINUOUS
10
5.9778740157480312
20
-4.5023769685039365
11
5.9800742913385827
21
-4.5056699606299215
0
LINE
8
BLACK
6
CONTINUOUS
10
5.9800742913385827
20
-4.5056699606299215
11
5.9800743307086615
21
-4.5056700000000003
0
LINE
8
BLACK
6
CONTINUOUS
10
5.9800743307086615
20
-4.5056700000000003
11
6.0508792125984252
21
-4.5764748425196853
0
LINE
8
BLACK
6
CONTINUOUS
10
6.0508792125984252
20
-4.5764748425196853
11
6.0521975196850395
21
-4.5788891338582678
0
LINE
8
BLACK
6
CONTINUOUS
10
6.0521975196850395
20
-4.5788891338582678
11
6.052309094488189
21
-4.5799268503937007
0
LINE
8
BLACK
6
CONTINUOUS
10
6.052309094488189
20
-4.5799268503937007
11
6.052309094488189
21
-4.5959606299212599
0
LINE
8
BLACK
6
CONTINUOUS
10
6.052309094488189
20
-4.5959606299212599
11
6.0582416535433072
21
-4.5984179921259845
0
LINE
8
BLACK
6
CONTINUOUS
10
6.0582416535433072
20
-4.5984179921259845
11
6.0636962598425193
21
-4.6020626377952754
0
LINE
8
BLACK
6
CONTINUOUS
10
6.0636962598425193
20
-4.6020626377952754
11
6.068335039370079
21
-4.6067014173228342
0
LINE
8
BLACK
6
CONTINUOUS
10
6.068335039370079
20
-4.6067014173228342
11
6.0719796850393699
21
-4.6121560236220471
0
LINE
8
BLACK
6
CONTINUOUS
10
6.0719796850393699
20
-4.6121560236220471
11
6.074490157480315
21
-4.6182168503937007
0
LINE
8
BLACK
6
CONTINUOUS
10
6.074490157480315
20
-4.6182168503937007
11
6.0757699999999994
21
-4.6246509842519687
0
LINE
8
BLACK
6
CONTINUOUS
10
6.0757699999999994
20
-4.6246509842519687
11
6.0757699999999994
21
-4.6312112204724407
0
LINE
8
BLACK
6
CONTINUOUS
10
6.0757699999999994
20
-4.6312112204724407
11
6.074490157480315
21
-4.6376453543307088
0
LINE
8
BLACK
6
CONTINUOUS
10
6.074490157480315
20
-4.6376453543307088
11
6.0719796850393699
21
-4.6437061811023623
0
LINE
8
BLACK
6
CONTINUOUS
10
6.0719796850393699
20
-4.6437061811023623
11
6.068335039370079
21
-4.6491607874015743
0
LINE
8
BLACK
6
CONTINUOUS
10
6.068335039370079
20
-4.6491607874015743
11
6.0636962598425193
21
-4.6537995669291341
0
LINE
8
BLACK
6
CONTINUOUS
10
6.0636962598425193
20
-4.6537995669291341
11
6.0582416535433072
21
-4.657444212598425
0
LINE
8
BLACK
6
CONTINUOUS
10
6.0582416535433072
20
-4.657444212598425
11
6.052309094488189
21
-4.6599015354330708
0
LINE
8
BLACK
6
CONTINUOUS
10
6.052309094488189
20
-4.6599015354330708
11
6.052309094488189
21
-4.6801842519685035
0
LINE
8
BLACK
6
CONTINUOUS
10
6.052309094488189
20
-4.6801842519685035
11
6.0549124803149601
21
-4.6797719291338584
0
LINE
8
BLACK
6
CONTINUOUS
10
6.0549124803149601
20
-4.6797719291338584
11
6.0549125984251964
21
-4.6797719291338584
0
LINE
8
BLACK
6
CONTINUOUS
10
6.0549125984251964
20
-4.6797719291338584
11
6.0628688188976376
21
-4.6771868110236223
0
LINE
8
BLACK
6
CONTINUOUS
10
6.0628688188976376
20
-4.6771868110236223
11
6.070323149606299
21
-4.6733885826771653
0
LINE
8
BLACK
6
CONTINUOUS
10
6.070323149606299
20
-4.6733885826771653
11
6.0770909448818893
21
-4.6684715354330706
0
LINE
8
BLACK
6
CONTINUOUS
10
6.0770909448818893
20
-4.6684715354330706
11
6.077091141732283
21
-4.6684713779527556
0
LINE
8
BLACK
6
CONTINUOUS
10
6.077091141732283
20
-4.6684713779527556
11
6.0830068503937005
21
-4.6625556692913381
0
LINE
8
BLACK
6
CONTINUOUS
10
6.0830068503937005
20
-4.6625556692913381
11
6.0830070078740155
21
-4.6625554724409444
0
LINE
8
BLACK
6
CONTINUOUS
10
6.0830070078740155
20
-4.6625554724409444
11
6.0879240944881889
21
-4.6557876377952754
0
LINE
8
BLACK
6
CONTINUOUS
10
6.0879240944881889
20
-4.6557876377952754
11
6.0881055511811022
21
-4.6554315354330704
0
LINE
8
BLACK
6
CONTINUOUS
10
6.0881055511811022
20
-4.6554315354330704
11
6.0899941732283462
21
-4.6534315748031494
0
LINE
8
BLACK
6
CONTINUOUS
10
6.0899941732283462
20
-4.6534315748031494
11
6.0926642519685039
21
-4.6527701574803144
0
LINE
8
BLACK
6
CONTINUOUS
10
6.0926642519685039
20
-4.6527701574803144
11
6.0952680314960626
21
-4.6536573228346452
0
LINE
8
BLACK
6
CONTINUOUS
10
6.0952680314960626
20
-4.6536573228346452
11
6.0968051968503936
21
-4.6554311417322838
0
LINE
8
BLACK
6
CONTINUOUS
10
6.0968051968503936
20
-4.6554311417322838
11
6.0969920866141729
21
-4.6557979133858263
0
LINE
8
BLACK
6
CONTINUOUS
10
6.0969920866141729
20
-4.6557979133858263
11
6.1019110236220468
21
-4.6625683464566929
0
LINE
8
BLACK
6
CONTINUOUS
10
6.1019110236220468
20
-4.6625683464566929
11
6.1078292519685036
21
-4.6684865748031497
0
LINE
8
BLACK
6
CONTINUOUS
10
6.1078292519685036
20
-4.6684865748031497
11
6.114599566929134
21
-4.6734054330708661
0
LINE
8
BLACK
6
CONTINUOUS
10
6.114599566929134
20
-4.6734054330708661
11
6.1145996456692915
21
-4.6734054724409448
0
LINE
8
BLACK
6
CONTINUOUS
10
6.1145996456692915
20
-4.6734054724409448
11
6.1145997637795277
21
-4.6734055511811023
0
LINE
8
BLACK
6
CONTINUOUS
10
6.1145997637795277
20
-4.6734055511811023
11
6.1220566141732284
21
-4.6772049999999998
0
LINE
8
BLACK
6
CONTINUOUS
10
6.1220566141732284
20
-4.6772049999999998
11
6.1300160236220469
21
-4.6797911811023623
0
LINE
8
BLACK
6
CONTINUOUS
10
6.1300160236220469
20
-4.6797911811023623
11
6.1382820078740155
21
-4.6811003937007873
0
LINE
8
BLACK
6
CONTINUOUS
10
6.1382820078740155
20
-4.6811003937007873
11
6.1382820472440942
21
-4.6811003937007873
0
LINE
8
BLACK
6
CONTINUOUS
10
6.1382820472440942
20
-4.6811003937007873
11
6.1466510236220468
21
-4.6811003937007873
0
LINE
8
BLACK
6
CONTINUOUS
10
6.1466510236220468
20
-4.6811003937007873
11
6.1466510629921256
21
-4.6811003937007873
0
LINE
8
BLACK
6
CONTINUOUS
10
6.1466510629921256
20
-4.6811003937007873
11
6.1549170472440942
21
-4.6797911811023623
0
LINE
8
BLACK
6
CONTINUOUS
10
6.1549170472440942
20
-4.6797911811023623
11
6.1628764566929135
21
-4.6772049999999998
0
LINE
8
BLACK
6
CONTINUOUS
10
6.1628764566929135
20
-4.6772049999999998
11
6.1703333070866142
21
-4.6734055511811023
0
LINE
8
BLACK
6
CONTINUOUS
10
6.1703333070866142
20
-4.6734055511811023
11
6.1725601968503936
21
-4.6717876377952754
0
LINE
8
BLACK
6
CONTINUOUS
10
6.1725601968503936
20
-4.6717876377952754
11
6.1771037795275587
21
-4.6684865748031497
0
LINE
8
BLACK
6
CONTINUOUS
10
6.1771037795275587
20
-4.6684865748031497
11
6.1771038582677162
21
-4.6684864566929134
0
LINE
8
BLACK
6
CONTINUOUS
10
6.1771038582677162
20
-4.6684864566929134
11
6.1771040157480313
21
-4.6684863779527559
0
LINE
8
BLACK
6
CONTINUOUS
10
6.1771040157480313
20
-4.6684863779527559
11
6.1830218110236217
21
-4.6625685826771655
0
LINE
8
BLACK
6
CONTINUOUS
10
6.1830218110236217
20
-4.6625685826771655
11
6.1830218897637792
21
-4.6625684251968504
0
LINE
8
BLACK
6
CONTINUOUS
10
6.1830218897637792
20
-4.6625684251968504
11
6.1830220078740155
21
-4.6625683464566929
0
LINE
8
BLACK
6
CONTINUOUS
10
6.1830220078740155
20
-4.6625683464566929
11
6.1879408661417319
21
-4.6557980314960625
0
LINE
8
BLACK
6
CONTINUOUS
10
6.1879408661417319
20
-4.6557980314960625
11
6.1879408267716531
21
-4.6557980314960625
0
LINE
8
BLACK
6
CONTINUOUS
10
6.1879408267716531
20
-4.6557980314960625
11
6.1879409842519681
21
-4.6557978740157475
0
LINE
8
BLACK
6
CONTINUOUS
10
6.1879409842519681
20
-4.6557978740157475
11
6.1881166929133853
21
-4.6554529133858269
0
LINE
8
BLACK
6
CONTINUOUS
10
6.1881166929133853
20
-4.6554529133858269
11
6.1900054330708656
21
-4.65345311023622
0
LINE
8
BLACK
6
CONTINUOUS
10
6.1900054330708656
20
-4.65345311023622
11
6.1926755118110233
21
-4.6527918503937009
0
LINE
8
BLACK
6
CONTINUOUS
10
6.1926755118110233
20
-4.6527918503937009
11
6.1952792913385828
21
-4.6536790944881892
0
LINE
8
BLACK
6
CONTINUOUS
10
6.1952792913385828
20
-4.6536790944881892
11
6.1968162992125979
21
-4.6554529133858269
0
LINE
8
BLACK
6
CONTINUOUS
10
6.1968162992125979
20
-4.6554529133858269
11
6.1969779921259844
21
-4.6557702755905508
0
LINE
8
BLACK
6
CONTINUOUS
10
6.1969779921259844
20
-4.6557702755905508
11
6.196992165354331
21
-4.6557980314960625
0
LINE
8
BLACK
6
CONTINUOUS
10
6.196992165354331
20
-4.6557980314960625
11
6.2019110236220474
21
-4.6625683464566929
0
LINE
8
BLACK
6
CONTINUOUS
10
6.2019110236220474
20
-4.6625683464566929
11
6.2078292519685041
21
-4.6684865748031497
0
LINE
8
BLACK
6
CONTINUOUS
10
6.2078292519685041
20
-4.6684865748031497
11
6.2145995669291336
21
-4.6734054330708661
0
LINE
8
BLACK
6
CONTINUOUS
10
6.2145995669291336
20
-4.6734054330708661
11
6.2145996456692911
21
-4.6734054724409448
0
LINE
8
BLACK
6
CONTINUOUS
10
6.2145996456692911
20
-4.6734054724409448
11
6.2145997637795274
21
-4.6734055511811023
0
LINE
8
BLACK
6
CONTINUOUS
10
6.2145997637795274
20
-4.6734055511811023
11
6.2220566141732281
21
-4.6772049999999998
0
LINE
8
BLACK
6
CONTINUOUS
10
6.2220566141732281
20
-4.6772049999999998
11
6.2300160236220474
21
-4.6797911811023623
0
LINE
8
BLACK
6
CONTINUOUS
10
6.2300160236220474
20
-4.6797911811023623
11
6.238282007874016
21
-4.6811003937007873
0
LINE
8
BLACK
6
CONTINUOUS
10
6.238282007874016
20
-4.6811003937007873
11
6.2382820472440947
21
-4.6811003937007873
0
LINE
8
BLACK
6
CONTINUOUS
10
6.2382820472440947
20
-4.6811003937007873
11
6.2385090551181097
21
-4.6811003937007873
0
LINE
8
BLACK
6
CONTINUOUS
10
6.2385090551181097
20
-4.6811003937007873
11
6.2411483858267713
21
-4.6818753937007873
0
LINE
8
BLACK
6
CONTINUOUS
10
6.2411483858267713
20
-4.6818753937007873
11
6.242949763779527
21
-4.6839542913385825
0
LINE
8
BLACK
6
CONTINUOUS
10
6.242949763779527
20
-4.6839542913385825
11
6.24334125984252
21
-4.6866770472440944
0
LINE
8
BLACK
6
CONTINUOUS
10
6.24334125984252
20
-4.6866770472440944
11
6.2421985433070866
21
-4.689179251968504
0
LINE
8
BLACK
6
CONTINUOUS
10
6.2421985433070866
20
-4.689179251968504
11
6.2419610629921261
21
-4.6894342913385829
0
LINE
8
BLACK
6
CONTINUOUS
10
6.2419610629921261
20
-4.6894342913385829
11
6.1954040157480312
21
-4.7359913779527556
0
LINE
8
BLACK
6
CONTINUOUS
10
6.1954040157480312
20
-4.7359913779527556
11
6.1929897244094487
21
-4.7373096850393699
0
LINE
8
BLACK
6
CONTINUOUS
10
6.1929897244094487
20
-4.7373096850393699
11
6.1919520078740158
21
-4.7374212598425194
0
LINE
8
BLACK
6
CONTINUOUS
10
6.1919520078740158
20
-4.7374212598425194
11
5.9940196850393699
21
-4.7374212598425194
0
LINE
8
BLACK
6
CONTINUOUS
10
5.9940196850393699
20
-4.7374212598425194
11
5.9913803543307083
21
-4.7366462598425194
0
LINE
8
BLACK
6
CONTINUOUS
10
5.9913803543307083
20
-4.7366462598425194
11
5.9913074409448814
21
-4.7365985039370075
0
LINE
8
BLACK
6
CONTINUOUS
10
5.9913074409448814
20
-4.7365985039370075
11
5.9867932677165356
21
-4.7335822047244092
0
LINE
8
BLACK
6
CONTINUOUS
10
5.9867932677165356
20
-4.7335822047244092
11
5.9867931889763781
21
-4.7335821653543304
0
LINE
8
BLACK
6
CONTINUOUS
10
5.9867931889763781
20
-4.7335821653543304
11
5.9803412204724404
21
-4.7309096850393697
0
LINE
8
BLACK
6
CONTINUOUS
10
5.9803412204724404
20
-4.7309096850393697
11
5.9803408661417325
21
-4.7309095669291334
0
LINE
8
BLACK
6
CONTINUOUS
10
5.9803408661417325
20
-4.7309095669291334
11
5.9734918897637792
21
-4.7295472440944879
0
LINE
8
BLACK
6
CONTINUOUS
10
5.9734918897637792
20
-4.7295472440944879
11
5.9734917716535429
21
-4.7295472440944879
0
LINE
8
BLACK
6
CONTINUOUS
10
5.9734917716535429
20
-4.7295472440944879
11
5.9709645669291334
21
-4.7295472440944879
0
LINE
8
BLACK
6
CONTINUOUS
10
5.9709645669291334
20
-4.7295472440944879
11
5.9683252362204726
21
-4.7287722440944879
0
LINE
8
BLACK
6
CONTINUOUS
10
5.9683252362204726
20
-4.7287722440944879
11
5.966523858267716
21
-4.7266933464566927
0
LINE
8
BLACK
6
CONTINUOUS
10
5.966523858267716
20
-4.7266933464566927
11
5.9660826771653541
21
-4.7246653543307087
0
LINE
8
BLACK
6
CONTINUOUS
10
5.9660826771653541
20
-4.7246653543307087
11
5.9660826771653541
21
-4.6909049212598424
0
LINE
8
BLACK
6
CONTINUOUS
10
5.9660826771653541
20
-4.6909049212598424
11
5.9659946062992129
21
-4.6904623622047241
0
LINE
8
BLACK
6
CONTINUOUS
10
5.9659946062992129
20
-4.6904623622047241
11
5.9659945669291341
21
-4.6904622440944879
0
LINE
8
BLACK
6
CONTINUOUS
10
5.9659945669291341
20
-4.6904622440944879
11
5.965951653543307
21
-4.6902464960629917
0
LINE
8
BLACK
6
CONTINUOUS
10
5.965951653543307
20
-4.6902464960629917
11
5.9650228346456693
21
-4.6855769685039368
0
LINE
8
BLACK
6
CONTINUOUS
10
5.9650228346456693
20
-4.6855769685039368
11
5.9634126771653539
21
-4.6816897637795272
0
LINE
8
BLACK
6
CONTINUOUS
10
5.9634126771653539
20
-4.6816897637795272
11
5.963339291338583
21
-4.6814403149606294
0
LINE
8
BLACK
6
CONTINUOUS
10
5.963339291338583
20
-4.6814403149606294
11
5.9633385433070867
21
-4.6803145669291339
0
LINE
8
BLACK
6
CONTINUOUS
10
5.9633385433070867
20
-4.6803145669291339
11
5.9632182283464568
21
-4.679195157480315
0
LINE
8
BLACK
6
CONTINUOUS
10
5.9632182283464568
20
-4.679195157480315
11
5.9633377165354329
21
-4.6789564173228344
0
LINE
8
BLACK
6
CONTINUOUS
10
5.9633377165354329
20
-4.6789564173228344
11
5.9633375590551179
21
-4.6786895669291342
0
LINE
8
BLACK
6
CONTINUOUS
10
5.9633375590551179
20
-4.6786895669291342
11
5.9639454724409449
21
-4.6777422834645668
0
LINE
8
BLACK
6
CONTINUOUS
10
5.9639454724409449
20
-4.6777422834645668
11
5.9644495275590552
21
-4.6767353543307086
0
LINE
8
BLACK
6
CONTINUOUS
10
5.9644495275590552
20
-4.6767353543307086
11
5.9647250393700784
21
-4.6765275590551179
0
LINE
8
BLACK
6
CONTINUOUS
10
5.9647250393700784
20
-4.6765275590551179
11
5.9648232677165351
21
-4.6763745275590551
0
LINE
8
BLACK
6
CONTINUOUS
10
5.9648232677165351
20
-4.6763745275590551
11
5.9650894094488187
21
-4.6762527559055114
0
LINE
8
BLACK
6
CONTINUOUS
10
5.9650894094488187
20
-4.6762527559055114
11
5.9658062598425197
21
-4.675712165354331
0
LINE
8
BLACK
6
CONTINUOUS
10
5.9658062598425197
20
-4.675712165354331
11
5.9703332677165353
21
-4.6734055511811023
0
LINE
8
BLACK
6
CONTINUOUS
10
5.9703332677165353
20
-4.6734055511811023
11
5.9725601574803147
21
-4.6717876377952754
0
LINE
8
BLACK
6
CONTINUOUS
10
5.9725601574803147
20
-4.6717876377952754
11
5.9771037401574798
21
-4.6684865748031497
0
LINE
8
BLACK
6
CONTINUOUS
10
5.9771037401574798
20
-4.6684865748031497
11
5.9771038188976373
21
-4.6684864566929134
0
LINE
8
BLACK
6
CONTINUOUS
10
5.9771038188976373
20
-4.6684864566929134
11
5.9771039763779523
21
-4.6684863779527559
0
LINE
8
BLACK
6
CONTINUOUS
10
5.9771039763779523
20
-4.6684863779527559
11
5.9830217716535428
21
-4.6625685826771655
0
LINE
8
BLACK
6
CONTINUOUS
10
5.9830217716535428
20
-4.6625685826771655
11
5.9830218503937003
21
-4.6625684251968504
0
LINE
8
BLACK
6
CONTINUOUS
10
5.9830218503937003
20
-4.6625684251968504
11
5.9830219685039365
21
-4.6625683464566929
0
LINE
8
BLACK
6
CONTINUOUS
10
5.9830219685039365
20
-4.6625683464566929
11
5.9879408267716538
21
-4.6557980314960625
0
LINE
8
BLACK
6
CONTINUOUS
10
5.9879408267716538
20
-4.6557980314960625
11
5.9879409448818892
21
-4.6557978740157475
0
LINE
8
BLACK
6
CONTINUOUS
10
5.9879409448818892
20
-4.6557978740157475
11
5.9881276771653544
21
-4.6554313385826767
0
LINE
8
BLACK
6
CONTINUOUS
10
5.9881276771653544
20
-4.6554313385826767
11
5.9900162598425197
21
-4.6534314566929131
0
LINE
8
BLACK
6
CONTINUOUS
10
5.9900162598425197
20
-4.6534314566929131
11
5.9926863385826774
21
-4.652770039370079
0
LINE
8
BLACK
6
CONTINUOUS
10
5.9926863385826774
20
-4.652770039370079
11
5.995290118110236
21
-4.6536572047244089
0
LINE
8
BLACK
6
CONTINUOUS
10
5.995290118110236
20
-4.6536572047244089
11
5.9968272834645671
21
-4.6554310236220475
0
LINE
8
BLACK
6
CONTINUOUS
10
5.9968272834645671
20
-4.6554310236220475
11
5.9970089763779528
21
-4.6557875984251966
0
LINE
8
BLACK
6
CONTINUOUS
10
5.9970089763779528
20
-4.6557875984251966
11
6.001926102362205
21
-4.6625554724409444
0
LINE
8
BLACK
6
CONTINUOUS
10
6.001926102362205
20
-4.6625554724409444
11
6.0019262598425192
21
-4.6625556692913381
0
LINE
8
BLACK
6
CONTINUOUS
10
6.0019262598425192
20
-4.6625556692913381
11
6.0078419685039366
21
-4.6684713779527556
0
LINE
8
BLACK
6
CONTINUOUS
10
6.0078419685039366
20
-4.6684713779527556
11
6.0078421653543304
21
-4.6684715354330706
0
LINE
8
BLACK
6
CONTINUOUS
10
6.0078421653543304
20
-4.6684715354330706
11
6.0146099606299215
21
-4.6733885826771653
0
LINE
8
BLACK
6
CONTINUOUS
10
6.0146099606299215
20
-4.6733885826771653
11
6.0220642913385829
21
-4.6771868110236223
0
LINE
8
BLACK
6
CONTINUOUS
10
6.0220642913385829
20
-4.6771868110236223
11
6.030020551181102
21
-4.6797719291338584
0
LINE
8
BLACK
6
CONTINUOUS
10
6.030020551181102
20
-4.6797719291338584
11
6.0326240551181103
21
-4.6801842913385823
0
LINE
8
BLACK
6
CONTINUOUS
10
6.0326240551181103
20
-4.6801842913385823
11
6.0326240551181103
21
-4.6599015354330708
0
LINE
8
BLACK
6
CONTINUOUS
10
6.0326240551181103
20
-4.6599015354330708
11
6.026691496062992
21
-4.657444212598425
0
LINE
8
BLACK
6
CONTINUOUS
10
6.026691496062992
20
-4.657444212598425
11
6.0212368897637791
21
-4.6537995669291341
0
LINE
8
BLACK
6
CONTINUOUS
10
6.0212368897637791
20
-4.6537995669291341
11
6.0165981102362203
21
-4.6491607874015743
0
LINE
8
BLACK
6
CONTINUOUS
10
6.0165981102362203
20
-4.6491607874015743
11
6.0129534645669294
21
-4.6437061811023623
0
LINE
8
BLACK
6
CONTINUOUS
10
6.0129534645669294
20
-4.6437061811023623
11
6.0104429921259843
21
-4.6376453543307088
0
LINE
8
BLACK
6
CONTINUOUS
10
6.0104429921259843
20
-4.6376453543307088
11
6.0091631496062989
21
-4.6312112204724407
0
LINE
8
BLACK
6
CONTINUOUS
10
6.0091631496062989
20
-4.6312112204724407
11
6.0091631496062989
21
-4.6246509842519687
0
LINE
8
BLACK
6
CONTINUOUS
10
6.0091631496062989
20
-4.6246509842519687
11
6.0104429921259843
21
-4.6182168503937007
0
LINE
8
BLACK
6
CONTINUOUS
10
6.0104429921259843
20
-4.6182168503937007
11
6.0129534645669294
21
-4.6121560236220471
0
LINE
8
BLACK
6
CONTINUOUS
10
6.0129534645669294
20
-4.6121560236220471
11
6.0139958661417321
21
-4.6105959055118113
0
LINE
8
BLACK
6
CONTINUOUS
10
6.0139958661417321
20
-4.6105959055118113
11
5.9997296850393695
21
-4.5963297637795275
0
LINE
8
BLACK
6
CONTINUOUS
10
5.9997296850393695
20
-4.5963297637795275
11
5.9970090157480316
21
-4.6000745275590553
0
LINE
8
BLACK
6
CONTINUOUS
10
5.9970090157480316
20
-4.6000745275590553
11
5.9968272440944883
21
-4.6004312598425194
0
LINE
8
BLACK
6
CONTINUOUS
10
5.9968272440944883
20
-4.6004312598425194
11
5.9949383858267717
21
-4.6024309842519688
0
LINE
8
BLACK
6
CONTINUOUS
10
5.9949383858267717
20
-4.6024309842519688
11
5.9922682283464566
21
-4.6030920866141729
0
LINE
8
BLACK
6
CONTINUOUS
10
5.9922682283464566
20
-4.6030920866141729
11
5.9896645275590545
21
-4.6022046456692909
0
LINE
8
BLACK
6
CONTINUOUS
10
5.9896645275590545
20
-4.6022046456692909
11
5.9881277165354332
21
-4.6004309055118107
0
LINE
8
BLACK
6
CONTINUOUS
10
5.9881277165354332
20
-4.6004309055118107
11
5.9879409448818892
21
-4.6000643307086611
0
LINE
8
BLACK
6
CONTINUOUS
10
5.9879409448818892
20
-4.6000643307086611
11
5.9879408661417317
21
-4.6000642125984248
0
LINE
8
BLACK
6
CONTINUOUS
10
5.9879408661417317
20
-4.6000642125984248
11
5.9879408267716538
21
-4.6000641338582673
0
LINE
8
BLACK
6
CONTINUOUS
10
5.9879408267716538
20
-4.6000641338582673
11
5.9830219685039365
21
-4.5932938188976378
0
LINE
8
BLACK
6
CONTINUOUS
10
5.9830219685039365
20
-4.5932938188976378
11
5.9771037401574798
21
-4.587375590551181
0
LINE
8
BLACK
6
CONTINUOUS
10
5.9771037401574798
20
-4.587375590551181
11
5.9720576377952757
21
-4.5837094488188974
0
LINE
8
BLACK
6
CONTINUOUS
10
5.9720576377952757
20
-4.5837094488188974
11
5.9703778740157478
21
-4.5815311417322837
0
LINE
8
BLACK
6
CONTINUOUS
10
5.9703778740157478
20
-4.5815311417322837
11
5.9701127952755906
21
-4.5805692519685035
0
LINE
8
BLACK
6
CONTINUOUS
10
5.9701127952755906
20
-4.5805692519685035
11
5.9700452362204723
21
-4.5801673622047243
0
LINE
8
BLACK
6
CONTINUOUS
10
5.9700452362204723
20
-4.5801673622047243
11
5.9700452362204723
21
-4.5778888188976374
0
LINE
8
BLACK
6
CONTINUOUS
10
5.9700452362204723
20
-4.5778888188976374
11
5.9689853937007875
21
-4.5725606692913381
0
LINE
8
BLACK
6
CONTINUOUS
10
5.9689853937007875
20
-4.5725606692913381
11
5.9688290944881892
21
-4.5721833464566926
0
LINE
8
BLACK
6
CONTINUOUS
10
5.9688290944881892
20
-4.5721833464566926
11
5.9683575590551179
21
-4.5710449999999998
0
LINE
8
BLACK
6
CONTINUOUS
10
5.9683575590551179
20
-4.5710449999999998
11
5.9678925984251965
21
-4.5699224409448815
0
LINE
8
BLACK
6
CONTINUOUS
10
5.9678925984251965
20
-4.5699224409448815
11
5.9671606692913386
21
-4.5681553937007875
0
LINE
8
BLACK
6
CONTINUOUS
10
5.9671606692913386
20
-4.5681553937007875
11
5.9669064566929135
21
-4.5675416535433069
0
LINE
8
BLACK
6
CONTINUOUS
10
5.9669064566929135
20
-4.5675416535433069
11
5.9669064173228348
21
-4.5675415748031494
0
LINE
8
BLACK
6
CONTINUOUS
10
5.9669064173228348
20
-4.5675415748031494
11
5.966906377952756
21
-4.5675414960629919
0
LINE
8
BLACK
6
CONTINUOUS
10
5.966906377952756
20
-4.5675414960629919
11
5.9638883464566925
21
-4.5630247244094484
0
LINE
8
BLACK
6
CONTINUOUS
10
5.9638883464566925
20
-4.5630247244094484
11
5.9634423622047246
21
-4.5625787401574804
0
LINE
8
BLACK
6
CONTINUOUS
10
5.9634423622047246
20
-4.5625787401574804
11
5.9600468897637793
21
-4.5591832677165351
0
LINE
8
BLACK
6
CONTINUOUS
10
5.9600468897637793
20
-4.5591832677165351
11
5.9575125196850394
21
-4.5566488582677165
0
LINE
8
BLACK
6
CONTINUOUS
10
5.9575125196850394
20
-4.5566488582677165
11
5.9561942519685038
21
-4.5542345275590552
0
LINE
8
BLACK
6
CONTINUOUS
10
5.9561942519685038
20
-4.5542345275590552
11
5.9560826771653543
21
-4.553196850393701
0
LINE
8
BLACK
6
CONTINUOUS
10
5.9560826771653543
20
-4.553196850393701
11
5.9560826771653543
21
-4.4920029527559056
0
LINE
8
BLACK
6
CONTINUOUS
10
5.9560826771653543
20
-4.4920029527559056
11
5.9554507086614175
21
-4.4909083858267715
0
LINE
8
BLACK
6
CONTINUOUS
10
5.9554507086614175
20
-4.4909083858267715
11
5.9543866929133857
21
-4.4869374015748029
0
LINE
8
BLACK
6
CONTINUOUS
10
5.9543866929133857
20
-4.4869374015748029
11
5.9543866929133857
21
-4.4828263779527555
0
LINE
8
BLACK
6
CONTINUOUS
10
5.9543866929133857
20
-4.4828263779527555
11
5.9554507086614175
21
-4.4788553937007869
0
LINE
8
BLACK
6
CONTINUOUS
10
5.9554507086614175
20
-4.4788553937007869
11
5.9564881496062991
21
-4.4770584251968506
0
LINE
8
BLACK
6
CONTINUOUS
10
5.9564881496062991
20
-4.4770584251968506
11
5.9568059055118106
21
-4.4758909448818898
0
LINE
8
BLACK
6
CONTINUOUS
10
5.9568059055118106
20
-4.4758909448818898
11
5.9568434251968503
21
-4.4758570472440944
0
LINE
8
BLACK
6
CONTINUOUS
10
5.9568434251968503
20
-4.4758570472440944
11
5.9568576771653543
21
-4.4758086220472437
0
LINE
8
BLACK
6
CONTINUOUS
10
5.9568576771653543
20
-4.4758086220472437
11
5.9578611023622043
21
-4.4749390944881888
0
LINE
8
BLACK
6
CONTINUOUS
10
5.9578611023622043
20
-4.4749390944881888
11
5.9578727165354328
21
-4.4749285826771654
0
LINE
8
BLACK
6
CONTINUOUS
10
5.9578727165354328
20
-4.4749285826771654
11
5.9604131889763776
21
-4.4723881496062994
0
LINE
8
BLACK
6
CONTINUOUS
10
5.9604131889763776
20
-4.4723881496062994
11
5.9639735039370079
21
-4.4703325984251965
0
LINE
8
BLACK
6
CONTINUOUS
10
5.9639735039370079
20
-4.4703325984251965
11
5.9679444881889765
21
-4.4692685826771656
0
LINE
8
BLACK
6
CONTINUOUS
10
5.9679444881889765
20
-4.4692685826771656
11
5.9720555118110239
21
-4.4692685826771656
0
LINE
8
BLACK
6
CONTINUOUS
10
5.9720555118110239
20
-4.4692685826771656
11
5.9760264960629916
21
-4.4703325984251965
0
LINE
8
BLACK
6
CONTINUOUS
10
6.030020708661417
20
-4.5760901968503935
11
6.0220643700787404
21
-4.5786753149606296
0
LINE
8
BLACK
6
CONTINUOUS
10
6.0220643700787404
20
-4.5786753149606296
11
6.0146099606299215
21
-4.5824735826771654
0
LINE
8
BLACK
6
CONTINUOUS
10
6.0146099606299215
20
-4.5824735826771654
11
6.0108652362204724
21
-4.5851942125984255
0
LINE
8
BLACK
6
CONTINUOUS
10
6.0108652362204724
20
-4.5851942125984255
11
6.0251313779527553
21
-4.5994603937007872
0
LINE
8
BLACK
6
CONTINUOUS
10
6.0251313779527553
20
-4.5994603937007872
11
6.026691496062992
21
-4.5984179921259845
0
LINE
8
BLACK
6
CONTINUOUS
10
6.026691496062992
20
-4.5984179921259845
11
6.0326240551181103
21
-4.5959606299212599
0
LINE
8
BLACK
6
CONTINUOUS
10
6.0326240551181103
20
-4.5959606299212599
11
6.0326240551181103
21
-4.5756778740157475
0
LINE
8
BLACK
6
CONTINUOUS
10
6.0326240551181103
20
-4.5756778740157475
11
6.0326240157480315
21
-4.5756778740157475
0
LINE
8
BLACK
6
CONTINUOUS
10
6.0326240157480315
20
-4.5756778740157475
11
6.030020708661417
21
-4.5760901968503935
0
LINE
8
BLACK
6
CONTINUOUS
10
5.8660264960629922
20
-4.5254507086614169
11
5.8695868110236216
21
-4.5275062598425198
0
LINE
8
BLACK
6
CONTINUOUS
10
5.8695868110236216
20
-4.5275062598425198
11
5.8724937401574806
21
-4.5304131889763779
0
LINE
8
BLACK
6
CONTINUOUS
10
5.8724937401574806
20
-4.5304131889763779
11
5.8745492913385826
21
-4.5339735039370082
0
LINE
8
BLACK
6
CONTINUOUS
10
5.8745492913385826
20
-4.5339735039370082
11
5.8756133070866143
21
-4.5379444881889759
0
LINE
8
BLACK
6
CONTINUOUS
10
5.8756133070866143
20
-4.5379444881889759
11
5.8756133070866143
21
-4.5420555118110233
0
LINE
8
BLACK
6
CONTINUOUS
10
5.8756133070866143
20
-4.5420555118110233
11
5.8745492913385826
21
-4.5460264960629919
0
LINE
8
BLACK
6
CONTINUOUS
10
5.8745492913385826
20
-4.5460264960629919
11
5.8724937401574806
21
-4.5495868110236222
0
LINE
8
BLACK
6
CONTINUOUS
10
5.8724937401574806
20
-4.5495868110236222
11
5.8695868110236216
21
-4.5524937401574803
0
LINE
8
BLACK
6
CONTINUOUS
10
5.8695868110236216
20
-4.5524937401574803
11
5.8660264960629922
21
-4.5545492913385823
0
LINE
8
BLACK
6
CONTINUOUS
10
5.8660264960629922
20
-4.5545492913385823
11
5.8620555118110236
21
-4.555613307086614
0
LINE
8
BLACK
6
CONTINUOUS
10
5.8620555118110236
20
-4.555613307086614
11
5.8579444881889762
21
-4.555613307086614
0
LINE
8
BLACK
6
CONTINUOUS
10
5.8579444881889762
20
-4.555613307086614
11
5.856034094488189
21
-4.5551014173228346
0
LINE
8
BLACK
6
CONTINUOUS
10
5.856034094488189
20
-4.5551014173228346
11
5.6936779921259841
21
-4.7174575196850395
0
LINE
8
BLACK
6
CONTINUOUS
10
5.6936779921259841
20
-4.7174575196850395
11
5.6924848031496058
21
-4.7184367716535434
0
LINE
8
BLACK
6
CONTINUOUS
10
5.6924848031496058
20
-4.7184367716535434
11
5.689646377952756
21
-4.7196124803149608
0
LINE
8
BLACK
6
CONTINUOUS
10
5.689646377952756
20
-4.7196124803149608
11
5.6881102362204725
21
-4.7197637795275593
0
LINE
8
BLACK
6
CONTINUOUS
10
5.6881102362204725
20
-4.7197637795275593
11
5.5307480314960626
21
-4.7197637795275593
0
LINE
8
BLACK
6
CONTINUOUS
10
5.5307480314960626
20
-4.7197637795275593
11
5.5292118897637792
21
-4.7196124803149608
0
LINE
8
BLACK
6
CONTINUOUS
10
5.5292118897637792
20
-4.7196124803149608
11
5.5263734645669293
21
-4.7184367716535434
0
LINE
8
BLACK
6
CONTINUOUS
10
5.5263734645669293
20
-4.7184367716535434
11
5.5242010236220471
21
-4.7162643307086611
0
LINE
8
BLACK
6
CONTINUOUS
10
5.5242010236220471
20
-4.7162643307086611
11
5.5230253149606297
21
-4.7134259055118113
0
LINE
8
BLACK
6
CONTINUOUS
10
5.5230253149606297
20
-4.7134259055118113
11
5.5228740157480312
21
-4.7118897637795278
0
LINE
8
BLACK
6
CONTINUOUS
10
5.5228740157480312
20
-4.7118897637795278
11
5.5228740157480312
21
-4.6469944881889766
0
LINE
8
BLACK
6
CONTINUOUS
10
5.5228740157480312
20
-4.6469944881889766
11
5.4971393700787399
21
-4.6212598425196854
0
LINE
8
BLACK
6
CONTINUOUS
10
5.4971393700787399
20
-4.6212598425196854
11
5.3628607086614171
21
-4.6212598425196854
0
LINE
8
BLACK
6
CONTINUOUS
10
5.3628607086614171
20
-4.6212598425196854
11
5.3013696850393703
21
-4.6827508267716533
0
LINE
8
BLACK
6
CONTINUOUS
10
5.3013696850393703
20
-4.6827508267716533
11
5.300176496062992
21
-4.6837300787401572
0
LINE
8
BLACK
6
CONTINUOUS
10
5.300176496062992
20
-4.6837300787401572
11
5.2973380708661413
21
-4.6849057874015747
0
LINE
8
BLACK
6
CONTINUOUS
10
5.2973380708661413
20
-4.6849057874015747
11
5.2958019291338578
21
-4.6850570866141732
0
LINE
8
BLACK
6
CONTINUOUS
10
5.2958019291338578
20
-4.6850570866141732
11
5.0917185039370079
21
-4.6850570866141732
0
LINE
8
BLACK
6
CONTINUOUS
10
5.0917185039370079
20
-4.6850570866141732
11
5.0901823622047244
21
-4.6849057874015747
0
LINE
8
BLACK
6
CONTINUOUS
10
5.0901823622047244
20
-4.6849057874015747
11
5.0873439370078737
21
-4.6837300787401572
0
LINE
8
BLACK
6
CONTINUOUS
10
5.0873439370078737
20
-4.6837300787401572
11
5.0861507480314962
21
-4.6827508267716533
0
LINE
8
BLACK
6
CONTINUOUS
10
5.0861507480314962
20
-4.6827508267716533
11
5.0598016929133856
21
-4.6564017716535435
0
LINE
8
BLACK
6
CONTINUOUS
10
5.0598016929133856
20
-4.6564017716535435
11
5.0582416141732285
21
-4.657444212598425
0
LINE
8
BLACK
6
CONTINUOUS
10
5.0582416141732285
20
-4.657444212598425
11
5.0521807874015749
21
-4.65995468503937
0
LINE
8
BLACK
6
CONTINUOUS
10
5.0521807874015749
20
-4.65995468503937
11
5.0457466535433069
21
-4.6612345275590554
0
LINE
8
BLACK
6
CONTINUOUS
10
5.0457466535433069
20
-4.6612345275590554
11
5.0391864173228349
21
-4.6612345275590554
0
LINE
8
BLACK
6
CONTINUOUS
10
5.0391864173228349
20
-4.6612345275590554
11
5.0327522834645668
21
-4.65995468503937
0
LINE
8
BLACK
6
CONTINUOUS
10
5.0327522834645668
20
-4.65995468503937
11
5.0266914566929133
21
-4.657444212598425
0
LINE
8
BLACK
6
CONTINUOUS
10
5.0266914566929133
20
-4.657444212598425
11
5.0212368503937004
21
-4.6537995669291341
0
LINE
8
BLACK
6
CONTINUOUS
10
5.0212368503937004
20
-4.6537995669291341
11
5.0165980708661415
21
-4.6491607874015743
0
LINE
8
BLACK
6
CONTINUOUS
10
5.0165980708661415
20
-4.6491607874015743
11
5.0129534251968506
21
-4.6437061811023623
0
LINE
8
BLACK
6
CONTINUOUS
10
5.0129534251968506
20
-4.6437061811023623
11
5.0104429527559056
21
-4.6376453543307088
0
LINE
8
BLACK
6
CONTINUOUS
10
5.0104429527559056
20
-4.6376453543307088
11
5.0091631102362202
21
-4.6312112204724407
0
LINE
8
BLACK
6
CONTINUOUS
10
5.0091631102362202
20
-4.6312112204724407
11
5.0091631102362202
21
-4.6246509842519687
0
LINE
8
BLACK
6
CONTINUOUS
10
5.0091631102362202
20
-4.6246509842519687
11
5.0104429527559056
21
-4.6182168503937007
0
LINE
8
BLACK
6
CONTINUOUS
10
5.0104429527559056
20
-4.6182168503937007
11
5.0129534251968506
21
-4.6121560236220471
0
LINE
8
BLACK
6
CONTINUOUS
10
5.0129534251968506
20
-4.6121560236220471
11
5.0165980708661415
21
-4.6067014173228342
0
LINE
8
BLACK
6
CONTINUOUS
10
5.0165980708661415
20
-4.6067014173228342
11
5.0212368503937004
21
-4.6020626377952754
0
LINE
8
BLACK
6
CONTINUOUS
10
5.0212368503937004
20
-4.6020626377952754
11
5.0266914566929133
21
-4.5984179921259845
0
LINE
8
BLACK
6
CONTINUOUS
10
5.0266914566929133
20
-4.5984179921259845
11
5.0327522834645668
21
-4.5959075196850394
0
LINE
8
BLACK
6
CONTINUOUS
10
5.0327522834645668
20
-4.5959075196850394
11
5.0391864173228349
21
-4.594627677165354
0
LINE
8
BLACK
6
CONTINUOUS
10
5.0391864173228349
20
-4.594627677165354
11
5.0457466535433069
21
-4.594627677165354
0
LINE
8
BLACK
6
CONTINUOUS
10
5.0457466535433069
20
-4.594627677165354
11
5.0521807874015749
21
-4.5959075196850394
0
LINE
8
BLACK
6
CONTINUOUS
10
5.0521807874015749
20
-4.5959075196850394
11
5.0582416141732285
21
-4.5984179921259845
0
LINE
8
BLACK
6
CONTINUOUS
10
5.0582416141732285
20
-4.5984179921259845
11
5.0636962204724405
21
-4.6020626377952754
0
LINE
8
BLACK
6
CONTINUOUS
10
5.0636962204724405
20
-4.6020626377952754
11
5.0683350000000003
21
-4.6067014173228342
0
LINE
8
BLACK
6
CONTINUOUS
10
5.0683350000000003
20
-4.6067014173228342
11
5.0719796456692912
21
-4.6121560236220471
0
LINE
8
BLACK
6
CONTINUOUS
10
5.0719796456692912
20
-4.6121560236220471
11
5.0744901181102362
21
-4.6182168503937007
0
LINE
8
BLACK
6
CONTINUOUS
10
5.0744901181102362
20
-4.6182168503937007
11
5.0757699606299216
21
-4.6246509842519687
0
LINE
8
BLACK
6
CONTINUOUS
10
5.0757699606299216
20
-4.6246509842519687
11
5.0757699606299216
21
-4.6312112204724407
0
LINE
8
BLACK
6
CONTINUOUS
10
5.0757699606299216
20
-4.6312112204724407
11
5.0744901181102362
21
-4.6376453543307088
0
LINE
8
BLACK
6
CONTINUOUS
10
5.0744901181102362
20
-4.6376453543307088
11
5.0719796456692912
21
-4.6437061811023623
0
LINE
8
BLACK
6
CONTINUOUS
10
5.0719796456692912
20
-4.6437061811023623
11
5.0709372047244097
21
-4.6452662598425194
0
LINE
8
BLACK
6
CONTINUOUS
10
5.0709372047244097
20
-4.6452662598425194
11
5.0949799999999996
21
-4.6693090551181102
0
LINE
8
BLACK
6
CONTINUOUS
10
5.0949799999999996
20
-4.6693090551181102
11
5.2925404330708661
21
-4.6693090551181102
0
LINE
8
BLACK
6
CONTINUOUS
10
5.2925404330708661
20
-4.6693090551181102
11
5.3540313779527562
21
-4.6078180708661414
0
LINE
8
BLACK
6
CONTINUOUS
10
5.3540313779527562
20
-4.6078180708661414
11
5.3552246062992124
21
-4.6068388188976375
0
LINE
8
BLACK
6
CONTINUOUS
10
5.3552246062992124
20
-4.6068388188976375
11
5.3580630314960631
21
-4.60566311023622
0
LINE
8
BLACK
6
CONTINUOUS
10
5.3580630314960631
20
-4.60566311023622
11
5.3595991732283466
21
-4.6055118110236215
0
LINE
8
BLACK
6
CONTINUOUS
10
5.3595991732283466
20
-4.6055118110236215
11
5.5004008661417325
21
-4.6055118110236215
0
LINE
8
BLACK
6
CONTINUOUS
10
5.5004008661417325
20
-4.6055118110236215
11
5.501937007874016
21
-4.60566311023622
0
LINE
8
BLACK
6
CONTINUOUS
10
5.501937007874016
20
-4.60566311023622
11
5.5047754330708658
21
-4.6068388188976375
0
LINE
8
BLACK
6
CONTINUOUS
10
5.5047754330708658
20
-4.6068388188976375
11
5.5059686220472441
21
-4.6078180708661414
0
LINE
8
BLACK
6
CONTINUOUS
10
5.5059686220472441
20
-4.6078180708661414
11
5.5363157874015743
21
-4.6381651968503936
0
LINE
8
BLACK
6
CONTINUOUS
10
5.5363157874015743
20
-4.6381651968503936
11
5.5372950393700791
21
-4.6393584251968507
0
LINE
8
BLACK
6
CONTINUOUS
10
5.5372950393700791
20
-4.6393584251968507
11
5.5384707480314956
21
-4.6421968503937006
0
LINE
8
BLACK
6
CONTINUOUS
10
5.5384707480314956
20
-4.6421968503937006
11
5.5386220472440941
21
-4.643732992125984
0
LINE
8
BLACK
6
CONTINUOUS
10
5.5386220472440941
20
-4.643732992125984
11
5.5386220472440941
21
-4.7040157480314964
0
LINE
8
BLACK
6
CONTINUOUS
10
5.5386220472440941
20
-4.7040157480314964
11
5.6848487401574799
21
-4.7040157480314964
0
LINE
8
BLACK
6
CONTINUOUS
10
5.6848487401574799
20
-4.7040157480314964
11
5.8448985433070861
21
-4.5439658661417326
0
LINE
8
BLACK
6
CONTINUOUS
10
5.8448985433070861
20
-4.5439658661417326
11
5.8443866929133854
21
-4.5420555118110233
0
LINE
8
BLACK
6
CONTINUOUS
10
5.8443866929133854
20
-4.5420555118110233
11
5.8443866929133854
21
-4.5379444881889759
0
LINE
8
BLACK
6
CONTINUOUS
10
5.8443866929133854
20
-4.5379444881889759
11
5.8454507086614171
21
-4.5339735039370082
0
LINE
8
BLACK
6
CONTINUOUS
10
5.8454507086614171
20
-4.5339735039370082
11
5.8475062598425191
21
-4.5304131889763779
0
LINE
8
BLACK
6
CONTINUOUS
10
5.8475062598425191
20
-4.5304131889763779
11
5.8504131889763782
21
-4.5275062598425198
0
LINE
8
BLACK
6
CONTINUOUS
10
5.8504131889763782
20
-4.5275062598425198
11
5.8539735039370075
21
-4.5254507086614169
0
LINE
8
BLACK
6
CONTINUOUS
10
5.8539735039370075
20
-4.5254507086614169
11
5.8579444881889762
21
-4.524386692913386
0
LINE
8
BLACK
6
CONTINUOUS
10
5.8579444881889762
20
-4.524386692913386
11
5.8620555118110236
21
-4.524386692913386
0
LINE
8
BLACK
6
CONTINUOUS
10
5.8620555118110236
20
-4.524386692913386
11
5.8660264960629922
21
-4.5254507086614169
0
LINE
8
BLACK
6
CONTINUOUS
10
5.0819843700787404
20
-4.3898196062992128
11
5.0839002362204724
21
-4.3910997637795273
0
LINE
8
BLACK
6
CONTINUOUS
10
5.0839002362204724
20
-4.3910997637795273
11
5.0851803937007869
21
-4.3930156299212602
0
LINE
8
BLACK
6
CONTINUOUS
10
5.0851803937007869
20
-4.3930156299212602
11
5.0856299212598426
21
-4.3952755905511811
0
LINE
8
BLACK
6
CONTINUOUS
10
5.0856299212598426
20
-4.3952755905511811
11
5.0856299212598426
21
-4.4503937007874015
0
LINE
8
BLACK
6
CONTINUOUS
10
5.0856299212598426
20
-4.4503937007874015
11
5.0851803937007869
21
-4.4526536614173224
0
LINE
8
BLACK
6
CONTINUOUS
10
5.0851803937007869
20
-4.4526536614173224
11
5.0839002362204724
21
-4.4545695275590553
0
LINE
8
BLACK
6
CONTINUOUS
10
5.0839002362204724
20
-4.4545695275590553
11
5.0819843700787404
21
-4.4558496850393698
0
LINE
8
BLACK
6
CONTINUOUS
10
5.0819843700787404
20
-4.4558496850393698
11
5.0816929133858268
21
-4.4559076377952751
0
LINE
8
BLACK
6
CONTINUOUS
10
5.0816929133858268
20
-4.4559076377952751
11
5.0816929133858268
21
-4.5681164173228348
0
LINE
8
BLACK
6
CONTINUOUS
10
5.0816929133858268
20
-4.5681164173228348
11
5.0836693700787396
21
-4.5700928740157476
0
LINE
8
BLACK
6
CONTINUOUS
10
5.0836693700787396
20
-4.5700928740157476
11
5.1629603543307088
21
-4.5700928740157476
0
LINE
8
BLACK
6
CONTINUOUS
10
5.1629603543307088
20
-4.5700928740157476
11
5.1644964960629922
21
-4.5702441732283461
0
LINE
8
BLACK
6
CONTINUOUS
10
5.1644964960629922
20
-4.5702441732283461
11
5.1673349212598421
21
-4.5714198818897636
0
LINE
8
BLACK
6
CONTINUOUS
10
5.1673349212598421
20
-4.5714198818897636
11
5.1685281102362204
21
-4.5723991338582675
0
LINE
8
BLACK
6
CONTINUOUS
10
5.1685281102362204
20
-4.5723991338582675
11
5.1714515748031493
21
-4.5753225590551176
0
LINE
8
BLACK
6
CONTINUOUS
10
5.1714515748031493
20
-4.5753225590551176
11
5.1910207480314963
21
-4.5753225590551176
0
LINE
8
BLACK
6
CONTINUOUS
10
5.1910207480314963
20
-4.5753225590551176
11
5.1939441732283465
21
-4.5723990944881887
0
LINE
8
BLACK
6
CONTINUOUS
10
5.1939441732283465
20
-4.5723990944881887
11
5.1951373622047239
21
-4.5714198818897636
0
LINE
8
BLACK
6
CONTINUOUS
10
5.1951373622047239
20
-4.5714198818897636
11
5.1979757874015746
21
-4.5702441732283461
0
LINE
8
BLACK
6
CONTINUOUS
10
5.1979757874015746
20
-4.5702441732283461
11
5.1995119291338581
21
-4.5700928740157476
0
LINE
8
BLACK
6
CONTINUOUS
10
5.1995119291338581
20
-4.5700928740157476
11
5.3249433858267716
21
-4.5700928740157476
0
LINE
8
BLACK
6
CONTINUOUS
10
5.3249433858267716
20
-4.5700928740157476
11
5.3344622834645667
21
-4.5605739370078737
0
LINE
8
BLACK
6
CONTINUOUS
10
5.3344622834645667
20
-4.5605739370078737
11
5.3356554724409451
21
-4.5595947244094486
0
LINE
8
BLACK
6
CONTINUOUS
10
5.3356554724409451
20
-4.5595947244094486
11
5.3384938976377949
21
-4.5584190157480311
0
LINE
8
BLACK
6
CONTINUOUS
10
5.3384938976377949
20
-4.5584190157480311
11
5.3400300393700784
21
-4.5582677165354326
0
LINE
8
BLACK
6
CONTINUOUS
10
5.3400300393700784
20
-4.5582677165354326
11
5.6515562204724406
21
-4.5582677165354326
0
LINE
8
BLACK
6
CONTINUOUS
10
5.6515562204724406
20
-4.5582677165354326
11
5.653092362204724
21
-4.5584190157480311
0
LINE
8
BLACK
6
CONTINUOUS
10
5.653092362204724
20
-4.5584190157480311
11
5.6559307874015747
21
-4.5595947244094486
0
LINE
8
BLACK
6
CONTINUOUS
10
5.6559307874015747
20
-4.5595947244094486
11
5.6571239763779531
21
-4.5605739763779525
0
LINE
8
BLACK
6
CONTINUOUS
10
5.6571239763779531
20
-4.5605739763779525
11
5.6601720472440942
21
-4.5636220472440945
0
LINE
8
BLACK
6
CONTINUOUS
10
5.6601720472440942
20
-4.5636220472440945
11
5.7669159842519679
21
-4.5636220472440945
0
LINE
8
BLACK
6
CONTINUOUS
10
5.7669159842519679
20
-4.5636220472440945
11
5.770076023622047
21
-4.560461929133858
0
LINE
8
BLACK
6
CONTINUOUS
10
5.770076023622047
20
-4.560461929133858
11
5.7695641732283462
21
-4.5585515748031495
0
LINE
8
BLACK
6
CONTINUOUS
10
5.7695641732283462
20
-4.5585515748031495
11
5.7695641732283462
21
-4.5544405511811021
0
LINE
8
BLACK
6
CONTINUOUS
10
5.7695641732283462
20
-4.5544405511811021
11
5.770628188976378
21
-4.5504695669291335
0
LINE
8
BLACK
6
CONTINUOUS
10
5.770628188976378
20
-4.5504695669291335
11
5.77268374015748
21
-4.5469092519685042
0
LINE
8
BLACK
6
CONTINUOUS
10
5.77268374015748
20
-4.5469092519685042
11
5.7755906692913381
21
-4.544002322834646
0
LINE
8
BLACK
6
CONTINUOUS
10
5.7755906692913381
20
-4.544002322834646
11
5.7791509842519684
21
-4.5419467716535431
0
LINE
8
BLACK
6
CONTINUOUS
10
5.7791509842519684
20
-4.5419467716535431
11
5.783121968503937
21
-4.5408827559055114
0
LINE
8
BLACK
6
CONTINUOUS
10
5.783121968503937
20
-4.5408827559055114
11
5.7872329921259844
21
-4.5408827559055114
0
LINE
8
BLACK
6
CONTINUOUS
10
5.7872329921259844
20
-4.5408827559055114
11
5.791203976377953
21
-4.5419467716535431
0
LINE
8
BLACK
6
CONTINUOUS
10
5.791203976377953
20
-4.5419467716535431
11
5.7947642913385824
21
-4.544002322834646
0
LINE
8
BLACK
6
CONTINUOUS
10
5.7947642913385824
20
-4.544002322834646
11
5.7976712204724405
21
-4.5469092519685042
0
LINE
8
BLACK
6
CONTINUOUS
10
5.7976712204724405
20
-4.5469092519685042
11
5.7997267716535434
21
-4.5504695669291335
0
LINE
8
BLACK
6
CONTINUOUS
10
5.7997267716535434
20
-4.5504695669291335
11
5.8007907874015743
21
-4.5544405511811021
0
LINE
8
BLACK
6
CONTINUOUS
10
5.8007907874015743
20
-4.5544405511811021
11
5.8007907874015743
21
-4.5585515748031495
0
LINE
8
BLACK
6
CONTINUOUS
10
5.8007907874015743
20
-4.5585515748031495
11
5.7997267716535434
21
-4.5625225590551182
0
LINE
8
BLACK
6
CONTINUOUS
10
5.7997267716535434
20
-4.5625225590551182
11
5.7976712204724405
21
-4.5660828740157475
0
LINE
8
BLACK
6
CONTINUOUS
10
5.7976712204724405
20
-4.5660828740157475
11
5.7947642913385824
21
-4.5689898031496066
0
LINE
8
BLACK
6
CONTINUOUS
10
5.7947642913385824
20
-4.5689898031496066
11
5.791203976377953
21
-4.5710453543307086
0
LINE
8
BLACK
6
CONTINUOUS
10
5.791203976377953
20
-4.5710453543307086
11
5.7872329921259844
21
-4.5721093700787403
0
LINE
8
BLACK
6
CONTINUOUS
10
5.7872329921259844
20
-4.5721093700787403
11
5.783121968503937
21
-4.5721093700787403
0
LINE
8
BLACK
6
CONTINUOUS
10
5.783121968503937
20
-4.5721093700787403
11
5.7812115748031498
21
-4.5715974803149608
0
LINE
8
BLACK
6
CONTINUOUS
10
5.7812115748031498
20
-4.5715974803149608
11
5.7757452362204722
21
-4.5770638188976376
0
LINE
8
BLACK
6
CONTINUOUS
10
5.7757452362204722
20
-4.5770638188976376
11
5.7745520472440948
21
-4.5780430708661415
0
LINE
8
BLACK
6
CONTINUOUS
10
5.7745520472440948
20
-4.5780430708661415
11
5.771713622047244
21
-4.579218779527559
0
LINE
8
BLACK
6
CONTINUOUS
10
5.771713622047244
20
-4.579218779527559
11
5.7701774803149606
21
-4.5793700787401574
0
LINE
8
BLACK
6
CONTINUOUS
10
5.7701774803149606
20
-4.5793700787401574
11
5.6569105511811024
21
-4.5793700787401574
0
LINE
8
BLACK
6
CONTINUOUS
10
5.6569105511811024
20
-4.5793700787401574
11
5.655374409448819
21
-4.579218779527559
0
LINE
8
BLACK
6
CONTINUOUS
10
5.655374409448819
20
-4.579218779527559
11
5.6525359842519682
21
-4.5780430708661415
0
LINE
8
BLACK
6
CONTINUOUS
10
5.6525359842519682
20
-4.5780430708661415
11
5.6513427952755908
21
-4.5770638188976376
0
LINE
8
BLACK
6
CONTINUOUS
10
5.6513427952755908
20
-4.5770638188976376
11
5.6482947244094488
21
-4.5740157480314956
0
LINE
8
BLACK
6
CONTINUOUS
10
5.6482947244094488
20
-4.5740157480314956
11
5.3432915748031498
21
-4.5740157480314956
0
LINE
8
BLACK
6
CONTINUOUS
10
5.3432915748031498
20
-4.5740157480314956
11
5.3337726377952759
21
-4.5835346456692916
0
LINE
8
BLACK
6
CONTINUOUS
10
5.3337726377952759
20
-4.5835346456692916
11
5.3325794488188976
21
-4.5845138976377955
0
LINE
8
BLACK
6
CONTINUOUS
10
5.3325794488188976
20
-4.5845138976377955
11
5.3297410236220468
21
-4.5856896062992121
0
LINE
8
BLACK
6
CONTINUOUS
10
5.3297410236220468
20
-4.5856896062992121
11
5.3282048818897634
21
-4.5858409055118106
0
LINE
8
BLACK
6
CONTINUOUS
10
5.3282048818897634
20
-4.5858409055118106
11
5.2027734645669286
21
-4.5858409055118106
0
LINE
8
BLACK
6
CONTINUOUS
10
5.2027734645669286
20
-4.5858409055118106
11
5.1998499999999996
21
-4.5887643307086616
0
LINE
8
BLACK
6
CONTINUOUS
10
5.1998499999999996
20
-4.5887643307086616
11
5.1986568110236222
21
-4.5897435826771655
0
LINE
8
BLACK
6
CONTINUOUS
10
5.1986568110236222
20
-4.5897435826771655
11
5.1958183858267715
21
-4.590919291338583
0
LINE
8
BLACK
6
CONTINUOUS
10
5.1958183858267715
20
-4.590919291338583
11
5.194282244094488
21
-4.5910705905511806
0
LINE
8
BLACK
6
CONTINUOUS
10
5.194282244094488
20
-4.5910705905511806
11
5.1681900393700788
21
-4.5910705905511806
0
LINE
8
BLACK
6
CONTINUOUS
10
5.1681900393700788
20
-4.5910705905511806
11
5.1666538976377954
21
-4.590919291338583
0
LINE
8
BLACK
6
CONTINUOUS
10
5.1666538976377954
20
-4.590919291338583
11
5.1638154724409446
21
-4.5897435826771655
0
LINE
8
BLACK
6
CONTINUOUS
10
5.1638154724409446
20
-4.5897435826771655
11
5.1626222834645672
21
-4.5887643700787404
0
LINE
8
BLACK
6
CONTINUOUS
10
5.1626222834645672
20
-4.5887643700787404
11
5.1596988582677161
21
-4.5858409055118106
0
LINE
8
BLACK
6
CONTINUOUS
10
5.1596988582677161
20
-4.5858409055118106
11
5.0804078346456691
21
-4.5858409055118106
0
LINE
8
BLACK
6
CONTINUOUS
10
5.0804078346456691
20
-4.5858409055118106
11
5.0788716929133857
21
-4.5856896062992121
0
LINE
8
BLACK
6
CONTINUOUS
10
5.0788716929133857
20
-4.5856896062992121
11
5.076033267716535
21
-4.5845138976377955
0
LINE
8
BLACK
6
CONTINUOUS
10
5.076033267716535
20
-4.5845138976377955
11
5.0748400393700788
21
-4.5835346456692916
0
LINE
8
BLACK
6
CONTINUOUS
10
5.0748400393700788
20
-4.5835346456692916
11
5.0705574015748027
21
-4.5792519685039368
0
LINE
8
BLACK
6
CONTINUOUS
10
5.0705574015748027
20
-4.5792519685039368
11
5.0326283464566925
21
-4.5792519685039368
0
LINE
8
BLACK
6
CONTINUOUS
10
5.0326283464566925
20
-4.5792519685039368
11
4.9995925196850388
21
-4.6122877952755905
0
LINE
8
BLACK
6
CONTINUOUS
10
4.9995925196850388
20
-4.6122877952755905
11
4.9995925196850388
21
-4.6483319685039373
0
LINE
8
BLACK
6
CONTINUOUS
10
4.9995925196850388
20
-4.6483319685039373
11
4.9994412204724412
21
-4.6498681102362207
0
LINE
8
BLACK
6
CONTINUOUS
10
4.9994412204724412
20
-4.6498681102362207
11
4.9982655118110237
21
-4.6527065354330706
0
LINE
8
BLACK
6
CONTINUOUS
10
4.9982655118110237
20
-4.6527065354330706
11
4.9972862992125986
21
-4.6538997244094489
0
LINE
8
BLACK
6
CONTINUOUS
10
4.9972862992125986
20
-4.6538997244094489
11
4.9456182283464569
21
-4.7055677559055118
0
LINE
8
BLACK
6
CONTINUOUS
10
4.9456182283464569
20
-4.7055677559055118
11
4.9444250393700786
21
-4.7065470078740157
0
LINE
8
BLACK
6
CONTINUOUS
10
4.9444250393700786
20
-4.7065470078740157
11
4.9415866141732279
21
-4.7077227165354332
0
LINE
8
BLACK
6
CONTINUOUS
10
4.9415866141732279
20
-4.7077227165354332
11
4.9400504724409444
21
-4.7078740157480317
0
LINE
8
BLACK
6
CONTINUOUS
10
4.9400504724409444
20
-4.7078740157480317
11
4.6600000000000001
21
-4.7078740157480317
0
LINE
8
BLACK
6
CONTINUOUS
10
4.6600000000000001
20
-4.7078740157480317
11
4.6584638582677167
21
-4.7077227165354332
0
LINE
8
BLACK
6
CONTINUOUS
10
4.6584638582677167
20
-4.7077227165354332
11
4.655625433070866
21
-4.7065470078740157
0
LINE
8
BLACK
6
CONTINUOUS
10
4.655625433070866
20
-4.7065470078740157
11
4.6544322047244098
21
-4.7055677559055118
0
LINE
8
BLACK
6
CONTINUOUS
10
4.6544322047244098
20
-4.7055677559055118
11
4.6368987401574806
21
-4.6880342519685039
0
LINE
8
BLACK
6
CONTINUOUS
10
4.6368987401574806
20
-4.6880342519685039
11
4.6359194881889767
21
-4.6868410629921256
0
LINE
8
BLACK
6
CONTINUOUS
10
4.6359194881889767
20
-4.6868410629921256
11
4.6347437795275592
21
-4.6840026377952757
0
LINE
8
BLACK
6
CONTINUOUS
10
4.6347437795275592
20
-4.6840026377952757
11
4.6345924803149607
21
-4.6824664960629923
0
LINE
8
BLACK
6
CONTINUOUS
10
4.6345924803149607
20
-4.6824664960629923
11
4.6345924803149607
21
-4.6603207086614171
0
LINE
8
BLACK
6
CONTINUOUS
10
4.6345924803149607
20
-4.6603207086614171
11
4.6327522440944877
21
-4.65995468503937
0
LINE
8
BLACK
6
CONTINUOUS
10
4.6327522440944877
20
-4.65995468503937
11
4.6266914173228342
21
-4.657444212598425
0
LINE
8
BLACK
6
CONTINUOUS
10
4.6266914173228342
20
-4.657444212598425
11
4.6212368110236222
21
-4.6537995669291341
0
LINE
8
BLACK
6
CONTINUOUS
10
4.6212368110236222
20
-4.6537995669291341
11
4.6165980314960633
21
-4.6491607874015743
0
LINE
8
BLACK
6
CONTINUOUS
10
4.6165980314960633
20
-4.6491607874015743
11
4.6129533858267715
21
-4.6437061811023623
0
LINE
8
BLACK
6
CONTINUOUS
10
4.6129533858267715
20
-4.6437061811023623
11
4.6104429133858265
21
-4.6376453543307088
0
LINE
8
BLACK
6
CONTINUOUS
10
4.6104429133858265
20
-4.6376453543307088
11
4.609163070866142
21
-4.6312112204724407
0
LINE
8
BLACK
6
CONTINUOUS
10
4.609163070866142
20
-4.6312112204724407
11
4.609163070866142
21
-4.6246509842519687
0
LINE
8
BLACK
6
CONTINUOUS
10
4.609163070866142
20
-4.6246509842519687
11
4.6104429133858265
21
-4.6182168503937007
0
LINE
8
BLACK
6
CONTINUOUS
10
4.6104429133858265
20
-4.6182168503937007
11
4.6129533858267715
21
-4.6121560236220471
0
LINE
8
BLACK
6
CONTINUOUS
10
4.6129533858267715
20
-4.6121560236220471
11
4.6165980314960633
21
-4.6067014173228342
0
LINE
8
BLACK
6
CONTINUOUS
10
4.6165980314960633
20
-4.6067014173228342
11
4.6212368110236222
21
-4.6020626377952754
0
LINE
8
BLACK
6
CONTINUOUS
10
4.6212368110236222
20
-4.6020626377952754
11
4.6266914173228342
21
-4.5984179921259845
0
LINE
8
BLACK
6
CONTINUOUS
10
4.6266914173228342
20
-4.5984179921259845
11
4.6327522440944877
21
-4.5959075196850394
0
LINE
8
BLACK
6
CONTINUOUS
10
4.6327522440944877
20
-4.5959075196850394
11
4.6391863779527558
21
-4.594627677165354
0
LINE
8
BLACK
6
CONTINUOUS
10
4.6391863779527558
20
-4.594627677165354
11
4.6457466141732287
21
-4.594627677165354
0
LINE
8
BLACK
6
CONTINUOUS
10
4.6457466141732287
20
-4.594627677165354
11
4.6521807480314958
21
-4.5959075196850394
0
LINE
8
BLACK
6
CONTINUOUS
10
4.6521807480314958
20
-4.5959075196850394
11
4.6582415748031494
21
-4.5984179921259845
0
LINE
8
BLACK
6
CONTINUOUS
10
4.6582415748031494
20
-4.5984179921259845
11
4.6636961811023623
21
-4.6020626377952754
0
LINE
8
BLACK
6
CONTINUOUS
10
4.6636961811023623
20
-4.6020626377952754
11
4.6683349606299211
21
-4.6067014173228342
0
LINE
8
BLACK
6
CONTINUOUS
10
4.6683349606299211
20
-4.6067014173228342
11
4.6719796062992121
21
-4.6121560236220471
0
LINE
8
BLACK
6
CONTINUOUS
10
4.6719796062992121
20
-4.6121560236220471
11
4.6744900787401571
21
-4.6182168503937007
0
LINE
8
BLACK
6
CONTINUOUS
10
4.6744900787401571
20
-4.6182168503937007
11
4.6757699212598425
21
-4.6246509842519687
0
LINE
8
BLACK
6
CONTINUOUS
10
4.6757699212598425
20
-4.6246509842519687
11
4.6757699212598425
21
-4.6312112204724407
0
LINE
8
BLACK
6
CONTINUOUS
10
4.6757699212598425
20
-4.6312112204724407
11
4.6744900787401571
21
-4.6376453543307088
0
LINE
8
BLACK
6
CONTINUOUS
10
4.6744900787401571
20
-4.6376453543307088
11
4.6719796062992121
21
-4.6437061811023623
0
LINE
8
BLACK
6
CONTINUOUS
10
4.6719796062992121
20
-4.6437061811023623
11
4.6683349606299211
21
-4.6491607874015743
0
LINE
8
BLACK
6
CONTINUOUS
10
4.6683349606299211
20
-4.6491607874015743
11
4.6636961811023623
21
-4.6537995669291341
0
LINE
8
BLACK
6
CONTINUOUS
10
4.6636961811023623
20
-4.6537995669291341
11
4.6582415748031494
21
-4.657444212598425
0
LINE
8
BLACK
6
CONTINUOUS
10
4.6582415748031494
20
-4.657444212598425
11
4.6521807480314958
21
-4.65995468503937
0
LINE
8
BLACK
6
CONTINUOUS
10
4.6521807480314958
20
-4.65995468503937
11
4.6503405118110237
21
-4.6603207086614171
0
LINE
8
BLACK
6
CONTINUOUS
10
4.6503405118110237
20
-4.6603207086614171
11
4.6503405118110237
21
-4.6792049606299209
0
LINE
8
BLACK
6
CONTINUOUS
10
4.6503405118110237
20
-4.6792049606299209
11
4.6632615354330706
21
-4.6921259842519687
0
LINE
8
BLACK
6
CONTINUOUS
10
4.6632615354330706
20
-4.6921259842519687
11
4.9367889763779527
21
-4.6921259842519687
0
LINE
8
BLACK
6
CONTINUOUS
10
4.9367889763779527
20
-4.6921259842519687
11
4.9838444881889759
21
-4.6450704330708659
0
LINE
8
BLACK
6
CONTINUOUS
10
4.9838444881889759
20
-4.6450704330708659
11
4.9838444881889759
21
-4.6090262992125979
0
LINE
8
BLACK
6
CONTINUOUS
10
4.9838444881889759
20
-4.6090262992125979
11
4.9839957874015743
21
-4.6074901574803144
0
LINE
8
BLACK
6
CONTINUOUS
10
4.9839957874015743
20
-4.6074901574803144
11
4.9851714960629918
21
-4.6046517322834646
0
LINE
8
BLACK
6
CONTINUOUS
10
4.9851714960629918
20
-4.6046517322834646
11
4.9861507480314957
21
-4.6034585433070863
0
LINE
8
BLACK
6
CONTINUOUS
10
4.9861507480314957
20
-4.6034585433070863
11
5.0237990944881892
21
-4.5658101968503937
0
LINE
8
BLACK
6
CONTINUOUS
10
5.0237990944881892
20
-4.5658101968503937
11
5.0249922834645666
21
-4.5648309448818898
0
LINE
8
BLACK
6
CONTINUOUS
10
5.0249922834645666
20
-4.5648309448818898
11
5.0278307086614173
21
-4.5636552362204723
0
LINE
8
BLACK
6
CONTINUOUS
10
5.0278307086614173
20
-4.5636552362204723
11
5.0293668503937008
21
-4.5635039370078738
0
LINE
8
BLACK
6
CONTINUOUS
10
5.0293668503937008
20
-4.5635039370078738
11
5.0659448818897639
21
-4.5635039370078738
0
LINE
8
BLACK
6
CONTINUOUS
10
5.0659448818897639
20
-4.5635039370078738
11
5.0659448818897639
21
-4.4559076377952751
0
LINE
8
BLACK
6
CONTINUOUS
10
5.0659448818897639
20
-4.4559076377952751
11
5.0656534251968504
21
-4.4558496850393698
0
LINE
8
BLACK
6
CONTINUOUS
10
5.0656534251968504
20
-4.4558496850393698
11
5.0637375590551184
21
-4.4545695275590553
0
LINE
8
BLACK
6
CONTINUOUS
10
5.0637375590551184
20
-4.4545695275590553
11
5.062457401574803
21
-4.4526536614173224
0
LINE
8
BLACK
6
CONTINUOUS
10
5.062457401574803
20
-4.4526536614173224
11
5.0620078740157481
21
-4.4503937007874015
0
LINE
8
BLACK
6
CONTINUOUS
10
5.0620078740157481
20
-4.4503937007874015
11
5.0620078740157481
21
-4.3952755905511811
0
LINE
8
BLACK
6
CONTINUOUS
10
5.0620078740157481
20
-4.3952755905511811
11
5.062457401574803
21
-4.3930156299212602
0
LINE
8
BLACK
6
CONTINUOUS
10
5.062457401574803
20
-4.3930156299212602
11
5.0637375590551184
21
-4.3910997637795273
0
LINE
8
BLACK
6
CONTINUOUS
10
5.0637375590551184
20
-4.3910997637795273
11
5.0656534251968504
21
-4.3898196062992128
0
LINE
8
BLACK
6
CONTINUOUS
10
5.0656534251968504
20
-4.3898196062992128
11
5.0679133858267713
21
-4.3893700787401571
0
LINE
8
BLACK
6
CONTINUOUS
10
5.0679133858267713
20
-4.3893700787401571
11
5.0797244094488185
21
-4.3893700787401571
0
LINE
8
BLACK
6
CONTINUOUS
10
5.0797244094488185
20
-4.3893700787401571
11
5.0819843700787404
21
-4.3898196062992128
0
LINE
8
BLACK
6
CONTINUOUS
10
5.6134645669291334
20
-4.6961023622047247
11
5.5465354330708658
21
-4.6961023622047247
0
LINE
8
BLACK
6
CONTINUOUS
10
5.5465354330708658
20
-4.6961023622047247
11
5.5465354330708658
21
-4.6291732283464562
0
LINE
8
BLACK
6
CONTINUOUS
10
5.5465354330708658
20
-4.6291732283464562
11
5.6134645669291334
21
-4.6291732283464562
0
LINE
8
BLACK
6
CONTINUOUS
10
5.6134645669291334
20
-4.6291732283464562
11
5.6134645669291334
21
-4.6961023622047247
0
LINE
8
BLACK
6
CONTINUOUS
10
5.3897142913385823
20
-4.6306142125984247
11
5.3957751181102358
21
-4.6331246850393697
0
LINE
8
BLACK
6
CONTINUOUS
10
5.3957751181102358
20
-4.6331246850393697
11
5.4012297244094487
21
-4.6367693307086615
0
LINE
8
BLACK
6
CONTINUOUS
10
5.4012297244094487
20
-4.6367693307086615
11
5.4058685039370076
21
-4.6414081102362204
0
LINE
8
BLACK
6
CONTINUOUS
10
5.4058685039370076
20
-4.6414081102362204
11
5.4095131496062994
21
-4.6468627165354333
0
LINE
8
BLACK
6
CONTINUOUS
10
5.4095131496062994
20
-4.6468627165354333
11
5.4120236220472444
21
-4.6529235433070868
0
LINE
8
BLACK
6
CONTINUOUS
10
5.4120236220472444
20
-4.6529235433070868
11
5.4133034645669289
21
-4.659357677165354
0
LINE
8
BLACK
6
CONTINUOUS
10
5.4133034645669289
20
-4.659357677165354
11
5.4133034645669289
21
-4.6659179133858268
0
LINE
8
BLACK
6
CONTINUOUS
10
5.4133034645669289
20
-4.6659179133858268
11
5.4120236220472444
21
-4.672352047244094
0
LINE
8
BLACK
6
CONTINUOUS
10
5.4120236220472444
20
-4.672352047244094
11
5.4095131496062994
21
-4.6784128740157476
0
LINE
8
BLACK
6
CONTINUOUS
10
5.4095131496062994
20
-4.6784128740157476
11
5.4058685039370076
21
-4.6838674803149605
0
LINE
8
BLACK
6
CONTINUOUS
10
5.4058685039370076
20
-4.6838674803149605
11
5.4012297244094487
21
-4.6885062598425193
0
LINE
8
BLACK
6
CONTINUOUS
10
5.4012297244094487
20
-4.6885062598425193
11
5.3957751181102358
21
-4.6921509055118111
0
LINE
8
BLACK
6
CONTINUOUS
10
5.3957751181102358
20
-4.6921509055118111
11
5.3897142913385823
21
-4.6946613779527562
0
LINE
8
BLACK
6
CONTINUOUS
10
5.3897142913385823
20
-4.6946613779527562
11
5.3832801574803151
21
-4.6959412204724407
0
LINE
8
BLACK
6
CONTINUOUS
10
5.3832801574803151
20
-4.6959412204724407
11
5.3767199212598422
21
-4.6959412204724407
0
LINE
8
BLACK
6
CONTINUOUS
10
5.3767199212598422
20
-4.6959412204724407
11
5.370285787401575
21
-4.6946613779527562
0
LINE
8
BLACK
6
CONTINUOUS
10
5.370285787401575
20
-4.6946613779527562
11
5.3642249606299215
21
-4.6921509055118111
0
LINE
8
BLACK
6
CONTINUOUS
10
5.3642249606299215
20
-4.6921509055118111
11
5.3587703543307086
21
-4.6885062598425193
0
LINE
8
BLACK
6
CONTINUOUS
10
5.3587703543307086
20
-4.6885062598425193
11
5.3541315748031497
21
-4.6838674803149605
0
LINE
8
BLACK
6
CONTINUOUS
10
5.3541315748031497
20
-4.6838674803149605
11
5.3504869291338579
21
-4.6784128740157476
0
LINE
8
BLACK
6
CONTINUOUS
10
5.3504869291338579
20
-4.6784128740157476
11
5.3479764566929129
21
-4.672352047244094
0
LINE
8
BLACK
6
CONTINUOUS
10
5.3479764566929129
20
-4.672352047244094
11
5.3466966141732284
21
-4.6659179133858268
0
LINE
8
BLACK
6
CONTINUOUS
10
5.3466966141732284
20
-4.6659179133858268
11
5.3466966141732284
21
-4.659357677165354
0
LINE
8
BLACK
6
CONTINUOUS
10
5.3466966141732284
20
-4.659357677165354
11
5.3479764566929129
21
-4.6529235433070868
0
LINE
8
BLACK
6
CONTINUOUS
10
5.3479764566929129
20
-4.6529235433070868
11
5.3504869291338579
21
-4.6468627165354333
0
LINE
8
BLACK
6
CONTINUOUS
10
5.3504869291338579
20
-4.6468627165354333
11
5.3541315748031497
21
-4.6414081102362204
0
LINE
8
BLACK
6
CONTINUOUS
10
5.3541315748031497
20
-4.6414081102362204
11
5.3587703543307086
21
-4.6367693307086615
0
LINE
8
BLACK
6
CONTINUOUS
10
5.3587703543307086
20
-4.6367693307086615
11
5.3642249606299215
21
-4.6331246850393697
0
LINE
8
BLACK
6
CONTINUOUS
10
5.3642249606299215
20
-4.6331246850393697
11
5.370285787401575
21
-4.6306142125984247
0
LINE
8
BLACK
6
CONTINUOUS
10
5.370285787401575
20
-4.6306142125984247
11
5.3767199212598422
21
-4.6293343700787402
0
LINE
8
BLACK
6
CONTINUOUS
10
5.3767199212598422
20
-4.6293343700787402
11
5.3832801574803151
21
-4.6293343700787402
0
LINE
8
BLACK
6
CONTINUOUS
10
5.3832801574803151
20
-4.6293343700787402
11
5.3897142913385823
21
-4.6306142125984247
0
LINE
8
BLACK
6
CONTINUOUS
10
4.5521807874015749
20
-4.5959075196850394
11
4.5582416141732285
21
-4.5984179921259845
0
LINE
8
BLACK
6
CONTINUOUS
10
4.5582416141732285
20
-4.5984179921259845
11
4.5636962204724405
21
-4.6020626377952754
0
LINE
8
BLACK
6
CONTINUOUS
10
4.5636962204724405
20
-4.6020626377952754
11
4.5683350000000003
21
-4.6067014173228342
0
LINE
8
BLACK
6
CONTINUOUS
10
4.5683350000000003
20
-4.6067014173228342
11
4.5719796456692912
21
-4.6121560236220471
0
LINE
8
BLACK
6
CONTINUOUS
10
4.5719796456692912
20
-4.6121560236220471
11
4.5744901181102362
21
-4.6182168503937007
0
LINE
8
BLACK
6
CONTINUOUS
10
4.5744901181102362
20
-4.6182168503937007
11
4.5757699606299216
21
-4.6246509842519687
0
LINE
8
BLACK
6
CONTINUOUS
10
4.5757699606299216
20
-4.6246509842519687
11
4.5757699606299216
21
-4.6312112204724407
0
LINE
8
BLACK
6
CONTINUOUS
10
4.5757699606299216
20
-4.6312112204724407
11
4.5744901181102362
21
-4.6376453543307088
0
LINE
8
BLACK
6
CONTINUOUS
10
4.5744901181102362
20
-4.6376453543307088
11
4.5719796456692912
21
-4.6437061811023623
0
LINE
8
BLACK
6
CONTINUOUS
10
4.5719796456692912
20
-4.6437061811023623
11
4.5683350000000003
21
-4.6491607874015743
0
LINE
8
BLACK
6
CONTINUOUS
10
4.5683350000000003
20
-4.6491607874015743
11
4.5636962204724405
21
-4.6537995669291341
0
LINE
8
BLACK
6
CONTINUOUS
10
4.5636962204724405
20
-4.6537995669291341
11
4.5582416141732285
21
-4.657444212598425
0
LINE
8
BLACK
6
CONTINUOUS
10
4.5582416141732285
20
-4.657444212598425
11
4.5521807874015749
21
-4.65995468503937
0
LINE
8
BLACK
6
CONTINUOUS
10
4.5521807874015749
20
-4.65995468503937
11
4.5457466535433069
21
-4.6612345275590554
0
LINE
8
BLACK
6
CONTINUOUS
10
4.5457466535433069
20
-4.6612345275590554
11
4.5391864173228349
21
-4.6612345275590554
0
LINE
8
BLACK
6
CONTINUOUS
10
4.5391864173228349
20
-4.6612345275590554
11
4.5327522834645668
21
-4.65995468503937
0
LINE
8
BLACK
6
CONTINUOUS
10
4.5327522834645668
20
-4.65995468503937
11
4.5266914566929133
21
-4.657444212598425
0
LINE
8
BLACK
6
CONTINUOUS
10
4.5266914566929133
20
-4.657444212598425
11
4.5212368503937004
21
-4.6537995669291341
0
LINE
8
BLACK
6
CONTINUOUS
10
4.5212368503937004
20
-4.6537995669291341
11
4.5165980708661415
21
-4.6491607874015743
0
LINE
8
BLACK
6
CONTINUOUS
10
4.5165980708661415
20
-4.6491607874015743
11
4.5129534251968506
21
-4.6437061811023623
0
LINE
8
BLACK
6
CONTINUOUS
10
4.5129534251968506
20
-4.6437061811023623
11
4.5104429527559056
21
-4.6376453543307088
0
LINE
8
BLACK
6
CONTINUOUS
10
4.5104429527559056
20
-4.6376453543307088
11
4.5091631102362202
21
-4.6312112204724407
0
LINE
8
BLACK
6
CONTINUOUS
10
4.5091631102362202
20
-4.6312112204724407
11
4.5091631102362202
21
-4.6246509842519687
0
LINE
8
BLACK
6
CONTINUOUS
10
4.5091631102362202
20
-4.6246509842519687
11
4.5104429527559056
21
-4.6182168503937007
0
LINE
8
BLACK
6
CONTINUOUS
10
4.5104429527559056
20
-4.6182168503937007
11
4.5129534251968506
21
-4.6121560236220471
0
LINE
8
BLACK
6
CONTINUOUS
10
4.5129534251968506
20
-4.6121560236220471
11
4.5165980708661415
21
-4.6067014173228342
0
LINE
8
BLACK
6
CONTINUOUS
10
4.5165980708661415
20
-4.6067014173228342
11
4.5212368503937004
21
-4.6020626377952754
0
LINE
8
BLACK
6
CONTINUOUS
10
4.5212368503937004
20
-4.6020626377952754
11
4.5266914566929133
21
-4.5984179921259845
0
LINE
8
BLACK
6
CONTINUOUS
10
4.5266914566929133
20
-4.5984179921259845
11
4.5327522834645668
21
-4.5959075196850394
0
LINE
8
BLACK
6
CONTINUOUS
10
4.5327522834645668
20
-4.5959075196850394
11
4.5391864173228349
21
-4.594627677165354
0
LINE
8
BLACK
6
CONTINUOUS
10
4.5391864173228349
20
-4.594627677165354
11
4.5457466535433069
21
-4.594627677165354
0
LINE
8
BLACK
6
CONTINUOUS
10
4.5457466535433069
20
-4.594627677165354
11
4.5521807874015749
21
-4.5959075196850394
0
LINE
8
BLACK
6
CONTINUOUS
10
4.7521807874015751
20
-4.5959075196850394
11
4.7582416141732287
21
-4.5984179921259845
0
LINE
8
BLACK
6
CONTINUOUS
10
4.7582416141732287
20
-4.5984179921259845
11
4.7636962204724407
21
-4.6020626377952754
0
LINE
8
BLACK
6
CONTINUOUS
10
4.7636962204724407
20
-4.6020626377952754
11
4.7683349999999995
21
-4.6067014173228342
0
LINE
8
BLACK
6
CONTINUOUS
10
4.7683349999999995
20
-4.6067014173228342
11
4.7719796456692913
21
-4.6121560236220471
0
LINE
8
BLACK
6
CONTINUOUS
10
4.7719796456692913
20
-4.6121560236220471
11
4.7744901181102364
21
-4.6182168503937007
0
LINE
8
BLACK
6
CONTINUOUS
10
4.7744901181102364
20
-4.6182168503937007
11
4.7757699606299209
21
-4.6246509842519687
0
LINE
8
BLACK
6
CONTINUOUS
10
4.7757699606299209
20
-4.6246509842519687
11
4.7757699606299209
21
-4.6312112204724407
0
LINE
8
BLACK
6
CONTINUOUS
10
4.7757699606299209
20
-4.6312112204724407
11
4.7744901181102364
21
-4.6376453543307088
0
LINE
8
BLACK
6
CONTINUOUS
10
4.7744901181102364
20
-4.6376453543307088
11
4.7719796456692913
21
-4.6437061811023623
0
LINE
8
BLACK
6
CONTINUOUS
10
4.7719796456692913
20
-4.6437061811023623
11
4.7683349999999995
21
-4.6491607874015743
0
LINE
8
BLACK
6
CONTINUOUS
10
4.7683349999999995
20
-4.6491607874015743
11
4.7636962204724407
21
-4.6537995669291341
0
LINE
8
BLACK
6
CONTINUOUS
10
4.7636962204724407
20
-4.6537995669291341
11
4.7582416141732287
21
-4.657444212598425
0
LINE
8
BLACK
6
CONTINUOUS
10
4.7582416141732287
20
-4.657444212598425
11
4.7521807874015751
21
-4.65995468503937
0
LINE
8
BLACK
6
CONTINUOUS
10
4.7521807874015751
20
-4.65995468503937
11
4.745746653543307
21
-4.6612345275590554
0
LINE
8
BLACK
6
CONTINUOUS
10
4.745746653543307
20
-4.6612345275590554
11
4.7391864173228342
21
-4.6612345275590554
0
LINE
8
BLACK
6
CONTINUOUS
10
4.7391864173228342
20
-4.6612345275590554
11
4.732752283464567
21
-4.65995468503937
0
LINE
8
BLACK
6
CONTINUOUS
10
4.732752283464567
20
-4.65995468503937
11
4.7266914566929135
21
-4.657444212598425
0
LINE
8
BLACK
6
CONTINUOUS
10
4.7266914566929135
20
-4.657444212598425
11
4.7212368503937006
21
-4.6537995669291341
0
LINE
8
BLACK
6
CONTINUOUS
10
4.7212368503937006
20
-4.6537995669291341
11
4.7165980708661417
21
-4.6491607874015743
0
LINE
8
BLACK
6
CONTINUOUS
10
4.7165980708661417
20
-4.6491607874015743
11
4.7129534251968499
21
-4.6437061811023623
0
LINE
8
BLACK
6
CONTINUOUS
10
4.7129534251968499
20
-4.6437061811023623
11
4.7104429527559057
21
-4.6376453543307088
0
LINE
8
BLACK
6
CONTINUOUS
10
4.7104429527559057
20
-4.6376453543307088
11
4.7091631102362204
21
-4.6312112204724407
0
LINE
8
BLACK
6
CONTINUOUS
10
4.7091631102362204
20
-4.6312112204724407
11
4.7091631102362204
21
-4.6246509842519687
0
LINE
8
BLACK
6
CONTINUOUS
10
4.7091631102362204
20
-4.6246509842519687
11
4.7104429527559057
21
-4.6182168503937007
0
LINE
8
BLACK
6
CONTINUOUS
10
4.7104429527559057
20
-4.6182168503937007
11
4.7129534251968499
21
-4.6121560236220471
0
LINE
8
BLACK
6
CONTINUOUS
10
4.7129534251968499
20
-4.6121560236220471
11
4.7165980708661417
21
-4.6067014173228342
0
LINE
8
BLACK
6
CONTINUOUS
10
4.7165980708661417
20
-4.6067014173228342
11
4.7212368503937006
21
-4.6020626377952754
0
LINE
8
BLACK
6
CONTINUOUS
10
4.7212368503937006
20
-4.6020626377952754
11
4.7266914566929135
21
-4.5984179921259845
0
LINE
8
BLACK
6
CONTINUOUS
10
4.7266914566929135
20
-4.5984179921259845
11
4.732752283464567
21
-4.5959075196850394
0
LINE
8
BLACK
6
CONTINUOUS
10
4.732752283464567
20
-4.5959075196850394
11
4.7391864173228342
21
-4.594627677165354
0
LINE
8
BLACK
6
CONTINUOUS
10
4.7391864173228342
20
-4.594627677165354
11
4.745746653543307
21
-4.594627677165354
0
LINE
8
BLACK
6
CONTINUOUS
10
4.745746653543307
20
-4.594627677165354
11
4.7521807874015751
21
-4.5959075196850394
0
LINE
8
BLACK
6
CONTINUOUS
10
5.0327717716535432
20
-4.3898196062992128
11
5.0346876377952752
21
-4.3910997637795273
0
LINE
8
BLACK
6
CONTINUOUS
10
5.0346876377952752
20
-4.3910997637795273
11
5.0359677952755906
21
-4.3930156299212602
0
LINE
8
BLACK
6
CONTINUOUS
10
5.0359677952755906
20
-4.3930156299212602
11
5.0364173228346454
21
-4.3952755905511811
0
LINE
8
BLACK
6
CONTINUOUS
10
5.0364173228346454
20
-4.3952755905511811
11
5.0364173228346454
21
-4.4503937007874015
0
LINE
8
BLACK
6
CONTINUOUS
10
5.0364173228346454
20
-4.4503937007874015
11
5.0359677952755906
21
-4.4526536614173224
0
LINE
8
BLACK
6
CONTINUOUS
10
5.0359677952755906
20
-4.4526536614173224
11
5.0346876377952752
21
-4.4545695275590553
0
LINE
8
BLACK
6
CONTINUOUS
10
5.0346876377952752
20
-4.4545695275590553
11
5.0327717716535432
21
-4.4558496850393698
0
LINE
8
BLACK
6
CONTINUOUS
10
5.0327717716535432
20
-4.4558496850393698
11
5.0324803149606296
21
-4.4559076377952751
0
LINE
8
BLACK
6
CONTINUOUS
10
5.0324803149606296
20
-4.4559076377952751
11
5.0324803149606296
21
-4.5203937007874018
0
LINE
8
BLACK
6
CONTINUOUS
10
5.0324803149606296
20
-4.5203937007874018
11
5.0323290157480312
21
-4.5219298425196852
0
LINE
8
BLACK
6
CONTINUOUS
10
5.0323290157480312
20
-4.5219298425196852
11
5.0311533070866137
21
-4.5247682677165351
0
LINE
8
BLACK
6
CONTINUOUS
10
5.0311533070866137
20
-4.5247682677165351
11
5.0301740551181098
21
-4.5259614960629921
0
LINE
8
BLACK
6
CONTINUOUS
10
5.0301740551181098
20
-4.5259614960629921
11
5.0155677559055114
21
-4.5405677559055118
0
LINE
8
BLACK
6
CONTINUOUS
10
5.0155677559055114
20
-4.5405677559055118
11
5.014374566929134
21
-4.5415470078740157
0
LINE
8
BLACK
6
CONTINUOUS
10
5.014374566929134
20
-4.5415470078740157
11
5.0115361417322832
21
-4.5427227165354331
0
LINE
8
BLACK
6
CONTINUOUS
10
5.0115361417322832
20
-4.5427227165354331
11
5.0099999999999998
21
-4.5428740157480316
0
LINE
8
BLACK
6
CONTINUOUS
10
5.0099999999999998
20
-4.5428740157480316
11
4.9382614960629923
21
-4.5428740157480316
0
LINE
8
BLACK
6
CONTINUOUS
10
4.9382614960629923
20
-4.5428740157480316
11
4.8878566535433068
21
-4.5932788188976374
0
LINE
8
BLACK
6
CONTINUOUS
10
4.8878566535433068
20
-4.5932788188976374
11
4.8877267716535435
21
-4.5935924409448816
0
LINE
8
BLACK
6
CONTINUOUS
10
4.8877267716535435
20
-4.5935924409448816
11
4.8867475196850396
21
-4.5947856299212599
0
LINE
8
BLACK
6
CONTINUOUS
10
4.8867475196850396
20
-4.5947856299212599
11
4.8709372047244095
21
-4.6105959055118113
0
LINE
8
BLACK
6
CONTINUOUS
10
4.8709372047244095
20
-4.6105959055118113
11
4.871979645669291
21
-4.6121560236220471
0
LINE
8
BLACK
6
CONTINUOUS
10
4.871979645669291
20
-4.6121560236220471
11
4.874490118110236
21
-4.6182168503937007
0
LINE
8
BLACK
6
CONTINUOUS
10
4.874490118110236
20
-4.6182168503937007
11
4.8757699606299214
21
-4.6246509842519687
0
LINE
8
BLACK
6
CONTINUOUS
10
4.8757699606299214
20
-4.6246509842519687
11
4.8757699606299214
21
-4.6312112204724407
0
LINE
8
BLACK
6
CONTINUOUS
10
4.8757699606299214
20
-4.6312112204724407
11
4.874490118110236
21
-4.6376453543307088
0
LINE
8
BLACK
6
CONTINUOUS
10
4.874490118110236
20
-4.6376453543307088
11
4.871979645669291
21
-4.6437061811023623
0
LINE
8
BLACK
6
CONTINUOUS
10
4.871979645669291
20
-4.6437061811023623
11
4.8683350000000001
21
-4.6491607874015743
0
LINE
8
BLACK
6
CONTINUOUS
10
4.8683350000000001
20
-4.6491607874015743
11
4.8636962204724412
21
-4.6537995669291341
0
LINE
8
BLACK
6
CONTINUOUS
10
4.8636962204724412
20
-4.6537995669291341
11
4.8582416141732283
21
-4.657444212598425
0
LINE
8
BLACK
6
CONTINUOUS
10
4.8582416141732283
20
-4.657444212598425
11
4.8521807874015748
21
-4.65995468503937
0
LINE
8
BLACK
6
CONTINUOUS
10
4.8521807874015748
20
-4.65995468503937
11
4.8457466535433067
21
-4.6612345275590554
0
LINE
8
BLACK
6
CONTINUOUS
10
4.8457466535433067
20
-4.6612345275590554
11
4.8391864173228347
21
-4.6612345275590554
0
LINE
8
BLACK
6
CONTINUOUS
10
4.8391864173228347
20
-4.6612345275590554
11
4.8327522834645666
21
-4.65995468503937
0
LINE
8
BLACK
6
CONTINUOUS
10
4.8327522834645666
20
-4.65995468503937
11
4.8266914566929131
21
-4.657444212598425
0
LINE
8
BLACK
6
CONTINUOUS
10
4.8266914566929131
20
-4.657444212598425
11
4.8212368503937011
21
-4.6537995669291341
0
LINE
8
BLACK
6
CONTINUOUS
10
4.8212368503937011
20
-4.6537995669291341
11
4.8165980708661413
21
-4.6491607874015743
0
LINE
8
BLACK
6
CONTINUOUS
10
4.8165980708661413
20
-4.6491607874015743
11
4.8129534251968504
21
-4.6437061811023623
0
LINE
8
BLACK
6
CONTINUOUS
10
4.8129534251968504
20
-4.6437061811023623
11
4.8104429527559054
21
-4.6376453543307088
0
LINE
8
BLACK
6
CONTINUOUS
10
4.8104429527559054
20
-4.6376453543307088
11
4.80916311023622
21
-4.6312112204724407
0
LINE
8
BLACK
6
CONTINUOUS
10
4.80916311023622
20
-4.6312112204724407
11
4.80916311023622
21
-4.6246509842519687
0
LINE
8
BLACK
6
CONTINUOUS
10
4.80916311023622
20
-4.6246509842519687
11
4.8104429527559054
21
-4.6182168503937007
0
LINE
8
BLACK
6
CONTINUOUS
10
4.8104429527559054
20
-4.6182168503937007
11
4.8129534251968504
21
-4.6121560236220471
0
LINE
8
BLACK
6
CONTINUOUS
10
4.8129534251968504
20
-4.6121560236220471
11
4.8165980708661413
21
-4.6067014173228342
0
LINE
8
BLACK
6
CONTINUOUS
10
4.8165980708661413
20
-4.6067014173228342
11
4.8212368503937011
21
-4.6020626377952754
0
LINE
8
BLACK
6
CONTINUOUS
10
4.8212368503937011
20
-4.6020626377952754
11
4.8266914566929131
21
-4.5984179921259845
0
LINE
8
BLACK
6
CONTINUOUS
10
4.8266914566929131
20
-4.5984179921259845
11
4.8327522834645666
21
-4.5959075196850394
0
LINE
8
BLACK
6
CONTINUOUS
10
4.8327522834645666
20
-4.5959075196850394
11
4.8391864173228347
21
-4.594627677165354
0
LINE
8
BLACK
6
CONTINUOUS
10
4.8391864173228347
20
-4.594627677165354
11
4.8457466535433067
21
-4.594627677165354
0
LINE
8
BLACK
6
CONTINUOUS
10
4.8457466535433067
20
-4.594627677165354
11
4.8521807874015748
21
-4.5959075196850394
0
LINE
8
BLACK
6
CONTINUOUS
10
4.8521807874015748
20
-4.5959075196850394
11
4.8582416141732283
21
-4.5984179921259845
0
LINE
8
BLACK
6
CONTINUOUS
10
4.8582416141732283
20
-4.5984179921259845
11
4.8598016929133854
21
-4.5994603937007872
0
LINE
8
BLACK
6
CONTINUOUS
10
4.8598016929133854
20
-4.5994603937007872
11
4.8745028346456696
21
-4.5847592519685039
0
LINE
8
BLACK
6
CONTINUOUS
10
4.8745028346456696
20
-4.5847592519685039
11
4.8746327559055116
21
-4.5844456692913385
0
LINE
8
BLACK
6
CONTINUOUS
10
4.8746327559055116
20
-4.5844456692913385
11
4.8756120078740155
21
-4.5832524803149601
0
LINE
8
BLACK
6
CONTINUOUS
10
4.8756120078740155
20
-4.5832524803149601
11
4.929432244094488
21
-4.5294322440944885
0
LINE
8
BLACK
6
CONTINUOUS
10
4.929432244094488
20
-4.5294322440944885
11
4.9306254330708663
21
-4.5284529921259837
0
LINE
8
BLACK
6
CONTINUOUS
10
4.9306254330708663
20
-4.5284529921259837
11
4.9334638582677162
21
-4.5272772834645671
0
LINE
8
BLACK
6
CONTINUOUS
10
4.9334638582677162
20
-4.5272772834645671
11
4.9349999999999996
21
-4.5271259842519687
0
LINE
8
BLACK
6
CONTINUOUS
10
4.9349999999999996
20
-4.5271259842519687
11
5.006738503937008
21
-4.5271259842519687
0
LINE
8
BLACK
6
CONTINUOUS
10
5.006738503937008
20
-4.5271259842519687
11
5.0167322834645667
21
-4.5171321653543304
0
LINE
8
BLACK
6
CONTINUOUS
10
5.0167322834645667
20
-4.5171321653543304
11
5.0167322834645667
21
-4.4559076377952751
0
LINE
8
BLACK
6
CONTINUOUS
10
5.0167322834645667
20
-4.4559076377952751
11
5.0164408267716531
21
-4.4558496850393698
0
LINE
8
BLACK
6
CONTINUOUS
10
5.0164408267716531
20
-4.4558496850393698
11
5.0145249606299211
21
-4.4545695275590553
0
LINE
8
BLACK
6
CONTINUOUS
10
5.0145249606299211
20
-4.4545695275590553
11
5.0132448031496057
21
-4.4526536614173224
0
LINE
8
BLACK
6
CONTINUOUS
10
5.0132448031496057
20
-4.4526536614173224
11
5.0127952755905509
21
-4.4503937007874015
0
LINE
8
BLACK
6
CONTINUOUS
10
5.0127952755905509
20
-4.4503937007874015
11
5.0127952755905509
21
-4.3952755905511811
0
LINE
8
BLACK
6
CONTINUOUS
10
5.0127952755905509
20
-4.3952755905511811
11
5.0132448031496057
21
-4.3930156299212602
0
LINE
8
BLACK
6
CONTINUOUS
10
5.0132448031496057
20
-4.3930156299212602
11
5.0145249606299211
21
-4.3910997637795273
0
LINE
8
BLACK
6
CONTINUOUS
10
5.0145249606299211
20
-4.3910997637795273
11
5.0164408267716531
21
-4.3898196062992128
0
LINE
8
BLACK
6
CONTINUOUS
10
5.0164408267716531
20
-4.3898196062992128
11
5.018700787401575
21
-4.3893700787401571
0
LINE
8
BLACK
6
CONTINUOUS
10
5.018700787401575
20
-4.3893700787401571
11
5.0305118110236222
21
-4.3893700787401571
0
LINE
8
BLACK
6
CONTINUOUS
10
5.0305118110236222
20
-4.3893700787401571
11
5.0327717716535432
21
-4.3898196062992128
0
LINE
8
BLACK
6
CONTINUOUS
10
4.9521807874015744
20
-4.5959075196850394
11
4.958241614173228
21
-4.5984179921259845
0
LINE
8
BLACK
6
CONTINUOUS
10
4.958241614173228
20
-4.5984179921259845
11
4.9636962204724409
21
-4.6020626377952754
0
LINE
8
BLACK
6
CONTINUOUS
10
4.9636962204724409
20
-4.6020626377952754
11
4.9683349999999997
21
-4.6067014173228342
0
LINE
8
BLACK
6
CONTINUOUS
10
4.9683349999999997
20
-4.6067014173228342
11
4.9719796456692915
21
-4.6121560236220471
0
LINE
8
BLACK
6
CONTINUOUS
10
4.9719796456692915
20
-4.6121560236220471
11
4.9744901181102357
21
-4.6182168503937007
0
LINE
8
BLACK
6
CONTINUOUS
10
4.9744901181102357
20
-4.6182168503937007
11
4.9757699606299211
21
-4.6246509842519687
0
LINE
8
BLACK
6
CONTINUOUS
10
4.9757699606299211
20
-4.6246509842519687
11
4.9757699606299211
21
-4.6312112204724407
0
LINE
8
BLACK
6
CONTINUOUS
10
4.9757699606299211
20
-4.6312112204724407
11
4.9744901181102357
21
-4.6376453543307088
0
LINE
8
BLACK
6
CONTINUOUS
10
4.9744901181102357
20
-4.6376453543307088
11
4.9719796456692915
21
-4.6437061811023623
0
LINE
8
BLACK
6
CONTINUOUS
10
4.9719796456692915
20
-4.6437061811023623
11
4.9683349999999997
21
-4.6491607874015743
0
LINE
8
BLACK
6
CONTINUOUS
10
4.9683349999999997
20
-4.6491607874015743
11
4.9636962204724409
21
-4.6537995669291341
0
LINE
8
BLACK
6
CONTINUOUS
10
4.9636962204724409
20
-4.6537995669291341
11
4.958241614173228
21
-4.657444212598425
0
LINE
8
BLACK
6
CONTINUOUS
10
4.958241614173228
20
-4.657444212598425
11
4.9521807874015744
21
-4.65995468503937
0
LINE
8
BLACK
6
CONTINUOUS
10
4.9521807874015744
20
-4.65995468503937
11
4.9457466535433072
21
-4.6612345275590554
0
LINE
8
BLACK
6
CONTINUOUS
10
4.9457466535433072
20
-4.6612345275590554
11
4.9391864173228344
21
-4.6612345275590554
0
LINE
8
BLACK
6
CONTINUOUS
10
4.9391864173228344
20
-4.6612345275590554
11
4.9327522834645672
21
-4.65995468503937
0
LINE
8
BLACK
6
CONTINUOUS
10
4.9327522834645672
20
-4.65995468503937
11
4.9266914566929136
21
-4.657444212598425
0
LINE
8
BLACK
6
CONTINUOUS
10
4.9266914566929136
20
-4.657444212598425
11
4.9212368503937007
21
-4.6537995669291341
0
LINE
8
BLACK
6
CONTINUOUS
10
4.9212368503937007
20
-4.6537995669291341
11
4.9165980708661419
21
-4.6491607874015743
0
LINE
8
BLACK
6
CONTINUOUS
10
4.9165980708661419
20
-4.6491607874015743
11
4.9129534251968501
21
-4.6437061811023623
0
LINE
8
BLACK
6
CONTINUOUS
10
4.9129534251968501
20
-4.6437061811023623
11
4.910442952755905
21
-4.6376453543307088
0
LINE
8
BLACK
6
CONTINUOUS
10
4.910442952755905
20
-4.6376453543307088
11
4.9091631102362205
21
-4.6312112204724407
0
LINE
8
BLACK
6
CONTINUOUS
10
4.9091631102362205
20
-4.6312112204724407
11
4.9091631102362205
21
-4.6246509842519687
0
LINE
8
BLACK
6
CONTINUOUS
10
4.9091631102362205
20
-4.6246509842519687
11
4.910442952755905
21
-4.6182168503937007
0
LINE
8
BLACK
6
CONTINUOUS
10
4.910442952755905
20
-4.6182168503937007
11
4.9129534251968501
21
-4.6121560236220471
0
LINE
8
BLACK
6
CONTINUOUS
10
4.9129534251968501
20
-4.6121560236220471
11
4.9165980708661419
21
-4.6067014173228342
0
LINE
8
BLACK
6
CONTINUOUS
10
4.9165980708661419
20
-4.6067014173228342
11
4.9212368503937007
21
-4.6020626377952754
0
LINE
8
BLACK
6
CONTINUOUS
10
4.9212368503937007
20
-4.6020626377952754
11
4.9266914566929136
21
-4.5984179921259845
0
LINE
8
BLACK
6
CONTINUOUS
10
4.9266914566929136
20
-4.5984179921259845
11
4.9327522834645672
21
-4.5959075196850394
0
LINE
8
BLACK
6
CONTINUOUS
10
4.9327522834645672
20
-4.5959075196850394
11
4.9391864173228344
21
-4.594627677165354
0
LINE
8
BLACK
6
CONTINUOUS
10
4.9391864173228344
20
-4.594627677165354
11
4.9457466535433072
21
-4.594627677165354
0
LINE
8
BLACK
6
CONTINUOUS
10
4.9457466535433072
20
-4.594627677165354
11
4.9521807874015744
21
-4.5959075196850394
0
LINE
8
BLACK
6
CONTINUOUS
10
5.1521808267716533
20
-4.5959075196850394
11
5.1582416535433069
21
-4.5984179921259845
0
LINE
8
BLACK
6
CONTINUOUS
10
5.1582416535433069
20
-4.5984179921259845
11
5.1636962598425198
21
-4.6020626377952754
0
LINE
8
BLACK
6
CONTINUOUS
10
5.1636962598425198
20
-4.6020626377952754
11
5.1683350393700787
21
-4.6067014173228342
0
LINE
8
BLACK
6
CONTINUOUS
10
5.1683350393700787
20
-4.6067014173228342
11
5.1719796850393696
21
-4.6121560236220471
0
LINE
8
BLACK
6
CONTINUOUS
10
5.1719796850393696
20
-4.6121560236220471
11
5.1744370078740154
21
-4.6180885826771654
0
LINE
8
BLACK
6
CONTINUOUS
10
5.1744370078740154
20
-4.6180885826771654
11
5.1947197637795277
21
-4.6180885826771654
0
LINE
8
BLACK
6
CONTINUOUS
10
5.1947197637795277
20
-4.6180885826771654
11
5.1944007086614175
21
-4.6160741732283466
0
LINE
8
BLACK
6
CONTINUOUS
10
5.1944007086614175
20
-4.6160741732283466
11
5.1947532283464568
21
-4.6133461023622049
0
LINE
8
BLACK
6
CONTINUOUS
10
5.1947532283464568
20
-4.6133461023622049
11
5.196524724409449
21
-4.6112416929133859
0
LINE
8
BLACK
6
CONTINUOUS
10
5.196524724409449
20
-4.6112416929133859
11
5.1982700787401575
21
-4.6105224015748032
0
LINE
8
BLACK
6
CONTINUOUS
10
5.1982700787401575
20
-4.6105224015748032
11
5.1998225984251967
21
-4.6102135433070863
0
LINE
8
BLACK
6
CONTINUOUS
10
5.1998225984251967
20
-4.6102135433070863
11
5.2023266535433068
21
-4.6097154724409446
0
LINE
8
BLACK
6
CONTINUOUS
10
5.2023266535433068
20
-4.6097154724409446
11
5.2073456692913389
21
-4.6076365354330706
0
LINE
8
BLACK
6
CONTINUOUS
10
5.2073456692913389
20
-4.6076365354330706
11
5.2092436614173225
21
-4.6063683070866137
0
LINE
8
BLACK
6
CONTINUOUS
10
5.2092436614173225
20
-4.6063683070866137
11
5.2118687795275589
21
-4.6055464173228344
0
LINE
8
BLACK
6
CONTINUOUS
10
5.2118687795275589
20
-4.6055464173228344
11
5.2119558661417322
21
-4.6055456299212594
0
LINE
8
BLACK
6
CONTINUOUS
10
5.2119558661417322
20
-4.6055456299212594
11
5.2446653543307082
21
-4.6055456299212594
0
LINE
8
BLACK
6
CONTINUOUS
10
5.2446653543307082
20
-4.6055456299212594
11
5.2473046850393699
21
-4.6063206299212593
0
LINE
8
BLACK
6
CONTINUOUS
10
5.2473046850393699
20
-4.6063206299212593
11
5.2491060629921256
21
-4.6083995275590546
0
LINE
8
BLACK
6
CONTINUOUS
10
5.2491060629921256
20
-4.6083995275590546
11
5.2495472440944884
21
-4.6104275196850395
0
LINE
8
BLACK
6
CONTINUOUS
10
5.2495472440944884
20
-4.6104275196850395
11
5.2495472440944884
21
-4.6134919291338585
0
LINE
8
BLACK
6
CONTINUOUS
10
5.2495472440944884
20
-4.6134919291338585
11
5.2509095669291339
21
-4.6203408661417322
0
LINE
8
BLACK
6
CONTINUOUS
10
5.2509095669291339
20
-4.6203408661417322
11
5.2509096850393702
21
-4.620341220472441
0
LINE
8
BLACK
6
CONTINUOUS
10
5.2509096850393702
20
-4.620341220472441
11
5.2535820078740159
21
-4.6267929133858265
0
LINE
8
BLACK
6
CONTINUOUS
10
5.2535820078740159
20
-4.6267929133858265
11
5.2535822834645671
21
-4.6267934251968503
0
LINE
8
BLACK
6
CONTINUOUS
10
5.2535822834645671
20
-4.6267934251968503
11
5.2574620078740155
21
-4.6325997637795275
0
LINE
8
BLACK
6
CONTINUOUS
10
5.2574620078740155
20
-4.6325997637795275
11
5.2574621259842518
21
-4.6325999212598425
0
LINE
8
BLACK
6
CONTINUOUS
10
5.2574621259842518
20
-4.6325999212598425
11
5.2624000393700783
21
-4.637537834645669
0
LINE
8
BLACK
6
CONTINUOUS
10
5.2624000393700783
20
-4.637537834645669
11
5.2624001968503933
21
-4.6375379527559053
0
LINE
8
BLACK
6
CONTINUOUS
10
5.2624001968503933
20
-4.6375379527559053
11
5.2670775590551182
21
-4.6406633070866139
0
LINE
8
BLACK
6
CONTINUOUS
10
5.2670775590551182
20
-4.6406633070866139
11
5.2688415354330704
21
-4.6427740157480315
0
LINE
8
BLACK
6
CONTINUOUS
10
5.2688415354330704
20
-4.6427740157480315
11
5.2691843307086614
21
-4.6455033464566924
0
LINE
8
BLACK
6
CONTINUOUS
10
5.2691843307086614
20
-4.6455033464566924
11
5.2679971259842517
21
-4.6479847637795277
0
LINE
8
BLACK
6
CONTINUOUS
10
5.2679971259842517
20
-4.6479847637795277
11
5.2656568503937002
21
-4.6494303937007873
0
LINE
8
BLACK
6
CONTINUOUS
10
5.2656568503937002
20
-4.6494303937007873
11
5.2643653149606298
21
-4.6496043307086614
0
LINE
8
BLACK
6
CONTINUOUS
10
5.2643653149606298
20
-4.6496043307086614
11
5.1980286614173226
21
-4.6496043307086614
0
LINE
8
BLACK
6
CONTINUOUS
10
5.1980286614173226
20
-4.6496043307086614
11
5.1953893307086609
21
-4.6488293307086614
0
LINE
8
BLACK
6
CONTINUOUS
10
5.1953893307086609
20
-4.6488293307086614
11
5.1935879527559052
21
-4.6467504330708662
0
LINE
8
BLACK
6
CONTINUOUS
10
5.1935879527559052
20
-4.6467504330708662
11
5.1931964566929132
21
-4.6440276771653544
0
LINE
8
BLACK
6
CONTINUOUS
10
5.1931964566929132
20
-4.6440276771653544
11
5.1933857086614168
21
-4.6432138582677167
0
LINE
8
BLACK
6
CONTINUOUS
10
5.1933857086614168
20
-4.6432138582677167
11
5.194307401574803
21
-4.6403771259842514
0
LINE
8
BLACK
6
CONTINUOUS
10
5.194307401574803
20
-4.6403771259842514
11
5.194307401574803
21
-4.6403770078740161
0
LINE
8
BLACK
6
CONTINUOUS
10
5.194307401574803
20
-4.6403770078740161
11
5.1947197637795277
21
-4.6377736220472441
0
LINE
8
BLACK
6
CONTINUOUS
10
5.1947197637795277
20
-4.6377736220472441
11
5.1744370078740154
21
-4.6377736220472441
0
LINE
8
BLACK
6
CONTINUOUS
10
5.1744370078740154
20
-4.6377736220472441
11
5.1719796850393696
21
-4.6437061811023623
0
LINE
8
BLACK
6
CONTINUOUS
10
5.1719796850393696
20
-4.6437061811023623
11
5.1683350393700787
21
-4.6491607874015743
0
LINE
8
BLACK
6
CONTINUOUS
10
5.1683350393700787
20
-4.6491607874015743
11
5.1636962598425198
21
-4.6537995669291341
0
LINE
8
BLACK
6
CONTINUOUS
10
5.1636962598425198
20
-4.6537995669291341
11
5.1582416535433069
21
-4.657444212598425
0
LINE
8
BLACK
6
CONTINUOUS
10
5.1582416535433069
20
-4.657444212598425
11
5.1521808267716533
21
-4.65995468503937
0
LINE
8
BLACK
6
CONTINUOUS
10
5.1521808267716533
20
-4.65995468503937
11
5.1457466929133853
21
-4.6612345275590554
0
LINE
8
BLACK
6
CONTINUOUS
10
5.1457466929133853
20
-4.6612345275590554
11
5.1391864566929133
21
-4.6612345275590554
0
LINE
8
BLACK
6
CONTINUOUS
10
5.1391864566929133
20
-4.6612345275590554
11
5.1327523228346452
21
-4.65995468503937
0
LINE
8
BLACK
6
CONTINUOUS
10
5.1327523228346452
20
-4.65995468503937
11
5.1266914960629917
21
-4.657444212598425
0
LINE
8
BLACK
6
CONTINUOUS
10
5.1266914960629917
20
-4.657444212598425
11
5.1212368897637797
21
-4.6537995669291341
0
LINE
8
BLACK
6
CONTINUOUS
10
5.1212368897637797
20
-4.6537995669291341
11
5.1165981102362208
21
-4.6491607874015743
0
LINE
8
BLACK
6
CONTINUOUS
10
5.1165981102362208
20
-4.6491607874015743
11
5.112953464566929
21
-4.6437061811023623
0
LINE
8
BLACK
6
CONTINUOUS
10
5.112953464566929
20
-4.6437061811023623
11
5.110442992125984
21
-4.6376453543307088
0
LINE
8
BLACK
6
CONTINUOUS
10
5.110442992125984
20
-4.6376453543307088
11
5.1091631496062995
21
-4.6312112204724407
0
LINE
8
BLACK
6
CONTINUOUS
10
5.1091631496062995
20
-4.6312112204724407
11
5.1091631496062995
21
-4.6246509842519687
0
LINE
8
BLACK
6
CONTINUOUS
10
5.1091631496062995
20
-4.6246509842519687
11
5.110442992125984
21
-4.6182168503937007
0
LINE
8
BLACK
6
CONTINUOUS
10
5.110442992125984
20
-4.6182168503937007
11
5.112953464566929
21
-4.6121560236220471
0
LINE
8
BLACK
6
CONTINUOUS
10
5.112953464566929
20
-4.6121560236220471
11
5.1165981102362208
21
-4.6067014173228342
0
LINE
8
BLACK
6
CONTINUOUS
10
5.1165981102362208
20
-4.6067014173228342
11
5.1212368897637797
21
-4.6020626377952754
0
LINE
8
BLACK
6
CONTINUOUS
10
5.1212368897637797
20
-4.6020626377952754
11
5.1266914960629917
21
-4.5984179921259845
0
LINE
8
BLACK
6
CONTINUOUS
10
5.1266914960629917
20
-4.5984179921259845
11
5.1327523228346452
21
-4.5959075196850394
0
LINE
8
BLACK
6
CONTINUOUS
10
5.1327523228346452
20
-4.5959075196850394
11
5.1391864566929133
21
-4.594627677165354
0
LINE
8
BLACK
6
CONTINUOUS
10
5.1391864566929133
20
-4.594627677165354
11
5.1457466929133853
21
-4.594627677165354
0
LINE
8
BLACK
6
CONTINUOUS
10
5.1457466929133853
20
-4.594627677165354
11
5.1521808267716533
21
-4.5959075196850394
0
LINE
8
BLACK
6
CONTINUOUS
10
5.9382835826771654
20
-4.3898196062992128
11
5.9401994488188974
21
-4.3910997637795273
0
LINE
8
BLACK
6
CONTINUOUS
10
5.9401994488188974
20
-4.3910997637795273
11
5.9414796062992128
21
-4.3930156299212602
0
LINE
8
BLACK
6
CONTINUOUS
10
5.9414796062992128
20
-4.3930156299212602
11
5.9419291338582676
21
-4.3952755905511811
0
LINE
8
BLACK
6
CONTINUOUS
10
5.9419291338582676
20
-4.3952755905511811
11
5.9419291338582676
21
-4.4503937007874015
0
LINE
8
BLACK
6
CONTINUOUS
10
5.9419291338582676
20
-4.4503937007874015
11
5.9414796062992128
21
-4.4526536614173224
0
LINE
8
BLACK
6
CONTINUOUS
10
5.9414796062992128
20
-4.4526536614173224
11
5.9401994488188974
21
-4.4545695275590553
0
LINE
8
BLACK
6
CONTINUOUS
10
5.9401994488188974
20
-4.4545695275590553
11
5.9382835826771654
21
-4.4558496850393698
0
LINE
8
BLACK
6
CONTINUOUS
10
5.9382835826771654
20
-4.4558496850393698
11
5.9379921259842519
21
-4.4559076377952751
0
LINE
8
BLACK
6
CONTINUOUS
10
5.9379921259842519
20
-4.4559076377952751
11
5.9379921259842519
21
-4.465339724409449
0
LINE
8
BLACK
6
CONTINUOUS
10
5.9379921259842519
20
-4.465339724409449
11
5.9378408267716534
21
-4.4668758661417325
0
LINE
8
BLACK
6
CONTINUOUS
10
5.9378408267716534
20
-4.4668758661417325
11
5.9366651181102359
21
-4.4697142913385823
0
LINE
8
BLACK
6
CONTINUOUS
10
5.9366651181102359
20
-4.4697142913385823
11
5.9363779527559055
21
-4.4700641732283461
0
LINE
8
BLACK
6
CONTINUOUS
10
5.9363779527559055
20
-4.4700641732283461
11
5.9363779527559055
21
-4.5633809842519684
0
LINE
8
BLACK
6
CONTINUOUS
10
5.9363779527559055
20
-4.5633809842519684
11
5.9480342519685037
21
-4.5750372834645665
0
LINE
8
BLACK
6
CONTINUOUS
10
5.9480342519685037
20
-4.5750372834645665
11
5.9490135039370076
21
-4.5762305118110236
0
LINE
8
BLACK
6
CONTINUOUS
10
5.9490135039370076
20
-4.5762305118110236
11
5.950189212598425
21
-4.5790689370078743
0
LINE
8
BLACK
6
CONTINUOUS
10
5.950189212598425
20
-4.5790689370078743
11
5.9503405118110235
21
-4.5806050787401578
0
LINE
8
BLACK
6
CONTINUOUS
10
5.9503405118110235
20
-4.5806050787401578
11
5.9503405118110235
21
-4.5955414566929136
0
LINE
8
BLACK
6
CONTINUOUS
10
5.9503405118110235
20
-4.5955414566929136
11
5.9521807480314957
21
-4.5959075196850394
0
LINE
8
BLACK
6
CONTINUOUS
10
5.9521807480314957
20
-4.5959075196850394
11
5.9582415748031492
21
-4.5984179921259845
0
LINE
8
BLACK
6
CONTINUOUS
10
5.9582415748031492
20
-4.5984179921259845
11
5.9636961811023621
21
-4.6020626377952754
0
LINE
8
BLACK
6
CONTINUOUS
10
5.9636961811023621
20
-4.6020626377952754
11
5.968334960629921
21
-4.6067014173228342
0
LINE
8
BLACK
6
CONTINUOUS
10
5.968334960629921
20
-4.6067014173228342
11
5.9719796062992128
21
-4.6121560236220471
0
LINE
8
BLACK
6
CONTINUOUS
10
5.9719796062992128
20
-4.6121560236220471
11
5.9744900787401569
21
-4.6182168503937007
0
LINE
8
BLACK
6
CONTINUOUS
10
5.9744900787401569
20
-4.6182168503937007
11
5.9757699212598423
21
-4.6246509842519687
0
LINE
8
BLACK
6
CONTINUOUS
10
5.9757699212598423
20
-4.6246509842519687
11
5.9757699212598423
21
-4.6312112204724407
0
LINE
8
BLACK
6
CONTINUOUS
10
5.9757699212598423
20
-4.6312112204724407
11
5.9744900787401569
21
-4.6376453543307088
0
LINE
8
BLACK
6
CONTINUOUS
10
5.9744900787401569
20
-4.6376453543307088
11
5.9719796062992128
21
-4.6437061811023623
0
LINE
8
BLACK
6
CONTINUOUS
10
5.9719796062992128
20
-4.6437061811023623
11
5.968334960629921
21
-4.6491607874015743
0
LINE
8
BLACK
6
CONTINUOUS
10
5.968334960629921
20
-4.6491607874015743
11
5.9636961811023621
21
-4.6537995669291341
0
LINE
8
BLACK
6
CONTINUOUS
10
5.9636961811023621
20
-4.6537995669291341
11
5.9582415748031492
21
-4.657444212598425
0
LINE
8
BLACK
6
CONTINUOUS
10
5.9582415748031492
20
-4.657444212598425
11
5.9521807480314957
21
-4.65995468503937
0
LINE
8
BLACK
6
CONTINUOUS
10
5.9521807480314957
20
-4.65995468503937
11
5.9457466141732285
21
-4.6612345275590554
0
LINE
8
BLACK
6
CONTINUOUS
10
5.9457466141732285
20
-4.6612345275590554
11
5.9391863779527556
21
-4.6612345275590554
0
LINE
8
BLACK
6
CONTINUOUS
10
5.9391863779527556
20
-4.6612345275590554
11
5.9327522440944884
21
-4.65995468503937
0
LINE
8
BLACK
6
CONTINUOUS
10
5.9327522440944884
20
-4.65995468503937
11
5.9266914173228349
21
-4.657444212598425
0
LINE
8
BLACK
6
CONTINUOUS
10
5.9266914173228349
20
-4.657444212598425
11
5.921236811023622
21
-4.6537995669291341
0
LINE
8
BLACK
6
CONTINUOUS
10
5.921236811023622
20
-4.6537995669291341
11
5.9165980314960631
21
-4.6491607874015743
0
LINE
8
BLACK
6
CONTINUOUS
10
5.9165980314960631
20
-4.6491607874015743
11
5.9129533858267713
21
-4.6437061811023623
0
LINE
8
BLACK
6
CONTINUOUS
10
5.9129533858267713
20
-4.6437061811023623
11
5.9104429133858263
21
-4.6376453543307088
0
LINE
8
BLACK
6
CONTINUOUS
10
5.9104429133858263
20
-4.6376453543307088
11
5.9091630708661418
21
-4.6312112204724407
0
LINE
8
BLACK
6
CONTINUOUS
10
5.9091630708661418
20
-4.6312112204724407
11
5.9091630708661418
21
-4.6246509842519687
0
LINE
8
BLACK
6
CONTINUOUS
10
5.9091630708661418
20
-4.6246509842519687
11
5.9104429133858263
21
-4.6182168503937007
0
LINE
8
BLACK
6
CONTINUOUS
10
5.9104429133858263
20
-4.6182168503937007
11
5.9129533858267713
21
-4.6121560236220471
0
LINE
8
BLACK
6
CONTINUOUS
10
5.9129533858267713
20
-4.6121560236220471
11
5.9165980314960631
21
-4.6067014173228342
0
LINE
8
BLACK
6
CONTINUOUS
10
5.9165980314960631
20
-4.6067014173228342
11
5.921236811023622
21
-4.6020626377952754
0
LINE
8
BLACK
6
CONTINUOUS
10
5.921236811023622
20
-4.6020626377952754
11
5.9266914173228349
21
-4.5984179921259845
0
LINE
8
BLACK
6
CONTINUOUS
10
5.9266914173228349
20
-4.5984179921259845
11
5.9327522440944884
21
-4.5959075196850394
0
LINE
8
BLACK
6
CONTINUOUS
10
5.9327522440944884
20
-4.5959075196850394
11
5.9345924803149606
21
-4.5955414566929136
0
LINE
8
BLACK
6
CONTINUOUS
10
5.9345924803149606
20
-4.5955414566929136
11
5.9345924803149606
21
-4.5838665748031495
0
LINE
8
BLACK
6
CONTINUOUS
10
5.9345924803149606
20
-4.5838665748031495
11
5.9229361811023624
21
-4.5722102755905514
0
LINE
8
BLACK
6
CONTINUOUS
10
5.9229361811023624
20
-4.5722102755905514
11
5.9219569291338585
21
-4.5710170866141731
0
LINE
8
BLACK
6
CONTINUOUS
10
5.9219569291338585
20
-4.5710170866141731
11
5.920781220472441
21
-4.5681786614173223
0
LINE
8
BLACK
6
CONTINUOUS
10
5.920781220472441
20
-4.5681786614173223
11
5.9206299212598426
21
-4.5666425196850389
0
LINE
8
BLACK
6
CONTINUOUS
10
5.9206299212598426
20
-4.5666425196850389
11
5.9206299212598426
21
-4.4669538976377954
0
LINE
8
BLACK
6
CONTINUOUS
10
5.9206299212598426
20
-4.4669538976377954
11
5.920781220472441
21
-4.4654177559055119
0
LINE
8
BLACK
6
CONTINUOUS
10
5.920781220472441
20
-4.4654177559055119
11
5.9219569291338585
21
-4.4625793307086612
0
LINE
8
BLACK
6
CONTINUOUS
10
5.9219569291338585
20
-4.4625793307086612
11
5.9222440944881889
21
-4.4622294094488186
0
LINE
8
BLACK
6
CONTINUOUS
10
5.9222440944881889
20
-4.4622294094488186
11
5.9222440944881889
21
-4.4559076377952751
0
LINE
8
BLACK
6
CONTINUOUS
10
5.9222440944881889
20
-4.4559076377952751
11
5.9219526377952754
21
-4.4558496850393698
0
LINE
8
BLACK
6
CONTINUOUS
10
5.9219526377952754
20
-4.4558496850393698
11
5.9200367716535434
21
-4.4545695275590553
0
LINE
8
BLACK
6
CONTINUOUS
10
5.9200367716535434
20
-4.4545695275590553
11
5.918756614173228
21
-4.4526536614173224
0
LINE
8
BLACK
6
CONTINUOUS
10
5.918756614173228
20
-4.4526536614173224
11
5.9183070866141732
21
-4.4503937007874015
0
LINE
8
BLACK
6
CONTINUOUS
10
5.9183070866141732
20
-4.4503937007874015
11
5.9183070866141732
21
-4.3952755905511811
0
LINE
8
BLACK
6
CONTINUOUS
10
5.9183070866141732
20
-4.3952755905511811
11
5.918756614173228
21
-4.3930156299212602
0
LINE
8
BLACK
6
CONTINUOUS
10
5.918756614173228
20
-4.3930156299212602
11
5.9200367716535434
21
-4.3910997637795273
0
LINE
8
BLACK
6
CONTINUOUS
10
5.9200367716535434
20
-4.3910997637795273
11
5.9219526377952754
21
-4.3898196062992128
0
LINE
8
BLACK
6
CONTINUOUS
10
5.9219526377952754
20
-4.3898196062992128
11
5.9242125984251963
21
-4.3893700787401571
0
LINE
8
BLACK
6
CONTINUOUS
10
5.9242125984251963
20
-4.3893700787401571
11
5.9360236220472435
21
-4.3893700787401571
0
LINE
8
BLACK
6
CONTINUOUS
10
5.9360236220472435
20
-4.3893700787401571
11
5.9382835826771654
21
-4.3898196062992128
0
LINE
8
BLACK
6
CONTINUOUS
10
5.1508833858267717
20
-4.3322772834645669
11
5.1537218110236216
21
-4.3334529921259843
0
LINE
8
BLACK
6
CONTINUOUS
10
5.1537218110236216
20
-4.3334529921259843
11
5.1549149999999999
21
-4.3344322440944882
0
LINE
8
BLACK
6
CONTINUOUS
10
5.1549149999999999
20
-4.3344322440944882
11
5.178396141732283
21
-4.3579133858267713
0
LINE
8
BLACK
6
CONTINUOUS
10
5.178396141732283
20
-4.3579133858267713
11
5.2214089370078742
21
-4.3579133858267713
0
LINE
8
BLACK
6
CONTINUOUS
10
5.2214089370078742
20
-4.3579133858267713
11
5.2413861417322831
21
-4.3379361811023625
0
LINE
8
BLACK
6
CONTINUOUS
10
5.2413861417322831
20
-4.3379361811023625
11
5.2425793307086614
21
-4.3369569291338586
0
LINE
8
BLACK
6
CONTINUOUS
10
5.2425793307086614
20
-4.3369569291338586
11
5.2454177559055113
21
-4.3357812204724411
0
LINE
8
BLACK
6
CONTINUOUS
10
5.2454177559055113
20
-4.3357812204724411
11
5.2469538976377947
21
-4.3356299212598426
0
LINE
8
BLACK
6
CONTINUOUS
10
5.2469538976377947
20
-4.3356299212598426
11
5.3685039370078735
21
-4.3356299212598426
0
LINE
8
BLACK
6
CONTINUOUS
10
5.3685039370078735
20
-4.3356299212598426
11
5.370040078740157
21
-4.3357812204724411
0
LINE
8
BLACK
6
CONTINUOUS
10
5.370040078740157
20
-4.3357812204724411
11
5.3728785039370077
21
-4.3369569291338586
0
LINE
8
BLACK
6
CONTINUOUS
10
5.3728785039370077
20
-4.3369569291338586
11
5.374071692913386
21
-4.3379361811023625
0
LINE
8
BLACK
6
CONTINUOUS
10
5.374071692913386
20
-4.3379361811023625
11
5.3940488976377949
21
-4.3579133858267713
0
LINE
8
BLACK
6
CONTINUOUS
10
5.3940488976377949
20
-4.3579133858267713
11
5.9557479921259837
21
-4.3579133858267713
0
LINE
8
BLACK
6
CONTINUOUS
10
5.9557479921259837
20
-4.3579133858267713
11
5.9572841338582672
21
-4.3580646850393698
0
LINE
8
BLACK
6
CONTINUOUS
10
5.9572841338582672
20
-4.3580646850393698
11
5.9601225590551179
21
-4.3592403937007873
0
LINE
8
BLACK
6
CONTINUOUS
10
5.9601225590551179
20
-4.3592403937007873
11
5.9613157480314962
21
-4.3602196456692912
0
LINE
8
BLACK
6
CONTINUOUS
10
5.9613157480314962
20
-4.3602196456692912
11
5.9848984645669292
21
-4.3838023228346454
0
LINE
8
BLACK
6
CONTINUOUS
10
5.9848984645669292
20
-4.3838023228346454
11
5.9858777165354331
21
-4.3849955511811025
0
LINE
8
BLACK
6
CONTINUOUS
10
5.9858777165354331
20
-4.3849955511811025
11
5.9870534251968506
21
-4.3878339763779524
0
LINE
8
BLACK
6
CONTINUOUS
10
5.9870534251968506
20
-4.3878339763779524
11
5.9872047244094491
21
-4.3893701181102358
0
LINE
8
BLACK
6
CONTINUOUS
10
5.9872047244094491
20
-4.3893701181102358
11
5.9872047244094491
21
-4.3897616141732279
0
LINE
8
BLACK
6
CONTINUOUS
10
5.9872047244094491
20
-4.3897616141732279
11
5.9874961811023617
21
-4.3898196062992128
0
LINE
8
BLACK
6
CONTINUOUS
10
5.9874961811023617
20
-4.3898196062992128
11
5.9894120472440946
21
-4.3910997637795273
0
LINE
8
BLACK
6
CONTINUOUS
10
5.9894120472440946
20
-4.3910997637795273
11
5.9906922047244091
21
-4.3930156299212602
0
LINE
8
BLACK
6
CONTINUOUS
10
5.9906922047244091
20
-4.3930156299212602
11
5.9911417322834648
21
-4.3952755905511811
0
LINE
8
BLACK
6
CONTINUOUS
10
5.9911417322834648
20
-4.3952755905511811
11
5.9911417322834648
21
-4.4503459055118109
0
LINE
8
BLACK
6
CONTINUOUS
10
5.9911417322834648
20
-4.4503459055118109
11
6.0070638188976373
21
-4.4662679921259842
0
LINE
8
BLACK
6
CONTINUOUS
10
6.0070638188976373
20
-4.4662679921259842
11
6.0080430708661412
21
-4.4674612204724404
0
LINE
8
BLACK
6
CONTINUOUS
10
6.0080430708661412
20
-4.4674612204724404
11
6.0092187795275587
21
-4.4702996456692912
0
LINE
8
BLACK
6
CONTINUOUS
10
6.0092187795275587
20
-4.4702996456692912
11
6.0093700787401572
21
-4.4718357874015746
0
LINE
8
BLACK
6
CONTINUOUS
10
6.0093700787401572
20
-4.4718357874015746
11
6.0093700787401572
21
-4.4848279133858266
0
LINE
8
BLACK
6
CONTINUOUS
10
6.0093700787401572
20
-4.4848279133858266
11
6.0788443307086615
21
-4.554302165354331
0
LINE
8
BLACK
6
CONTINUOUS
10
6.0788443307086615
20
-4.554302165354331
11
6.0804060629921262
21
-4.5549490551181098
0
LINE
8
BLACK
6
CONTINUOUS
10
6.0804060629921262
20
-4.5549490551181098
11
6.0815992519685036
21
-4.5559283070866137
0
LINE
8
BLACK
6
CONTINUOUS
10
6.0815992519685036
20
-4.5559283070866137
11
6.1251313385826771
21
-4.5994603937007872
0
LINE
8
BLACK
6
CONTINUOUS
10
6.1251313385826771
20
-4.5994603937007872
11
6.1266914566929129
21
-4.5984179921259845
0
LINE
8
BLACK
6
CONTINUOUS
10
6.1266914566929129
20
-4.5984179921259845
11
6.1327522834645665
21
-4.5959075196850394
0
LINE
8
BLACK
6
CONTINUOUS
10
6.1327522834645665
20
-4.5959075196850394
11
6.1391864173228345
21
-4.594627677165354
0
LINE
8
BLACK
6
CONTINUOUS
10
6.1391864173228345
20
-4.594627677165354
11
6.1457466535433065
21
-4.594627677165354
0
LINE
8
BLACK
6
CONTINUOUS
10
6.1457466535433065
20
-4.594627677165354
11
6.1521807874015746
21
-4.5959075196850394
0
LINE
8
BLACK
6
CONTINUOUS
10
6.1521807874015746
20
-4.5959075196850394
11
6.1582416141732281
21
-4.5984179921259845
0
LINE
8
BLACK
6
CONTINUOUS
10
6.1582416141732281
20
-4.5984179921259845
11
6.163696220472441
21
-4.6020626377952754
0
LINE
8
BLACK
6
CONTINUOUS
10
6.163696220472441
20
-4.6020626377952754
11
6.1683349999999999
21
-4.6067014173228342
0
LINE
8
BLACK
6
CONTINUOUS
10
6.1683349999999999
20
-4.6067014173228342
11
6.1719796456692908
21
-4.6121560236220471
0
LINE
8
BLACK
6
CONTINUOUS
10
6.1719796456692908
20
-4.6121560236220471
11
6.1744901181102358
21
-4.6182168503937007
0
LINE
8
BLACK
6
CONTINUOUS
10
6.1744901181102358
20
-4.6182168503937007
11
6.1757699606299212
21
-4.6246509842519687
0
LINE
8
BLACK
6
CONTINUOUS
10
6.1757699606299212
20
-4.6246509842519687
11
6.1757699606299212
21
-4.6312112204724407
0
LINE
8
BLACK
6
CONTINUOUS
10
6.1757699606299212
20
-4.6312112204724407
11
6.1744901181102358
21
-4.6376453543307088
0
LINE
8
BLACK
6
CONTINUOUS
10
6.1744901181102358
20
-4.6376453543307088
11
6.1719796456692908
21
-4.6437061811023623
0
LINE
8
BLACK
6
CONTINUOUS
10
6.1719796456692908
20
-4.6437061811023623
11
6.1683349999999999
21
-4.6491607874015743
0
LINE
8
BLACK
6
CONTINUOUS
10
6.1683349999999999
20
-4.6491607874015743
11
6.163696220472441
21
-4.6537995669291341
0
LINE
8
BLACK
6
CONTINUOUS
10
6.163696220472441
20
-4.6537995669291341
11
6.1582416141732281
21
-4.657444212598425
0
LINE
8
BLACK
6
CONTINUOUS
10
6.1582416141732281
20
-4.657444212598425
11
6.1521807874015746
21
-4.65995468503937
0
LINE
8
BLACK
6
CONTINUOUS
10
6.1521807874015746
20
-4.65995468503937
11
6.1457466535433065
21
-4.6612345275590554
0
LINE
8
BLACK
6
CONTINUOUS
10
6.1457466535433065
20
-4.6612345275590554
11
6.1391864173228345
21
-4.6612345275590554
0
LINE
8
BLACK
6
CONTINUOUS
10
6.1391864173228345
20
-4.6612345275590554
11
6.1327522834645665
21
-4.65995468503937
0
LINE
8
BLACK
6
CONTINUOUS
10
6.1327522834645665
20
-4.65995468503937
11
6.1266914566929129
21
-4.657444212598425
0
LINE
8
BLACK
6
CONTINUOUS
10
6.1266914566929129
20
-4.657444212598425
11
6.1212368503937009
21
-4.6537995669291341
0
LINE
8
BLACK
6
CONTINUOUS
10
6.1212368503937009
20
-4.6537995669291341
11
6.1165980708661412
21
-4.6491607874015743
0
LINE
8
BLACK
6
CONTINUOUS
10
6.1165980708661412
20
-4.6491607874015743
11
6.1129534251968503
21
-4.6437061811023623
0
LINE
8
BLACK
6
CONTINUOUS
10
6.1129534251968503
20
-4.6437061811023623
11
6.1104429527559052
21
-4.6376453543307088
0
LINE
8
BLACK
6
CONTINUOUS
10
6.1104429527559052
20
-4.6376453543307088
11
6.1091631102362207
21
-4.6312112204724407
0
LINE
8
BLACK
6
CONTINUOUS
10
6.1091631102362207
20
-4.6312112204724407
11
6.1091631102362207
21
-4.6246509842519687
0
LINE
8
BLACK
6
CONTINUOUS
10
6.1091631102362207
20
-4.6246509842519687
11
6.1104429527559052
21
-4.6182168503937007
0
LINE
8
BLACK
6
CONTINUOUS
10
6.1104429527559052
20
-4.6182168503937007
11
6.1129534251968503
21
-4.6121560236220471
0
LINE
8
BLACK
6
CONTINUOUS
10
6.1129534251968503
20
-4.6121560236220471
11
6.113995826771653
21
-4.6105959055118113
0
LINE
8
BLACK
6
CONTINUOUS
10
6.113995826771653
20
-4.6105959055118113
11
6.072089881889764
21
-4.5686899606299214
0
LINE
8
BLACK
6
CONTINUOUS
10
6.072089881889764
20
-4.5686899606299214
11
6.0705281102362205
21
-4.5680430708661417
0
LINE
8
BLACK
6
CONTINUOUS
10
6.0705281102362205
20
-4.5680430708661417
11
6.0693349212598422
21
-4.5670638582677165
0
LINE
8
BLACK
6
CONTINUOUS
10
6.0693349212598422
20
-4.5670638582677165
11
5.9959283070866141
21
-4.4936572047244097
0
LINE
8
BLACK
6
CONTINUOUS
10
5.9959283070866141
20
-4.4936572047244097
11
5.9949490551181102
21
-4.4924640157480313
0
LINE
8
BLACK
6
CONTINUOUS
10
5.9949490551181102
20
-4.4924640157480313
11
5.9937733464566927
21
-4.4896255905511806
0
LINE
8
BLACK
6
CONTINUOUS
10
5.9937733464566927
20
-4.4896255905511806
11
5.9936220472440942
21
-4.4880894488188972
0
LINE
8
BLACK
6
CONTINUOUS
10
5.9936220472440942
20
-4.4880894488188972
11
5.9936220472440942
21
-4.4750972834645673
0
LINE
8
BLACK
6
CONTINUOUS
10
5.9936220472440942
20
-4.4750972834645673
11
5.9748239763779525
21
-4.4562992125984247
0
LINE
8
BLACK
6
CONTINUOUS
10
5.9748239763779525
20
-4.4562992125984247
11
5.9734251968503935
21
-4.4562992125984247
0
LINE
8
BLACK
6
CONTINUOUS
10
5.9734251968503935
20
-4.4562992125984247
11
5.9711652362204726
21
-4.4558496850393698
0
LINE
8
BLACK
6
CONTINUOUS
10
5.9711652362204726
20
-4.4558496850393698
11
5.9692493700787397
21
-4.4545695275590553
0
LINE
8
BLACK
6
CONTINUOUS
10
5.9692493700787397
20
-4.4545695275590553
11
5.9679692125984252
21
-4.4526536614173224
0
LINE
8
BLACK
6
CONTINUOUS
10
5.9679692125984252
20
-4.4526536614173224
11
5.9675196850393704
21
-4.4503937007874015
0
LINE
8
BLACK
6
CONTINUOUS
10
5.9675196850393704
20
-4.4503937007874015
11
5.9675196850393704
21
-4.3952755905511811
0
LINE
8
BLACK
6
CONTINUOUS
10
5.9675196850393704
20
-4.3952755905511811
11
5.9679692125984252
21
-4.3930156299212602
0
LINE
8
BLACK
6
CONTINUOUS
10
5.9679692125984252
20
-4.3930156299212602
11
5.9692493700787397
21
-4.3910997637795273
0
LINE
8
BLACK
6
CONTINUOUS
10
5.9692493700787397
20
-4.3910997637795273
11
5.9696542519685041
21
-4.3908292125984252
0
LINE
8
BLACK
6
CONTINUOUS
10
5.9696542519685041
20
-4.3908292125984252
11
5.952486496062992
21
-4.3736614173228343
0
LINE
8
BLACK
6
CONTINUOUS
10
5.952486496062992
20
-4.3736614173228343
11
5.3907874015748032
21
-4.3736614173228343
0
LINE
8
BLACK
6
CONTINUOUS
10
5.3907874015748032
20
-4.3736614173228343
11
5.3892512598425197
21
-4.3735101181102358
0
LINE
8
BLACK
6
CONTINUOUS
10
5.3892512598425197
20
-4.3735101181102358
11
5.386412834645669
21
-4.3723344094488192
0
LINE
8
BLACK
6
CONTINUOUS
10
5.386412834645669
20
-4.3723344094488192
11
5.3852196456692916
21
-4.3713551574803144
0
LINE
8
BLACK
6
CONTINUOUS
10
5.3852196456692916
20
-4.3713551574803144
11
5.3652424409448818
21
-4.3513779527559056
0
LINE
8
BLACK
6
CONTINUOUS
10
5.3652424409448818
20
-4.3513779527559056
11
5.2502153937007874
21
-4.3513779527559056
0
LINE
8
BLACK
6
CONTINUOUS
10
5.2502153937007874
20
-4.3513779527559056
11
5.2302381889763776
21
-4.3713551574803144
0
LINE
8
BLACK
6
CONTINUOUS
10
5.2302381889763776
20
-4.3713551574803144
11
5.2290450000000002
21
-4.3723344094488192
0
LINE
8
BLACK
6
CONTINUOUS
10
5.2290450000000002
20
-4.3723344094488192
11
5.2262065748031494
21
-4.3735101181102358
0
LINE
8
BLACK
6
CONTINUOUS
10
5.2262065748031494
20
-4.3735101181102358
11
5.224670433070866
21
-4.3736614173228343
0
LINE
8
BLACK
6
CONTINUOUS
10
5.224670433070866
20
-4.3736614173228343
11
5.1751346456692913
21
-4.3736614173228343
0
LINE
8
BLACK
6
CONTINUOUS
10
5.1751346456692913
20
-4.3736614173228343
11
5.1735985039370078
21
-4.3735101181102358
0
LINE
8
BLACK
6
CONTINUOUS
10
5.1735985039370078
20
-4.3735101181102358
11
5.1707600787401571
21
-4.3723344094488192
0
LINE
8
BLACK
6
CONTINUOUS
10
5.1707600787401571
20
-4.3723344094488192
11
5.1695668897637796
21
-4.3713551574803144
0
LINE
8
BLACK
6
CONTINUOUS
10
5.1695668897637796
20
-4.3713551574803144
11
5.1460857480314957
21
-4.3478740157480313
0
LINE
8
BLACK
6
CONTINUOUS
10
5.1460857480314957
20
-4.3478740157480313
11
4.8882614960629924
21
-4.3478740157480313
0
LINE
8
BLACK
6
CONTINUOUS
10
4.8882614960629924
20
-4.3478740157480313
11
4.8647803543307084
21
-4.3713551574803144
0
LINE
8
BLACK
6
CONTINUOUS
10
4.8647803543307084
20
-4.3713551574803144
11
4.863587165354331
21
-4.3723344094488192
0
LINE
8
BLACK
6
CONTINUOUS
10
4.863587165354331
20
-4.3723344094488192
11
4.8607487401574803
21
-4.3735101181102358
0
LINE
8
BLACK
6
CONTINUOUS
10
4.8607487401574803
20
-4.3735101181102358
11
4.8592125984251968
21
-4.3736614173228343
0
LINE
8
BLACK
6
CONTINUOUS
10
4.8592125984251968
20
-4.3736614173228343
11
4.6007874015748031
21
-4.3736614173228343
0
LINE
8
BLACK
6
CONTINUOUS
10
4.6007874015748031
20
-4.3736614173228343
11
4.5992512598425197
21
-4.3735101181102358
0
LINE
8
BLACK
6
CONTINUOUS
10
4.5992512598425197
20
-4.3735101181102358
11
4.596412834645669
21
-4.3723344094488192
0
LINE
8
BLACK
6
CONTINUOUS
10
4.596412834645669
20
-4.3723344094488192
11
4.5952196456692915
21
-4.3713551968503932
0
LINE
8
BLACK
6
CONTINUOUS
10
4.5952196456692915
20
-4.3713551968503932
11
4.5889658661417325
21
-4.3651014173228342
0
LINE
8
BLACK
6
CONTINUOUS
10
4.5889658661417325
20
-4.3651014173228342
11
4.5870555118110232
21
-4.3656133070866137
0
LINE
8
BLACK
6
CONTINUOUS
10
4.5870555118110232
20
-4.3656133070866137
11
4.5829444881889767
21
-4.3656133070866137
0
LINE
8
BLACK
6
CONTINUOUS
10
4.5829444881889767
20
-4.3656133070866137
11
4.5789735039370081
21
-4.3645492913385828
0
LINE
8
BLACK
6
CONTINUOUS
10
4.5789735039370081
20
-4.3645492913385828
11
4.5754131889763778
21
-4.3624937401574799
0
LINE
8
BLACK
6
CONTINUOUS
10
4.5754131889763778
20
-4.3624937401574799
11
4.5725062598425197
21
-4.3595868110236218
0
LINE
8
BLACK
6
CONTINUOUS
10
4.5725062598425197
20
-4.3595868110236218
11
4.5704507086614168
21
-4.3560264960629924
0
LINE
8
BLACK
6
CONTINUOUS
10
4.5704507086614168
20
-4.3560264960629924
11
4.569386692913386
21
-4.3520555118110238
0
LINE
8
BLACK
6
CONTINUOUS
10
4.569386692913386
20
-4.3520555118110238
11
4.569386692913386
21
-4.3479444881889764
0
LINE
8
BLACK
6
CONTINUOUS
10
4.569386692913386
20
-4.3479444881889764
11
4.5704507086614168
21
-4.3439735039370078
0
LINE
8
BLACK
6
CONTINUOUS
10
4.5704507086614168
20
-4.3439735039370078
11
4.5725062598425197
21
-4.3404131889763775
0
LINE
8
BLACK
6
CONTINUOUS
10
4.5725062598425197
20
-4.3404131889763775
11
4.5754131889763778
21
-4.3375062598425194
0
LINE
8
BLACK
6
CONTINUOUS
10
4.5754131889763778
20
-4.3375062598425194
11
4.5789735039370081
21
-4.3354507086614174
0
LINE
8
BLACK
6
CONTINUOUS
10
4.5789735039370081
20
-4.3354507086614174
11
4.5829444881889767
21
-4.3343866929133856
0
LINE
8
BLACK
6
CONTINUOUS
10
4.5829444881889767
20
-4.3343866929133856
11
4.5870555118110232
21
-4.3343866929133856
0
LINE
8
BLACK
6
CONTINUOUS
10
4.5870555118110232
20
-4.3343866929133856
11
4.5910264960629918
21
-4.3354507086614174
0
LINE
8
BLACK
6
CONTINUOUS
10
4.5910264960629918
20
-4.3354507086614174
11
4.5945868110236221
21
-4.3375062598425194
0
LINE
8
BLACK
6
CONTINUOUS
10
4.5945868110236221
20
-4.3375062598425194
11
4.5974937401574802
21
-4.3404131889763775
0
LINE
8
BLACK
6
CONTINUOUS
10
4.5974937401574802
20
-4.3404131889763775
11
4.5995492913385823
21
-4.3439735039370078
0
LINE
8
BLACK
6
CONTINUOUS
10
4.5995492913385823
20
-4.3439735039370078
11
4.600613307086614
21
-4.3479444881889764
0
LINE
8
BLACK
6
CONTINUOUS
10
4.600613307086614
20
-4.3479444881889764
11
4.600613307086614
21
-4.3520555118110238
0
LINE
8
BLACK
6
CONTINUOUS
10
4.600613307086614
20
-4.3520555118110238
11
4.6001014173228345
21
-4.3539658661417322
0
LINE
8
BLACK
6
CONTINUOUS
10
4.6001014173228345
20
-4.3539658661417322
11
4.6040489370078737
21
-4.3579133858267713
0
LINE
8
BLACK
6
CONTINUOUS
10
4.6040489370078737
20
-4.3579133858267713
11
4.8559511023622042
21
-4.3579133858267713
0
LINE
8
BLACK
6
CONTINUOUS
10
4.8559511023622042
20
-4.3579133858267713
11
4.8794322440944882
21
-4.3344322440944882
0
LINE
8
BLACK
6
CONTINUOUS
10
4.8794322440944882
20
-4.3344322440944882
11
4.8806254330708656
21
-4.3334529921259843
0
LINE
8
BLACK
6
CONTINUOUS
10
4.8806254330708656
20
-4.3334529921259843
11
4.8834638582677163
21
-4.3322772834645669
0
LINE
8
BLACK
6
CONTINUOUS
10
4.8834638582677163
20
-4.3322772834645669
11
4.8849999999999998
21
-4.3321259842519684
0
LINE
8
BLACK
6
CONTINUOUS
10
4.8849999999999998
20
-4.3321259842519684
11
5.1493472440944883
21
-4.3321259842519684
0
LINE
8
BLACK
6
CONTINUOUS
10
5.1493472440944883
20
-4.3321259842519684
11
5.1508833858267717
21
-4.3322772834645669
0
LINE
8
BLACK
6
CONTINUOUS
10
6.2521807874015742
20
-4.5959075196850394
11
6.2582416141732278
21
-4.5984179921259845
0
LINE
8
BLACK
6
CONTINUOUS
10
6.2582416141732278
20
-4.5984179921259845
11
6.2636962204724407
21
-4.6020626377952754
0
LINE
8
BLACK
6
CONTINUOUS
10
6.2636962204724407
20
-4.6020626377952754
11
6.2683349999999995
21
-4.6067014173228342
0
LINE
8
BLACK
6
CONTINUOUS
10
6.2683349999999995
20
-4.6067014173228342
11
6.2719796456692913
21
-4.6121560236220471
0
LINE
8
BLACK
6
CONTINUOUS
10
6.2719796456692913
20
-4.6121560236220471
11
6.2744901181102364
21
-4.6182168503937007
0
LINE
8
BLACK
6
CONTINUOUS
10
6.2744901181102364
20
-4.6182168503937007
11
6.2757699606299209
21
-4.6246509842519687
0
LINE
8
BLACK
6
CONTINUOUS
10
6.2757699606299209
20
-4.6246509842519687
11
6.2757699606299209
21
-4.6312112204724407
0
LINE
8
BLACK
6
CONTINUOUS
10
6.2757699606299209
20
-4.6312112204724407
11
6.2744901181102364
21
-4.6376453543307088
0
LINE
8
BLACK
6
CONTINUOUS
10
6.2744901181102364
20
-4.6376453543307088
11
6.2719796456692913
21
-4.6437061811023623
0
LINE
8
BLACK
6
CONTINUOUS
10
6.2719796456692913
20
-4.6437061811023623
11
6.2683349999999995
21
-4.6491607874015743
0
LINE
8
BLACK
6
CONTINUOUS
10
6.2683349999999995
20
-4.6491607874015743
11
6.2636962204724407
21
-4.6537995669291341
0
LINE
8
BLACK
6
CONTINUOUS
10
6.2636962204724407
20
-4.6537995669291341
11
6.2582416141732278
21
-4.657444212598425
0
LINE
8
BLACK
6
CONTINUOUS
10
6.2582416141732278
20
-4.657444212598425
11
6.2521807874015742
21
-4.65995468503937
0
LINE
8
BLACK
6
CONTINUOUS
10
6.2521807874015742
20
-4.65995468503937
11
6.245746653543307
21
-4.6612345275590554
0
LINE
8
BLACK
6
CONTINUOUS
10
6.245746653543307
20
-4.6612345275590554
11
6.2391864173228342
21
-4.6612345275590554
0
LINE
8
BLACK
6
CONTINUOUS
10
6.2391864173228342
20
-4.6612345275590554
11
6.232752283464567
21
-4.65995468503937
0
LINE
8
BLACK
6
CONTINUOUS
10
6.232752283464567
20
-4.65995468503937
11
6.2266914566929135
21
-4.657444212598425
0
LINE
8
BLACK
6
CONTINUOUS
10
6.2266914566929135
20
-4.657444212598425
11
6.2212368503937006
21
-4.6537995669291341
0
LINE
8
BLACK
6
CONTINUOUS
10
6.2212368503937006
20
-4.6537995669291341
11
6.2165980708661417
21
-4.6491607874015743
0
LINE
8
BLACK
6
CONTINUOUS
10
6.2165980708661417
20
-4.6491607874015743
11
6.2129534251968499
21
-4.6437061811023623
0
LINE
8
BLACK
6
CONTINUOUS
10
6.2129534251968499
20
-4.6437061811023623
11
6.2104429527559057
21
-4.6376453543307088
0
LINE
8
BLACK
6
CONTINUOUS
10
6.2104429527559057
20
-4.6376453543307088
11
6.2091631102362204
21
-4.6312112204724407
0
LINE
8
BLACK
6
CONTINUOUS
10
6.2091631102362204
20
-4.6312112204724407
11
6.2091631102362204
21
-4.6246509842519687
0
LINE
8
BLACK
6
CONTINUOUS
10
6.2091631102362204
20
-4.6246509842519687
11
6.2104429527559057
21
-4.6182168503937007
0
LINE
8
BLACK
6
CONTINUOUS
10
6.2104429527559057
20
-4.6182168503937007
11
6.2129534251968499
21
-4.6121560236220471
0
LINE
8
BLACK
6
CONTINUOUS
10
6.2129534251968499
20
-4.6121560236220471
11
6.2165980708661417
21
-4.6067014173228342
0
LINE
8
BLACK
6
CONTINUOUS
10
6.2165980708661417
20
-4.6067014173228342
11
6.2212368503937006
21
-4.6020626377952754
0
LINE
8
BLACK
6
CONTINUOUS
10
6.2212368503937006
20
-4.6020626377952754
11
6.2266914566929135
21
-4.5984179921259845
0
LINE
8
BLACK
6
CONTINUOUS
10
6.2266914566929135
20
-4.5984179921259845
11
6.232752283464567
21
-4.5959075196850394
0
LINE
8
BLACK
6
CONTINUOUS
10
6.232752283464567
20
-4.5959075196850394
11
6.2391864173228342
21
-4.594627677165354
0
LINE
8
BLACK
6
CONTINUOUS
10
6.2391864173228342
20
-4.594627677165354
11
6.245746653543307
21
-4.594627677165354
0
LINE
8
BLACK
6
CONTINUOUS
10
6.245746653543307
20
-4.594627677165354
11
6.2521807874015742
21
-4.5959075196850394
0
LINE
8
BLACK
6
CONTINUOUS
10
6.0859213779527561
20
-4.3898196062992128
11
6.0878372440944881
21
-4.3910997637795273
0
LINE
8
BLACK
6
CONTINUOUS
10
6.0878372440944881
20
-4.3910997637795273
11
6.0891174015748026
21
-4.3930156299212602
0
LINE
8
BLACK
6
CONTINUOUS
10
6.0891174015748026
20
-4.3930156299212602
11
6.0895669291338583
21
-4.3952755905511811
0
LINE
8
BLACK
6
CONTINUOUS
10
6.0895669291338583
20
-4.3952755905511811
11
6.0895669291338583
21
-4.4503937007874015
0
LINE
8
BLACK
6
CONTINUOUS
10
6.0895669291338583
20
-4.4503937007874015
11
6.0891174015748026
21
-4.4526536614173224
0
LINE
8
BLACK
6
CONTINUOUS
10
6.0891174015748026
20
-4.4526536614173224
11
6.0878372440944881
21
-4.4545695275590553
0
LINE
8
BLACK
6
CONTINUOUS
10
6.0878372440944881
20
-4.4545695275590553
11
6.0874323228346459
21
-4.4548400787401574
0
LINE
8
BLACK
6
CONTINUOUS
10
6.0874323228346459
20
-4.4548400787401574
11
6.1898363779527559
21
-4.5572440944881887
0
LINE
8
BLACK
6
CONTINUOUS
10
6.1898363779527559
20
-4.5572440944881887
11
6.3796535039370079
21
-4.5572440944881887
0
LINE
8
BLACK
6
CONTINUOUS
10
6.3796535039370079
20
-4.5572440944881887
11
6.3811896456692914
21
-4.5573953937007872
0
LINE
8
BLACK
6
CONTINUOUS
10
6.3811896456692914
20
-4.5573953937007872
11
6.3840280708661412
21
-4.5585711023622046
0
LINE
8
BLACK
6
CONTINUOUS
10
6.3840280708661412
20
-4.5585711023622046
11
6.3852212598425195
21
-4.5595503543307085
0
LINE
8
BLACK
6
CONTINUOUS
10
6.3852212598425195
20
-4.5595503543307085
11
6.4251312992125982
21
-4.5994603937007872
0
LINE
8
BLACK
6
CONTINUOUS
10
6.4251312992125982
20
-4.5994603937007872
11
6.4266914173228349
21
-4.5984179921259845
0
LINE
8
BLACK
6
CONTINUOUS
10
6.4266914173228349
20
-4.5984179921259845
11
6.4327522440944884
21
-4.5959075196850394
0
LINE
8
BLACK
6
CONTINUOUS
10
6.4327522440944884
20
-4.5959075196850394
11
6.4391863779527556
21
-4.594627677165354
0
LINE
8
BLACK
6
CONTINUOUS
10
6.4391863779527556
20
-4.594627677165354
11
6.4457466141732285
21
-4.594627677165354
0
LINE
8
BLACK
6
CONTINUOUS
10
6.4457466141732285
20
-4.594627677165354
11
6.4521807480314957
21
-4.5959075196850394
0
LINE
8
BLACK
6
CONTINUOUS
10
6.4521807480314957
20
-4.5959075196850394
11
6.4582415748031492
21
-4.5984179921259845
0
LINE
8
BLACK
6
CONTINUOUS
10
6.4582415748031492
20
-4.5984179921259845
11
6.4636961811023621
21
-4.6020626377952754
0
LINE
8
BLACK
6
CONTINUOUS
10
6.4636961811023621
20
-4.6020626377952754
11
6.468334960629921
21
-4.6067014173228342
0
LINE
8
BLACK
6
CONTINUOUS
10
6.468334960629921
20
-4.6067014173228342
11
6.4719796062992128
21
-4.6121560236220471
0
LINE
8
BLACK
6
CONTINUOUS
10
6.4719796062992128
20
-4.6121560236220471
11
6.4744900787401569
21
-4.6182168503937007
0
LINE
8
BLACK
6
CONTINUOUS
10
6.4744900787401569
20
-4.6182168503937007
11
6.4757699212598423
21
-4.6246509842519687
0
LINE
8
BLACK
6
CONTINUOUS
10
6.4757699212598423
20
-4.6246509842519687
11
6.4757699212598423
21
-4.6312112204724407
0
LINE
8
BLACK
6
CONTINUOUS
10
6.4757699212598423
20
-4.6312112204724407
11
6.4744900787401569
21
-4.6376453543307088
0
LINE
8
BLACK
6
CONTINUOUS
10
6.4744900787401569
20
-4.6376453543307088
11
6.4719796062992128
21
-4.6437061811023623
0
LINE
8
BLACK
6
CONTINUOUS
10
6.4719796062992128
20
-4.6437061811023623
11
6.468334960629921
21
-4.6491607874015743
0
LINE
8
BLACK
6
CONTINUOUS
10
6.468334960629921
20
-4.6491607874015743
11
6.4636961811023621
21
-4.6537995669291341
0
LINE
8
BLACK
6
CONTINUOUS
10
6.4636961811023621
20
-4.6537995669291341
11
6.4582415748031492
21
-4.657444212598425
0
LINE
8
BLACK
6
CONTINUOUS
10
6.4582415748031492
20
-4.657444212598425
11
6.4521807480314957
21
-4.65995468503937
0
LINE
8
BLACK
6
CONTINUOUS
10
6.4521807480314957
20
-4.65995468503937
11
6.4457466141732285
21
-4.6612345275590554
0
LINE
8
BLACK
6
CONTINUOUS
10
6.4457466141732285
20
-4.6612345275590554
11
6.4391863779527556
21
-4.6612345275590554
0
LINE
8
BLACK
6
CONTINUOUS
10
6.4391863779527556
20
-4.6612345275590554
11
6.4327522440944884
21
-4.65995468503937
0
LINE
8
BLACK
6
CONTINUOUS
10
6.4327522440944884
20
-4.65995468503937
11
6.4266914173228349
21
-4.657444212598425
0
LINE
8
BLACK
6
CONTINUOUS
10
6.4266914173228349
20
-4.657444212598425
11
6.421236811023622
21
-4.6537995669291341
0
LINE
8
BLACK
6
CONTINUOUS
10
6.421236811023622
20
-4.6537995669291341
11
6.4165980314960631
21
-4.6491607874015743
0
LINE
8
BLACK
6
CONTINUOUS
10
6.4165980314960631
20
-4.6491607874015743
11
6.4129533858267713
21
-4.6437061811023623
0
LINE
8
BLACK
6
CONTINUOUS
10
6.4129533858267713
20
-4.6437061811023623
11
6.4104429133858263
21
-4.6376453543307088
0
LINE
8
BLACK
6
CONTINUOUS
10
6.4104429133858263
20
-4.6376453543307088
11
6.4091630708661418
21
-4.6312112204724407
0
LINE
8
BLACK
6
CONTINUOUS
10
6.4091630708661418
20
-4.6312112204724407
11
6.4091630708661418
21
-4.6246509842519687
0
LINE
8
BLACK
6
CONTINUOUS
10
6.4091630708661418
20
-4.6246509842519687
11
6.4104429133858263
21
-4.6182168503937007
0
LINE
8
BLACK
6
CONTINUOUS
10
6.4104429133858263
20
-4.6182168503937007
11
6.4129533858267713
21
-4.6121560236220471
0
LINE
8
BLACK
6
CONTINUOUS
10
6.4129533858267713
20
-4.6121560236220471
11
6.4139957874015749
21
-4.6105959055118113
0
LINE
8
BLACK
6
CONTINUOUS
10
6.4139957874015749
20
-4.6105959055118113
11
6.3763920078740153
21
-4.5729921259842516
0
LINE
8
BLACK
6
CONTINUOUS
10
6.3763920078740153
20
-4.5729921259842516
11
6.1865748425196845
21
-4.5729921259842516
0
LINE
8
BLACK
6
CONTINUOUS
10
6.1865748425196845
20
-4.5729921259842516
11
6.185038700787401
21
-4.5728408267716532
0
LINE
8
BLACK
6
CONTINUOUS
10
6.185038700787401
20
-4.5728408267716532
11
6.1822002755905512
21
-4.5716651181102357
0
LINE
8
BLACK
6
CONTINUOUS
10
6.1822002755905512
20
-4.5716651181102357
11
6.1810070866141729
21
-4.5706859055118105
0
LINE
8
BLACK
6
CONTINUOUS
10
6.1810070866141729
20
-4.5706859055118105
11
6.0721881496062995
21
-4.4618669291338584
0
LINE
8
BLACK
6
CONTINUOUS
10
6.0721881496062995
20
-4.4618669291338584
11
6.0712088976377947
21
-4.4606737401574801
0
LINE
8
BLACK
6
CONTINUOUS
10
6.0712088976377947
20
-4.4606737401574801
11
6.0700331889763781
21
-4.4578353149606302
0
LINE
8
BLACK
6
CONTINUOUS
10
6.0700331889763781
20
-4.4578353149606302
11
6.0698818897637796
21
-4.4562991732283468
0
LINE
8
BLACK
6
CONTINUOUS
10
6.0698818897637796
20
-4.4562991732283468
11
6.0698818897637796
21
-4.4559076377952751
0
LINE
8
BLACK
6
CONTINUOUS
10
6.0698818897637796
20
-4.4559076377952751
11
6.0695904330708661
21
-4.4558496850393698
0
LINE
8
BLACK
6
CONTINUOUS
10
6.0695904330708661
20
-4.4558496850393698
11
6.0676745669291341
21
-4.4545695275590553
0
LINE
8
BLACK
6
CONTINUOUS
10
6.0676745669291341
20
-4.4545695275590553
11
6.0663944094488187
21
-4.4526536614173224
0
LINE
8
BLACK
6
CONTINUOUS
10
6.0663944094488187
20
-4.4526536614173224
11
6.0659448818897639
21
-4.4503937007874015
0
LINE
8
BLACK
6
CONTINUOUS
10
6.0659448818897639
20
-4.4503937007874015
11
6.0659448818897639
21
-4.3952755905511811
0
LINE
8
BLACK
6
CONTINUOUS
10
6.0659448818897639
20
-4.3952755905511811
11
6.0663944094488187
21
-4.3930156299212602
0
LINE
8
BLACK
6
CONTINUOUS
10
6.0663944094488187
20
-4.3930156299212602
11
6.0676745669291341
21
-4.3910997637795273
0
LINE
8
BLACK
6
CONTINUOUS
10
6.0676745669291341
20
-4.3910997637795273
11
6.0695904330708661
21
-4.3898196062992128
0
LINE
8
BLACK
6
CONTINUOUS
10
6.0695904330708661
20
-4.3898196062992128
11
6.0718503937007871
21
-4.3893700787401571
0
LINE
8
BLACK
6
CONTINUOUS
10
6.0718503937007871
20
-4.3893700787401571
11
6.0836614173228343
21
-4.3893700787401571
0
LINE
8
BLACK
6
CONTINUOUS
10
6.0836614173228343
20
-4.3893700787401571
11
6.0859213779527561
21
-4.3898196062992128
0
LINE
8
BLACK
6
CONTINUOUS
10
6.6521807874015746
20
-4.5959075196850394
11
6.6582416141732281
21
-4.5984179921259845
0
LINE
8
BLACK
6
CONTINUOUS
10
6.6582416141732281
20
-4.5984179921259845
11
6.663696220472441
21
-4.6020626377952754
0
LINE
8
BLACK
6
CONTINUOUS
10
6.663696220472441
20
-4.6020626377952754
11
6.6683349999999999
21
-4.6067014173228342
0
LINE
8
BLACK
6
CONTINUOUS
10
6.6683349999999999
20
-4.6067014173228342
11
6.6719796456692908
21
-4.6121560236220471
0
LINE
8
BLACK
6
CONTINUOUS
10
6.6719796456692908
20
-4.6121560236220471
11
6.6744901181102358
21
-4.6182168503937007
0
LINE
8
BLACK
6
CONTINUOUS
10
6.6744901181102358
20
-4.6182168503937007
11
6.6757699606299212
21
-4.6246509842519687
0
LINE
8
BLACK
6
CONTINUOUS
10
6.6757699606299212
20
-4.6246509842519687
11
6.6757699606299212
21
-4.6312112204724407
0
LINE
8
BLACK
6
CONTINUOUS
10
6.6757699606299212
20
-4.6312112204724407
11
6.6744901181102358
21
-4.6376453543307088
0
LINE
8
BLACK
6
CONTINUOUS
10
6.6744901181102358
20
-4.6376453543307088
11
6.6719796456692908
21
-4.6437061811023623
0
LINE
8
BLACK
6
CONTINUOUS
10
6.6719796456692908
20
-4.6437061811023623
11
6.6683349999999999
21
-4.6491607874015743
0
LINE
8
BLACK
6
CONTINUOUS
10
6.6683349999999999
20
-4.6491607874015743
11
6.663696220472441
21
-4.6537995669291341
0
LINE
8
BLACK
6
CONTINUOUS
10
6.663696220472441
20
-4.6537995669291341
11
6.6582416141732281
21
-4.657444212598425
0
LINE
8
BLACK
6
CONTINUOUS
10
6.6582416141732281
20
-4.657444212598425
11
6.6521807874015746
21
-4.65995468503937
0
LINE
8
BLACK
6
CONTINUOUS
10
6.6521807874015746
20
-4.65995468503937
11
6.6457466535433065
21
-4.6612345275590554
0
LINE
8
BLACK
6
CONTINUOUS
10
6.6457466535433065
20
-4.6612345275590554
11
6.6391864173228345
21
-4.6612345275590554
0
LINE
8
BLACK
6
CONTINUOUS
10
6.6391864173228345
20
-4.6612345275590554
11
6.6327522834645665
21
-4.65995468503937
0
LINE
8
BLACK
6
CONTINUOUS
10
6.6327522834645665
20
-4.65995468503937
11
6.6266914566929129
21
-4.657444212598425
0
LINE
8
BLACK
6
CONTINUOUS
10
6.6266914566929129
20
-4.657444212598425
11
6.6212368503937009
21
-4.6537995669291341
0
LINE
8
BLACK
6
CONTINUOUS
10
6.6212368503937009
20
-4.6537995669291341
11
6.6165980708661412
21
-4.6491607874015743
0
LINE
8
BLACK
6
CONTINUOUS
10
6.6165980708661412
20
-4.6491607874015743
11
6.6129534251968503
21
-4.6437061811023623
0
LINE
8
BLACK
6
CONTINUOUS
10
6.6129534251968503
20
-4.6437061811023623
11
6.6104429527559052
21
-4.6376453543307088
0
LINE
8
BLACK
6
CONTINUOUS
10
6.6104429527559052
20
-4.6376453543307088
11
6.6091631102362207
21
-4.6312112204724407
0
LINE
8
BLACK
6
CONTINUOUS
10
6.6091631102362207
20
-4.6312112204724407
11
6.6091631102362207
21
-4.6246509842519687
0
LINE
8
BLACK
6
CONTINUOUS
10
6.6091631102362207
20
-4.6246509842519687
11
6.6104429527559052
21
-4.6182168503937007
0
LINE
8
BLACK
6
CONTINUOUS
10
6.6104429527559052
20
-4.6182168503937007
11
6.6129534251968503
21
-4.6121560236220471
0
LINE
8
BLACK
6
CONTINUOUS
10
6.6129534251968503
20
-4.6121560236220471
11
6.6165980708661412
21
-4.6067014173228342
0
LINE
8
BLACK
6
CONTINUOUS
10
6.6165980708661412
20
-4.6067014173228342
11
6.6212368503937009
21
-4.6020626377952754
0
LINE
8
BLACK
6
CONTINUOUS
10
6.6212368503937009
20
-4.6020626377952754
11
6.6266914566929129
21
-4.5984179921259845
0
LINE
8
BLACK
6
CONTINUOUS
10
6.6266914566929129
20
-4.5984179921259845
11
6.6327522834645665
21
-4.5959075196850394
0
LINE
8
BLACK
6
CONTINUOUS
10
6.6327522834645665
20
-4.5959075196850394
11
6.6391864173228345
21
-4.594627677165354
0
LINE
8
BLACK
6
CONTINUOUS
10
6.6391864173228345
20
-4.594627677165354
11
6.6457466535433065
21
-4.594627677165354
0
LINE
8
BLACK
6
CONTINUOUS
10
6.6457466535433065
20
-4.594627677165354
11
6.6521807874015746
21
-4.5959075196850394
0
LINE
8
BLACK
6
CONTINUOUS
10
5.5117215748031496
20
-4.5820410629921255
11
5.5145599999999995
21
-4.583216771653543
0
LINE
8
BLACK
6
CONTINUOUS
10
5.5145599999999995
20
-4.583216771653543
11
5.5157531889763778
21
-4.5841960236220469
0
LINE
8
BLACK
6
CONTINUOUS
10
5.5157531889763778
20
-4.5841960236220469
11
5.5233994488188971
21
-4.5918422440944884
0
LINE
8
BLACK
6
CONTINUOUS
10
5.5233994488188971
20
-4.5918422440944884
11
5.6677083858267716
21
-4.5918422440944884
0
LINE
8
BLACK
6
CONTINUOUS
10
5.6677083858267716
20
-4.5918422440944884
11
5.6692445275590551
21
-4.5919935433070869
0
LINE
8
BLACK
6
CONTINUOUS
10
5.6692445275590551
20
-4.5919935433070869
11
5.6720829527559058
21
-4.5931692519685035
0
LINE
8
BLACK
6
CONTINUOUS
10
5.6720829527559058
20
-4.5931692519685035
11
5.6732761417322832
21
-4.5941485039370074
0
LINE
8
BLACK
6
CONTINUOUS
10
5.6732761417322832
20
-4.5941485039370074
11
5.7075301574803152
21
-4.6284024803149606
0
LINE
8
BLACK
6
CONTINUOUS
10
5.7075301574803152
20
-4.6284024803149606
11
5.7094405511811024
21
-4.6278906299212599
0
LINE
8
BLACK
6
CONTINUOUS
10
5.7094405511811024
20
-4.6278906299212599
11
5.7135515748031498
21
-4.6278906299212599
0
LINE
8
BLACK
6
CONTINUOUS
10
5.7135515748031498
20
-4.6278906299212599
11
5.7175225590551184
21
-4.6289546456692916
0
LINE
8
BLACK
6
CONTINUOUS
10
5.7175225590551184
20
-4.6289546456692916
11
5.7210828740157478
21
-4.6310101968503936
0
LINE
8
BLACK
6
CONTINUOUS
10
5.7210828740157478
20
-4.6310101968503936
11
5.7239898031496059
21
-4.6339171259842518
0
LINE
8
BLACK
6
CONTINUOUS
10
5.7239898031496059
20
-4.6339171259842518
11
5.7260453543307088
21
-4.637477440944882
0
LINE
8
BLACK
6
CONTINUOUS
10
5.7260453543307088
20
-4.637477440944882
11
5.7271093700787397
21
-4.6414484251968506
0
LINE
8
BLACK
6
CONTINUOUS
10
5.7271093700787397
20
-4.6414484251968506
11
5.7271093700787397
21
-4.6455594488188972
0
LINE
8
BLACK
6
CONTINUOUS
10
5.7271093700787397
20
-4.6455594488188972
11
5.7260453543307088
21
-4.6495304330708658
0
LINE
8
BLACK
6
CONTINUOUS
10
5.7260453543307088
20
-4.6495304330708658
11
5.7239898031496059
21
-4.653090748031496
0
LINE
8
BLACK
6
CONTINUOUS
10
5.7239898031496059
20
-4.653090748031496
11
5.7210828740157478
21
-4.6559976771653542
0
LINE
8
BLACK
6
CONTINUOUS
10
5.7210828740157478
20
-4.6559976771653542
11
5.7175225590551184
21
-4.6580532283464562
0
LINE
8
BLACK
6
CONTINUOUS
10
5.7175225590551184
20
-4.6580532283464562
11
5.7135515748031498
21
-4.6591172440944879
0
LINE
8
BLACK
6
CONTINUOUS
10
5.7135515748031498
20
-4.6591172440944879
11
5.7094405511811024
21
-4.6591172440944879
0
LINE
8
BLACK
6
CONTINUOUS
10
5.7094405511811024
20
-4.6591172440944879
11
5.7054695669291338
21
-4.6580532283464562
0
LINE
8
BLACK
6
CONTINUOUS
10
5.7054695669291338
20
-4.6580532283464562
11
5.7019092519685035
21
-4.6559976771653542
0
LINE
8
BLACK
6
CONTINUOUS
10
5.7019092519685035
20
-4.6559976771653542
11
5.6990023228346454
21
-4.653090748031496
0
LINE
8
BLACK
6
CONTINUOUS
10
5.6990023228346454
20
-4.653090748031496
11
5.6969467716535434
21
-4.6495304330708658
0
LINE
8
BLACK
6
CONTINUOUS
10
5.6969467716535434
20
-4.6495304330708658
11
5.6958827559055116
21
-4.6455594488188972
0
LINE
8
BLACK
6
CONTINUOUS
10
5.6958827559055116
20
-4.6455594488188972
11
5.6958827559055116
21
-4.6414484251968506
0
LINE
8
BLACK
6
CONTINUOUS
10
5.6958827559055116
20
-4.6414484251968506
11
5.6963946062992123
21
-4.6395380314960626
0
LINE
8
BLACK
6
CONTINUOUS
10
5.6963946062992123
20
-4.6395380314960626
11
5.664446889763779
21
-4.6075902755905513
0
LINE
8
BLACK
6
CONTINUOUS
10
5.664446889763779
20
-4.6075902755905513
11
5.5201379133858266
21
-4.6075902755905513
0
LINE
8
BLACK
6
CONTINUOUS
10
5.5201379133858266
20
-4.6075902755905513
11
5.5186017716535432
21
-4.6074389763779529
0
LINE
8
BLACK
6
CONTINUOUS
10
5.5186017716535432
20
-4.6074389763779529
11
5.5157633464566924
21
-4.6062632677165354
0
LINE
8
BLACK
6
CONTINUOUS
10
5.5157633464566924
20
-4.6062632677165354
11
5.5145701181102362
21
-4.6052840157480315
0
LINE
8
BLACK
6
CONTINUOUS
10
5.5145701181102362
20
-4.6052840157480315
11
5.5069239370078735
21
-4.59763779527559
0
LINE
8
BLACK
6
CONTINUOUS
10
5.5069239370078735
20
-4.59763779527559
11
5.3530761417322834
21
-4.59763779527559
0
LINE
8
BLACK
6
CONTINUOUS
10
5.3530761417322834
20
-4.59763779527559
11
5.3351461417322836
21
-4.6155677559055119
0
LINE
8
BLACK
6
CONTINUOUS
10
5.3351461417322836
20
-4.6155677559055119
11
5.3339529527559053
21
-4.6165470078740158
0
LINE
8
BLACK
6
CONTINUOUS
10
5.3339529527559053
20
-4.6165470078740158
11
5.3311145275590546
21
-4.6177227165354333
0
LINE
8
BLACK
6
CONTINUOUS
10
5.3311145275590546
20
-4.6177227165354333
11
5.3295783858267711
21
-4.6178740157480318
0
LINE
8
BLACK
6
CONTINUOUS
10
5.3295783858267711
20
-4.6178740157480318
11
5.2984826377952752
21
-4.6178740157480318
0
LINE
8
BLACK
6
CONTINUOUS
10
5.2984826377952752
20
-4.6178740157480318
11
5.2974937401574804
21
-4.6195868110236216
0
LINE
8
BLACK
6
CONTINUOUS
10
5.2974937401574804
20
-4.6195868110236216
11
5.2945868110236223
21
-4.6224937401574806
0
LINE
8
BLACK
6
CONTINUOUS
10
5.2945868110236223
20
-4.6224937401574806
11
5.291026496062992
21
-4.6245492913385826
0
LINE
8
BLACK
6
CONTINUOUS
10
5.291026496062992
20
-4.6245492913385826
11
5.2870555118110234
21
-4.6256133070866143
0
LINE
8
BLACK
6
CONTINUOUS
10
5.2870555118110234
20
-4.6256133070866143
11
5.282944488188976
21
-4.6256133070866143
0
LINE
8
BLACK
6
CONTINUOUS
10
5.282944488188976
20
-4.6256133070866143
11
5.2789735039370074
21
-4.6245492913385826
0
LINE
8
BLACK
6
CONTINUOUS
10
5.2789735039370074
20
-4.6245492913385826
11
5.275413188976378
21
-4.6224937401574806
0
LINE
8
BLACK
6
CONTINUOUS
10
5.275413188976378
20
-4.6224937401574806
11
5.2725062598425199
21
-4.6195868110236216
0
LINE
8
BLACK
6
CONTINUOUS
10
5.2725062598425199
20
-4.6195868110236216
11
5.270450708661417
21
-4.6160264960629922
0
LINE
8
BLACK
6
CONTINUOUS
10
5.270450708661417
20
-4.6160264960629922
11
5.2693866929133861
21
-4.6120555118110236
0
LINE
8
BLACK
6
CONTINUOUS
10
5.2693866929133861
20
-4.6120555118110236
11
5.2693866929133861
21
-4.6079444881889762
0
LINE
8
BLACK
6
CONTINUOUS
10
5.2693866929133861
20
-4.6079444881889762
11
5.270450708661417
21
-4.6039735039370075
0
LINE
8
BLACK
6
CONTINUOUS
10
5.270450708661417
20
-4.6039735039370075
11
5.2725062598425199
21
-4.6004131889763782
0
LINE
8
BLACK
6
CONTINUOUS
10
5.2725062598425199
20
-4.6004131889763782
11
5.275413188976378
21
-4.5975062598425191
0
LINE
8
BLACK
6
CONTINUOUS
10
5.275413188976378
20
-4.5975062598425191
11
5.2789735039370074
21
-4.5954507086614171
0
LINE
8
BLACK
6
CONTINUOUS
10
5.2789735039370074
20
-4.5954507086614171
11
5.282944488188976
21
-4.5943866929133854
0
LINE
8
BLACK
6
CONTINUOUS
10
5.282944488188976
20
-4.5943866929133854
11
5.2870555118110234
21
-4.5943866929133854
0
LINE
8
BLACK
6
CONTINUOUS
10
5.2870555118110234
20
-4.5943866929133854
11
5.291026496062992
21
-4.5954507086614171
0
LINE
8
BLACK
6
CONTINUOUS
10
5.291026496062992
20
-4.5954507086614171
11
5.2945868110236223
21
-4.5975062598425191
0
LINE
8
BLACK
6
CONTINUOUS
10
5.2945868110236223
20
-4.5975062598425191
11
5.2974937401574804
21
-4.6004131889763782
0
LINE
8
BLACK
6
CONTINUOUS
10
5.2974937401574804
20
-4.6004131889763782
11
5.2984826377952752
21
-4.6021259842519688
0
LINE
8
BLACK
6
CONTINUOUS
10
5.2984826377952752
20
-4.6021259842519688
11
5.3263168897637794
21
-4.6021259842519688
0
LINE
8
BLACK
6
CONTINUOUS
10
5.3263168897637794
20
-4.6021259842519688
11
5.3442468503937004
21
-4.5841959842519682
0
LINE
8
BLACK
6
CONTINUOUS
10
5.3442468503937004
20
-4.5841959842519682
11
5.3454400393700787
21
-4.583216771653543
0
LINE
8
BLACK
6
CONTINUOUS
10
5.3454400393700787
20
-4.583216771653543
11
5.3482784645669286
21
-4.5820410629921255
0
LINE
8
BLACK
6
CONTINUOUS
10
5.3482784645669286
20
-4.5820410629921255
11
5.3498146062992129
21
-4.5818897637795271
0
LINE
8
BLACK
6
CONTINUOUS
10
5.3498146062992129
20
-4.5818897637795271
11
5.5101854330708662
21
-4.5818897637795271
0
LINE
8
BLACK
6
CONTINUOUS
10
5.5101854330708662
20
-4.5818897637795271
11
5.5117215748031496
21
-4.5820410629921255
0
LINE
8
BLACK
6
CONTINUOUS
10
5.2239181496062992
20
-4.5183537401574805
11
5.2257195275590549
21
-4.5204326377952757
0
LINE
8
BLACK
6
CONTINUOUS
10
5.2257195275590549
20
-4.5204326377952757
11
5.2258161417322837
21
-4.5206881496062987
0
LINE
8
BLACK
6
CONTINUOUS
10
5.2258161417322837
20
-4.5206881496062987
11
5.2258179133858267
21
-4.5206874409448821
0
LINE
8
BLACK
6
CONTINUOUS
10
5.2258179133858267
20
-4.5206874409448821
11
5.2285820078740155
21
-4.5273607086614174
0
LINE
8
BLACK
6
CONTINUOUS
10
5.2285820078740155
20
-4.5273607086614174
11
5.2285822834645668
21
-4.5273612204724412
0
LINE
8
BLACK
6
CONTINUOUS
10
5.2285822834645668
20
-4.5273612204724412
11
5.2324620078740161
21
-4.5331675590551184
0
LINE
8
BLACK
6
CONTINUOUS
10
5.2324620078740161
20
-4.5331675590551184
11
5.2324621259842514
21
-4.5331677165354334
0
LINE
8
BLACK
6
CONTINUOUS
10
5.2324621259842514
20
-4.5331677165354334
11
5.2374000393700788
21
-4.5381056299212599
0
LINE
8
BLACK
6
CONTINUOUS
10
5.2374000393700788
20
-4.5381056299212599
11
5.2374001968503938
21
-4.5381057480314961
0
LINE
8
BLACK
6
CONTINUOUS
10
5.2374001968503938
20
-4.5381057480314961
11
5.2424008661417325
21
-4.5414471259842522
0
LINE
8
BLACK
6
CONTINUOUS
10
5.2424008661417325
20
-4.5414471259842522
11
5.2441648425196847
21
-4.5435578346456689
0
LINE
8
BLACK
6
CONTINUOUS
10
5.2441648425196847
20
-4.5435578346456689
11
5.2445076377952757
21
-4.5462871653543306
0
LINE
8
BLACK
6
CONTINUOUS
10
5.2445076377952757
20
-4.5462871653543306
11
5.243320433070866
21
-4.5487685826771651
0
LINE
8
BLACK
6
CONTINUOUS
10
5.243320433070866
20
-4.5487685826771651
11
5.2409801574803145
21
-4.5502142125984255
0
LINE
8
BLACK
6
CONTINUOUS
10
5.2409801574803145
20
-4.5502142125984255
11
5.2396886220472441
21
-4.5503881496062988
0
LINE
8
BLACK
6
CONTINUOUS
10
5.2396886220472441
20
-4.5503881496062988
11
5.1968494488188979
21
-4.5503881496062988
0
LINE
8
BLACK
6
CONTINUOUS
10
5.1968494488188979
20
-4.5503881496062988
11
5.1968494488188979
21
-4.5537560236220473
0
LINE
8
BLACK
6
CONTINUOUS
10
5.1968494488188979
20
-4.5537560236220473
11
5.1957854330708662
21
-4.557727007874016
0
LINE
8
BLACK
6
CONTINUOUS
10
5.1957854330708662
20
-4.557727007874016
11
5.1937298818897633
21
-4.5612873228346453
0
LINE
8
BLACK
6
CONTINUOUS
10
5.1937298818897633
20
-4.5612873228346453
11
5.1908229527559051
21
-4.5641942519685035
0
LINE
8
BLACK
6
CONTINUOUS
10
5.1908229527559051
20
-4.5641942519685035
11
5.1872626377952757
21
-4.5662498031496064
0
LINE
8
BLACK
6
CONTINUOUS
10
5.1872626377952757
20
-4.5662498031496064
11
5.1832916535433071
21
-4.5673138188976381
0
LINE
8
BLACK
6
CONTINUOUS
10
5.1832916535433071
20
-4.5673138188976381
11
5.1791806299212597
21
-4.5673138188976381
0
LINE
8
BLACK
6
CONTINUOUS
10
5.1791806299212597
20
-4.5673138188976381
11
5.1752096456692911
21
-4.5662498031496064
0
LINE
8
BLACK
6
CONTINUOUS
10
5.1752096456692911
20
-4.5662498031496064
11
5.1716493307086617
21
-4.5641942519685035
0
LINE
8
BLACK
6
CONTINUOUS
10
5.1716493307086617
20
-4.5641942519685035
11
5.1687424015748027
21
-4.5612873228346453
0
LINE
8
BLACK
6
CONTINUOUS
10
5.1687424015748027
20
-4.5612873228346453
11
5.1666868503937007
21
-4.557727007874016
0
LINE
8
BLACK
6
CONTINUOUS
10
5.1666868503937007
20
-4.557727007874016
11
5.165622834645669
21
-4.5537560236220473
0
LINE
8
BLACK
6
CONTINUOUS
10
5.165622834645669
20
-4.5537560236220473
11
5.165622834645669
21
-4.5503881496062988
0
LINE
8
BLACK
6
CONTINUOUS
10
5.165622834645669
20
-4.5503881496062988
11
5.1062795275590549
21
-4.5503881496062988
0
LINE
8
BLACK
6
CONTINUOUS
10
5.1062795275590549
20
-4.5503881496062988
11
5.1036401968503933
21
-4.5496131496062988
0
LINE
8
BLACK
6
CONTINUOUS
10
5.1036401968503933
20
-4.5496131496062988
11
5.1018388188976376
21
-4.5475342519685036
0
LINE
8
BLACK
6
CONTINUOUS
10
5.1018388188976376
20
-4.5475342519685036
11
5.1013976377952757
21
-4.5455062598425195
0
LINE
8
BLACK
6
CONTINUOUS
10
5.1013976377952757
20
-4.5455062598425195
11
5.1013976377952757
21
-4.5279746456692909
0
LINE
8
BLACK
6
CONTINUOUS
10
5.1013976377952757
20
-4.5279746456692909
11
5.1021726377952756
21
-4.5253353149606301
0
LINE
8
BLACK
6
CONTINUOUS
10
5.1021726377952756
20
-4.5253353149606301
11
5.1042515354330709
21
-4.5235339370078735
0
LINE
8
BLACK
6
CONTINUOUS
10
5.1042515354330709
20
-4.5235339370078735
11
5.1069742913385827
21
-4.5231424409448815
0
LINE
8
BLACK
6
CONTINUOUS
10
5.1069742913385827
20
-4.5231424409448815
11
5.1081473228346459
21
-4.5234642125984248
0
LINE
8
BLACK
6
CONTINUOUS
10
5.1081473228346459
20
-4.5234642125984248
11
5.1096588188976373
21
-4.5240903149606302
0
LINE
8
BLACK
6
CONTINUOUS
10
5.1096588188976373
20
-4.5240903149606302
11
5.1096590551181098
21
-4.5240903543307089
0
LINE
8
BLACK
6
CONTINUOUS
10
5.1096590551181098
20
-4.5240903543307089
11
5.1096590944881886
21
-4.5240903937007877
0
LINE
8
BLACK
6
CONTINUOUS
10
5.1096590944881886
20
-4.5240903937007877
11
5.1165080314960631
21
-4.5254527165354332
0
LINE
8
BLACK
6
CONTINUOUS
10
5.1165080314960631
20
-4.5254527165354332
11
5.1165081496062994
21
-4.525452755905512
0
LINE
8
BLACK
6
CONTINUOUS
10
5.1165081496062994
20
-4.525452755905512
11
5.1165082283464569
21
-4.525452755905512
0
LINE
8
BLACK
6
CONTINUOUS
10
5.1165082283464569
20
-4.525452755905512
11
5.1234918503937008
21
-4.525452755905512
0
LINE
8
BLACK
6
CONTINUOUS
10
5.1234918503937008
20
-4.525452755905512
11
5.1234918897637796
21
-4.5254527165354332
0
LINE
8
BLACK
6
CONTINUOUS
10
5.1234918897637796
20
-4.5254527165354332
11
5.1257748818897637
21
-4.5249985826771653
0
LINE
8
BLACK
6
CONTINUOUS
10
5.1257748818897637
20
-4.5249985826771653
11
5.130340866141732
21
-4.5240903937007877
0
LINE
8
BLACK
6
CONTINUOUS
10
5.130340866141732
20
-4.5240903937007877
11
5.1303409842519683
21
-4.5240903149606302
0
LINE
8
BLACK
6
CONTINUOUS
10
5.1303409842519683
20
-4.5240903149606302
11
5.130341181102362
21
-4.5240903149606302
0
LINE
8
BLACK
6
CONTINUOUS
10
5.130341181102362
20
-4.5240903149606302
11
5.1367931889763776
21
-4.5214178346456695
0
LINE
8
BLACK
6
CONTINUOUS
10
5.1367931889763776
20
-4.5214178346456695
11
5.1413074409448818
21
-4.5184014566929136
0
LINE
8
BLACK
6
CONTINUOUS
10
5.1413074409448818
20
-4.5184014566929136
11
5.1439325196850394
21
-4.5175795275590547
0
LINE
8
BLACK
6
CONTINUOUS
10
5.1439325196850394
20
-4.5175795275590547
11
5.1440196850393702
21
-4.5175787401574805
0
LINE
8
BLACK
6
CONTINUOUS
10
5.1440196850393702
20
-4.5175787401574805
11
5.2212788188976376
21
-4.5175787401574805
0
LINE
8
BLACK
6
CONTINUOUS
10
5.2212788188976376
20
-4.5175787401574805
11
5.2239181496062992
21
-4.5183537401574805
0
LINE
8
BLACK
6
CONTINUOUS
10
5.3410264960629918
20
-4.5054507086614173
11
5.3445868110236221
21
-4.5075062598425193
0
LINE
8
BLACK
6
CONTINUOUS
10
5.3445868110236221
20
-4.5075062598425193
11
5.3474937401574802
21
-4.5104131889763774
0
LINE
8
BLACK
6
CONTINUOUS
10
5.3474937401574802
20
-4.5104131889763774
11
5.3495492913385823
21
-4.5139735039370077
0
LINE
8
BLACK
6
CONTINUOUS
10
5.3495492913385823
20
-4.5139735039370077
11
5.350613307086614
21
-4.5179444881889763
0
LINE
8
BLACK
6
CONTINUOUS
10
5.350613307086614
20
-4.5179444881889763
11
5.350613307086614
21
-4.5220555118110237
0
LINE
8
BLACK
6
CONTINUOUS
10
5.350613307086614
20
-4.5220555118110237
11
5.3501014173228345
21
-4.5239658661417321
0
LINE
8
BLACK
6
CONTINUOUS
10
5.3501014173228345
20
-4.5239658661417321
11
5.3582615354330709
21
-4.5321259842519686
0
LINE
8
BLACK
6
CONTINUOUS
10
5.3582615354330709
20
-4.5321259842519686
11
5.7315173622047242
21
-4.5321259842519686
0
LINE
8
BLACK
6
CONTINUOUS
10
5.7315173622047242
20
-4.5321259842519686
11
5.7325062598425198
21
-4.5304131889763779
0
LINE
8
BLACK
6
CONTINUOUS
10
5.7325062598425198
20
-4.5304131889763779
11
5.735413188976378
21
-4.5275062598425198
0
LINE
8
BLACK
6
CONTINUOUS
10
5.735413188976378
20
-4.5275062598425198
11
5.7389735039370073
21
-4.5254507086614169
0
LINE
8
BLACK
6
CONTINUOUS
10
5.7389735039370073
20
-4.5254507086614169
11
5.742944488188976
21
-4.524386692913386
0
LINE
8
BLACK
6
CONTINUOUS
10
5.742944488188976
20
-4.524386692913386
11
5.7470555118110234
21
-4.524386692913386
0
LINE
8
BLACK
6
CONTINUOUS
10
5.7470555118110234
20
-4.524386692913386
11
5.751026496062992
21
-4.5254507086614169
0
LINE
8
BLACK
6
CONTINUOUS
10
5.751026496062992
20
-4.5254507086614169
11
5.7545868110236222
21
-4.5275062598425198
0
LINE
8
BLACK
6
CONTINUOUS
10
5.7545868110236222
20
-4.5275062598425198
11
5.7574937401574804
21
-4.5304131889763779
0
LINE
8
BLACK
6
CONTINUOUS
10
5.7574937401574804
20
-4.5304131889763779
11
5.7595492913385824
21
-4.5339735039370082
0
LINE
8
BLACK
6
CONTINUOUS
10
5.7595492913385824
20
-4.5339735039370082
11
5.7606133070866141
21
-4.5379444881889759
0
LINE
8
BLACK
6
CONTINUOUS
10
5.7606133070866141
20
-4.5379444881889759
11
5.7606133070866141
21
-4.5420555118110233
0
LINE
8
BLACK
6
CONTINUOUS
10
5.7606133070866141
20
-4.5420555118110233
11
5.7595492913385824
21
-4.5460264960629919
0
LINE
8
BLACK
6
CONTINUOUS
10
5.7595492913385824
20
-4.5460264960629919
11
5.7574937401574804
21
-4.5495868110236222
0
LINE
8
BLACK
6
CONTINUOUS
10
5.7574937401574804
20
-4.5495868110236222
11
5.7545868110236222
21
-4.5524937401574803
0
LINE
8
BLACK
6
CONTINUOUS
10
5.7545868110236222
20
-4.5524937401574803
11
5.751026496062992
21
-4.5545492913385823
0
LINE
8
BLACK
6
CONTINUOUS
10
5.751026496062992
20
-4.5545492913385823
11
5.7470555118110234
21
-4.555613307086614
0
LINE
8
BLACK
6
CONTINUOUS
10
5.7470555118110234
20
-4.555613307086614
11
5.742944488188976
21
-4.555613307086614
0
LINE
8
BLACK
6
CONTINUOUS
10
5.742944488188976
20
-4.555613307086614
11
5.7389735039370073
21
-4.5545492913385823
0
LINE
8
BLACK
6
CONTINUOUS
10
5.7389735039370073
20
-4.5545492913385823
11
5.735413188976378
21
-4.5524937401574803
0
LINE
8
BLACK
6
CONTINUOUS
10
5.735413188976378
20
-4.5524937401574803
11
5.7325062598425198
21
-4.5495868110236222
0
LINE
8
BLACK
6
CONTINUOUS
10
5.7325062598425198
20
-4.5495868110236222
11
5.7315173622047242
21
-4.5478740157480315
0
LINE
8
BLACK
6
CONTINUOUS
10
5.7315173622047242
20
-4.5478740157480315
11
5.3549999999999995
21
-4.5478740157480315
0
LINE
8
BLACK
6
CONTINUOUS
10
5.3549999999999995
20
-4.5478740157480315
11
5.3534638582677161
21
-4.547722716535433
0
LINE
8
BLACK
6
CONTINUOUS
10
5.3534638582677161
20
-4.547722716535433
11
5.3506254330708662
21
-4.5465470078740156
0
LINE
8
BLACK
6
CONTINUOUS
10
5.3506254330708662
20
-4.5465470078740156
11
5.3506251968503937
21
-4.546546771653543
0
LINE
8
BLACK
6
CONTINUOUS
10
5.3506251968503937
20
-4.546546771653543
11
5.3494322047244092
21
-4.5455677559055117
0
LINE
8
BLACK
6
CONTINUOUS
10
5.3494322047244092
20
-4.5455677559055117
11
5.3389658661417325
21
-4.5351014173228341
0
LINE
8
BLACK
6
CONTINUOUS
10
5.3389658661417325
20
-4.5351014173228341
11
5.3370555118110232
21
-4.5356133070866145
0
LINE
8
BLACK
6
CONTINUOUS
10
5.3370555118110232
20
-4.5356133070866145
11
5.3329444881889758
21
-4.5356133070866145
0
LINE
8
BLACK
6
CONTINUOUS
10
5.3329444881889758
20
-4.5356133070866145
11
5.3289735039370081
21
-4.5345492913385828
0
LINE
8
BLACK
6
CONTINUOUS
10
5.3289735039370081
20
-4.5345492913385828
11
5.3254131889763778
21
-4.5324937401574799
0
LINE
8
BLACK
6
CONTINUOUS
10
5.3254131889763778
20
-4.5324937401574799
11
5.3225062598425197
21
-4.5295868110236217
0
LINE
8
BLACK
6
CONTINUOUS
10
5.3225062598425197
20
-4.5295868110236217
11
5.3204507086614168
21
-4.5260264960629923
0
LINE
8
BLACK
6
CONTINUOUS
10
5.3204507086614168
20
-4.5260264960629923
11
5.319386692913386
21
-4.5220555118110237
0
LINE
8
BLACK
6
CONTINUOUS
10
5.319386692913386
20
-4.5220555118110237
11
5.319386692913386
21
-4.5179444881889763
0
LINE
8
BLACK
6
CONTINUOUS
10
5.319386692913386
20
-4.5179444881889763
11
5.3204507086614168
21
-4.5139735039370077
0
LINE
8
BLACK
6
CONTINUOUS
10
5.3204507086614168
20
-4.5139735039370077
11
5.3225062598425197
21
-4.5104131889763774
0
LINE
8
BLACK
6
CONTINUOUS
10
5.3225062598425197
20
-4.5104131889763774
11
5.3254131889763778
21
-4.5075062598425193
0
LINE
8
BLACK
6
CONTINUOUS
10
5.3254131889763778
20
-4.5075062598425193
11
5.3289735039370081
21
-4.5054507086614173
0
LINE
8
BLACK
6
CONTINUOUS
10
5.3289735039370081
20
-4.5054507086614173
11
5.3329444881889758
21
-4.5043866929133856
0
LINE
8
BLACK
6
CONTINUOUS
10
5.3329444881889758
20
-4.5043866929133856
11
5.3370555118110232
21
-4.5043866929133856
0
LINE
8
BLACK
6
CONTINUOUS
10
5.3370555118110232
20
-4.5043866929133856
11
5.3410264960629918
21
-4.5054507086614173
0
LINE
8
BLACK
6
CONTINUOUS
10
6.0367087795275589
20
-4.3898196062992128
11
6.0386246456692909
21
-4.3910997637795273
0
LINE
8
BLACK
6
CONTINUOUS
10
6.0386246456692909
20
-4.3910997637795273
11
6.0399048031496063
21
-4.3930156299212602
0
LINE
8
BLACK
6
CONTINUOUS
10
6.0399048031496063
20
-4.3930156299212602
11
6.0403543307086611
21
-4.3952755905511811
0
LINE
8
BLACK
6
CONTINUOUS
10
6.0403543307086611
20
-4.3952755905511811
11
6.0403543307086611
21
-4.4503937007874015
0
LINE
8
BLACK
6
CONTINUOUS
10
6.0403543307086611
20
-4.4503937007874015
11
6.0399048031496063
21
-4.4526536614173224
0
LINE
8
BLACK
6
CONTINUOUS
10
6.0399048031496063
20
-4.4526536614173224
11
6.0386246456692909
21
-4.4545695275590553
0
LINE
8
BLACK
6
CONTINUOUS
10
6.0386246456692909
20
-4.4545695275590553
11
6.0367087795275589
21
-4.4558496850393698
0
LINE
8
BLACK
6
CONTINUOUS
10
6.0367087795275589
20
-4.4558496850393698
11
6.0364173228346454
21
-4.4559076377952751
0
LINE
8
BLACK
6
CONTINUOUS
10
6.0364173228346454
20
-4.4559076377952751
11
6.0364173228346454
21
-4.4673330314960626
0
LINE
8
BLACK
6
CONTINUOUS
10
6.0364173228346454
20
-4.4673330314960626
11
6.0823830314960627
21
-4.51329874015748
0
LINE
8
BLACK
6
CONTINUOUS
10
6.0823830314960627
20
-4.51329874015748
11
6.0842934645669287
21
-4.5127868897637793
0
LINE
8
BLACK
6
CONTINUOUS
10
6.0842934645669287
20
-4.5127868897637793
11
6.0884044881889761
21
-4.5127868897637793
0
LINE
8
BLACK
6
CONTINUOUS
10
6.0884044881889761
20
-4.5127868897637793
11
6.0923754724409447
21
-4.513850905511811
0
LINE
8
BLACK
6
CONTINUOUS
10
6.0923754724409447
20
-4.513850905511811
11
6.0959357874015749
21
-4.515906456692913
0
LINE
8
BLACK
6
CONTINUOUS
10
6.0959357874015749
20
-4.515906456692913
11
6.0988427165354331
21
-4.5188133858267712
0
LINE
8
BLACK
6
CONTINUOUS
10
6.0988427165354331
20
-4.5188133858267712
11
6.1008982677165351
21
-4.5223737007874014
0
LINE
8
BLACK
6
CONTINUOUS
10
6.1008982677165351
20
-4.5223737007874014
11
6.1019622834645668
21
-4.52634468503937
0
LINE
8
BLACK
6
CONTINUOUS
10
6.1019622834645668
20
-4.52634468503937
11
6.1019622834645668
21
-4.5304557086614174
0
LINE
8
BLACK
6
CONTINUOUS
10
6.1019622834645668
20
-4.5304557086614174
11
6.1008982677165351
21
-4.5344266929133861
0
LINE
8
BLACK
6
CONTINUOUS
10
6.1008982677165351
20
-4.5344266929133861
11
6.0988427165354331
21
-4.5379870078740154
0
LINE
8
BLACK
6
CONTINUOUS
10
6.0988427165354331
20
-4.5379870078740154
11
6.0959357874015749
21
-4.5408939370078736
0
LINE
8
BLACK
6
CONTINUOUS
10
6.0959357874015749
20
-4.5408939370078736
11
6.0923754724409447
21
-4.5429494881889765
0
LINE
8
BLACK
6
CONTINUOUS
10
6.0923754724409447
20
-4.5429494881889765
11
6.0884044881889761
21
-4.5440135039370082
0
LINE
8
BLACK
6
CONTINUOUS
10
6.0884044881889761
20
-4.5440135039370082
11
6.0842934645669287
21
-4.5440135039370082
0
LINE
8
BLACK
6
CONTINUOUS
10
6.0842934645669287
20
-4.5440135039370082
11
6.0803224803149609
21
-4.5429494881889765
0
LINE
8
BLACK
6
CONTINUOUS
10
6.0803224803149609
20
-4.5429494881889765
11
6.0767621653543307
21
-4.5408939370078736
0
LINE
8
BLACK
6
CONTINUOUS
10
6.0767621653543307
20
-4.5408939370078736
11
6.0738552362204725
21
-4.5379870078740154
0
LINE
8
BLACK
6
CONTINUOUS
10
6.0738552362204725
20
-4.5379870078740154
11
6.0717996850393696
21
-4.5344266929133861
0
LINE
8
BLACK
6
CONTINUOUS
10
6.0717996850393696
20
-4.5344266929133861
11
6.0707356692913388
21
-4.5304557086614174
0
LINE
8
BLACK
6
CONTINUOUS
10
6.0707356692913388
20
-4.5304557086614174
11
6.0707356692913388
21
-4.52634468503937
0
LINE
8
BLACK
6
CONTINUOUS
10
6.0707356692913388
20
-4.52634468503937
11
6.0712475196850395
21
-4.5244342519685041
0
LINE
8
BLACK
6
CONTINUOUS
10
6.0712475196850395
20
-4.5244342519685041
11
6.0229755511811023
21
-4.4761622834645669
0
LINE
8
BLACK
6
CONTINUOUS
10
6.0229755511811023
20
-4.4761622834645669
11
6.0219962992125984
21
-4.4749690944881886
0
LINE
8
BLACK
6
CONTINUOUS
10
6.0219962992125984
20
-4.4749690944881886
11
6.0208205905511809
21
-4.4721306692913387
0
LINE
8
BLACK
6
CONTINUOUS
10
6.0208205905511809
20
-4.4721306692913387
11
6.0206692913385824
21
-4.4705945275590553
0
LINE
8
BLACK
6
CONTINUOUS
10
6.0206692913385824
20
-4.4705945275590553
11
6.0206692913385824
21
-4.4559076377952751
0
LINE
8
BLACK
6
CONTINUOUS
10
6.0206692913385824
20
-4.4559076377952751
11
6.0203778346456689
21
-4.4558496850393698
0
LINE
8
BLACK
6
CONTINUOUS
10
6.0203778346456689
20
-4.4558496850393698
11
6.0184619685039369
21
-4.4545695275590553
0
LINE
8
BLACK
6
CONTINUOUS
10
6.0184619685039369
20
-4.4545695275590553
11
6.0171818110236215
21
-4.4526536614173224
0
LINE
8
BLACK
6
CONTINUOUS
10
6.0171818110236215
20
-4.4526536614173224
11
6.0167322834645667
21
-4.4503937007874015
0
LINE
8
BLACK
6
CONTINUOUS
10
6.0167322834645667
20
-4.4503937007874015
11
6.0167322834645667
21
-4.3952755905511811
0
LINE
8
BLACK
6
CONTINUOUS
10
6.0167322834645667
20
-4.3952755905511811
11
6.0171818110236215
21
-4.3930156299212602
0
LINE
8
BLACK
6
CONTINUOUS
10
6.0171818110236215
20
-4.3930156299212602
11
6.0184619685039369
21
-4.3910997637795273
0
LINE
8
BLACK
6
CONTINUOUS
10
6.0184619685039369
20
-4.3910997637795273
11
6.0203778346456689
21
-4.3898196062992128
0
LINE
8
BLACK
6
CONTINUOUS
10
6.0203778346456689
20
-4.3898196062992128
11
6.0226377952755907
21
-4.3893700787401571
0
LINE
8
BLACK
6
CONTINUOUS
10
6.0226377952755907
20
-4.3893700787401571
11
6.034448818897638
21
-4.3893700787401571
0
LINE
8
BLACK
6
CONTINUOUS
10
6.034448818897638
20
-4.3893700787401571
11
6.0367087795275589
21
-4.3898196062992128
0
LINE
8
BLACK
6
CONTINUOUS
10
5.4431377165354329
20
-4.4939546456692909
11
5.4466980314960631
21
-4.4960101968503938
0
LINE
8
BLACK
6
CONTINUOUS
10
5.4466980314960631
20
-4.4960101968503938
11
5.4496049606299213
21
-4.498917125984252
0
LINE
8
BLACK
6
CONTINUOUS
10
5.4496049606299213
20
-4.498917125984252
11
5.450593858267716
21
-4.5006299212598426
0
LINE
8
BLACK
6
CONTINUOUS
10
5.450593858267716
20
-4.5006299212598426
11
5.7580461023622043
21
-4.5006299212598426
0
LINE
8
BLACK
6
CONTINUOUS
10
5.7580461023622043
20
-4.5006299212598426
11
5.7595822440944877
21
-4.5007812204724411
0
LINE
8
BLACK
6
CONTINUOUS
10
5.7595822440944877
20
-4.5007812204724411
11
5.7624206692913384
21
-4.5019569291338586
0
LINE
8
BLACK
6
CONTINUOUS
10
5.7624206692913384
20
-4.5019569291338586
11
5.7636138582677168
21
-4.5029361811023625
0
LINE
8
BLACK
6
CONTINUOUS
10
5.7636138582677168
20
-4.5029361811023625
11
5.777803700787401
21
-4.517125984251968
0
LINE
8
BLACK
6
CONTINUOUS
10
5.777803700787401
20
-4.517125984251968
11
5.8031909055118112
21
-4.517125984251968
0
LINE
8
BLACK
6
CONTINUOUS
10
5.8031909055118112
20
-4.517125984251968
11
5.8041798031496059
21
-4.5154131889763782
0
LINE
8
BLACK
6
CONTINUOUS
10
5.8041798031496059
20
-4.5154131889763782
11
5.8070867322834641
21
-4.5125062598425192
0
LINE
8
BLACK
6
CONTINUOUS
10
5.8070867322834641
20
-4.5125062598425192
11
5.8106470472440943
21
-4.5104507086614172
0
LINE
8
BLACK
6
CONTINUOUS
10
5.8106470472440943
20
-4.5104507086614172
11
5.8146180314960629
21
-4.5093866929133855
0
LINE
8
BLACK
6
CONTINUOUS
10
5.8146180314960629
20
-4.5093866929133855
11
5.8187290551181103
21
-4.5093866929133855
0
LINE
8
BLACK
6
CONTINUOUS
10
5.8187290551181103
20
-4.5093866929133855
11
5.822700039370079
21
-4.5104507086614172
0
LINE
8
BLACK
6
CONTINUOUS
10
5.822700039370079
20
-4.5104507086614172
11
5.8262603543307083
21
-4.5125062598425192
0
LINE
8
BLACK
6
CONTINUOUS
10
5.8262603543307083
20
-4.5125062598425192
11
5.8291672834645665
21
-4.5154131889763782
0
LINE
8
BLACK
6
CONTINUOUS
10
5.8291672834645665
20
-4.5154131889763782
11
5.8312228346456694
21
-4.5189735039370076
0
LINE
8
BLACK
6
CONTINUOUS
10
5.8312228346456694
20
-4.5189735039370076
11
5.8322868503937011
21
-4.5229444881889762
0
LINE
8
BLACK
6
CONTINUOUS
10
5.8322868503937011
20
-4.5229444881889762
11
5.8322868503937011
21
-4.5270555118110236
0
LINE
8
BLACK
6
CONTINUOUS
10
5.8322868503937011
20
-4.5270555118110236
11
5.8312228346456694
21
-4.5310264960629922
0
LINE
8
BLACK
6
CONTINUOUS
10
5.8312228346456694
20
-4.5310264960629922
11
5.8291672834645665
21
-4.5345868110236216
0
LINE
8
BLACK
6
CONTINUOUS
10
5.8291672834645665
20
-4.5345868110236216
11
5.8262603543307083
21
-4.5374937401574806
0
LINE
8
BLACK
6
CONTINUOUS
10
5.8262603543307083
20
-4.5374937401574806
11
5.822700039370079
21
-4.5395492913385826
0
LINE
8
BLACK
6
CONTINUOUS
10
5.822700039370079
20
-4.5395492913385826
11
5.8187290551181103
21
-4.5406133070866144
0
LINE
8
BLACK
6
CONTINUOUS
10
5.8187290551181103
20
-4.5406133070866144
11
5.8146180314960629
21
-4.5406133070866144
0
LINE
8
BLACK
6
CONTINUOUS
10
5.8146180314960629
20
-4.5406133070866144
11
5.8106470472440943
21
-4.5395492913385826
0
LINE
8
BLACK
6
CONTINUOUS
10
5.8106470472440943
20
-4.5395492913385826
11
5.8070867322834641
21
-4.5374937401574806
0
LINE
8
BLACK
6
CONTINUOUS
10
5.8070867322834641
20
-4.5374937401574806
11
5.8041798031496059
21
-4.5345868110236216
0
LINE
8
BLACK
6
CONTINUOUS
10
5.8041798031496059
20
-4.5345868110236216
11
5.8031909055118112
21
-4.5328740157480309
0
LINE
8
BLACK
6
CONTINUOUS
10
5.8031909055118112
20
-4.5328740157480309
11
5.7745421653543305
21
-4.5328740157480309
0
LINE
8
BLACK
6
CONTINUOUS
10
5.7745421653543305
20
-4.5328740157480309
11
5.7730060236220471
21
-4.5327227165354333
0
LINE
8
BLACK
6
CONTINUOUS
10
5.7730060236220471
20
-4.5327227165354333
11
5.7701675984251963
21
-4.5315470078740159
0
LINE
8
BLACK
6
CONTINUOUS
10
5.7701675984251963
20
-4.5315470078740159
11
5.7701673622047247
21
-4.5315467716535434
0
LINE
8
BLACK
6
CONTINUOUS
10
5.7701673622047247
20
-4.5315467716535434
11
5.7689743700787401
21
-4.530567755905512
0
LINE
8
BLACK
6
CONTINUOUS
10
5.7689743700787401
20
-4.530567755905512
11
5.7547846062992125
21
-4.5163779527559056
0
LINE
8
BLACK
6
CONTINUOUS
10
5.7547846062992125
20
-4.5163779527559056
11
5.450593858267716
21
-4.5163779527559056
0
LINE
8
BLACK
6
CONTINUOUS
10
5.450593858267716
20
-4.5163779527559056
11
5.4496049606299213
21
-4.5180907480314962
0
LINE
8
BLACK
6
CONTINUOUS
10
5.4496049606299213
20
-4.5180907480314962
11
5.4466980314960631
21
-4.5209976771653544
0
LINE
8
BLACK
6
CONTINUOUS
10
5.4466980314960631
20
-4.5209976771653544
11
5.4431377165354329
21
-4.5230532283464564
0
LINE
8
BLACK
6
CONTINUOUS
10
5.4431377165354329
20
-4.5230532283464564
11
5.4391667322834643
21
-4.5241172440944881
0
LINE
8
BLACK
6
CONTINUOUS
10
5.4391667322834643
20
-4.5241172440944881
11
5.4350557086614169
21
-4.5241172440944881
0
LINE
8
BLACK
6
CONTINUOUS
10
5.4350557086614169
20
-4.5241172440944881
11
5.4310847244094491
21
-4.5230532283464564
0
LINE
8
BLACK
6
CONTINUOUS
10
5.4310847244094491
20
-4.5230532283464564
11
5.4275244094488189
21
-4.5209976771653544
0
LINE
8
BLACK
6
CONTINUOUS
10
5.4275244094488189
20
-4.5209976771653544
11
5.4246174803149607
21
-4.5180907480314962
0
LINE
8
BLACK
6
CONTINUOUS
10
5.4246174803149607
20
-4.5180907480314962
11
5.4225619291338578
21
-4.514530433070866
0
LINE
8
BLACK
6
CONTINUOUS
10
5.4225619291338578
20
-4.514530433070866
11
5.421497913385827
21
-4.5105594488188974
0
LINE
8
BLACK
6
CONTINUOUS
10
5.421497913385827
20
-4.5105594488188974
11
5.421497913385827
21
-4.50644842519685
0
LINE
8
BLACK
6
CONTINUOUS
10
5.421497913385827
20
-4.50644842519685
11
5.4225619291338578
21
-4.5024774409448822
0
LINE
8
BLACK
6
CONTINUOUS
10
5.4225619291338578
20
-4.5024774409448822
11
5.4246174803149607
21
-4.498917125984252
0
LINE
8
BLACK
6
CONTINUOUS
10
5.4246174803149607
20
-4.498917125984252
11
5.4275244094488189
21
-4.4960101968503938
0
LINE
8
BLACK
6
CONTINUOUS
10
5.4275244094488189
20
-4.4960101968503938
11
5.4310847244094491
21
-4.4939546456692909
0
LINE
8
BLACK
6
CONTINUOUS
10
5.4310847244094491
20
-4.4939546456692909
11
5.4350557086614169
21
-4.4928906299212601
0
LINE
8
BLACK
6
CONTINUOUS
10
5.4350557086614169
20
-4.4928906299212601
11
5.4391667322834643
21
-4.4928906299212601
0
LINE
8
BLACK
6
CONTINUOUS
10
5.4391667322834643
20
-4.4928906299212601
11
5.4431377165354329
21
-4.4939546456692909
0
LINE
8
BLACK
6
CONTINUOUS
10
6.1843465748031496
20
-4.3898196062992128
11
6.1862624409448816
21
-4.3910997637795273
0
LINE
8
BLACK
6
CONTINUOUS
10
6.1862624409448816
20
-4.3910997637795273
11
6.187542598425197
21
-4.3930156299212602
0
LINE
8
BLACK
6
CONTINUOUS
10
6.187542598425197
20
-4.3930156299212602
11
6.1879921259842519
21
-4.3952755905511811
0
LINE
8
BLACK
6
CONTINUOUS
10
6.1879921259842519
20
-4.3952755905511811
11
6.1879921259842519
21
-4.4503937007874015
0
LINE
8
BLACK
6
CONTINUOUS
10
6.1879921259842519
20
-4.4503937007874015
11
6.187542598425197
21
-4.4526536614173224
0
LINE
8
BLACK
6
CONTINUOUS
10
6.187542598425197
20
-4.4526536614173224
11
6.1862624409448816
21
-4.4545695275590553
0
LINE
8
BLACK
6
CONTINUOUS
10
6.1862624409448816
20
-4.4545695275590553
11
6.1843465748031496
21
-4.4558496850393698
0
LINE
8
BLACK
6
CONTINUOUS
10
6.1843465748031496
20
-4.4558496850393698
11
6.1840551181102361
21
-4.4559076377952751
0
LINE
8
BLACK
6
CONTINUOUS
10
6.1840551181102361
20
-4.4559076377952751
11
6.1840551181102361
21
-4.4679195669291341
0
LINE
8
BLACK
6
CONTINUOUS
10
6.1840551181102361
20
-4.4679195669291341
11
6.2182615354330704
21
-4.5021259842519683
0
LINE
8
BLACK
6
CONTINUOUS
10
6.2182615354330704
20
-4.5021259842519683
11
6.2289838976377947
21
-4.5021259842519683
0
LINE
8
BLACK
6
CONTINUOUS
10
6.2289838976377947
20
-4.5021259842519683
11
6.2299727952755903
21
-4.5004131889763777
0
LINE
8
BLACK
6
CONTINUOUS
10
6.2299727952755903
20
-4.5004131889763777
11
6.2328797244094485
21
-4.4975062598425195
0
LINE
8
BLACK
6
CONTINUOUS
10
6.2328797244094485
20
-4.4975062598425195
11
6.2364400393700787
21
-4.4954507086614175
0
LINE
8
BLACK
6
CONTINUOUS
10
6.2364400393700787
20
-4.4954507086614175
11
6.2404110236220474
21
-4.4943866929133858
0
LINE
8
BLACK
6
CONTINUOUS
10
6.2404110236220474
20
-4.4943866929133858
11
6.2445220472440948
21
-4.4943866929133858
0
LINE
8
BLACK
6
CONTINUOUS
10
6.2445220472440948
20
-4.4943866929133858
11
6.2484930314960625
21
-4.4954507086614175
0
LINE
8
BLACK
6
CONTINUOUS
10
6.2484930314960625
20
-4.4954507086614175
11
6.2520533464566928
21
-4.4975062598425195
0
LINE
8
BLACK
6
CONTINUOUS
10
6.2520533464566928
20
-4.4975062598425195
11
6.2549602755905509
21
-4.5004131889763777
0
LINE
8
BLACK
6
CONTINUOUS
10
6.2549602755905509
20
-4.5004131889763777
11
6.2570158267716538
21
-4.5039735039370079
0
LINE
8
BLACK
6
CONTINUOUS
10
6.2570158267716538
20
-4.5039735039370079
11
6.2580798425196846
21
-4.5079444881889765
0
LINE
8
BLACK
6
CONTINUOUS
10
6.2580798425196846
20
-4.5079444881889765
11
6.2580798425196846
21
-4.5120555118110239
0
LINE
8
BLACK
6
CONTINUOUS
10
6.2580798425196846
20
-4.5120555118110239
11
6.2570158267716538
21
-4.5160264960629917
0
LINE
8
BLACK
6
CONTINUOUS
10
6.2570158267716538
20
-4.5160264960629917
11
6.2549602755905509
21
-4.5195868110236219
0
LINE
8
BLACK
6
CONTINUOUS
10
6.2549602755905509
20
-4.5195868110236219
11
6.2520533464566928
21
-4.5224937401574801
0
LINE
8
BLACK
6
CONTINUOUS
10
6.2520533464566928
20
-4.5224937401574801
11
6.2484930314960625
21
-4.524549291338583
0
LINE
8
BLACK
6
CONTINUOUS
10
6.2484930314960625
20
-4.524549291338583
11
6.2445220472440948
21
-4.5256133070866138
0
LINE
8
BLACK
6
CONTINUOUS
10
6.2445220472440948
20
-4.5256133070866138
11
6.2404110236220474
21
-4.5256133070866138
0
LINE
8
BLACK
6
CONTINUOUS
10
6.2404110236220474
20
-4.5256133070866138
11
6.2364400393700787
21
-4.524549291338583
0
LINE
8
BLACK
6
CONTINUOUS
10
6.2364400393700787
20
-4.524549291338583
11
6.2328797244094485
21
-4.5224937401574801
0
LINE
8
BLACK
6
CONTINUOUS
10
6.2328797244094485
20
-4.5224937401574801
11
6.2299727952755903
21
-4.5195868110236219
0
LINE
8
BLACK
6
CONTINUOUS
10
6.2299727952755903
20
-4.5195868110236219
11
6.2289838976377947
21
-4.5178740157480313
0
LINE
8
BLACK
6
CONTINUOUS
10
6.2289838976377947
20
-4.5178740157480313
11
6.2149999999999999
21
-4.5178740157480313
0
LINE
8
BLACK
6
CONTINUOUS
10
6.2149999999999999
20
-4.5178740157480313
11
6.2134638582677164
21
-4.5177227165354328
0
LINE
8
BLACK
6
CONTINUOUS
10
6.2134638582677164
20
-4.5177227165354328
11
6.2106254330708657
21
-4.5165470078740153
0
LINE
8
BLACK
6
CONTINUOUS
10
6.2106254330708657
20
-4.5165470078740153
11
6.2094322440944882
21
-4.5155677952755902
0
LINE
8
BLACK
6
CONTINUOUS
10
6.2094322440944882
20
-4.5155677952755902
11
6.170613346456693
21
-4.4767488582677162
0
LINE
8
BLACK
6
CONTINUOUS
10
6.170613346456693
20
-4.4767488582677162
11
6.1696340944881891
21
-4.4755556692913387
0
LINE
8
BLACK
6
CONTINUOUS
10
6.1696340944881891
20
-4.4755556692913387
11
6.1684583858267716
21
-4.472717244094488
0
LINE
8
BLACK
6
CONTINUOUS
10
6.1684583858267716
20
-4.472717244094488
11
6.1683070866141732
21
-4.4711811023622046
0
LINE
8
BLACK
6
CONTINUOUS
10
6.1683070866141732
20
-4.4711811023622046
11
6.1683070866141732
21
-4.4559076377952751
0
LINE
8
BLACK
6
CONTINUOUS
10
6.1683070866141732
20
-4.4559076377952751
11
6.1680156299212596
21
-4.4558496850393698
0
LINE
8
BLACK
6
CONTINUOUS
10
6.1680156299212596
20
-4.4558496850393698
11
6.1660997637795276
21
-4.4545695275590553
0
LINE
8
BLACK
6
CONTINUOUS
10
6.1660997637795276
20
-4.4545695275590553
11
6.1648196062992122
21
-4.4526536614173224
0
LINE
8
BLACK
6
CONTINUOUS
10
6.1648196062992122
20
-4.4526536614173224
11
6.1643700787401574
21
-4.4503937007874015
0
LINE
8
BLACK
6
CONTINUOUS
10
6.1643700787401574
20
-4.4503937007874015
11
6.1643700787401574
21
-4.3952755905511811
0
LINE
8
BLACK
6
CONTINUOUS
10
6.1643700787401574
20
-4.3952755905511811
11
6.1648196062992122
21
-4.3930156299212602
0
LINE
8
BLACK
6
CONTINUOUS
10
6.1648196062992122
20
-4.3930156299212602
11
6.1660997637795276
21
-4.3910997637795273
0
LINE
8
BLACK
6
CONTINUOUS
10
6.1660997637795276
20
-4.3910997637795273
11
6.1680156299212596
21
-4.3898196062992128
0
LINE
8
BLACK
6
CONTINUOUS
10
6.1680156299212596
20
-4.3898196062992128
11
6.1702755905511806
21
-4.3893700787401571
0
LINE
8
BLACK
6
CONTINUOUS
10
6.1702755905511806
20
-4.3893700787401571
11
6.1820866141732278
21
-4.3893700787401571
0
LINE
8
BLACK
6
CONTINUOUS
10
6.1820866141732278
20
-4.3893700787401571
11
6.1843465748031496
21
-4.3898196062992128
0
LINE
8
BLACK
6
CONTINUOUS
10
6.251026496062992
20
-4.3454507086614171
11
6.2545868110236222
21
-4.3475062598425191
0
LINE
8
BLACK
6
CONTINUOUS
10
6.2545868110236222
20
-4.3475062598425191
11
6.2574937401574804
21
-4.3504131889763782
0
LINE
8
BLACK
6
CONTINUOUS
10
6.2574937401574804
20
-4.3504131889763782
11
6.2595492913385824
21
-4.3539735039370075
0
LINE
8
BLACK
6
CONTINUOUS
10
6.2595492913385824
20
-4.3539735039370075
11
6.2606133070866141
21
-4.3579444881889762
0
LINE
8
BLACK
6
CONTINUOUS
10
6.2606133070866141
20
-4.3579444881889762
11
6.2606133070866141
21
-4.3620555118110236
0
LINE
8
BLACK
6
CONTINUOUS
10
6.2606133070866141
20
-4.3620555118110236
11
6.2595492913385824
21
-4.3660264960629922
0
LINE
8
BLACK
6
CONTINUOUS
10
6.2595492913385824
20
-4.3660264960629922
11
6.2574937401574804
21
-4.3695868110236216
0
LINE
8
BLACK
6
CONTINUOUS
10
6.2574937401574804
20
-4.3695868110236216
11
6.2545868110236222
21
-4.3724937401574806
0
LINE
8
BLACK
6
CONTINUOUS
10
6.2545868110236222
20
-4.3724937401574806
11
6.251026496062992
21
-4.3745492913385826
0
LINE
8
BLACK
6
CONTINUOUS
10
6.251026496062992
20
-4.3745492913385826
11
6.2470555118110234
21
-4.3756133070866143
0
LINE
8
BLACK
6
CONTINUOUS
10
6.2470555118110234
20
-4.3756133070866143
11
6.242944488188976
21
-4.3756133070866143
0
LINE
8
BLACK
6
CONTINUOUS
10
6.242944488188976
20
-4.3756133070866143
11
6.2410340944881888
21
-4.3751014173228349
0
LINE
8
BLACK
6
CONTINUOUS
10
6.2410340944881888
20
-4.3751014173228349
11
6.2332677165354333
21
-4.3828677952755903
0
LINE
8
BLACK
6
CONTINUOUS
10
6.2332677165354333
20
-4.3828677952755903
11
6.2332677165354333
21
-4.3897616141732279
0
LINE
8
BLACK
6
CONTINUOUS
10
6.2332677165354333
20
-4.3897616141732279
11
6.233559173228346
21
-4.3898196062992128
0
LINE
8
BLACK
6
CONTINUOUS
10
6.233559173228346
20
-4.3898196062992128
11
6.2354750393700789
21
-4.3910997637795273
0
LINE
8
BLACK
6
CONTINUOUS
10
6.2354750393700789
20
-4.3910997637795273
11
6.2367551968503934
21
-4.3930156299212602
0
LINE
8
BLACK
6
CONTINUOUS
10
6.2367551968503934
20
-4.3930156299212602
11
6.2372047244094491
21
-4.3952755905511811
0
LINE
8
BLACK
6
CONTINUOUS
10
6.2372047244094491
20
-4.3952755905511811
11
6.2372047244094491
21
-4.4386041732283461
0
LINE
8
BLACK
6
CONTINUOUS
10
6.2372047244094491
20
-4.4386041732283461
11
6.2857265354330707
21
-4.4871259842519686
0
LINE
8
BLACK
6
CONTINUOUS
10
6.2857265354330707
20
-4.4871259842519686
11
6.3303356692913386
21
-4.4871259842519686
0
LINE
8
BLACK
6
CONTINUOUS
10
6.3303356692913386
20
-4.4871259842519686
11
6.3324770866141735
21
-4.4849845669291337
0
LINE
8
BLACK
6
CONTINUOUS
10
6.3324770866141735
20
-4.4849845669291337
11
6.3360374015748029
21
-4.4829290157480317
0
LINE
8
BLACK
6
CONTINUOUS
10
6.3360374015748029
20
-4.4829290157480317
11
6.3400083858267715
21
-4.481865
0
LINE
8
BLACK
6
CONTINUOUS
10
6.3400083858267715
20
-4.481865
11
6.3441194094488189
21
-4.481865
0
LINE
8
BLACK
6
CONTINUOUS
10
6.3441194094488189
20
-4.481865
11
6.3480903937007875
21
-4.4829290157480317
0
LINE
8
BLACK
6
CONTINUOUS
10
6.3480903937007875
20
-4.4829290157480317
11
6.3516507086614169
21
-4.4849845669291337
0
LINE
8
BLACK
6
CONTINUOUS
10
6.3516507086614169
20
-4.4849845669291337
11
6.354557637795275
21
-4.4878914960629919
0
LINE
8
BLACK
6
CONTINUOUS
10
6.354557637795275
20
-4.4878914960629919
11
6.3566131889763779
21
-4.4914518110236221
0
LINE
8
BLACK
6
CONTINUOUS
10
6.3566131889763779
20
-4.4914518110236221
11
6.3576772047244097
21
-4.4954227952755907
0
LINE
8
BLACK
6
CONTINUOUS
10
6.3576772047244097
20
-4.4954227952755907
11
6.3576772047244097
21
-4.4995338188976373
0
LINE
8
BLACK
6
CONTINUOUS
10
6.3576772047244097
20
-4.4995338188976373
11
6.3566131889763779
21
-4.5035048031496059
0
LINE
8
BLACK
6
CONTINUOUS
10
6.3566131889763779
20
-4.5035048031496059
11
6.354557637795275
21
-4.5070651181102361
0
LINE
8
BLACK
6
CONTINUOUS
10
6.354557637795275
20
-4.5070651181102361
11
6.3516507086614169
21
-4.5099720472440943
0
LINE
8
BLACK
6
CONTINUOUS
10
6.3516507086614169
20
-4.5099720472440943
11
6.3480903937007875
21
-4.5120275984251972
0
LINE
8
BLACK
6
CONTINUOUS
10
6.3480903937007875
20
-4.5120275984251972
11
6.3441194094488189
21
-4.513091614173228
0
LINE
8
BLACK
6
CONTINUOUS
10
6.3441194094488189
20
-4.513091614173228
11
6.3400083858267715
21
-4.513091614173228
0
LINE
8
BLACK
6
CONTINUOUS
10
6.3400083858267715
20
-4.513091614173228
11
6.3360374015748029
21
-4.5120275984251972
0
LINE
8
BLACK
6
CONTINUOUS
10
6.3360374015748029
20
-4.5120275984251972
11
6.3324770866141735
21
-4.5099720472440943
0
LINE
8
BLACK
6
CONTINUOUS
10
6.3324770866141735
20
-4.5099720472440943
11
6.3295701574803145
21
-4.5070651181102361
0
LINE
8
BLACK
6
CONTINUOUS
10
6.3295701574803145
20
-4.5070651181102361
11
6.3275146062992125
21
-4.5035048031496059
0
LINE
8
BLACK
6
CONTINUOUS
10
6.3275146062992125
20
-4.5035048031496059
11
6.3273455905511806
21
-4.5028740157480316
0
LINE
8
BLACK
6
CONTINUOUS
10
6.3273455905511806
20
-4.5028740157480316
11
6.2824650393700789
21
-4.5028740157480316
0
LINE
8
BLACK
6
CONTINUOUS
10
6.2824650393700789
20
-4.5028740157480316
11
6.2809288976377955
21
-4.5027227165354331
0
LINE
8
BLACK
6
CONTINUOUS
10
6.2809288976377955
20
-4.5027227165354331
11
6.2780904724409448
21
-4.5015470078740156
0
LINE
8
BLACK
6
CONTINUOUS
10
6.2780904724409448
20
-4.5015470078740156
11
6.2768972834645664
21
-4.5005677559055117
0
LINE
8
BLACK
6
CONTINUOUS
10
6.2768972834645664
20
-4.5005677559055117
11
6.2324081496062993
21
-4.4560786220472437
0
LINE
8
BLACK
6
CONTINUOUS
10
6.2324081496062993
20
-4.4560786220472437
11
6.231299212598425
21
-4.4562992125984247
0
LINE
8
BLACK
6
CONTINUOUS
10
6.231299212598425
20
-4.4562992125984247
11
6.2194881889763778
21
-4.4562992125984247
0
LINE
8
BLACK
6
CONTINUOUS
10
6.2194881889763778
20
-4.4562992125984247
11
6.2172282283464568
21
-4.4558496850393698
0
LINE
8
BLACK
6
CONTINUOUS
10
6.2172282283464568
20
-4.4558496850393698
11
6.2153123622047239
21
-4.4545695275590553
0
LINE
8
BLACK
6
CONTINUOUS
10
6.2153123622047239
20
-4.4545695275590553
11
6.2140322047244094
21
-4.4526536614173224
0
LINE
8
BLACK
6
CONTINUOUS
10
6.2140322047244094
20
-4.4526536614173224
11
6.2135826771653546
21
-4.4503937007874015
0
LINE
8
BLACK
6
CONTINUOUS
10
6.2135826771653546
20
-4.4503937007874015
11
6.2135826771653546
21
-4.3952755905511811
0
LINE
8
BLACK
6
CONTINUOUS
10
6.2135826771653546
20
-4.3952755905511811
11
6.2140322047244094
21
-4.3930156299212602
0
LINE
8
BLACK
6
CONTINUOUS
10
6.2140322047244094
20
-4.3930156299212602
11
6.2153123622047239
21
-4.3910997637795273
0
LINE
8
BLACK
6
CONTINUOUS
10
6.2153123622047239
20
-4.3910997637795273
11
6.2172282283464568
21
-4.3898196062992128
0
LINE
8
BLACK
6
CONTINUOUS
10
6.2172282283464568
20
-4.3898196062992128
11
6.2175196850393704
21
-4.3897616141732279
0
LINE
8
BLACK
6
CONTINUOUS
10
6.2175196850393704
20
-4.3897616141732279
11
6.2175196850393704
21
-4.3796062992125986
0
LINE
8
BLACK
6
CONTINUOUS
10
6.2175196850393704
20
-4.3796062992125986
11
6.217670984251968
21
-4.3780701574803151
0
LINE
8
BLACK
6
CONTINUOUS
10
6.217670984251968
20
-4.3780701574803151
11
6.2188466929133854
21
-4.3752317322834644
0
LINE
8
BLACK
6
CONTINUOUS
10
6.2188466929133854
20
-4.3752317322834644
11
6.2198259448818893
21
-4.3740385433070861
0
LINE
8
BLACK
6
CONTINUOUS
10
6.2198259448818893
20
-4.3740385433070861
11
6.2298985433070868
21
-4.363965866141732
0
LINE
8
BLACK
6
CONTINUOUS
10
6.2298985433070868
20
-4.363965866141732
11
6.2293866929133861
21
-4.3620555118110236
0
LINE
8
BLACK
6
CONTINUOUS
10
6.2293866929133861
20
-4.3620555118110236
11
6.2293866929133861
21
-4.3579444881889762
0
LINE
8
BLACK
6
CONTINUOUS
10
6.2293866929133861
20
-4.3579444881889762
11
6.2304507086614169
21
-4.3539735039370075
0
LINE
8
BLACK
6
CONTINUOUS
10
6.2304507086614169
20
-4.3539735039370075
11
6.2325062598425198
21
-4.3504131889763782
0
LINE
8
BLACK
6
CONTINUOUS
10
6.2325062598425198
20
-4.3504131889763782
11
6.235413188976378
21
-4.3475062598425191
0
LINE
8
BLACK
6
CONTINUOUS
10
6.235413188976378
20
-4.3475062598425191
11
6.2389735039370073
21
-4.3454507086614171
0
LINE
8
BLACK
6
CONTINUOUS
10
6.2389735039370073
20
-4.3454507086614171
11
6.242944488188976
21
-4.3443866929133854
0
LINE
8
BLACK
6
CONTINUOUS
10
6.242944488188976
20
-4.3443866929133854
11
6.2470555118110234
21
-4.3443866929133854
0
LINE
8
BLACK
6
CONTINUOUS
10
6.2470555118110234
20
-4.3443866929133854
11
6.251026496062992
21
-4.3454507086614171
0
LINE
8
BLACK
6
CONTINUOUS
10
5.2660264960629917
20
-4.3604507086614168
11
5.2695868110236219
21
-4.3625062598425197
0
LINE
8
BLACK
6
CONTINUOUS
10
5.2695868110236219
20
-4.3625062598425197
11
5.2724937401574801
21
-4.3654131889763779
0
LINE
8
BLACK
6
CONTINUOUS
10
5.2724937401574801
20
-4.3654131889763779
11
5.274549291338583
21
-4.3689735039370081
0
LINE
8
BLACK
6
CONTINUOUS
10
5.274549291338583
20
-4.3689735039370081
11
5.2756133070866138
21
-4.3729444881889759
0
LINE
8
BLACK
6
CONTINUOUS
10
5.2756133070866138
20
-4.3729444881889759
11
5.2756133070866138
21
-4.3770555118110233
0
LINE
8
BLACK
6
CONTINUOUS
10
5.2756133070866138
20
-4.3770555118110233
11
5.274549291338583
21
-4.3810264960629919
0
LINE
8
BLACK
6
CONTINUOUS
10
5.274549291338583
20
-4.3810264960629919
11
5.2724937401574801
21
-4.3845868110236221
0
LINE
8
BLACK
6
CONTINUOUS
10
5.2724937401574801
20
-4.3845868110236221
11
5.2695868110236219
21
-4.3874937401574803
0
LINE
8
BLACK
6
CONTINUOUS
10
5.2695868110236219
20
-4.3874937401574803
11
5.2660264960629917
21
-4.3895492913385823
0
LINE
8
BLACK
6
CONTINUOUS
10
5.2660264960629917
20
-4.3895492913385823
11
5.2620555118110239
21
-4.390613307086614
0
LINE
8
BLACK
6
CONTINUOUS
10
5.2620555118110239
20
-4.390613307086614
11
5.2579444881889765
21
-4.390613307086614
0
LINE
8
BLACK
6
CONTINUOUS
10
5.2579444881889765
20
-4.390613307086614
11
5.2560340944881885
21
-4.3901014173228345
0
LINE
8
BLACK
6
CONTINUOUS
10
5.2560340944881885
20
-4.3901014173228345
11
5.2455677559055118
21
-4.4005677559055121
0
LINE
8
BLACK
6
CONTINUOUS
10
5.2455677559055118
20
-4.4005677559055121
11
5.2443745669291335
21
-4.401547007874016
0
LINE
8
BLACK
6
CONTINUOUS
10
5.2443745669291335
20
-4.401547007874016
11
5.2415361417322837
21
-4.4027227165354326
0
LINE
8
BLACK
6
CONTINUOUS
10
5.2415361417322837
20
-4.4027227165354326
11
5.2400000000000002
21
-4.4028740157480311
0
LINE
8
BLACK
6
CONTINUOUS
10
5.2400000000000002
20
-4.4028740157480311
11
5.1600000000000001
21
-4.4028740157480311
0
LINE
8
BLACK
6
CONTINUOUS
10
5.1600000000000001
20
-4.4028740157480311
11
5.1584638582677167
21
-4.4027227165354326
0
LINE
8
BLACK
6
CONTINUOUS
10
5.1584638582677167
20
-4.4027227165354326
11
5.155625433070866
21
-4.401547007874016
0
LINE
8
BLACK
6
CONTINUOUS
10
5.155625433070866
20
-4.401547007874016
11
5.1544322440944876
21
-4.4005677559055121
0
LINE
8
BLACK
6
CONTINUOUS
10
5.1544322440944876
20
-4.4005677559055121
11
5.135360551181102
21
-4.3814960629921256
0
LINE
8
BLACK
6
CONTINUOUS
10
5.135360551181102
20
-4.3814960629921256
11
4.9636168503937004
21
-4.3814960629921256
0
LINE
8
BLACK
6
CONTINUOUS
10
4.9636168503937004
20
-4.3814960629921256
11
4.9379921259842519
21
-4.407120787401575
0
LINE
8
BLACK
6
CONTINUOUS
10
4.9379921259842519
20
-4.407120787401575
11
4.9379921259842519
21
-4.4503937007874015
0
LINE
8
BLACK
6
CONTINUOUS
10
4.9379921259842519
20
-4.4503937007874015
11
4.937542598425197
21
-4.4526536614173224
0
LINE
8
BLACK
6
CONTINUOUS
10
4.937542598425197
20
-4.4526536614173224
11
4.9362624409448816
21
-4.4545695275590553
0
LINE
8
BLACK
6
CONTINUOUS
10
4.9362624409448816
20
-4.4545695275590553
11
4.9343465748031496
21
-4.4558496850393698
0
LINE
8
BLACK
6
CONTINUOUS
10
4.9343465748031496
20
-4.4558496850393698
11
4.9340551181102361
21
-4.4559076377952751
0
LINE
8
BLACK
6
CONTINUOUS
10
4.9340551181102361
20
-4.4559076377952751
11
4.9340551181102361
21
-4.4562991732283468
0
LINE
8
BLACK
6
CONTINUOUS
10
4.9340551181102361
20
-4.4562991732283468
11
4.9339038188976376
21
-4.4578353149606302
0
LINE
8
BLACK
6
CONTINUOUS
10
4.9339038188976376
20
-4.4578353149606302
11
4.9327281102362202
21
-4.4606737401574801
0
LINE
8
BLACK
6
CONTINUOUS
10
4.9327281102362202
20
-4.4606737401574801
11
4.9317488582677163
21
-4.4618669291338584
0
LINE
8
BLACK
6
CONTINUOUS
10
4.9317488582677163
20
-4.4618669291338584
11
4.9030480314960627
21
-4.4905677559055119
0
LINE
8
BLACK
6
CONTINUOUS
10
4.9030480314960627
20
-4.4905677559055119
11
4.9018548425196853
21
-4.4915470078740158
0
LINE
8
BLACK
6
CONTINUOUS
10
4.9018548425196853
20
-4.4915470078740158
11
4.8990164173228345
21
-4.4927227165354333
0
LINE
8
BLACK
6
CONTINUOUS
10
4.8990164173228345
20
-4.4927227165354333
11
4.8974802755905511
21
-4.4928740157480318
0
LINE
8
BLACK
6
CONTINUOUS
10
4.8974802755905511
20
-4.4928740157480318
11
4.7934826377952753
21
-4.4928740157480318
0
LINE
8
BLACK
6
CONTINUOUS
10
4.7934826377952753
20
-4.4928740157480318
11
4.7924937401574805
21
-4.4945868110236216
0
LINE
8
BLACK
6
CONTINUOUS
10
4.7924937401574805
20
-4.4945868110236216
11
4.7895868110236224
21
-4.4974937401574806
0
LINE
8
BLACK
6
CONTINUOUS
10
4.7895868110236224
20
-4.4974937401574806
11
4.7860264960629921
21
-4.4995492913385826
0
LINE
8
BLACK
6
CONTINUOUS
10
4.7860264960629921
20
-4.4995492913385826
11
4.7820555118110235
21
-4.5006133070866143
0
LINE
8
BLACK
6
CONTINUOUS
10
4.7820555118110235
20
-4.5006133070866143
11
4.7779444881889761
21
-4.5006133070866143
0
LINE
8
BLACK
6
CONTINUOUS
10
4.7779444881889761
20
-4.5006133070866143
11
4.7739735039370075
21
-4.4995492913385826
0
LINE
8
BLACK
6
CONTINUOUS
10
4.7739735039370075
20
-4.4995492913385826
11
4.7704131889763781
21
-4.4974937401574806
0
LINE
8
BLACK
6
CONTINUOUS
10
4.7704131889763781
20
-4.4974937401574806
11
4.76750625984252
21
-4.4945868110236216
0
LINE
8
BLACK
6
CONTINUOUS
10
4.76750625984252
20
-4.4945868110236216
11
4.7654507086614171
21
-4.4910264960629922
0
LINE
8
BLACK
6
CONTINUOUS
10
4.7654507086614171
20
-4.4910264960629922
11
4.7643866929133853
21
-4.4870555118110236
0
LINE
8
BLACK
6
CONTINUOUS
10
4.7643866929133853
20
-4.4870555118110236
11
4.7643866929133853
21
-4.4829444881889762
0
LINE
8
BLACK
6
CONTINUOUS
10
4.7643866929133853
20
-4.4829444881889762
11
4.7654507086614171
21
-4.4789735039370075
0
LINE
8
BLACK
6
CONTINUOUS
10
4.7654507086614171
20
-4.4789735039370075
11
4.76750625984252
21
-4.4754131889763782
0
LINE
8
BLACK
6
CONTINUOUS
10
4.76750625984252
20
-4.4754131889763782
11
4.7704131889763781
21
-4.4725062598425191
0
LINE
8
BLACK
6
CONTINUOUS
10
4.7704131889763781
20
-4.4725062598425191
11
4.7739735039370075
21
-4.4704507086614171
0
LINE
8
BLACK
6
CONTINUOUS
10
4.7739735039370075
20
-4.4704507086614171
11
4.7779444881889761
21
-4.4693866929133854
0
LINE
8
BLACK
6
CONTINUOUS
10
4.7779444881889761
20
-4.4693866929133854
11
4.7820555118110235
21
-4.4693866929133854
0
LINE
8
BLACK
6
CONTINUOUS
10
4.7820555118110235
20
-4.4693866929133854
11
4.7860264960629921
21
-4.4704507086614171
0
LINE
8
BLACK
6
CONTINUOUS
10
4.7860264960629921
20
-4.4704507086614171
11
4.7895868110236224
21
-4.4725062598425191
0
LINE
8
BLACK
6
CONTINUOUS
10
4.7895868110236224
20
-4.4725062598425191
11
4.7924937401574805
21
-4.4754131889763782
0
LINE
8
BLACK
6
CONTINUOUS
10
4.7924937401574805
20
-4.4754131889763782
11
4.7934826377952753
21
-4.4771259842519688
0
LINE
8
BLACK
6
CONTINUOUS
10
4.7934826377952753
20
-4.4771259842519688
11
4.8942187795275593
21
-4.4771259842519688
0
LINE
8
BLACK
6
CONTINUOUS
10
4.8942187795275593
20
-4.4771259842519688
11
4.9165046456692911
21
-4.4548400787401574
0
LINE
8
BLACK
6
CONTINUOUS
10
4.9165046456692911
20
-4.4548400787401574
11
4.9160997637795276
21
-4.4545695275590553
0
LINE
8
BLACK
6
CONTINUOUS
10
4.9160997637795276
20
-4.4545695275590553
11
4.9148196062992122
21
-4.4526536614173224
0
LINE
8
BLACK
6
CONTINUOUS
10
4.9148196062992122
20
-4.4526536614173224
11
4.9143700787401574
21
-4.4503937007874015
0
LINE
8
BLACK
6
CONTINUOUS
10
4.9143700787401574
20
-4.4503937007874015
11
4.9143700787401574
21
-4.3952755905511811
0
LINE
8
BLACK
6
CONTINUOUS
10
4.9143700787401574
20
-4.3952755905511811
11
4.9148196062992122
21
-4.3930156299212602
0
LINE
8
BLACK
6
CONTINUOUS
10
4.9148196062992122
20
-4.3930156299212602
11
4.9160997637795276
21
-4.3910997637795273
0
LINE
8
BLACK
6
CONTINUOUS
10
4.9160997637795276
20
-4.3910997637795273
11
4.9180156299212596
21
-4.3898196062992128
0
LINE
8
BLACK
6
CONTINUOUS
10
4.9180156299212596
20
-4.3898196062992128
11
4.9202755905511806
21
-4.3893700787401571
0
LINE
8
BLACK
6
CONTINUOUS
10
4.9202755905511806
20
-4.3893700787401571
11
4.9320866141732278
21
-4.3893700787401571
0
LINE
8
BLACK
6
CONTINUOUS
10
4.9320866141732278
20
-4.3893700787401571
11
4.9332419685039373
21
-4.3895998818897635
0
LINE
8
BLACK
6
CONTINUOUS
10
4.9332419685039373
20
-4.3895998818897635
11
4.954787598425197
21
-4.3680542913385825
0
LINE
8
BLACK
6
CONTINUOUS
10
4.954787598425197
20
-4.3680542913385825
11
4.9559807874015744
21
-4.3670750393700786
0
LINE
8
BLACK
6
CONTINUOUS
10
4.9559807874015744
20
-4.3670750393700786
11
4.9588192125984252
21
-4.3658993307086611
0
LINE
8
BLACK
6
CONTINUOUS
10
4.9588192125984252
20
-4.3658993307086611
11
4.9603553543307086
21
-4.3657480314960626
0
LINE
8
BLACK
6
CONTINUOUS
10
4.9603553543307086
20
-4.3657480314960626
11
5.1386220472440947
21
-4.3657480314960626
0
LINE
8
BLACK
6
CONTINUOUS
10
5.1386220472440947
20
-4.3657480314960626
11
5.1401581889763781
21
-4.3658993307086611
0
LINE
8
BLACK
6
CONTINUOUS
10
5.1401581889763781
20
-4.3658993307086611
11
5.142996614173228
21
-4.3670750393700786
0
LINE
8
BLACK
6
CONTINUOUS
10
5.142996614173228
20
-4.3670750393700786
11
5.1441898031496063
21
-4.3680542913385825
0
LINE
8
BLACK
6
CONTINUOUS
10
5.1441898031496063
20
-4.3680542913385825
11
5.1632614960629919
21
-4.3871259842519681
0
LINE
8
BLACK
6
CONTINUOUS
10
5.1632614960629919
20
-4.3871259842519681
11
5.2367385039370076
21
-4.3871259842519681
0
LINE
8
BLACK
6
CONTINUOUS
10
5.2367385039370076
20
-4.3871259842519681
11
5.2448985433070865
21
-4.3789658661417326
0
LINE
8
BLACK
6
CONTINUOUS
10
5.2448985433070865
20
-4.3789658661417326
11
5.2443866929133858
21
-4.3770555118110233
0
LINE
8
BLACK
6
CONTINUOUS
10
5.2443866929133858
20
-4.3770555118110233
11
5.2443866929133858
21
-4.3729444881889759
0
LINE
8
BLACK
6
CONTINUOUS
10
5.2443866929133858
20
-4.3729444881889759
11
5.2454507086614175
21
-4.3689735039370081
0
LINE
8
BLACK
6
CONTINUOUS
10
5.2454507086614175
20
-4.3689735039370081
11
5.2475062598425195
21
-4.3654131889763779
0
LINE
8
BLACK
6
CONTINUOUS
10
5.2475062598425195
20
-4.3654131889763779
11
5.2504131889763777
21
-4.3625062598425197
0
LINE
8
BLACK
6
CONTINUOUS
10
5.2504131889763777
20
-4.3625062598425197
11
5.2539735039370079
21
-4.3604507086614168
0
LINE
8
BLACK
6
CONTINUOUS
10
5.2539735039370079
20
-4.3604507086614168
11
5.2579444881889765
21
-4.359386692913386
0
LINE
8
BLACK
6
CONTINUOUS
10
5.2579444881889765
20
-4.359386692913386
11
5.2620555118110239
21
-4.359386692913386
0
LINE
8
BLACK
6
CONTINUOUS
10
5.2620555118110239
20
-4.359386692913386
11
5.2660264960629917
21
-4.3604507086614168
0
LINE
8
BLACK
6
CONTINUOUS
10
4.983559173228346
20
-4.3898196062992128
11
4.9854750393700789
21
-4.3910997637795273
0
LINE
8
BLACK
6
CONTINUOUS
10
4.9854750393700789
20
-4.3910997637795273
11
4.9867551968503934
21
-4.3930156299212602
0
LINE
8
BLACK
6
CONTINUOUS
10
4.9867551968503934
20
-4.3930156299212602
11
4.9872047244094491
21
-4.3952755905511811
0
LINE
8
BLACK
6
CONTINUOUS
10
4.9872047244094491
20
-4.3952755905511811
11
4.9872047244094491
21
-4.4503937007874015
0
LINE
8
BLACK
6
CONTINUOUS
10
4.9872047244094491
20
-4.4503937007874015
11
4.9867551968503934
21
-4.4526536614173224
0
LINE
8
BLACK
6
CONTINUOUS
10
4.9867551968503934
20
-4.4526536614173224
11
4.9854750393700789
21
-4.4545695275590553
0
LINE
8
BLACK
6
CONTINUOUS
10
4.9854750393700789
20
-4.4545695275590553
11
4.983559173228346
21
-4.4558496850393698
0
LINE
8
BLACK
6
CONTINUOUS
10
4.983559173228346
20
-4.4558496850393698
11
4.9828740157480311
21
-4.4559859448818893
0
LINE
8
BLACK
6
CONTINUOUS
10
4.9828740157480311
20
-4.4559859448818893
11
4.9828740157480311
21
-4.4615173622047246
0
LINE
8
BLACK
6
CONTINUOUS
10
4.9828740157480311
20
-4.4615173622047246
11
4.9845868110236218
21
-4.4625062598425194
0
LINE
8
BLACK
6
CONTINUOUS
10
4.9845868110236218
20
-4.4625062598425194
11
4.9874937401574799
21
-4.4654131889763775
0
LINE
8
BLACK
6
CONTINUOUS
10
4.9874937401574799
20
-4.4654131889763775
11
4.9895492913385828
21
-4.4689735039370078
0
LINE
8
BLACK
6
CONTINUOUS
10
4.9895492913385828
20
-4.4689735039370078
11
4.9906133070866137
21
-4.4729444881889764
0
LINE
8
BLACK
6
CONTINUOUS
10
4.9906133070866137
20
-4.4729444881889764
11
4.9906133070866137
21
-4.4770555118110238
0
LINE
8
BLACK
6
CONTINUOUS
10
4.9906133070866137
20
-4.4770555118110238
11
4.9895492913385828
21
-4.4810264960629924
0
LINE
8
BLACK
6
CONTINUOUS
10
4.9895492913385828
20
-4.4810264960629924
11
4.9874937401574799
21
-4.4845868110236218
0
LINE
8
BLACK
6
CONTINUOUS
10
4.9874937401574799
20
-4.4845868110236218
11
4.9845868110236218
21
-4.4874937401574799
0
LINE
8
BLACK
6
CONTINUOUS
10
4.9845868110236218
20
-4.4874937401574799
11
4.9810264960629924
21
-4.4895492913385828
0
LINE
8
BLACK
6
CONTINUOUS
10
4.9810264960629924
20
-4.4895492913385828
11
4.9770555118110238
21
-4.4906133070866137
0
LINE
8
BLACK
6
CONTINUOUS
10
4.9770555118110238
20
-4.4906133070866137
11
4.9729444881889764
21
-4.4906133070866137
0
LINE
8
BLACK
6
CONTINUOUS
10
4.9729444881889764
20
-4.4906133070866137
11
4.9689735039370078
21
-4.4895492913385828
0
LINE
8
BLACK
6
CONTINUOUS
10
4.9689735039370078
20
-4.4895492913385828
11
4.9654131889763775
21
-4.4874937401574799
0
LINE
8
BLACK
6
CONTINUOUS
10
4.9654131889763775
20
-4.4874937401574799
11
4.9625062598425194
21
-4.4845868110236218
0
LINE
8
BLACK
6
CONTINUOUS
10
4.9625062598425194
20
-4.4845868110236218
11
4.9604507086614174
21
-4.4810264960629924
0
LINE
8
BLACK
6
CONTINUOUS
10
4.9604507086614174
20
-4.4810264960629924
11
4.9593866929133856
21
-4.4770555118110238
0
LINE
8
BLACK
6
CONTINUOUS
10
4.9593866929133856
20
-4.4770555118110238
11
4.9593866929133856
21
-4.4729444881889764
0
LINE
8
BLACK
6
CONTINUOUS
10
4.9593866929133856
20
-4.4729444881889764
11
4.9604507086614174
21
-4.4689735039370078
0
LINE
8
BLACK
6
CONTINUOUS
10
4.9604507086614174
20
-4.4689735039370078
11
4.9625062598425194
21
-4.4654131889763775
0
LINE
8
BLACK
6
CONTINUOUS
10
4.9625062598425194
20
-4.4654131889763775
11
4.9654131889763775
21
-4.4625062598425194
0
LINE
8
BLACK
6
CONTINUOUS
10
4.9654131889763775
20
-4.4625062598425194
11
4.9671259842519682
21
-4.4615173622047246
0
LINE
8
BLACK
6
CONTINUOUS
10
4.9671259842519682
20
-4.4615173622047246
11
4.9671259842519682
21
-4.4557813385826774
0
LINE
8
BLACK
6
CONTINUOUS
10
4.9671259842519682
20
-4.4557813385826774
11
4.9653123622047239
21
-4.4545695275590553
0
LINE
8
BLACK
6
CONTINUOUS
10
4.9653123622047239
20
-4.4545695275590553
11
4.9640322047244094
21
-4.4526536614173224
0
LINE
8
BLACK
6
CONTINUOUS
10
4.9640322047244094
20
-4.4526536614173224
11
4.9635826771653546
21
-4.4503937007874015
0
LINE
8
BLACK
6
CONTINUOUS
10
4.9635826771653546
20
-4.4503937007874015
11
4.9635826771653546
21
-4.3952755905511811
0
LINE
8
BLACK
6
CONTINUOUS
10
4.9635826771653546
20
-4.3952755905511811
11
4.9640322047244094
21
-4.3930156299212602
0
LINE
8
BLACK
6
CONTINUOUS
10
4.9640322047244094
20
-4.3930156299212602
11
4.9653123622047239
21
-4.3910997637795273
0
LINE
8
BLACK
6
CONTINUOUS
10
4.9653123622047239
20
-4.3910997637795273
11
4.9672282283464568
21
-4.3898196062992128
0
LINE
8
BLACK
6
CONTINUOUS
10
4.9672282283464568
20
-4.3898196062992128
11
4.9694881889763778
21
-4.3893700787401571
0
LINE
8
BLACK
6
CONTINUOUS
10
4.9694881889763778
20
-4.3893700787401571
11
4.981299212598425
21
-4.3893700787401571
0
LINE
8
BLACK
6
CONTINUOUS
10
4.981299212598425
20
-4.3893700787401571
11
4.983559173228346
21
-4.3898196062992128
0
LINE
8
BLACK
6
CONTINUOUS
10
5.3576976377952752
20
-4.3718576771653543
11
5.3585103149606299
21
-4.3725125590551182
0
LINE
8
BLACK
6
CONTINUOUS
10
5.3585103149606299
20
-4.3725125590551182
11
5.3732068110236222
21
-4.3872090944881892
0
LINE
8
BLACK
6
CONTINUOUS
10
5.3732068110236222
20
-4.3872090944881892
11
5.3732068503937009
21
-4.3872091338582679
0
LINE
8
BLACK
6
CONTINUOUS
10
5.3732068503937009
20
-4.3872091338582679
11
5.3777240944881886
21
-4.3902274409448818
0
LINE
8
BLACK
6
CONTINUOUS
10
5.3777240944881886
20
-4.3902274409448818
11
5.3827427952755906
21
-4.3923062204724408
0
LINE
8
BLACK
6
CONTINUOUS
10
5.3827427952755906
20
-4.3923062204724408
11
5.3827429921259844
21
-4.3923062992125983
0
LINE
8
BLACK
6
CONTINUOUS
10
5.3827429921259844
20
-4.3923062992125983
11
5.3827431496062994
21
-4.3923062992125983
0
LINE
8
BLACK
6
CONTINUOUS
10
5.3827431496062994
20
-4.3923062992125983
11
5.3827431889763782
21
-4.392306338582677
0
LINE
8
BLACK
6
CONTINUOUS
10
5.3827431889763782
20
-4.392306338582677
11
5.3880709842519687
21
-4.3933661417322831
0
LINE
8
BLACK
6
CONTINUOUS
10
5.3880709842519687
20
-4.3933661417322831
11
5.388071102362205
21
-4.3933661417322831
0
LINE
8
BLACK
6
CONTINUOUS
10
5.388071102362205
20
-4.3933661417322831
11
5.3880711417322837
21
-4.3933661417322831
0
LINE
8
BLACK
6
CONTINUOUS
10
5.3880711417322837
20
-4.3933661417322831
11
5.8937204724409451
21
-4.3933661417322831
0
LINE
8
BLACK
6
CONTINUOUS
10
5.8937204724409451
20
-4.3933661417322831
11
5.8963598031496058
21
-4.3941411417322831
0
LINE
8
BLACK
6
CONTINUOUS
10
5.8963598031496058
20
-4.3941411417322831
11
5.8981611811023624
21
-4.3962200393700783
0
LINE
8
BLACK
6
CONTINUOUS
10
5.8981611811023624
20
-4.3962200393700783
11
5.8986023622047243
21
-4.3982480314960632
0
LINE
8
BLACK
6
CONTINUOUS
10
5.8986023622047243
20
-4.3982480314960632
11
5.8986023622047243
21
-4.4329590157480316
0
LINE
8
BLACK
6
CONTINUOUS
10
5.8986023622047243
20
-4.4329590157480316
11
5.8978273622047244
21
-4.4355983464566924
0
LINE
8
BLACK
6
CONTINUOUS
10
5.8978273622047244
20
-4.4355983464566924
11
5.8957484645669291
21
-4.437399724409449
0
LINE
8
BLACK
6
CONTINUOUS
10
5.8957484645669291
20
-4.437399724409449
11
5.8930257086614173
21
-4.437791220472441
0
LINE
8
BLACK
6
CONTINUOUS
10
5.8930257086614173
20
-4.437791220472441
11
5.8910082677165354
21
-4.4370181889763778
0
LINE
8
BLACK
6
CONTINUOUS
10
5.8910082677165354
20
-4.4370181889763778
11
5.888883267716535
21
-4.4355983464566924
0
LINE
8
BLACK
6
CONTINUOUS
10
5.888883267716535
20
-4.4355983464566924
11
5.8865279921259841
21
-4.4340246062992126
0
LINE
8
BLACK
6
CONTINUOUS
10
5.8865279921259841
20
-4.4340246062992126
11
5.8865278740157478
21
-4.4340245275590551
0
LINE
8
BLACK
6
CONTINUOUS
10
5.8865278740157478
20
-4.4340245275590551
11
5.8865278346456691
21
-4.4340245275590551
0
LINE
8
BLACK
6
CONTINUOUS
10
5.8865278346456691
20
-4.4340245275590551
11
5.8815091338582679
21
-4.4319457086614173
0
LINE
8
BLACK
6
CONTINUOUS
10
5.8815091338582679
20
-4.4319457086614173
11
5.8815087401574804
21
-4.4319455905511811
0
LINE
8
BLACK
6
CONTINUOUS
10
5.8815087401574804
20
-4.4319455905511811
11
5.8761809448818898
21
-4.4308858267716538
0
LINE
8
BLACK
6
CONTINUOUS
10
5.8761809448818898
20
-4.4308858267716538
11
5.8761808661417323
21
-4.4308858267716538
0
LINE
8
BLACK
6
CONTINUOUS
10
5.8761808661417323
20
-4.4308858267716538
11
5.8761808267716535
21
-4.4308858267716538
0
LINE
8
BLACK
6
CONTINUOUS
10
5.8761808267716535
20
-4.4308858267716538
11
5.3304125590551177
21
-4.4308858267716538
0
LINE
8
BLACK
6
CONTINUOUS
10
5.3304125590551177
20
-4.4308858267716538
11
5.3304124015748027
21
-4.4308858267716538
0
LINE
8
BLACK
6
CONTINUOUS
10
5.3304124015748027
20
-4.4308858267716538
11
5.3261441732283465
21
-4.4317348425196847
0
LINE
8
BLACK
6
CONTINUOUS
10
5.3261441732283465
20
-4.4317348425196847
11
5.3261441338582678
21
-4.4317348425196847
0
LINE
8
BLACK
6
CONTINUOUS
10
5.3261441338582678
20
-4.4317348425196847
11
5.3256142913385824
21
-4.4318402362204727
0
LINE
8
BLACK
6
CONTINUOUS
10
5.3256142913385824
20
-4.4318402362204727
11
5.3250844488188971
21
-4.4319456299212598
0
LINE
8
BLACK
6
CONTINUOUS
10
5.3250844488188971
20
-4.4319456299212598
11
5.3240448818897637
21
-4.4323762204724408
0
LINE
8
BLACK
6
CONTINUOUS
10
5.3240448818897637
20
-4.4323762204724408
11
5.3230054330708656
21
-4.4328067716535431
0
LINE
8
BLACK
6
CONTINUOUS
10
5.3230054330708656
20
-4.4328067716535431
11
5.323005354330709
21
-4.4328068110236218
0
LINE
8
BLACK
6
CONTINUOUS
10
5.323005354330709
20
-4.4328068110236218
11
5.3230053149606302
21
-4.4328067716535431
0
LINE
8
BLACK
6
CONTINUOUS
10
5.3230053149606302
20
-4.4328067716535431
11
5.3200654724409446
21
-4.4340245275590551
0
LINE
8
BLACK
6
CONTINUOUS
10
5.3200654724409446
20
-4.4340245275590551
11
5.3162005905511807
21
-4.4366070078740156
0
LINE
8
BLACK
6
CONTINUOUS
10
5.3162005905511807
20
-4.4366070078740156
11
5.3162005118110232
21
-4.4366070472440944
0
LINE
8
BLACK
6
CONTINUOUS
10
5.3162005118110232
20
-4.4366070472440944
11
5.3155484251968499
21
-4.4370427165354327
0
LINE
8
BLACK
6
CONTINUOUS
10
5.3155484251968499
20
-4.4370427165354327
11
5.315548228346457
21
-4.4370428740157477
0
LINE
8
BLACK
6
CONTINUOUS
10
5.315548228346457
20
-4.4370428740157477
11
5.2767294881889759
21
-4.4758616141732279
0
LINE
8
BLACK
6
CONTINUOUS
10
5.2767294881889759
20
-4.4758616141732279
11
5.2743151968503934
21
-4.4771799212598422
0
LINE
8
BLACK
6
CONTINUOUS
10
5.2743151968503934
20
-4.4771799212598422
11
5.2721226771653544
21
-4.4771529527559055
0
LINE
8
BLACK
6
CONTINUOUS
10
5.2721226771653544
20
-4.4771529527559055
11
5.2717569685039365
21
-4.4770638976377954
0
LINE
8
BLACK
6
CONTINUOUS
10
5.2717569685039365
20
-4.4770638976377954
11
5.2703411811023617
21
-4.4764774803149603
0
LINE
8
BLACK
6
CONTINUOUS
10
5.2703411811023617
20
-4.4764774803149603
11
5.2649143307086614
21
-4.4753979921259841
0
LINE
8
BLACK
6
CONTINUOUS
10
5.2649143307086614
20
-4.4753979921259841
11
5.2648138582677166
21
-4.4753735433070867
0
LINE
8
BLACK
6
CONTINUOUS
10
5.2648138582677166
20
-4.4753735433070867
11
5.2637088582677167
21
-4.4747343700787399
0
LINE
8
BLACK
6
CONTINUOUS
10
5.2637088582677167
20
-4.4747343700787399
11
5.2625788188976372
21
-4.4741432677165349
0
LINE
8
BLACK
6
CONTINUOUS
10
5.2625788188976372
20
-4.4741432677165349
11
5.2625187401574802
21
-4.474084291338583
0
LINE
8
BLACK
6
CONTINUOUS
10
5.2625187401574802
20
-4.474084291338583
11
5.2570126377952757
21
-4.4685781889763776
0
LINE
8
BLACK
6
CONTINUOUS
10
5.2570126377952757
20
-4.4685781889763776
11
5.2564564173228341
21
-4.4682065354330707
0
LINE
8
BLACK
6
CONTINUOUS
10
5.2564564173228341
20
-4.4682065354330707
11
5.2524954724409447
21
-4.4655599212598425
0
LINE
8
BLACK
6
CONTINUOUS
10
5.2524954724409447
20
-4.4655599212598425
11
5.2474767716535435
21
-4.4634811417322835
0
LINE
8
BLACK
6
CONTINUOUS
10
5.2474767716535435
20
-4.4634811417322835
11
5.247476377952756
21
-4.4634810236220472
0
LINE
8
BLACK
6
CONTINUOUS
10
5.247476377952756
20
-4.4634810236220472
11
5.2421485826771654
21
-4.4624212598425199
0
LINE
8
BLACK
6
CONTINUOUS
10
5.2421485826771654
20
-4.4624212598425199
11
5.2421485039370079
21
-4.4624212598425199
0
LINE
8
BLACK
6
CONTINUOUS
10
5.2421485039370079
20
-4.4624212598425199
11
5.2421484645669292
21
-4.4624212598425199
0
LINE
8
BLACK
6
CONTINUOUS
10
5.2421484645669292
20
-4.4624212598425199
11
5.1585934251968499
21
-4.4624212598425199
0
LINE
8
BLACK
6
CONTINUOUS
10
5.1585934251968499
20
-4.4624212598425199
11
5.1559540944881892
21
-4.4616462598425199
0
LINE
8
BLACK
6
CONTINUOUS
10
5.1559540944881892
20
-4.4616462598425199
11
5.1541527165354326
21
-4.4595673622047247
0
LINE
8
BLACK
6
CONTINUOUS
10
5.1541527165354326
20
-4.4595673622047247
11
5.1537612204724406
21
-4.4568446062992129
0
LINE
8
BLACK
6
CONTINUOUS
10
5.1537612204724406
20
-4.4568446062992129
11
5.1539053937007875
21
-4.4561773622047243
0
LINE
8
BLACK
6
CONTINUOUS
10
5.1539053937007875
20
-4.4561773622047243
11
5.1544133464566926
21
-4.454428937007874
0
LINE
8
BLACK
6
CONTINUOUS
10
5.1544133464566926
20
-4.454428937007874
11
5.1544133858267713
21
-4.4544287007874015
0
LINE
8
BLACK
6
CONTINUOUS
10
5.1544133858267713
20
-4.4544287007874015
11
5.1545275196850389
21
-4.4529783070866138
0
LINE
8
BLACK
6
CONTINUOUS
10
5.1545275196850389
20
-4.4529783070866138
11
5.1545275590551176
21
-4.4529777165354334
0
LINE
8
BLACK
6
CONTINUOUS
10
5.1545275590551176
20
-4.4529777165354334
11
5.1545275590551176
21
-4.4326771653543302
0
LINE
8
BLACK
6
CONTINUOUS
10
5.1545275590551176
20
-4.4326771653543302
11
5.1348425196850389
21
-4.4326771653543302
0
LINE
8
BLACK
6
CONTINUOUS
10
5.1348425196850389
20
-4.4326771653543302
11
5.1348425196850389
21
-4.4503937007874015
0
LINE
8
BLACK
6
CONTINUOUS
10
5.1348425196850389
20
-4.4503937007874015
11
5.1343929921259841
21
-4.4526536614173224
0
LINE
8
BLACK
6
CONTINUOUS
10
5.1343929921259841
20
-4.4526536614173224
11
5.1331128346456696
21
-4.4545695275590553
0
LINE
8
BLACK
6
CONTINUOUS
10
5.1331128346456696
20
-4.4545695275590553
11
5.1311969685039367
21
-4.4558496850393698
0
LINE
8
BLACK
6
CONTINUOUS
10
5.1311969685039367
20
-4.4558496850393698
11
5.1289370078740157
21
-4.4562992125984247
0
LINE
8
BLACK
6
CONTINUOUS
10
5.1289370078740157
20
-4.4562992125984247
11
5.1171259842519685
21
-4.4562992125984247
0
LINE
8
BLACK
6
CONTINUOUS
10
5.1171259842519685
20
-4.4562992125984247
11
5.1148660236220476
21
-4.4558496850393698
0
LINE
8
BLACK
6
CONTINUOUS
10
5.1148660236220476
20
-4.4558496850393698
11
5.1129501574803147
21
-4.4545695275590553
0
LINE
8
BLACK
6
CONTINUOUS
10
5.1129501574803147
20
-4.4545695275590553
11
5.1116700000000002
21
-4.4526536614173224
0
LINE
8
BLACK
6
CONTINUOUS
10
5.1116700000000002
20
-4.4526536614173224
11
5.1112204724409445
21
-4.4503937007874015
0
LINE
8
BLACK
6
CONTINUOUS
10
5.1112204724409445
20
-4.4503937007874015
11
5.1112204724409445
21
-4.3952755905511811
0
LINE
8
BLACK
6
CONTINUOUS
10
5.1112204724409445
20
-4.3952755905511811
11
5.1116700000000002
21
-4.3930156299212602
0
LINE
8
BLACK
6
CONTINUOUS
10
5.1116700000000002
20
-4.3930156299212602
11
5.1129501574803147
21
-4.3910997637795273
0
LINE
8
BLACK
6
CONTINUOUS
10
5.1129501574803147
20
-4.3910997637795273
11
5.1148660236220476
21
-4.3898196062992128
0
LINE
8
BLACK
6
CONTINUOUS
10
5.1148660236220476
20
-4.3898196062992128
11
5.1171259842519685
21
-4.3893700787401571
0
LINE
8
BLACK
6
CONTINUOUS
10
5.1171259842519685
20
-4.3893700787401571
11
5.1289370078740157
21
-4.3893700787401571
0
LINE
8
BLACK
6
CONTINUOUS
10
5.1289370078740157
20
-4.3893700787401571
11
5.1311969685039367
21
-4.3898196062992128
0
LINE
8
BLACK
6
CONTINUOUS
10
5.1311969685039367
20
-4.3898196062992128
11
5.1331128346456696
21
-4.3910997637795273
0
LINE
8
BLACK
6
CONTINUOUS
10
5.1331128346456696
20
-4.3910997637795273
11
5.1343929921259841
21
-4.3930156299212602
0
LINE
8
BLACK
6
CONTINUOUS
10
5.1343929921259841
20
-4.3930156299212602
11
5.1348425196850389
21
-4.3952755905511811
0
LINE
8
BLACK
6
CONTINUOUS
10
5.1348425196850389
20
-4.3952755905511811
11
5.1348425196850389
21
-4.4129921259842515
0
LINE
8
BLACK
6
CONTINUOUS
10
5.1348425196850389
20
-4.4129921259842515
11
5.1369677559055118
21
-4.4129921259842515
0
LINE
8
BLACK
6
CONTINUOUS
10
5.1369677559055118
20
-4.4129921259842515
11
5.1396070866141734
21
-4.4137671259842515
0
LINE
8
BLACK
6
CONTINUOUS
10
5.1396070866141734
20
-4.4137671259842515
11
5.140419803149606
21
-4.414422047244094
0
LINE
8
BLACK
6
CONTINUOUS
10
5.140419803149606
20
-4.414422047244094
11
5.1424194094488191
21
-4.4164216929133859
0
LINE
8
BLACK
6
CONTINUOUS
10
5.1424194094488191
20
-4.4164216929133859
11
5.1424194488188979
21
-4.4164217322834647
0
LINE
8
BLACK
6
CONTINUOUS
10
5.1424194488188979
20
-4.4164217322834647
11
5.1469366929133855
21
-4.4194400393700786
0
LINE
8
BLACK
6
CONTINUOUS
10
5.1469366929133855
20
-4.4194400393700786
11
5.1519553937007876
21
-4.4215188188976375
0
LINE
8
BLACK
6
CONTINUOUS
10
5.1519553937007876
20
-4.4215188188976375
11
5.1519555905511814
21
-4.421518897637795
0
LINE
8
BLACK
6
CONTINUOUS
10
5.1519555905511814
20
-4.421518897637795
11
5.1519557480314964
21
-4.421518897637795
0
LINE
8
BLACK
6
CONTINUOUS
10
5.1519557480314964
20
-4.421518897637795
11
5.1519557874015751
21
-4.4215189370078738
0
LINE
8
BLACK
6
CONTINUOUS
10
5.1519557874015751
20
-4.4215189370078738
11
5.1572835826771648
21
-4.4225787401574799
0
LINE
8
BLACK
6
CONTINUOUS
10
5.1572835826771648
20
-4.4225787401574799
11
5.1572837007874011
21
-4.4225787401574799
0
LINE
8
BLACK
6
CONTINUOUS
10
5.1572837007874011
20
-4.4225787401574799
11
5.2427163779527559
21
-4.4225787401574799
0
LINE
8
BLACK
6
CONTINUOUS
10
5.2427163779527559
20
-4.4225787401574799
11
5.2463007874015748
21
-4.421865708661417
0
LINE
8
BLACK
6
CONTINUOUS
10
5.2463007874015748
20
-4.421865708661417
11
5.248044409448819
21
-4.421518897637795
0
LINE
8
BLACK
6
CONTINUOUS
10
5.248044409448819
20
-4.421518897637795
11
5.2505538976377952
21
-4.4204794094488191
0
LINE
8
BLACK
6
CONTINUOUS
10
5.2505538976377952
20
-4.4204794094488191
11
5.2530632677165352
21
-4.4194400393700786
0
LINE
8
BLACK
6
CONTINUOUS
10
5.2530632677165352
20
-4.4194400393700786
11
5.253063307086614
21
-4.4194399999999998
0
LINE
8
BLACK
6
CONTINUOUS
10
5.253063307086614
20
-4.4194399999999998
11
5.2530634251968502
21
-4.4194399606299211
0
LINE
8
BLACK
6
CONTINUOUS
10
5.2530634251968502
20
-4.4194399606299211
11
5.2575804330708662
21
-4.4164218110236222
0
LINE
8
BLACK
6
CONTINUOUS
10
5.2575804330708662
20
-4.4164218110236222
11
5.262516692913386
21
-4.4114854724409449
0
LINE
8
BLACK
6
CONTINUOUS
10
5.262516692913386
20
-4.4114854724409449
11
5.264930905511811
21
-4.4101672440944881
0
LINE
8
BLACK
6
CONTINUOUS
10
5.264930905511811
20
-4.4101672440944881
11
5.2650107874015744
21
-4.4101505905511811
0
LINE
8
BLACK
6
CONTINUOUS
10
5.2650107874015744
20
-4.4101505905511811
11
5.2703411811023617
21
-4.40909031496063
0
LINE
8
BLACK
6
CONTINUOUS
10
5.2703411811023617
20
-4.40909031496063
11
5.2767931889763782
21
-4.4064178346456693
0
LINE
8
BLACK
6
CONTINUOUS
10
5.2767931889763782
20
-4.4064178346456693
11
5.2825998031496058
21
-4.402537952755905
0
LINE
8
BLACK
6
CONTINUOUS
10
5.2825998031496058
20
-4.402537952755905
11
5.2875379527559057
21
-4.397599803149606
0
LINE
8
BLACK
6
CONTINUOUS
10
5.2875379527559057
20
-4.397599803149606
11
5.2914178346456691
21
-4.3917931889763775
0
LINE
8
BLACK
6
CONTINUOUS
10
5.2914178346456691
20
-4.3917931889763775
11
5.2940903149606298
21
-4.3853411811023619
0
LINE
8
BLACK
6
CONTINUOUS
10
5.2940903149606298
20
-4.3853411811023619
11
5.2941518897637794
21
-4.3850317322834647
0
LINE
8
BLACK
6
CONTINUOUS
10
5.2941518897637794
20
-4.3850317322834647
11
5.2954527165354328
21
-4.3784919291338582
0
LINE
8
BLACK
6
CONTINUOUS
10
5.2954527165354328
20
-4.3784919291338582
11
5.2954527559055116
21
-4.3784918503937007
0
LINE
8
BLACK
6
CONTINUOUS
10
5.2954527559055116
20
-4.3784918503937007
11
5.2954527559055116
21
-4.3759645669291336
0
LINE
8
BLACK
6
CONTINUOUS
10
5.2954527559055116
20
-4.3759645669291336
11
5.2962277559055115
21
-4.373325236220472
0
LINE
8
BLACK
6
CONTINUOUS
10
5.2962277559055115
20
-4.373325236220472
11
5.2983066535433068
21
-4.3715238582677163
0
LINE
8
BLACK
6
CONTINUOUS
10
5.2983066535433068
20
-4.3715238582677163
11
5.3003346456692908
21
-4.3710826771653544
0
LINE
8
BLACK
6
CONTINUOUS
10
5.3003346456692908
20
-4.3710826771653544
11
5.3550583070866145
21
-4.3710826771653544
0
LINE
8
BLACK
6
CONTINUOUS
10
5.3550583070866145
20
-4.3710826771653544
11
5.3576976377952752
21
-4.3718576771653543
0
LINE
8
BLACK
6
CONTINUOUS
10
4.8851339763779524
20
-4.3898196062992128
11
4.8870498425196853
21
-4.3910997637795273
0
LINE
8
BLACK
6
CONTINUOUS
10
4.8870498425196853
20
-4.3910997637795273
11
4.8883299999999998
21
-4.3930156299212602
0
LINE
8
BLACK
6
CONTINUOUS
10
4.8883299999999998
20
-4.3930156299212602
11
4.8887795275590546
21
-4.3952755905511811
0
LINE
8
BLACK
6
CONTINUOUS
10
4.8887795275590546
20
-4.3952755905511811
11
4.8887795275590546
21
-4.4503937007874015
0
LINE
8
BLACK
6
CONTINUOUS
10
4.8887795275590546
20
-4.4503937007874015
11
4.8883299999999998
21
-4.4526536614173224
0
LINE
8
BLACK
6
CONTINUOUS
10
4.8883299999999998
20
-4.4526536614173224
11
4.8870498425196853
21
-4.4545695275590553
0
LINE
8
BLACK
6
CONTINUOUS
10
4.8870498425196853
20
-4.4545695275590553
11
4.8851339763779524
21
-4.4558496850393698
0
LINE
8
BLACK
6
CONTINUOUS
10
4.8851339763779524
20
-4.4558496850393698
11
4.8828740157480315
21
-4.4562992125984247
0
LINE
8
BLACK
6
CONTINUOUS
10
4.8828740157480315
20
-4.4562992125984247
11
4.8710629921259843
21
-4.4562992125984247
0
LINE
8
BLACK
6
CONTINUOUS
10
4.8710629921259843
20
-4.4562992125984247
11
4.8688030314960633
21
-4.4558496850393698
0
LINE
8
BLACK
6
CONTINUOUS
10
4.8688030314960633
20
-4.4558496850393698
11
4.8668871653543304
21
-4.4545695275590553
0
LINE
8
BLACK
6
CONTINUOUS
10
4.8668871653543304
20
-4.4545695275590553
11
4.8656070078740159
21
-4.4526536614173224
0
LINE
8
BLACK
6
CONTINUOUS
10
4.8656070078740159
20
-4.4526536614173224
11
4.8651574803149602
21
-4.4503937007874015
0
LINE
8
BLACK
6
CONTINUOUS
10
4.8651574803149602
20
-4.4503937007874015
11
4.8651574803149602
21
-4.3952755905511811
0
LINE
8
BLACK
6
CONTINUOUS
10
4.8651574803149602
20
-4.3952755905511811
11
4.8656070078740159
21
-4.3930156299212602
0
LINE
8
BLACK
6
CONTINUOUS
10
4.8656070078740159
20
-4.3930156299212602
11
4.8668871653543304
21
-4.3910997637795273
0
LINE
8
BLACK
6
CONTINUOUS
10
4.8668871653543304
20
-4.3910997637795273
11
4.8688030314960633
21
-4.3898196062992128
0
LINE
8
BLACK
6
CONTINUOUS
10
4.8688030314960633
20
-4.3898196062992128
11
4.8710629921259843
21
-4.3893700787401571
0
LINE
8
BLACK
6
CONTINUOUS
10
4.8710629921259843
20
-4.3893700787401571
11
4.8828740157480315
21
-4.3893700787401571
0
LINE
8
BLACK
6
CONTINUOUS
10
4.8828740157480315
20
-4.3893700787401571
11
4.8851339763779524
21
-4.3898196062992128
0
LINE
8
BLACK
6
CONTINUOUS
10
4.7646739763779529
20
-4.237387204724409
11
4.7664753543307086
21
-4.2394661023622042
0
LINE
8
BLACK
6
CONTINUOUS
10
4.7664753543307086
20
-4.2394661023622042
11
4.7668668503937006
21
-4.2421888582677161
0
LINE
8
BLACK
6
CONTINUOUS
10
4.7668668503937006
20
-4.2421888582677161
11
4.7666687401574803
21
-4.2430296850393701
0
LINE
8
BLACK
6
CONTINUOUS
10
4.7666687401574803
20
-4.2430296850393701
11
4.7651769291338582
21
-4.2475315748031495
0
LINE
8
BLACK
6
CONTINUOUS
10
4.7651769291338582
20
-4.2475315748031495
11
4.7651768897637794
21
-4.2475318503937007
0
LINE
8
BLACK
6
CONTINUOUS
10
4.7651768897637794
20
-4.2475318503937007
11
4.7647637795275593
21
-4.2515753149606299
0
LINE
8
BLACK
6
CONTINUOUS
10
4.7647637795275593
20
-4.2515753149606299
11
4.7647637795275593
21
-4.2870078740157478
0
LINE
8
BLACK
6
CONTINUOUS
10
4.7647637795275593
20
-4.2870078740157478
11
4.784448818897638
21
-4.2870078740157478
0
LINE
8
BLACK
6
CONTINUOUS
10
4.784448818897638
20
-4.2870078740157478
11
4.784448818897638
21
-4.2535433070866144
0
LINE
8
BLACK
6
CONTINUOUS
10
4.784448818897638
20
-4.2535433070866144
11
4.7851980314960629
21
-4.2497767322834648
0
LINE
8
BLACK
6
CONTINUOUS
10
4.7851980314960629
20
-4.2497767322834648
11
4.7873316141732278
21
-4.2465835826771654
0
LINE
8
BLACK
6
CONTINUOUS
10
4.7873316141732278
20
-4.2465835826771654
11
4.7905247637795272
21
-4.2444499999999996
0
LINE
8
BLACK
6
CONTINUOUS
10
4.7905247637795272
20
-4.2444499999999996
11
4.7942913385826769
21
-4.2437007874015746
0
LINE
8
BLACK
6
CONTINUOUS
10
4.7942913385826769
20
-4.2437007874015746
11
4.8139763779527556
21
-4.2437007874015746
0
LINE
8
BLACK
6
CONTINUOUS
10
4.8139763779527556
20
-4.2437007874015746
11
4.8177429527559053
21
-4.2444499999999996
0
LINE
8
BLACK
6
CONTINUOUS
10
4.8177429527559053
20
-4.2444499999999996
11
4.8209361023622046
21
-4.2465835826771654
0
LINE
8
BLACK
6
CONTINUOUS
10
4.8209361023622046
20
-4.2465835826771654
11
4.8230696850393704
21
-4.2497767322834648
0
LINE
8
BLACK
6
CONTINUOUS
10
4.8230696850393704
20
-4.2497767322834648
11
4.8238188976377954
21
-4.2535433070866144
0
LINE
8
BLACK
6
CONTINUOUS
10
4.8238188976377954
20
-4.2535433070866144
11
4.8238188976377954
21
-4.2870078740157478
0
LINE
8
BLACK
6
CONTINUOUS
10
4.8238188976377954
20
-4.2870078740157478
11
4.8435038976377953
21
-4.2870078740157478
0
LINE
8
BLACK
6
CONTINUOUS
10
4.8435038976377953
20
-4.2870078740157478
11
4.8435038976377953
21
-4.2515759055118112
0
LINE
8
BLACK
6
CONTINUOUS
10
4.8435038976377953
20
-4.2515759055118112
11
4.8435038582677166
21
-4.2515753149606299
0
LINE
8
BLACK
6
CONTINUOUS
10
4.8435038582677166
20
-4.2515753149606299
11
4.8430907480314955
21
-4.2475315748031495
0
LINE
8
BLACK
6
CONTINUOUS
10
4.8430907480314955
20
-4.2475315748031495
11
4.841598976377953
21
-4.2430296850393701
0
LINE
8
BLACK
6
CONTINUOUS
10
4.841598976377953
20
-4.2430296850393701
11
4.8415044094488184
21
-4.2402805511811019
0
LINE
8
BLACK
6
CONTINUOUS
10
4.8415044094488184
20
-4.2402805511811019
11
4.8429111811023624
21
-4.2379166929133856
0
LINE
8
BLACK
6
CONTINUOUS
10
4.8429111811023624
20
-4.2379166929133856
11
4.8453725984251967
21
-4.2366886220472439
0
LINE
8
BLACK
6
CONTINUOUS
10
4.8453725984251967
20
-4.2366886220472439
11
4.8462330708661412
21
-4.236612204724409
0
LINE
8
BLACK
6
CONTINUOUS
10
4.8462330708661412
20
-4.236612204724409
11
5.1537669291338579
21
-4.236612204724409
0
LINE
8
BLACK
6
CONTINUOUS
10
5.1537669291338579
20
-4.236612204724409
11
5.1564062598425195
21
-4.237387204724409
0
LINE
8
BLACK
6
CONTINUOUS
10
5.1564062598425195
20
-4.237387204724409
11
5.1582076377952752
21
-4.2394661023622042
0
LINE
8
BLACK
6
CONTINUOUS
10
5.1582076377952752
20
-4.2394661023622042
11
5.1585991338582673
21
-4.2421888582677161
0
LINE
8
BLACK
6
CONTINUOUS
10
5.1585991338582673
20
-4.2421888582677161
11
5.158401023622047
21
-4.2430296850393701
0
LINE
8
BLACK
6
CONTINUOUS
10
5.158401023622047
20
-4.2430296850393701
11
5.1569092125984248
21
-4.2475315748031495
0
LINE
8
BLACK
6
CONTINUOUS
10
5.1569092125984248
20
-4.2475315748031495
11
5.1569091732283461
21
-4.2475318503937007
0
LINE
8
BLACK
6
CONTINUOUS
10
5.1569091732283461
20
-4.2475318503937007
11
5.1564960629921259
21
-4.2515753149606299
0
LINE
8
BLACK
6
CONTINUOUS
10
5.1564960629921259
20
-4.2515753149606299
11
5.1564960629921259
21
-4.2870078740157478
0
LINE
8
BLACK
6
CONTINUOUS
10
5.1564960629921259
20
-4.2870078740157478
11
5.1761811023622046
21
-4.2870078740157478
0
LINE
8
BLACK
6
CONTINUOUS
10
5.1761811023622046
20
-4.2870078740157478
11
5.1761811023622046
21
-4.2535433070866144
0
LINE
8
BLACK
6
CONTINUOUS
10
5.1761811023622046
20
-4.2535433070866144
11
5.1769303149606296
21
-4.2497767322834648
0
LINE
8
BLACK
6
CONTINUOUS
10
5.1769303149606296
20
-4.2497767322834648
11
5.1790638976377954
21
-4.2465835826771654
0
LINE
8
BLACK
6
CONTINUOUS
10
5.1790638976377954
20
-4.2465835826771654
11
5.1822570472440947
21
-4.2444499999999996
0
LINE
8
BLACK
6
CONTINUOUS
10
5.1822570472440947
20
-4.2444499999999996
11
5.1860236220472435
21
-4.2437007874015746
0
LINE
8
BLACK
6
CONTINUOUS
10
5.1860236220472435
20
-4.2437007874015746
11
5.2057086614173231
21
-4.2437007874015746
0
LINE
8
BLACK
6
CONTINUOUS
10
5.2057086614173231
20
-4.2437007874015746
11
5.2094752362204719
21
-4.2444499999999996
0
LINE
8
BLACK
6
CONTINUOUS
10
5.2094752362204719
20
-4.2444499999999996
11
5.2126683858267713
21
-4.2465835826771654
0
LINE
8
BLACK
6
CONTINUOUS
10
5.2126683858267713
20
-4.2465835826771654
11
5.2148019685039371
21
-4.2497767322834648
0
LINE
8
BLACK
6
CONTINUOUS
10
5.2148019685039371
20
-4.2497767322834648
11
5.215551181102362
21
-4.2535433070866144
0
LINE
8
BLACK
6
CONTINUOUS
10
5.215551181102362
20
-4.2535433070866144
11
5.215551181102362
21
-4.2870078740157478
0
LINE
8
BLACK
6
CONTINUOUS
10
5.215551181102362
20
-4.2870078740157478
11
5.235236181102362
21
-4.2870078740157478
0
LINE
8
BLACK
6
CONTINUOUS
10
5.235236181102362
20
-4.2870078740157478
11
5.235236181102362
21
-4.2515759055118112
0
LINE
8
BLACK
6
CONTINUOUS
10
5.235236181102362
20
-4.2515759055118112
11
5.2352361417322832
21
-4.2515753149606299
0
LINE
8
BLACK
6
CONTINUOUS
10
5.2352361417322832
20
-4.2515753149606299
11
5.2348230314960631
21
-4.2475315748031495
0
LINE
8
BLACK
6
CONTINUOUS
10
5.2348230314960631
20
-4.2475315748031495
11
5.2333312598425197
21
-4.2430296850393701
0
LINE
8
BLACK
6
CONTINUOUS
10
5.2333312598425197
20
-4.2430296850393701
11
5.233236692913386
21
-4.2402805511811019
0
LINE
8
BLACK
6
CONTINUOUS
10
5.233236692913386
20
-4.2402805511811019
11
5.2346434645669291
21
-4.2379166929133856
0
LINE
8
BLACK
6
CONTINUOUS
10
5.2346434645669291
20
-4.2379166929133856
11
5.2371048818897634
21
-4.2366886220472439
0
LINE
8
BLACK
6
CONTINUOUS
10
5.2371048818897634
20
-4.2366886220472439
11
5.2379653543307088
21
-4.236612204724409
0
LINE
8
BLACK
6
CONTINUOUS
10
5.2379653543307088
20
-4.236612204724409
11
5.8151842519685042
21
-4.236612204724409
0
LINE
8
BLACK
6
CONTINUOUS
10
5.8151842519685042
20
-4.236612204724409
11
5.8178235826771649
21
-4.237387204724409
0
LINE
8
BLACK
6
CONTINUOUS
10
5.8178235826771649
20
-4.237387204724409
11
5.8196249606299215
21
-4.2394661023622042
0
LINE
8
BLACK
6
CONTINUOUS
10
5.8196249606299215
20
-4.2394661023622042
11
5.8200164566929136
21
-4.2421888582677161
0
LINE
8
BLACK
6
CONTINUOUS
10
5.8200164566929136
20
-4.2421888582677161
11
5.8198183464566924
21
-4.2430296850393701
0
LINE
8
BLACK
6
CONTINUOUS
10
5.8198183464566924
20
-4.2430296850393701
11
5.8183265354330711
21
-4.2475315748031495
0
LINE
8
BLACK
6
CONTINUOUS
10
5.8183265354330711
20
-4.2475315748031495
11
5.8183264960629923
21
-4.2475318503937007
0
LINE
8
BLACK
6
CONTINUOUS
10
5.8183264960629923
20
-4.2475318503937007
11
5.8179133858267713
21
-4.2515753149606299
0
LINE
8
BLACK
6
CONTINUOUS
10
5.8179133858267713
20
-4.2515753149606299
11
5.8179133858267713
21
-4.2870078740157478
0
LINE
8
BLACK
6
CONTINUOUS
10
5.8179133858267713
20
-4.2870078740157478
11
5.83759842519685
21
-4.2870078740157478
0
LINE
8
BLACK
6
CONTINUOUS
10
5.83759842519685
20
-4.2870078740157478
11
5.83759842519685
21
-4.2535433070866144
0
LINE
8
BLACK
6
CONTINUOUS
10
5.83759842519685
20
-4.2535433070866144
11
5.8383476377952759
21
-4.2497767322834648
0
LINE
8
BLACK
6
CONTINUOUS
10
5.8383476377952759
20
-4.2497767322834648
11
5.8404812204724408
21
-4.2465835826771654
0
LINE
8
BLACK
6
CONTINUOUS
10
5.8404812204724408
20
-4.2465835826771654
11
5.8436743700787401
21
-4.2444499999999996
0
LINE
8
BLACK
6
CONTINUOUS
10
5.8436743700787401
20
-4.2444499999999996
11
5.8474409448818898
21
-4.2437007874015746
0
LINE
8
BLACK
6
CONTINUOUS
10
5.8474409448818898
20
-4.2437007874015746
11
5.8671259842519685
21
-4.2437007874015746
0
LINE
8
BLACK
6
CONTINUOUS
10
5.8671259842519685
20
-4.2437007874015746
11
5.8708925590551182
21
-4.2444499999999996
0
LINE
8
BLACK
6
CONTINUOUS
10
5.8708925590551182
20
-4.2444499999999996
11
5.8740857086614175
21
-4.2465835826771654
0
LINE
8
BLACK
6
CONTINUOUS
10
5.8740857086614175
20
-4.2465835826771654
11
5.8762192913385825
21
-4.2497767322834648
0
LINE
8
BLACK
6
CONTINUOUS
10
5.8762192913385825
20
-4.2497767322834648
11
5.8769685039370074
21
-4.2535433070866144
0
LINE
8
BLACK
6
CONTINUOUS
10
5.8769685039370074
20
-4.2535433070866144
11
5.8769685039370074
21
-4.2870078740157478
0
LINE
8
BLACK
6
CONTINUOUS
10
5.8769685039370074
20
-4.2870078740157478
11
5.8966535039370074
21
-4.2870078740157478
0
LINE
8
BLACK
6
CONTINUOUS
10
5.8966535039370074
20
-4.2870078740157478
11
5.8966535039370074
21
-4.2515759055118112
0
LINE
8
BLACK
6
CONTINUOUS
10
5.8966535039370074
20
-4.2515759055118112
11
5.8966534645669286
21
-4.2515753149606299
0
LINE
8
BLACK
6
CONTINUOUS
10
5.8966534645669286
20
-4.2515753149606299
11
5.8962403543307085
21
-4.2475315748031495
0
LINE
8
BLACK
6
CONTINUOUS
10
5.8962403543307085
20
-4.2475315748031495
11
5.8947485826771651
21
-4.2430296850393701
0
LINE
8
BLACK
6
CONTINUOUS
10
5.8947485826771651
20
-4.2430296850393701
11
5.8946540157480314
21
-4.2402805511811019
0
LINE
8
BLACK
6
CONTINUOUS
10
5.8946540157480314
20
-4.2402805511811019
11
5.8960607874015745
21
-4.2379166929133856
0
LINE
8
BLACK
6
CONTINUOUS
10
5.8960607874015745
20
-4.2379166929133856
11
5.8985222047244097
21
-4.2366886220472439
0
LINE
8
BLACK
6
CONTINUOUS
10
5.8985222047244097
20
-4.2366886220472439
11
5.8993826771653541
21
-4.236612204724409
0
LINE
8
BLACK
6
CONTINUOUS
10
5.8993826771653541
20
-4.236612204724409
11
6.3053417322834644
21
-4.236612204724409
0
LINE
8
BLACK
6
CONTINUOUS
10
6.3053417322834644
20
-4.236612204724409
11
6.307981062992126
21
-4.237387204724409
0
LINE
8
BLACK
6
CONTINUOUS
10
6.307981062992126
20
-4.237387204724409
11
6.3097824409448817
21
-4.2394661023622042
0
LINE
8
BLACK
6
CONTINUOUS
10
6.3097824409448817
20
-4.2394661023622042
11
6.3101739370078738
21
-4.2421888582677161
0
LINE
8
BLACK
6
CONTINUOUS
10
6.3101739370078738
20
-4.2421888582677161
11
6.3099758267716535
21
-4.2430296850393701
0
LINE
8
BLACK
6
CONTINUOUS
10
6.3099758267716535
20
-4.2430296850393701
11
6.3084840157480313
21
-4.2475315748031495
0
LINE
8
BLACK
6
CONTINUOUS
10
6.3084840157480313
20
-4.2475315748031495
11
6.3084839763779526
21
-4.2475318503937007
0
LINE
8
BLACK
6
CONTINUOUS
10
6.3084839763779526
20
-4.2475318503937007
11
6.3080708661417324
21
-4.2515753149606299
0
LINE
8
BLACK
6
CONTINUOUS
10
6.3080708661417324
20
-4.2515753149606299
11
6.3080708661417324
21
-4.2870078740157478
0
LINE
8
BLACK
6
CONTINUOUS
10
6.3080708661417324
20
-4.2870078740157478
11
6.3277559055118111
21
-4.2870078740157478
0
LINE
8
BLACK
6
CONTINUOUS
10
6.3277559055118111
20
-4.2870078740157478
11
6.3277559055118111
21
-4.2535433070866144
0
LINE
8
BLACK
6
CONTINUOUS
10
6.3277559055118111
20
-4.2535433070866144
11
6.3285051181102361
21
-4.2497767322834648
0
LINE
8
BLACK
6
CONTINUOUS
10
6.3285051181102361
20
-4.2497767322834648
11
6.3306387007874019
21
-4.2465835826771654
0
LINE
8
BLACK
6
CONTINUOUS
10
6.3306387007874019
20
-4.2465835826771654
11
6.3338318503937003
21
-4.2444499999999996
0
LINE
8
BLACK
6
CONTINUOUS
10
6.3338318503937003
20
-4.2444499999999996
11
6.33759842519685
21
-4.2437007874015746
0
LINE
8
BLACK
6
CONTINUOUS
10
6.33759842519685
20
-4.2437007874015746
11
6.3572834645669287
21
-4.2437007874015746
0
LINE
8
BLACK
6
CONTINUOUS
10
6.3572834645669287
20
-4.2437007874015746
11
6.3610500393700784
21
-4.2444499999999996
0
LINE
8
BLACK
6
CONTINUOUS
10
6.3610500393700784
20
-4.2444499999999996
11
6.3642431889763778
21
-4.2465835826771654
0
LINE
8
BLACK
6
CONTINUOUS
10
6.3642431889763778
20
-4.2465835826771654
11
6.3663767716535435
21
-4.2497767322834648
0
LINE
8
BLACK
6
CONTINUOUS
10
6.3663767716535435
20
-4.2497767322834648
11
6.3671259842519685
21
-4.2535433070866144
0
LINE
8
BLACK
6
CONTINUOUS
10
6.3671259842519685
20
-4.2535433070866144
11
6.3671259842519685
21
-4.2870078740157478
0
LINE
8
BLACK
6
CONTINUOUS
10
6.3671259842519685
20
-4.2870078740157478
11
6.3868109842519685
21
-4.2870078740157478
0
LINE
8
BLACK
6
CONTINUOUS
10
6.3868109842519685
20
-4.2870078740157478
11
6.3868109842519685
21
-4.2515759055118112
0
LINE
8
BLACK
6
CONTINUOUS
10
6.3868109842519685
20
-4.2515759055118112
11
6.3868109448818897
21
-4.2515753149606299
0
LINE
8
BLACK
6
CONTINUOUS
10
6.3868109448818897
20
-4.2515753149606299
11
6.3863978346456696
21
-4.2475315748031495
0
LINE
8
BLACK
6
CONTINUOUS
10
6.3863978346456696
20
-4.2475315748031495
11
6.3849060629921262
21
-4.2430296850393701
0
LINE
8
BLACK
6
CONTINUOUS
10
6.3849060629921262
20
-4.2430296850393701
11
6.3848114960629916
21
-4.2402805511811019
0
LINE
8
BLACK
6
CONTINUOUS
10
6.3848114960629916
20
-4.2402805511811019
11
6.3862182677165356
21
-4.2379166929133856
0
LINE
8
BLACK
6
CONTINUOUS
10
6.3862182677165356
20
-4.2379166929133856
11
6.3886796850393699
21
-4.2366886220472439
0
LINE
8
BLACK
6
CONTINUOUS
10
6.3886796850393699
20
-4.2366886220472439
11
6.3895401574803152
21
-4.236612204724409
0
LINE
8
BLACK
6
CONTINUOUS
10
6.3895401574803152
20
-4.236612204724409
11
6.8210321259842521
21
-4.236612204724409
0
LINE
8
BLACK
6
CONTINUOUS
10
6.8210321259842521
20
-4.236612204724409
11
6.8213805511811021
21
-4.2366246456692913
0
LINE
8
BLACK
6
CONTINUOUS
10
6.8213805511811021
20
-4.2366246456692913
11
6.8292038582677161
21
-4.2371844094488189
0
LINE
8
BLACK
6
CONTINUOUS
10
6.8292038582677161
20
-4.2371844094488189
11
6.8298932677165354
21
-4.2372835433070861
0
LINE
8
BLACK
6
CONTINUOUS
10
6.8298932677165354
20
-4.2372835433070861
11
6.837386653543307
21
-4.2389138188976379
0
LINE
8
BLACK
6
CONTINUOUS
10
6.837386653543307
20
-4.2389138188976379
11
6.838054960629921
21
-4.2391100787401577
0
LINE
8
BLACK
6
CONTINUOUS
10
6.838054960629921
20
-4.2391100787401577
11
6.8452398031496058
21
-4.2417900393700787
0
LINE
8
BLACK
6
CONTINUOUS
10
6.8452398031496058
20
-4.2417900393700787
11
6.8458733464566928
21
-4.2420793700787405
0
LINE
8
BLACK
6
CONTINUOUS
10
6.8458733464566928
20
-4.2420793700787405
11
6.8460738582677161
21
-4.2421888582677161
0
LINE
8
BLACK
6
CONTINUOUS
10
6.8460738582677161
20
-4.2421888582677161
11
6.8526040944881892
21
-4.2457547244094487
0
LINE
8
BLACK
6
CONTINUOUS
10
6.8526040944881892
20
-4.2457547244094487
11
6.8531896850393696
21
-4.246131102362205
0
LINE
8
BLACK
6
CONTINUOUS
10
6.8531896850393696
20
-4.246131102362205
11
6.8593288976377949
21
-4.2507268897637793
0
LINE
8
BLACK
6
CONTINUOUS
10
6.8593288976377949
20
-4.2507268897637793
11
6.8598552755905509
21
-4.2511830314960628
0
LINE
8
BLACK
6
CONTINUOUS
10
6.8598552755905509
20
-4.2511830314960628
11
6.8652775590551176
21
-4.2566053149606295
0
LINE
8
BLACK
6
CONTINUOUS
10
6.8652775590551176
20
-4.2566053149606295
11
6.8657337007874011
21
-4.2571316929133856
0
LINE
8
BLACK
6
CONTINUOUS
10
6.8657337007874011
20
-4.2571316929133856
11
6.8703294094488188
21
-4.2632707480314957
0
LINE
8
BLACK
6
CONTINUOUS
10
6.8703294094488188
20
-4.2632707480314957
11
6.870705984251968
21
-4.2638566929133859
0
LINE
8
BLACK
6
CONTINUOUS
10
6.870705984251968
20
-4.2638566929133859
11
6.8743812204724408
21
-4.2705872440944885
0
LINE
8
BLACK
6
CONTINUOUS
10
6.8743812204724408
20
-4.2705872440944885
11
6.8746705511811026
21
-4.2712207874015746
0
LINE
8
BLACK
6
CONTINUOUS
10
6.8746705511811026
20
-4.2712207874015746
11
6.8773505118110236
21
-4.2784056299212594
0
LINE
8
BLACK
6
CONTINUOUS
10
6.8773505118110236
20
-4.2784056299212594
11
6.8775467716535434
21
-4.2790739370078743
0
LINE
8
BLACK
6
CONTINUOUS
10
6.8775467716535434
20
-4.2790739370078743
11
6.8791770472440943
21
-4.2865673228346459
0
LINE
8
BLACK
6
CONTINUOUS
10
6.8791770472440943
20
-4.2865673228346459
11
6.8792761811023624
21
-4.2872567322834643
0
LINE
8
BLACK
6
CONTINUOUS
10
6.8792761811023624
20
-4.2872567322834643
11
6.8798359842519687
21
-4.2950800393700783
0
LINE
8
BLACK
6
CONTINUOUS
10
6.8798359842519687
20
-4.2950800393700783
11
6.8798484251968501
21
-4.2954284645669292
0
LINE
8
BLACK
6
CONTINUOUS
10
6.8798484251968501
20
-4.2954284645669292
11
6.8798484251968501
21
-4.7950793700787404
0
LINE
8
BLACK
6
CONTINUOUS
10
6.8798484251968501
20
-4.7950793700787404
11
6.8798359842519687
21
-4.7954277952755904
0
LINE
8
BLACK
6
CONTINUOUS
10
6.8798359842519687
20
-4.7954277952755904
11
6.8792761811023624
21
-4.8032511023622044
0
LINE
8
BLACK
6
CONTINUOUS
10
6.8792761811023624
20
-4.8032511023622044
11
6.8791770472440943
21
-4.8039405118110237
0
LINE
8
BLACK
6
CONTINUOUS
10
6.8791770472440943
20
-4.8039405118110237
11
6.8775467716535434
21
-4.8114338976377953
0
LINE
8
BLACK
6
CONTINUOUS
10
6.8775467716535434
20
-4.8114338976377953
11
6.8773505118110236
21
-4.8121022047244093
0
LINE
8
BLACK
6
CONTINUOUS
10
6.8773505118110236
20
-4.8121022047244093
11
6.8746705511811026
21
-4.8192870472440941
0
LINE
8
BLACK
6
CONTINUOUS
10
6.8746705511811026
20
-4.8192870472440941
11
6.8743812204724408
21
-4.819920590551181
0
LINE
8
BLACK
6
CONTINUOUS
10
6.8743812204724408
20
-4.819920590551181
11
6.870705984251968
21
-4.8266511417322837
0
LINE
8
BLACK
6
CONTINUOUS
10
6.870705984251968
20
-4.8266511417322837
11
6.8703294094488188
21
-4.8272370866141729
0
LINE
8
BLACK
6
CONTINUOUS
10
6.8703294094488188
20
-4.8272370866141729
11
6.8657337007874011
21
-4.8333761417322831
0
LINE
8
BLACK
6
CONTINUOUS
10
6.8657337007874011
20
-4.8333761417322831
11
6.8652775590551176
21
-4.8339025196850391
0
LINE
8
BLACK
6
CONTINUOUS
10
6.8652775590551176
20
-4.8339025196850391
11
6.8598552755905509
21
-4.8393248031496059
0
LINE
8
BLACK
6
CONTINUOUS
10
6.8598552755905509
20
-4.8393248031496059
11
6.8593288976377949
21
-4.8397809448818894
0
LINE
8
BLACK
6
CONTINUOUS
10
6.8593288976377949
20
-4.8397809448818894
11
6.8531898425196847
21
-4.844376653543307
0
LINE
8
BLACK
6
CONTINUOUS
10
6.8531898425196847
20
-4.844376653543307
11
6.8526038976377954
21
-4.8447532283464563
0
LINE
8
BLACK
6
CONTINUOUS
10
6.8526038976377954
20
-4.8447532283464563
11
6.8458733464566928
21
-4.8484284645669291
0
LINE
8
BLACK
6
CONTINUOUS
10
6.8458733464566928
20
-4.8484284645669291
11
6.8452398031496058
21
-4.8487177952755909
0
LINE
8
BLACK
6
CONTINUOUS
10
6.8452398031496058
20
-4.8487177952755909
11
6.838054960629921
21
-4.8513977559055119
0
LINE
8
BLACK
6
CONTINUOUS
10
6.838054960629921
20
-4.8513977559055119
11
6.837386653543307
21
-4.8515940157480317
0
LINE
8
BLACK
6
CONTINUOUS
10
6.837386653543307
20
-4.8515940157480317
11
6.8298932677165354
21
-4.8532242913385826
0
LINE
8
BLACK
6
CONTINUOUS
10
6.8298932677165354
20
-4.8532242913385826
11
6.8292038582677161
21
-4.8533234251968507
0
LINE
8
BLACK
6
CONTINUOUS
10
6.8292038582677161
20
-4.8533234251968507
11
6.8213805511811021
21
-4.853883228346457
0
LINE
8
BLACK
6
CONTINUOUS
10
6.8213805511811021
20
-4.853883228346457
11
6.8210321259842521
21
-4.8538956692913384
0
LINE
8
BLACK
6
CONTINUOUS
10
6.8210321259842521
20
-4.8538956692913384
11
4.3670505511811024
21
-4.8538956692913384
0
LINE
8
BLACK
6
CONTINUOUS
10
4.3670505511811024
20
-4.8538956692913384
11
4.3667021259842516
21
-4.853883228346457
0
LINE
8
BLACK
6
CONTINUOUS
10
4.3667021259842516
20
-4.853883228346457
11
4.3588787795275588
21
-4.8533234251968507
0
LINE
8
BLACK
6
CONTINUOUS
10
4.3588787795275588
20
-4.8533234251968507
11
4.3581893700787404
21
-4.8532242913385826
0
LINE
8
BLACK
6
CONTINUOUS
10
4.3581893700787404
20
-4.8532242913385826
11
4.3506959842519688
21
-4.8515940157480317
0
LINE
8
BLACK
6
CONTINUOUS
10
4.3506959842519688
20
-4.8515940157480317
11
4.3500276771653539
21
-4.8513977559055119
0
LINE
8
BLACK
6
CONTINUOUS
10
4.3500276771653539
20
-4.8513977559055119
11
4.3428428346456691
21
-4.8487177952755909
0
LINE
8
BLACK
6
CONTINUOUS
10
4.3428428346456691
20
-4.8487177952755909
11
4.342209291338583
21
-4.8484284645669291
0
LINE
8
BLACK
6
CONTINUOUS
10
4.342209291338583
20
-4.8484284645669291
11
4.3354787401574804
21
-4.8447532283464563
0
LINE
8
BLACK
6
CONTINUOUS
10
4.3354787401574804
20
-4.8447532283464563
11
4.3348927952755902
21
-4.844376653543307
0
LINE
8
BLACK
6
CONTINUOUS
10
4.3348927952755902
20
-4.844376653543307
11
4.32875374015748
21
-4.8397809448818894
0
LINE
8
BLACK
6
CONTINUOUS
10
4.32875374015748
20
-4.8397809448818894
11
4.328227362204724
21
-4.8393248031496059
0
LINE
8
BLACK
6
CONTINUOUS
10
4.328227362204724
20
-4.8393248031496059
11
4.3228050787401573
21
-4.8339025196850391
0
LINE
8
BLACK
6
CONTINUOUS
10
4.3228050787401573
20
-4.8339025196850391
11
4.3223489370078738
21
-4.8333761417322831
0
LINE
8
BLACK
6
CONTINUOUS
10
4.3223489370078738
20
-4.8333761417322831
11
4.3205571653543302
21
-4.8309826377952758
0
LINE
8
BLACK
6
CONTINUOUS
10
4.3205571653543302
20
-4.8309826377952758
11
4.3177531496062995
21
-4.8272369291338579
0
LINE
8
BLACK
6
CONTINUOUS
10
4.3177531496062995
20
-4.8272369291338579
11
4.3173766535433069
21
-4.8266511417322837
0
LINE
8
BLACK
6
CONTINUOUS
10
4.3173766535433069
20
-4.8266511417322837
11
4.3172712598425198
21
-4.8264581496062995
0
LINE
8
BLACK
6
CONTINUOUS
10
4.3172712598425198
20
-4.8264581496062995
11
4.313701417322835
21
-4.819920590551181
0
LINE
8
BLACK
6
CONTINUOUS
10
4.313701417322835
20
-4.819920590551181
11
4.3134120866141732
21
-4.8192870472440941
0
LINE
8
BLACK
6
CONTINUOUS
10
4.3134120866141732
20
-4.8192870472440941
11
4.3107321259842521
21
-4.8121022047244093
0
LINE
8
BLACK
6
CONTINUOUS
10
4.3107321259842521
20
-4.8121022047244093
11
4.3105358661417323
21
-4.8114338976377953
0
LINE
8
BLACK
6
CONTINUOUS
10
4.3105358661417323
20
-4.8114338976377953
11
4.3089055905511806
21
-4.8039405118110237
0
LINE
8
BLACK
6
CONTINUOUS
10
4.3089055905511806
20
-4.8039405118110237
11
4.3088064566929134
21
-4.8032511023622044
0
LINE
8
BLACK
6
CONTINUOUS
10
4.3088064566929134
20
-4.8032511023622044
11
4.3082466929133858
21
-4.7954277952755904
0
LINE
8
BLACK
6
CONTINUOUS
10
4.3082466929133858
20
-4.7954277952755904
11
4.3082342519685035
21
-4.7950793700787404
0
LINE
8
BLACK
6
CONTINUOUS
10
4.3082342519685035
20
-4.7950793700787404
11
4.3082342519685035
21
-4.5767845669291338
0
LINE
8
BLACK
6
CONTINUOUS
10
4.3082342519685035
20
-4.5767845669291338
11
4.3082342519685035
21
-4.2954284645669292
0
LINE
8
BLACK
6
CONTINUOUS
10
4.3082342519685035
20
-4.2954284645669292
11
4.3082466929133858
21
-4.2950800393700783
0
LINE
8
BLACK
6
CONTINUOUS
10
4.3082466929133858
20
-4.2950800393700783
11
4.3088064566929134
21
-4.2872567322834643
0
LINE
8
BLACK
6
CONTINUOUS
10
4.3088064566929134
20
-4.2872567322834643
11
4.3089055905511806
21
-4.2865673228346459
0
LINE
8
BLACK
6
CONTINUOUS
10
4.3089055905511806
20
-4.2865673228346459
11
4.3105358661417323
21
-4.2790739370078743
0
LINE
8
BLACK
6
CONTINUOUS
10
4.3105358661417323
20
-4.2790739370078743
11
4.3107321259842521
21
-4.2784056299212594
0
LINE
8
BLACK
6
CONTINUOUS
10
4.3107321259842521
20
-4.2784056299212594
11
4.3122191732283461
21
-4.2744190157480313
0
LINE
8
BLACK
6
CONTINUOUS
10
4.3122191732283461
20
-4.2744190157480313
11
4.3134121259842519
21
-4.2712205905511809
0
LINE
8
BLACK
6
CONTINUOUS
10
4.3134121259842519
20
-4.2712205905511809
11
4.313701417322835
21
-4.2705872440944885
0
LINE
8
BLACK
6
CONTINUOUS
10
4.313701417322835
20
-4.2705872440944885
11
4.3173768897637794
21
-4.2638562598425196
0
LINE
8
BLACK
6
CONTINUOUS
10
4.3173768897637794
20
-4.2638562598425196
11
4.3177529527559058
21
-4.2632711417322833
0
LINE
8
BLACK
6
CONTINUOUS
10
4.3177529527559058
20
-4.2632711417322833
11
4.3223491732283463
21
-4.2571313779527555
0
LINE
8
BLACK
6
CONTINUOUS
10
4.3223491732283463
20
-4.2571313779527555
11
4.322804803149606
21
-4.2566055905511808
0
LINE
8
BLACK
6
CONTINUOUS
10
4.322804803149606
20
-4.2566055905511808
11
4.3282275984251966
21
-4.2511827952755903
0
LINE
8
BLACK
6
CONTINUOUS
10
4.3282275984251966
20
-4.2511827952755903
11
4.3287533858267713
21
-4.2507271653543306
0
LINE
8
BLACK
6
CONTINUOUS
10
4.3287533858267713
20
-4.2507271653543306
11
4.3348931102362203
21
-4.24613094488189
0
LINE
8
BLACK
6
CONTINUOUS
10
4.3348931102362203
20
-4.24613094488189
11
4.3354785433070866
21
-4.2457547244094487
0
LINE
8
BLACK
6
CONTINUOUS
10
4.3354785433070866
20
-4.2457547244094487
11
4.3422095275590546
21
-4.2420792125984255
0
LINE
8
BLACK
6
CONTINUOUS
10
4.3422095275590546
20
-4.2420792125984255
11
4.3428422440944878
21
-4.2417902362204725
0
LINE
8
BLACK
6
CONTINUOUS
10
4.3428422440944878
20
-4.2417902362204725
11
4.3500277952755901
21
-4.2391100000000002
0
LINE
8
BLACK
6
CONTINUOUS
10
4.3500277952755901
20
-4.2391100000000002
11
4.350695787401575
21
-4.2389138188976379
0
LINE
8
BLACK
6
CONTINUOUS
10
4.350695787401575
20
-4.2389138188976379
11
4.3581894094488192
21
-4.2372835039370074
0
LINE
8
BLACK
6
CONTINUOUS
10
4.3581894094488192
20
-4.2372835039370074
11
4.3588787007874013
21
-4.2371844094488189
0
LINE
8
BLACK
6
CONTINUOUS
10
4.3588787007874013
20
-4.2371844094488189
11
4.364045787401575
21
-4.23681468503937
0
LINE
8
BLACK
6
CONTINUOUS
10
4.364045787401575
20
-4.23681468503937
11
4.3667020866141728
21
-4.2366246456692913
0
LINE
8
BLACK
6
CONTINUOUS
10
4.3667020866141728
20
-4.2366246456692913
11
4.3670505118110237
21
-4.236612204724409
0
LINE
8
BLACK
6
CONTINUOUS
10
4.3670505118110237
20
-4.236612204724409
11
4.7620346456692912
21
-4.236612204724409
0
LINE
8
BLACK
6
CONTINUOUS
10
4.7620346456692912
20
-4.236612204724409
11
4.7646739763779529
21
-4.237387204724409
0
LINE
8
BLACK
6
CONTINUOUS
10
4.3465157480314955
20
-4.6790775984251969
11
4.3478024015748034
21
-4.6855462204724407
0
LINE
8
BLACK
6
CONTINUOUS
10
4.3478024015748034
20
-4.6855462204724407
11
4.3478025196850396
21
-4.6855465748031495
0
LINE
8
BLACK
6
CONTINUOUS
10
4.3478025196850396
20
-4.6855465748031495
11
4.3483782677165355
21
-4.6869365354330705
0
LINE
8
BLACK
6
CONTINUOUS
10
4.3483782677165355
20
-4.6869365354330705
11
4.3503264566929136
21
-4.6916399999999996
0
LINE
8
BLACK
6
CONTINUOUS
10
4.3503264566929136
20
-4.6916399999999996
11
4.3503267322834649
21
-4.6916405118110234
0
LINE
8
BLACK
6
CONTINUOUS
10
4.3503267322834649
20
-4.6916405118110234
11
4.3539910236220472
21
-4.6971244488188972
0
LINE
8
BLACK
6
CONTINUOUS
10
4.3539910236220472
20
-4.6971244488188972
11
4.3539911417322834
21
-4.6971246062992122
0
LINE
8
BLACK
6
CONTINUOUS
10
4.3539911417322834
20
-4.6971246062992122
11
4.4778753543307088
21
-4.8210088188976377
0
LINE
8
BLACK
6
CONTINUOUS
10
4.4778753543307088
20
-4.8210088188976377
11
4.4778756692913388
21
-4.8210090551181102
0
LINE
8
BLACK
6
CONTINUOUS
10
4.4778756692913388
20
-4.8210090551181102
11
4.4833593307086614
21
-4.8246731102362199
0
LINE
8
BLACK
6
CONTINUOUS
10
4.4833593307086614
20
-4.8246731102362199
11
4.4833594488188977
21
-4.8246731496062987
0
LINE
8
BLACK
6
CONTINUOUS
10
4.4833594488188977
20
-4.8246731496062987
11
4.4833597637795277
21
-4.8246733858267712
0
LINE
8
BLACK
6
CONTINUOUS
10
4.4833597637795277
20
-4.8246733858267712
11
4.48692937007874
21
-4.8261519291338582
0
LINE
8
BLACK
6
CONTINUOUS
10
4.48692937007874
20
-4.8261519291338582
11
4.4894534645669291
21
-4.8271974803149602
0
LINE
8
BLACK
6
CONTINUOUS
10
4.4894534645669291
20
-4.8271974803149602
11
4.4896525984251969
21
-4.8272370866141729
0
LINE
8
BLACK
6
CONTINUOUS
10
4.4896525984251969
20
-4.8272370866141729
11
4.4959223622047242
21
-4.8284842125984255
0
LINE
8
BLACK
6
CONTINUOUS
10
4.4959223622047242
20
-4.8284842125984255
11
4.4959225196850392
21
-4.8284842519685034
0
LINE
8
BLACK
6
CONTINUOUS
10
4.4959225196850392
20
-4.8284842519685034
11
4.495922559055118
21
-4.8284842519685034
0
LINE
8
BLACK
6
CONTINUOUS
10
4.495922559055118
20
-4.8284842519685034
11
5.6786955905511807
21
-4.8284842519685034
0
LINE
8
BLACK
6
CONTINUOUS
10
5.6786955905511807
20
-4.8284842519685034
11
5.6786956299212594
21
-4.8284842125984255
0
LINE
8
BLACK
6
CONTINUOUS
10
5.6786956299212594
20
-4.8284842125984255
11
5.6808518897637796
21
-4.82805531496063
0
LINE
8
BLACK
6
CONTINUOUS
10
5.6808518897637796
20
-4.82805531496063
11
5.6851643307086617
21
-4.8271975590551177
0
LINE
8
BLACK
6
CONTINUOUS
10
5.6851643307086617
20
-4.8271975590551177
11
5.6851644881889767
21
-4.8271974803149602
0
LINE
8
BLACK
6
CONTINUOUS
10
5.6851644881889767
20
-4.8271974803149602
11
5.6851646456692908
21
-4.8271974803149602
0
LINE
8
BLACK
6
CONTINUOUS
10
5.6851646456692908
20
-4.8271974803149602
11
5.6862907480314959
21
-4.8267309842519683
0
LINE
8
BLACK
6
CONTINUOUS
10
5.6862907480314959
20
-4.8267309842519683
11
5.6869491338582678
21
-4.8264582677165357
0
LINE
8
BLACK
6
CONTINUOUS
10
5.6869491338582678
20
-4.8264582677165357
11
5.6869491732283466
21
-4.826458228346457
0
LINE
8
BLACK
6
CONTINUOUS
10
5.6869491732283466
20
-4.826458228346457
11
5.6869494094488191
21
-4.8264581496062995
0
LINE
8
BLACK
6
CONTINUOUS
10
5.6869494094488191
20
-4.8264581496062995
11
5.6912583858267718
21
-4.8246733858267712
0
LINE
8
BLACK
6
CONTINUOUS
10
5.6912583858267718
20
-4.8246733858267712
11
5.6967425984251969
21
-4.8210089370078739
0
LINE
8
BLACK
6
CONTINUOUS
10
5.6967425984251969
20
-4.8210089370078739
11
5.835221220472441
21
-4.6825302362204724
0
LINE
8
BLACK
6
CONTINUOUS
10
5.835221220472441
20
-4.6825302362204724
11
5.8376355118110235
21
-4.6812119685039368
0
LINE
8
BLACK
6
CONTINUOUS
10
5.8376355118110235
20
-4.6812119685039368
11
5.8386732283464564
21
-4.6811003937007873
0
LINE
8
BLACK
6
CONTINUOUS
10
5.8386732283464564
20
-4.6811003937007873
11
5.846651023622047
21
-4.6811003937007873
0
LINE
8
BLACK
6
CONTINUOUS
10
5.846651023622047
20
-4.6811003937007873
11
5.8466510629921258
21
-4.6811003937007873
0
LINE
8
BLACK
6
CONTINUOUS
10
5.8466510629921258
20
-4.6811003937007873
11
5.8549170472440943
21
-4.6797911811023623
0
LINE
8
BLACK
6
CONTINUOUS
10
5.8549170472440943
20
-4.6797911811023623
11
5.8628764566929137
21
-4.6772049999999998
0
LINE
8
BLACK
6
CONTINUOUS
10
5.8628764566929137
20
-4.6772049999999998
11
5.8703333070866144
21
-4.6734055511811023
0
LINE
8
BLACK
6
CONTINUOUS
10
5.8703333070866144
20
-4.6734055511811023
11
5.8717051968503933
21
-4.6724088188976376
0
LINE
8
BLACK
6
CONTINUOUS
10
5.8717051968503933
20
-4.6724088188976376
11
5.8721453149606297
21
-4.6720890551181098
0
LINE
8
BLACK
6
CONTINUOUS
10
5.8721453149606297
20
-4.6720890551181098
11
5.8747361023622044
21
-4.6711646062992127
0
LINE
8
BLACK
6
CONTINUOUS
10
5.8747361023622044
20
-4.6711646062992127
11
5.8774153937007876
21
-4.6717876377952754
0
LINE
8
BLACK
6
CONTINUOUS
10
5.8774153937007876
20
-4.6717876377952754
11
5.8784668503937008
21
-4.6725865354330711
0
LINE
8
BLACK
6
CONTINUOUS
10
5.8784668503937008
20
-4.6725865354330711
11
5.9094953149606297
21
-4.7036150000000001
0
LINE
8
BLACK
6
CONTINUOUS
10
5.9094953149606297
20
-4.7036150000000001
11
5.910813622047244
21
-4.7060292913385826
0
LINE
8
BLACK
6
CONTINUOUS
10
5.910813622047244
20
-4.7060292913385826
11
5.9109251968503935
21
-4.7070670078740156
0
LINE
8
BLACK
6
CONTINUOUS
10
5.9109251968503935
20
-4.7070670078740156
11
5.9109251968503935
21
-4.7753298031496065
0
LINE
8
BLACK
6
CONTINUOUS
10
5.9109251968503935
20
-4.7753298031496065
11
5.9109251968503935
21
-4.7807624015748029
0
LINE
8
BLACK
6
CONTINUOUS
10
5.9109251968503935
20
-4.7807624015748029
11
5.9109251968503935
21
-4.7807624803149604
0
LINE
8
BLACK
6
CONTINUOUS
10
5.9109251968503935
20
-4.7807624803149604
11
5.9109251574803148
21
-4.7807624803149604
0
LINE
8
BLACK
6
CONTINUOUS
10
5.9109251574803148
20
-4.7807624803149604
11
5.9119849606299208
21
-4.786090275590551
0
LINE
8
BLACK
6
CONTINUOUS
10
5.9119849606299208
20
-4.786090275590551
11
5.9119850787401571
21
-4.7860906692913385
0
LINE
8
BLACK
6
CONTINUOUS
10
5.9119850787401571
20
-4.7860906692913385
11
5.9140638582677161
21
-4.7911093700787397
0
LINE
8
BLACK
6
CONTINUOUS
10
5.9140638582677161
20
-4.7911093700787397
11
5.9170821653543308
21
-4.7956266141732282
0
LINE
8
BLACK
6
CONTINUOUS
10
5.9170821653543308
20
-4.7956266141732282
11
5.9170822047244096
21
-4.795626653543307
0
LINE
8
BLACK
6
CONTINUOUS
10
5.9170822047244096
20
-4.795626653543307
11
5.935532086614173
21
-4.8140764566929128
0
LINE
8
BLACK
6
CONTINUOUS
10
5.935532086614173
20
-4.8140764566929128
11
5.9375444881889763
21
-4.8160888582677162
0
LINE
8
BLACK
6
CONTINUOUS
10
5.9375444881889763
20
-4.8160888582677162
11
5.9393735433070862
21
-4.817917913385827
0
LINE
8
BLACK
6
CONTINUOUS
10
5.9393735433070862
20
-4.817917913385827
11
5.9438901968503934
21
-4.8209358661417321
0
LINE
8
BLACK
6
CONTINUOUS
10
5.9438901968503934
20
-4.8209358661417321
11
5.9438903543307084
21
-4.8209359448818896
0
LINE
8
BLACK
6
CONTINUOUS
10
5.9438903543307084
20
-4.8209359448818896
11
5.9438904724409447
21
-4.8209360236220471
0
LINE
8
BLACK
6
CONTINUOUS
10
5.9438904724409447
20
-4.8209360236220471
11
5.9468305118110232
21
-4.8221538188976378
0
LINE
8
BLACK
6
CONTINUOUS
10
5.9468305118110232
20
-4.8221538188976378
11
5.9489094488188972
21
-4.8230149606299211
0
LINE
8
BLACK
6
CONTINUOUS
10
5.9489094488188972
20
-4.8230149606299211
11
5.9499692913385829
21
-4.8232257480314962
0
LINE
8
BLACK
6
CONTINUOUS
10
5.9499692913385829
20
-4.8232257480314962
11
5.9537897244094484
21
-4.8239857086614171
0
LINE
8
BLACK
6
CONTINUOUS
10
5.9537897244094484
20
-4.8239857086614171
11
5.9542375984251965
21
-4.8240748031496059
0
LINE
8
BLACK
6
CONTINUOUS
10
5.9542375984251965
20
-4.8240748031496059
11
5.9542376377952753
21
-4.8240748031496059
0
LINE
8
BLACK
6
CONTINUOUS
10
5.9542376377952753
20
-4.8240748031496059
11
6.3766179527559057
21
-4.8240748031496059
0
LINE
8
BLACK
6
CONTINUOUS
10
6.3766179527559057
20
-4.8240748031496059
11
6.3808862992125981
21
-4.8232257480314962
0
LINE
8
BLACK
6
CONTINUOUS
10
6.3808862992125981
20
-4.8232257480314962
11
6.3819459842519688
21
-4.8230149606299211
0
LINE
8
BLACK
6
CONTINUOUS
10
6.3819459842519688
20
-4.8230149606299211
11
6.3867887007874016
21
-4.8210090551181102
0
LINE
8
BLACK
6
CONTINUOUS
10
6.3867887007874016
20
-4.8210090551181102
11
6.386964842519685
21
-4.8209361023622046
0
LINE
8
BLACK
6
CONTINUOUS
10
6.386964842519685
20
-4.8209361023622046
11
6.3869648818897637
21
-4.8209360629921258
0
LINE
8
BLACK
6
CONTINUOUS
10
6.3869648818897637
20
-4.8209360629921258
11
6.386965
21
-4.8209360236220471
0
LINE
8
BLACK
6
CONTINUOUS
10
6.386965
20
-4.8209360236220471
11
6.391482007874016
21
-4.8179178740157482
0
LINE
8
BLACK
6
CONTINUOUS
10
6.391482007874016
20
-4.8179178740157482
11
6.5279055118110234
21
-4.6814942913385824
0
LINE
8
BLACK
6
CONTINUOUS
10
6.5279055118110234
20
-4.6814942913385824
11
6.5303197244094484
21
-4.6801760629921256
0
LINE
8
BLACK
6
CONTINUOUS
10
6.5303197244094484
20
-4.6801760629921256
11
6.5321211417322838
21
-4.6801246062992128
0
LINE
8
BLACK
6
CONTINUOUS
10
6.5321211417322838
20
-4.6801246062992128
11
6.5343471259842518
21
-4.6804771653543309
0
LINE
8
BLACK
6
CONTINUOUS
10
6.5343471259842518
20
-4.6804771653543309
11
6.5382820078740158
21
-4.6811003937007873
0
LINE
8
BLACK
6
CONTINUOUS
10
6.5382820078740158
20
-4.6811003937007873
11
6.5382820472440946
21
-4.6811003937007873
0
LINE
8
BLACK
6
CONTINUOUS
10
6.5382820472440946
20
-4.6811003937007873
11
6.5466510236220472
21
-4.6811003937007873
0
LINE
8
BLACK
6
CONTINUOUS
10
6.5466510236220472
20
-4.6811003937007873
11
6.546651062992126
21
-4.6811003937007873
0
LINE
8
BLACK
6
CONTINUOUS
10
6.546651062992126
20
-4.6811003937007873
11
6.5549170472440945
21
-4.6797911811023623
0
LINE
8
BLACK
6
CONTINUOUS
10
6.5549170472440945
20
-4.6797911811023623
11
6.562876456692913
21
-4.6772049999999998
0
LINE
8
BLACK
6
CONTINUOUS
10
6.562876456692913
20
-4.6772049999999998
11
6.5703333070866137
21
-4.6734055511811023
0
LINE
8
BLACK
6
CONTINUOUS
10
6.5703333070866137
20
-4.6734055511811023
11
6.5725601968503939
21
-4.6717876377952754
0
LINE
8
BLACK
6
CONTINUOUS
10
6.5725601968503939
20
-4.6717876377952754
11
6.5771037795275591
21
-4.6684865748031497
0
LINE
8
BLACK
6
CONTINUOUS
10
6.5771037795275591
20
-4.6684865748031497
11
6.5771038582677166
21
-4.6684864566929134
0
LINE
8
BLACK
6
CONTINUOUS
10
6.5771038582677166
20
-4.6684864566929134
11
6.5771040157480316
21
-4.6684863779527559
0
LINE
8
BLACK
6
CONTINUOUS
10
6.5771040157480316
20
-4.6684863779527559
11
6.583021811023622
21
-4.6625685826771655
0
LINE
8
BLACK
6
CONTINUOUS
10
6.583021811023622
20
-4.6625685826771655
11
6.5830218897637796
21
-4.6625684251968504
0
LINE
8
BLACK
6
CONTINUOUS
10
6.5830218897637796
20
-4.6625684251968504
11
6.5830220078740158
21
-4.6625683464566929
0
LINE
8
BLACK
6
CONTINUOUS
10
6.5830220078740158
20
-4.6625683464566929
11
6.5879408661417322
21
-4.6557980314960625
0
LINE
8
BLACK
6
CONTINUOUS
10
6.5879408661417322
20
-4.6557980314960625
11
6.5879408267716535
21
-4.6557980314960625
0
LINE
8
BLACK
6
CONTINUOUS
10
6.5879408267716535
20
-4.6557980314960625
11
6.5879409842519685
21
-4.6557978740157475
0
LINE
8
BLACK
6
CONTINUOUS
10
6.5879409842519685
20
-4.6557978740157475
11
6.5881166929133856
21
-4.6554529133858269
0
LINE
8
BLACK
6
CONTINUOUS
10
6.5881166929133856
20
-4.6554529133858269
11
6.5900054330708659
21
-4.65345311023622
0
LINE
8
BLACK
6
CONTINUOUS
10
6.5900054330708659
20
-4.65345311023622
11
6.5926755118110236
21
-4.6527918503937009
0
LINE
8
BLACK
6
CONTINUOUS
10
6.5926755118110236
20
-4.6527918503937009
11
6.5952792913385823
21
-4.6536790944881892
0
LINE
8
BLACK
6
CONTINUOUS
10
6.5952792913385823
20
-4.6536790944881892
11
6.5968162992125983
21
-4.6554529133858269
0
LINE
8
BLACK
6
CONTINUOUS
10
6.5968162992125983
20
-4.6554529133858269
11
6.5969779921259839
21
-4.6557702755905508
0
LINE
8
BLACK
6
CONTINUOUS
10
6.5969779921259839
20
-4.6557702755905508
11
6.5969921653543304
21
-4.6557980314960625
0
LINE
8
BLACK
6
CONTINUOUS
10
6.5969921653543304
20
-4.6557980314960625
11
6.6019110236220468
21
-4.6625683464566929
0
LINE
8
BLACK
6
CONTINUOUS
10
6.6019110236220468
20
-4.6625683464566929
11
6.6078292519685036
21
-4.6684865748031497
0
LINE
8
BLACK
6
CONTINUOUS
10
6.6078292519685036
20
-4.6684865748031497
11
6.614599566929134
21
-4.6734054330708661
0
LINE
8
BLACK
6
CONTINUOUS
10
6.614599566929134
20
-4.6734054330708661
11
6.6145996456692915
21
-4.6734054724409448
0
LINE
8
BLACK
6
CONTINUOUS
10
6.6145996456692915
20
-4.6734054724409448
11
6.6145997637795277
21
-4.6734055511811023
0
LINE
8
BLACK
6
CONTINUOUS
10
6.6145997637795277
20
-4.6734055511811023
11
6.6220566141732284
21
-4.6772049999999998
0
LINE
8
BLACK
6
CONTINUOUS
10
6.6220566141732284
20
-4.6772049999999998
11
6.6300160236220469
21
-4.6797911811023623
0
LINE
8
BLACK
6
CONTINUOUS
10
6.6300160236220469
20
-4.6797911811023623
11
6.6382820078740155
21
-4.6811003937007873
0
LINE
8
BLACK
6
CONTINUOUS
10
6.6382820078740155
20
-4.6811003937007873
11
6.6382820472440942
21
-4.6811003937007873
0
LINE
8
BLACK
6
CONTINUOUS
10
6.6382820472440942
20
-4.6811003937007873
11
6.6466510236220468
21
-4.6811003937007873
0
LINE
8
BLACK
6
CONTINUOUS
10
6.6466510236220468
20
-4.6811003937007873
11
6.6466510629921256
21
-4.6811003937007873
0
LINE
8
BLACK
6
CONTINUOUS
10
6.6466510629921256
20
-4.6811003937007873
11
6.6549170472440942
21
-4.6797911811023623
0
LINE
8
BLACK
6
CONTINUOUS
10
6.6549170472440942
20
-4.6797911811023623
11
6.6628764566929135
21
-4.6772049999999998
0
LINE
8
BLACK
6
CONTINUOUS
10
6.6628764566929135
20
-4.6772049999999998
11
6.6703333070866142
21
-4.6734055511811023
0
LINE
8
BLACK
6
CONTINUOUS
10
6.6703333070866142
20
-4.6734055511811023
11
6.6725601968503936
21
-4.6717876377952754
0
LINE
8
BLACK
6
CONTINUOUS
10
6.6725601968503936
20
-4.6717876377952754
11
6.6771037795275587
21
-4.6684865748031497
0
LINE
8
BLACK
6
CONTINUOUS
10
6.6771037795275587
20
-4.6684865748031497
11
6.6771038582677162
21
-4.6684864566929134
0
LINE
8
BLACK
6
CONTINUOUS
10
6.6771038582677162
20
-4.6684864566929134
11
6.6771040157480313
21
-4.6684863779527559
0
LINE
8
BLACK
6
CONTINUOUS
10
6.6771040157480313
20
-4.6684863779527559
11
6.6830218110236217
21
-4.6625685826771655
0
LINE
8
BLACK
6
CONTINUOUS
10
6.6830218110236217
20
-4.6625685826771655
11
6.6830218897637792
21
-4.6625684251968504
0
LINE
8
BLACK
6
CONTINUOUS
10
6.6830218897637792
20
-4.6625684251968504
11
6.6830220078740155
21
-4.6625683464566929
0
LINE
8
BLACK
6
CONTINUOUS
10
6.6830220078740155
20
-4.6625683464566929
11
6.6879408661417319
21
-4.6557980314960625
0
LINE
8
BLACK
6
CONTINUOUS
10
6.6879408661417319
20
-4.6557980314960625
11
6.6879409842519681
21
-4.6557978740157475
0
LINE
8
BLACK
6
CONTINUOUS
10
6.6879409842519681
20
-4.6557978740157475
11
6.6881276771653546
21
-4.6554314173228342
0
LINE
8
BLACK
6
CONTINUOUS
10
6.6881276771653546
20
-4.6554314173228342
11
6.6900162598425199
21
-4.6534315354330706
0
LINE
8
BLACK
6
CONTINUOUS
10
6.6900162598425199
20
-4.6534315354330706
11
6.6926863385826767
21
-4.6527701181102366
0
LINE
8
BLACK
6
CONTINUOUS
10
6.6926863385826767
20
-4.6527701181102366
11
6.6952901181102362
21
-4.6536572834645664
0
LINE
8
BLACK
6
CONTINUOUS
10
6.6952901181102362
20
-4.6536572834645664
11
6.6968272834645663
21
-4.655431102362205
0
LINE
8
BLACK
6
CONTINUOUS
10
6.6968272834645663
20
-4.655431102362205
11
6.6970089370078743
21
-4.6557875984251966
0
LINE
8
BLACK
6
CONTINUOUS
10
6.6970089370078743
20
-4.6557875984251966
11
6.7019260629921256
21
-4.6625554724409444
0
LINE
8
BLACK
6
CONTINUOUS
10
6.7019260629921256
20
-4.6625554724409444
11
6.7019262204724406
21
-4.6625556692913381
0
LINE
8
BLACK
6
CONTINUOUS
10
6.7019262204724406
20
-4.6625556692913381
11
6.707841929133858
21
-4.6684713779527556
0
LINE
8
BLACK
6
CONTINUOUS
10
6.707841929133858
20
-4.6684713779527556
11
6.7078421259842518
21
-4.6684715354330706
0
LINE
8
BLACK
6
CONTINUOUS
10
6.7078421259842518
20
-4.6684715354330706
11
6.714609921259842
21
-4.6733885826771653
0
LINE
8
BLACK
6
CONTINUOUS
10
6.714609921259842
20
-4.6733885826771653
11
6.7220642519685034
21
-4.6771868110236223
0
LINE
8
BLACK
6
CONTINUOUS
10
6.7220642519685034
20
-4.6771868110236223
11
6.7300205118110235
21
-4.6797719291338584
0
LINE
8
BLACK
6
CONTINUOUS
10
6.7300205118110235
20
-4.6797719291338584
11
6.7326240157480317
21
-4.6801842913385823
0
LINE
8
BLACK
6
CONTINUOUS
10
6.7326240157480317
20
-4.6801842913385823
11
6.7326240157480317
21
-4.6599015354330708
0
LINE
8
BLACK
6
CONTINUOUS
10
6.7326240157480317
20
-4.6599015354330708
11
6.7266914566929135
21
-4.657444212598425
0
LINE
8
BLACK
6
CONTINUOUS
10
6.7266914566929135
20
-4.657444212598425
11
6.7212368503937006
21
-4.6537995669291341
0
LINE
8
BLACK
6
CONTINUOUS
10
6.7212368503937006
20
-4.6537995669291341
11
6.7165980708661417
21
-4.6491607874015743
0
LINE
8
BLACK
6
CONTINUOUS
10
6.7165980708661417
20
-4.6491607874015743
11
6.7129534251968499
21
-4.6437061811023623
0
LINE
8
BLACK
6
CONTINUOUS
10
6.7129534251968499
20
-4.6437061811023623
11
6.7104429527559057
21
-4.6376453543307088
0
LINE
8
BLACK
6
CONTINUOUS
10
6.7104429527559057
20
-4.6376453543307088
11
6.7091631102362204
21
-4.6312112204724407
0
LINE
8
BLACK
6
CONTINUOUS
10
6.7091631102362204
20
-4.6312112204724407
11
6.7091631102362204
21
-4.6246509842519687
0
LINE
8
BLACK
6
CONTINUOUS
10
6.7091631102362204
20
-4.6246509842519687
11
6.7104429527559057
21
-4.6182168503937007
0
LINE
8
BLACK
6
CONTINUOUS
10
6.7104429527559057
20
-4.6182168503937007
11
6.7129534251968499
21
-4.6121560236220471
0
LINE
8
BLACK
6
CONTINUOUS
10
6.7129534251968499
20
-4.6121560236220471
11
6.7165980708661417
21
-4.6067014173228342
0
LINE
8
BLACK
6
CONTINUOUS
10
6.7165980708661417
20
-4.6067014173228342
11
6.7212368503937006
21
-4.6020626377952754
0
LINE
8
BLACK
6
CONTINUOUS
10
6.7212368503937006
20
-4.6020626377952754
11
6.7266914566929135
21
-4.5984179921259845
0
LINE
8
BLACK
6
CONTINUOUS
10
6.7266914566929135
20
-4.5984179921259845
11
6.7326240157480317
21
-4.5959606299212599
0
LINE
8
BLACK
6
CONTINUOUS
10
6.7326240157480317
20
-4.5959606299212599
11
6.7326240157480317
21
-4.5756778740157475
0
LINE
8
BLACK
6
CONTINUOUS
10
6.7326240157480317
20
-4.5756778740157475
11
6.732623976377953
21
-4.5756778740157475
0
LINE
8
BLACK
6
CONTINUOUS
10
6.732623976377953
20
-4.5756778740157475
11
6.7300206692913385
21
-4.5760901968503935
0
LINE
8
BLACK
6
CONTINUOUS
10
6.7300206692913385
20
-4.5760901968503935
11
6.7220643307086609
21
-4.5786753149606296
0
LINE
8
BLACK
6
CONTINUOUS
10
6.7220643307086609
20
-4.5786753149606296
11
6.714609921259842
21
-4.5824735826771654
0
LINE
8
BLACK
6
CONTINUOUS
10
6.714609921259842
20
-4.5824735826771654
11
6.7078421259842518
21
-4.5873906299212601
0
LINE
8
BLACK
6
CONTINUOUS
10
6.7078421259842518
20
-4.5873906299212601
11
6.707841929133858
21
-4.5873907874015751
0
LINE
8
BLACK
6
CONTINUOUS
10
6.707841929133858
20
-4.5873907874015751
11
6.7019262204724406
21
-4.5933064960629917
0
LINE
8
BLACK
6
CONTINUOUS
10
6.7019262204724406
20
-4.5933064960629917
11
6.7019260629921256
21
-4.5933066929133854
0
LINE
8
BLACK
6
CONTINUOUS
10
6.7019260629921256
20
-4.5933066929133854
11
6.697008976377953
21
-4.6000745275590553
0
LINE
8
BLACK
6
CONTINUOUS
10
6.697008976377953
20
-4.6000745275590553
11
6.6968272440944876
21
-4.6004311811023619
0
LINE
8
BLACK
6
CONTINUOUS
10
6.6968272440944876
20
-4.6004311811023619
11
6.6949383464566932
21
-4.6024309055118113
0
LINE
8
BLACK
6
CONTINUOUS
10
6.6949383464566932
20
-4.6024309055118113
11
6.6922682283464567
21
-4.6030920078740154
0
LINE
8
BLACK
6
CONTINUOUS
10
6.6922682283464567
20
-4.6030920078740154
11
6.6896645275590547
21
-4.6022045669291334
0
LINE
8
BLACK
6
CONTINUOUS
10
6.6896645275590547
20
-4.6022045669291334
11
6.6881277165354325
21
-4.6004308267716532
0
LINE
8
BLACK
6
CONTINUOUS
10
6.6881277165354325
20
-4.6004308267716532
11
6.6879409842519681
21
-4.6000643307086611
0
LINE
8
BLACK
6
CONTINUOUS
10
6.6879409842519681
20
-4.6000643307086611
11
6.6879409055118106
21
-4.6000642125984248
0
LINE
8
BLACK
6
CONTINUOUS
10
6.6879409055118106
20
-4.6000642125984248
11
6.6879408661417319
21
-4.6000641338582673
0
LINE
8
BLACK
6
CONTINUOUS
10
6.6879408661417319
20
-4.6000641338582673
11
6.6830220078740155
21
-4.5932938188976378
0
LINE
8
BLACK
6
CONTINUOUS
10
6.6830220078740155
20
-4.5932938188976378
11
6.6771037795275587
21
-4.587375590551181
0
LINE
8
BLACK
6
CONTINUOUS
10
6.6771037795275587
20
-4.587375590551181
11
6.6703334645669292
21
-4.5824567322834646
0
LINE
8
BLACK
6
CONTINUOUS
10
6.6703334645669292
20
-4.5824567322834646
11
6.662876535433071
21
-4.5786572440944884
0
LINE
8
BLACK
6
CONTINUOUS
10
6.662876535433071
20
-4.5786572440944884
11
6.6628764960629923
21
-4.5786572047244096
0
LINE
8
BLACK
6
CONTINUOUS
10
6.6628764960629923
20
-4.5786572047244096
11
6.6628764566929135
21
-4.5786572047244096
0
LINE
8
BLACK
6
CONTINUOUS
10
6.6628764566929135
20
-4.5786572047244096
11
6.6549170472440942
21
-4.5760710236220472
0
LINE
8
BLACK
6
CONTINUOUS
10
6.6549170472440942
20
-4.5760710236220472
11
6.6549169685039367
21
-4.5760709842519685
0
LINE
8
BLACK
6
CONTINUOUS
10
6.6549169685039367
20
-4.5760709842519685
11
6.6549169291338579
21
-4.5760709842519685
0
LINE
8
BLACK
6
CONTINUOUS
10
6.6549169291338579
20
-4.5760709842519685
11
6.6483207086614176
21
-4.5750262598425193
0
LINE
8
BLACK
6
CONTINUOUS
10
6.6483207086614176
20
-4.5750262598425193
11
6.6466510629921256
21
-4.5747618110236221
0
LINE
8
BLACK
6
CONTINUOUS
10
6.6466510629921256
20
-4.5747618110236221
11
6.6382820078740155
21
-4.5747618110236221
0
LINE
8
BLACK
6
CONTINUOUS
10
6.6382820078740155
20
-4.5747618110236221
11
6.6366123622047244
21
-4.5750262598425193
0
LINE
8
BLACK
6
CONTINUOUS
10
6.6366123622047244
20
-4.5750262598425193
11
6.6300161417322832
21
-4.5760709842519685
0
LINE
8
BLACK
6
CONTINUOUS
10
6.6300161417322832
20
-4.5760709842519685
11
6.6220564960629922
21
-4.5786572440944884
0
LINE
8
BLACK
6
CONTINUOUS
10
6.6220564960629922
20
-4.5786572440944884
11
6.614599566929134
21
-4.5824567322834646
0
LINE
8
BLACK
6
CONTINUOUS
10
6.614599566929134
20
-4.5824567322834646
11
6.6078292519685036
21
-4.587375590551181
0
LINE
8
BLACK
6
CONTINUOUS
10
6.6078292519685036
20
-4.587375590551181
11
6.6019110236220468
21
-4.5932938188976378
0
LINE
8
BLACK
6
CONTINUOUS
10
6.6019110236220468
20
-4.5932938188976378
11
6.5969920866141729
21
-4.6000642519685035
0
LINE
8
BLACK
6
CONTINUOUS
10
6.5969920866141729
20
-4.6000642519685035
11
6.5968162992125983
21
-4.6004092913385826
0
LINE
8
BLACK
6
CONTINUOUS
10
6.5968162992125983
20
-4.6004092913385826
11
6.5949275196850392
21
-4.6024091338582673
0
LINE
8
BLACK
6
CONTINUOUS
10
6.5949275196850392
20
-4.6024091338582673
11
6.5922574015748028
21
-4.6030703149606298
0
LINE
8
BLACK
6
CONTINUOUS
10
6.5922574015748028
20
-4.6030703149606298
11
6.5896536614173229
21
-4.602182992125984
0
LINE
8
BLACK
6
CONTINUOUS
10
6.5896536614173229
20
-4.602182992125984
11
6.5881167716535431
21
-4.6004092913385826
0
LINE
8
BLACK
6
CONTINUOUS
10
6.5881167716535431
20
-4.6004092913385826
11
6.5879409448818897
21
-4.6000642519685035
0
LINE
8
BLACK
6
CONTINUOUS
10
6.5879409448818897
20
-4.6000642519685035
11
6.5830220078740158
21
-4.5932938188976378
0
LINE
8
BLACK
6
CONTINUOUS
10
6.5830220078740158
20
-4.5932938188976378
11
6.5771037795275591
21
-4.587375590551181
0
LINE
8
BLACK
6
CONTINUOUS
10
6.5771037795275591
20
-4.587375590551181
11
6.5703334645669287
21
-4.5824567322834646
0
LINE
8
BLACK
6
CONTINUOUS
10
6.5703334645669287
20
-4.5824567322834646
11
6.5628765354330705
21
-4.5786572440944884
0
LINE
8
BLACK
6
CONTINUOUS
10
6.5628765354330705
20
-4.5786572440944884
11
6.5628764960629917
21
-4.5786572047244096
0
LINE
8
BLACK
6
CONTINUOUS
10
6.5628764960629917
20
-4.5786572047244096
11
6.562876456692913
21
-4.5786572047244096
0
LINE
8
BLACK
6
CONTINUOUS
10
6.562876456692913
20
-4.5786572047244096
11
6.5549170472440945
21
-4.5760710236220472
0
LINE
8
BLACK
6
CONTINUOUS
10
6.5549170472440945
20
-4.5760710236220472
11
6.554916968503937
21
-4.5760709842519685
0
LINE
8
BLACK
6
CONTINUOUS
10
6.554916968503937
20
-4.5760709842519685
11
6.5549169291338583
21
-4.5760709842519685
0
LINE
8
BLACK
6
CONTINUOUS
10
6.5549169291338583
20
-4.5760709842519685
11
6.548320708661417
21
-4.5750262598425193
0
LINE
8
BLACK
6
CONTINUOUS
10
6.548320708661417
20
-4.5750262598425193
11
6.546651062992126
21
-4.5747618110236221
0
LINE
8
BLACK
6
CONTINUOUS
10
6.546651062992126
20
-4.5747618110236221
11
6.5382820078740158
21
-4.5747618110236221
0
LINE
8
BLACK
6
CONTINUOUS
10
6.5382820078740158
20
-4.5747618110236221
11
6.5321211417322838
21
-4.5757375590551179
0
LINE
8
BLACK
6
CONTINUOUS
10
6.5321211417322838
20
-4.5757375590551179
11
6.5293930708661412
21
-4.5753849999999998
0
LINE
8
BLACK
6
CONTINUOUS
10
6.5293930708661412
20
-4.5753849999999998
11
6.5279054724409447
21
-4.5743677952755908
0
LINE
8
BLACK
6
CONTINUOUS
10
6.5279054724409447
20
-4.5743677952755908
11
6.4736120472440941
21
-4.5200743307086615
0
LINE
8
BLACK
6
CONTINUOUS
10
6.4736120472440941
20
-4.5200743307086615
11
6.4736120078740154
21
-4.5200742913385827
0
LINE
8
BLACK
6
CONTINUOUS
10
6.4736120078740154
20
-4.5200742913385827
11
6.4690947637795277
21
-4.517055984251968
0
LINE
8
BLACK
6
CONTINUOUS
10
6.4690947637795277
20
-4.517055984251968
11
6.4640760629921257
21
-4.514977204724409
0
LINE
8
BLACK
6
CONTINUOUS
10
6.4640760629921257
20
-4.514977204724409
11
6.4640756692913381
21
-4.5149770866141727
0
LINE
8
BLACK
6
CONTINUOUS
10
6.4640756692913381
20
-4.5149770866141727
11
6.4587478740157476
21
-4.5139173228346454
0
LINE
8
BLACK
6
CONTINUOUS
10
6.4587478740157476
20
-4.5139173228346454
11
6.4587477952755901
21
-4.5139173228346454
0
LINE
8
BLACK
6
CONTINUOUS
10
6.4587477952755901
20
-4.5139173228346454
11
6.4587477559055113
21
-4.5139173228346454
0
LINE
8
BLACK
6
CONTINUOUS
10
6.4587477559055113
20
-4.5139173228346454
11
6.3808869291338581
21
-4.5139173228346454
0
LINE
8
BLACK
6
CONTINUOUS
10
6.3808869291338581
20
-4.5139173228346454
11
6.3782475984251965
21
-4.5131423228346454
0
LINE
8
BLACK
6
CONTINUOUS
10
6.3782475984251965
20
-4.5131423228346454
11
6.3764462204724408
21
-4.5110634251968502
0
LINE
8
BLACK
6
CONTINUOUS
10
6.3764462204724408
20
-4.5110634251968502
11
6.3760547244094488
21
-4.5083406692913384
0
LINE
8
BLACK
6
CONTINUOUS
10
6.3760547244094488
20
-4.5083406692913384
11
6.3761177952755901
21
-4.5080567716535436
0
LINE
8
BLACK
6
CONTINUOUS
10
6.3761177952755901
20
-4.5080567716535436
11
6.3761074409448817
21
-4.5080547244094484
0
LINE
8
BLACK
6
CONTINUOUS
10
6.3761074409448817
20
-4.5080547244094484
11
6.3774803149606294
21
-4.501152716535433
0
LINE
8
BLACK
6
CONTINUOUS
10
6.3774803149606294
20
-4.501152716535433
11
6.3775166535433065
21
-4.5009700787401572
0
LINE
8
BLACK
6
CONTINUOUS
10
6.3775166535433065
20
-4.5009700787401572
11
6.3775166535433065
21
-4.4939865354330708
0
LINE
8
BLACK
6
CONTINUOUS
10
6.3775166535433065
20
-4.4939865354330708
11
6.3775166535433065
21
-4.4939864173228345
0
LINE
8
BLACK
6
CONTINUOUS
10
6.3775166535433065
20
-4.4939864173228345
11
6.3775166141732278
21
-4.493986338582677
0
LINE
8
BLACK
6
CONTINUOUS
10
6.3775166141732278
20
-4.493986338582677
11
6.3761542913385822
21
-4.4871374015748033
0
LINE
8
BLACK
6
CONTINUOUS
10
6.3761542913385822
20
-4.4871374015748033
11
6.376154173228346
21
-4.4871370472440946
0
LINE
8
BLACK
6
CONTINUOUS
10
6.376154173228346
20
-4.4871370472440946
11
6.3761536220472443
21
-4.4871357480314957
0
LINE
8
BLACK
6
CONTINUOUS
10
6.3761536220472443
20
-4.4871357480314957
11
6.3737629133858267
21
-4.4813639370078739
0
LINE
8
BLACK
6
CONTINUOUS
10
6.3737629133858267
20
-4.4813639370078739
11
6.3734818503937003
21
-4.4806853543307081
0
LINE
8
BLACK
6
CONTINUOUS
10
6.3734818503937003
20
-4.4806853543307081
11
6.373481574803149
21
-4.4806848425196852
0
LINE
8
BLACK
6
CONTINUOUS
10
6.373481574803149
20
-4.4806848425196852
11
6.3696018503937006
21
-4.474878503937008
0
LINE
8
BLACK
6
CONTINUOUS
10
6.3696018503937006
20
-4.474878503937008
11
6.3696017322834644
21
-4.474878346456693
0
LINE
8
BLACK
6
CONTINUOUS
10
6.3696017322834644
20
-4.474878346456693
11
6.3646638188976379
21
-4.4699404330708656
0
LINE
8
BLACK
6
CONTINUOUS
10
6.3646638188976379
20
-4.4699404330708656
11
6.3646636614173229
21
-4.4699403149606294
0
LINE
8
BLACK
6
CONTINUOUS
10
6.3646636614173229
20
-4.4699403149606294
11
6.3588573228346457
21
-4.466060590551181
0
LINE
8
BLACK
6
CONTINUOUS
10
6.3588573228346457
20
-4.466060590551181
11
6.3588568110236219
21
-4.4660603149606297
0
LINE
8
BLACK
6
CONTINUOUS
10
6.3588568110236219
20
-4.4660603149606297
11
6.3524051181102363
21
-4.463387992125984
0
LINE
8
BLACK
6
CONTINUOUS
10
6.3524051181102363
20
-4.463387992125984
11
6.3524047637795276
21
-4.4633878740157478
0
LINE
8
BLACK
6
CONTINUOUS
10
6.3524047637795276
20
-4.4633878740157478
11
6.3455557874015742
21
-4.4620255511811022
0
LINE
8
BLACK
6
CONTINUOUS
10
6.3455557874015742
20
-4.4620255511811022
11
6.3455556692913389
21
-4.4620255511811022
0
LINE
8
BLACK
6
CONTINUOUS
10
6.3455556692913389
20
-4.4620255511811022
11
6.3385721259842516
21
-4.4620255511811022
0
LINE
8
BLACK
6
CONTINUOUS
10
6.3385721259842516
20
-4.4620255511811022
11
6.3385720078740153
21
-4.4620255511811022
0
LINE
8
BLACK
6
CONTINUOUS
10
6.3385720078740153
20
-4.4620255511811022
11
6.3317229921259841
21
-4.4633878740157478
0
LINE
8
BLACK
6
CONTINUOUS
10
6.3317229921259841
20
-4.4633878740157478
11
6.3317226377952753
21
-4.463387992125984
0
LINE
8
BLACK
6
CONTINUOUS
10
6.3317226377952753
20
-4.463387992125984
11
6.3252708661417323
21
-4.4660603543307085
0
LINE
8
BLACK
6
CONTINUOUS
10
6.3252708661417323
20
-4.4660603543307085
11
6.3252708267716535
21
-4.4660603937007872
0
LINE
8
BLACK
6
CONTINUOUS
10
6.3252708267716535
20
-4.4660603937007872
11
6.3244655118110238
21
-4.466598503937008
0
LINE
8
BLACK
6
CONTINUOUS
10
6.3244655118110238
20
-4.466598503937008
11
6.3218404330708662
21
-4.4674204724409448
0
LINE
8
BLACK
6
CONTINUOUS
10
6.3218404330708662
20
-4.4674204724409448
11
6.3217532677165353
21
-4.4674212598425198
0
LINE
8
BLACK
6
CONTINUOUS
10
6.3217532677165353
20
-4.4674212598425198
11
6.3086807874015749
21
-4.4674212598425198
0
LINE
8
BLACK
6
CONTINUOUS
10
6.3086807874015749
20
-4.4674212598425198
11
6.3060414566929133
21
-4.4666462598425198
0
LINE
8
BLACK
6
CONTINUOUS
10
6.3060414566929133
20
-4.4666462598425198
11
6.3042400787401576
21
-4.4645673622047246
0
LINE
8
BLACK
6
CONTINUOUS
10
6.3042400787401576
20
-4.4645673622047246
11
6.3038485826771655
21
-4.4618446062992128
0
LINE
8
BLACK
6
CONTINUOUS
10
6.3038485826771655
20
-4.4618446062992128
11
6.3041059055118112
21
-4.4609347637795276
0
LINE
8
BLACK
6
CONTINUOUS
10
6.3041059055118112
20
-4.4609347637795276
11
6.3040986614173224
21
-4.4609326771653546
0
LINE
8
BLACK
6
CONTINUOUS
10
6.3040986614173224
20
-4.4609326771653546
11
6.3059881496062991
21
-4.454428937007874
0
LINE
8
BLACK
6
CONTINUOUS
10
6.3059881496062991
20
-4.454428937007874
11
6.3059881889763778
21
-4.4544287007874015
0
LINE
8
BLACK
6
CONTINUOUS
10
6.3059881889763778
20
-4.4544287007874015
11
6.3061023228346453
21
-4.4529783070866138
0
LINE
8
BLACK
6
CONTINUOUS
10
6.3061023228346453
20
-4.4529783070866138
11
6.3061023622047241
21
-4.4529777165354334
0
LINE
8
BLACK
6
CONTINUOUS
10
6.3061023622047241
20
-4.4529777165354334
11
6.3061023622047241
21
-4.4326771653543302
0
LINE
8
BLACK
6
CONTINUOUS
10
6.3061023622047241
20
-4.4326771653543302
11
6.2864173228346454
21
-4.4326771653543302
0
LINE
8
BLACK
6
CONTINUOUS
10
6.2864173228346454
20
-4.4326771653543302
11
6.2864173228346454
21
-4.4503937007874015
0
LINE
8
BLACK
6
CONTINUOUS
10
6.2864173228346454
20
-4.4503937007874015
11
6.2859677952755906
21
-4.4526536614173224
0
LINE
8
BLACK
6
CONTINUOUS
10
6.2859677952755906
20
-4.4526536614173224
11
6.2846876377952752
21
-4.4545695275590553
0
LINE
8
BLACK
6
CONTINUOUS
10
6.2846876377952752
20
-4.4545695275590553
11
6.2827717716535432
21
-4.4558496850393698
0
LINE
8
BLACK
6
CONTINUOUS
10
6.2827717716535432
20
-4.4558496850393698
11
6.2805118110236222
21
-4.4562992125984247
0
LINE
8
BLACK
6
CONTINUOUS
10
6.2805118110236222
20
-4.4562992125984247
11
6.268700787401575
21
-4.4562992125984247
0
LINE
8
BLACK
6
CONTINUOUS
10
6.268700787401575
20
-4.4562992125984247
11
6.2664408267716531
21
-4.4558496850393698
0
LINE
8
BLACK
6
CONTINUOUS
10
6.2664408267716531
20
-4.4558496850393698
11
6.2645249606299211
21
-4.4545695275590553
0
LINE
8
BLACK
6
CONTINUOUS
10
6.2645249606299211
20
-4.4545695275590553
11
6.2632448031496057
21
-4.4526536614173224
0
LINE
8
BLACK
6
CONTINUOUS
10
6.2632448031496057
20
-4.4526536614173224
11
6.2627952755905509
21
-4.4503937007874015
0
LINE
8
BLACK
6
CONTINUOUS
10
6.2627952755905509
20
-4.4503937007874015
11
6.2627952755905509
21
-4.3952755905511811
0
LINE
8
BLACK
6
CONTINUOUS
10
6.2627952755905509
20
-4.3952755905511811
11
6.2632448031496057
21
-4.3930156299212602
0
LINE
8
BLACK
6
CONTINUOUS
10
6.2632448031496057
20
-4.3930156299212602
11
6.2645249606299211
21
-4.3910997637795273
0
LINE
8
BLACK
6
CONTINUOUS
10
6.2645249606299211
20
-4.3910997637795273
11
6.2664408267716531
21
-4.3898196062992128
0
LINE
8
BLACK
6
CONTINUOUS
10
6.2664408267716531
20
-4.3898196062992128
11
6.268700787401575
21
-4.3893700787401571
0
LINE
8
BLACK
6
CONTINUOUS
10
6.268700787401575
20
-4.3893700787401571
11
6.2805118110236222
21
-4.3893700787401571
0
LINE
8
BLACK
6
CONTINUOUS
10
6.2805118110236222
20
-4.3893700787401571
11
6.2827717716535432
21
-4.3898196062992128
0
LINE
8
BLACK
6
CONTINUOUS
10
6.2827717716535432
20
-4.3898196062992128
11
6.2846876377952752
21
-4.3910997637795273
0
LINE
8
BLACK
6
CONTINUOUS
10
6.2846876377952752
20
-4.3910997637795273
11
6.2859677952755906
21
-4.3930156299212602
0
LINE
8
BLACK
6
CONTINUOUS
10
6.2859677952755906
20
-4.3930156299212602
11
6.2864173228346454
21
-4.3952755905511811
0
LINE
8
BLACK
6
CONTINUOUS
10
6.2864173228346454
20
-4.3952755905511811
11
6.2864173228346454
21
-4.4129921259842515
0
LINE
8
BLACK
6
CONTINUOUS
10
6.2864173228346454
20
-4.4129921259842515
11
6.3061023622047241
21
-4.4129921259842515
0
LINE
8
BLACK
6
CONTINUOUS
10
6.3061023622047241
20
-4.4129921259842515
11
6.3061023622047241
21
-4.3926915354330704
0
LINE
8
BLACK
6
CONTINUOUS
10
6.3061023622047241
20
-4.3926915354330704
11
6.3061023228346453
21
-4.39269094488189
0
LINE
8
BLACK
6
CONTINUOUS
10
6.3061023228346453
20
-4.39269094488189
11
6.3059881889763778
21
-4.3912405511811023
0
LINE
8
BLACK
6
CONTINUOUS
10
6.3059881889763778
20
-4.3912405511811023
11
6.3059881496062991
21
-4.3912403149606298
0
LINE
8
BLACK
6
CONTINUOUS
10
6.3059881496062991
20
-4.3912403149606298
11
6.3041843700787403
21
-4.3850317322834647
0
LINE
8
BLACK
6
CONTINUOUS
10
6.3041843700787403
20
-4.3850317322834647
11
6.3041843307086616
21
-4.3850316141732284
0
LINE
8
BLACK
6
CONTINUOUS
10
6.3041843307086616
20
-4.3850316141732284
11
6.3008931102362205
21
-4.3794664173228348
0
LINE
8
BLACK
6
CONTINUOUS
10
6.3008931102362205
20
-4.3794664173228348
11
6.3008928346456692
21
-4.379466062992126
0
LINE
8
BLACK
6
CONTINUOUS
10
6.3008928346456692
20
-4.379466062992126
11
6.2963212992125985
21
-4.3748945275590554
0
LINE
8
BLACK
6
CONTINUOUS
10
6.2963212992125985
20
-4.3748945275590554
11
6.2963209448818898
21
-4.3748942519685041
0
LINE
8
BLACK
6
CONTINUOUS
10
6.2963209448818898
20
-4.3748942519685041
11
6.2907557480314962
21
-4.371603031496063
0
LINE
8
BLACK
6
CONTINUOUS
10
6.2907557480314962
20
-4.371603031496063
11
6.2907556299212599
21
-4.3716029921259842
0
LINE
8
BLACK
6
CONTINUOUS
10
6.2907556299212599
20
-4.3716029921259842
11
6.2845470472440947
21
-4.3697992125984255
0
LINE
8
BLACK
6
CONTINUOUS
10
6.2845470472440947
20
-4.3697992125984255
11
6.2843013779527555
21
-4.3697543700787405
0
LINE
8
BLACK
6
CONTINUOUS
10
6.2843013779527555
20
-4.3697543700787405
11
6.2843204330708664
21
-4.3696498818897638
0
LINE
8
BLACK
6
CONTINUOUS
10
6.2843204330708664
20
-4.3696498818897638
11
6.2821840551181101
21
-4.3688338188976381
0
LINE
8
BLACK
6
CONTINUOUS
10
6.2821840551181101
20
-4.3688338188976381
11
6.2805530314960629
21
-4.3666187795275588
0
LINE
8
BLACK
6
CONTINUOUS
10
6.2805530314960629
20
-4.3666187795275588
11
6.2803523622047246
21
-4.3639964173228343
0
LINE
8
BLACK
6
CONTINUOUS
10
6.2803523622047246
20
-4.3639964173228343
11
6.2804527559055119
21
-4.3634917716535435
0
LINE
8
BLACK
6
CONTINUOUS
10
6.2804527559055119
20
-4.3634917716535435
11
6.2804527559055119
21
-4.3565082283464562
0
LINE
8
BLACK
6
CONTINUOUS
10
6.2804527559055119
20
-4.3565082283464562
11
6.2804527559055119
21
-4.35650811023622
0
LINE
8
BLACK
6
CONTINUOUS
10
6.2804527559055119
20
-4.35650811023622
11
6.2804527165354331
21
-4.3565080314960625
0
LINE
8
BLACK
6
CONTINUOUS
10
6.2804527165354331
20
-4.3565080314960625
11
6.2790903937007876
21
-4.3496590944881888
0
LINE
8
BLACK
6
CONTINUOUS
10
6.2790903937007876
20
-4.3496590944881888
11
6.2790902755905513
21
-4.34965874015748
0
LINE
8
BLACK
6
CONTINUOUS
10
6.2790902755905513
20
-4.34965874015748
11
6.2764179527559056
21
-4.3432070472440945
0
LINE
8
BLACK
6
CONTINUOUS
10
6.2764179527559056
20
-4.3432070472440945
11
6.2764176771653544
21
-4.3432065354330707
0
LINE
8
BLACK
6
CONTINUOUS
10
6.2764176771653544
20
-4.3432065354330707
11
6.2756953149606298
21
-4.3421254330708656
0
LINE
8
BLACK
6
CONTINUOUS
10
6.2756953149606298
20
-4.3421254330708656
11
6.2725379527559051
21
-4.3374001968503935
0
LINE
8
BLACK
6
CONTINUOUS
10
6.2725379527559051
20
-4.3374001968503935
11
6.2725378346456688
21
-4.3374000393700785
0
LINE
8
BLACK
6
CONTINUOUS
10
6.2725378346456688
20
-4.3374000393700785
11
6.2675999212598423
21
-4.332462125984252
0
LINE
8
BLACK
6
CONTINUOUS
10
6.2675999212598423
20
-4.332462125984252
11
6.2675997637795273
21
-4.3324620078740157
0
LINE
8
BLACK
6
CONTINUOUS
10
6.2675997637795273
20
-4.3324620078740157
11
6.2617934251968501
21
-4.3285822834645664
0
LINE
8
BLACK
6
CONTINUOUS
10
6.2617934251968501
20
-4.3285822834645664
11
6.2617929133858263
21
-4.328582007874016
0
LINE
8
BLACK
6
CONTINUOUS
10
6.2617929133858263
20
-4.328582007874016
11
6.2553412204724408
21
-4.3259096850393703
0
LINE
8
BLACK
6
CONTINUOUS
10
6.2553412204724408
20
-4.3259096850393703
11
6.255340866141732
21
-4.3259095669291341
0
LINE
8
BLACK
6
CONTINUOUS
10
6.255340866141732
20
-4.3259095669291341
11
6.2484918897637796
21
-4.3245472440944877
0
LINE
8
BLACK
6
CONTINUOUS
10
6.2484918897637796
20
-4.3245472440944877
11
6.2484917716535433
21
-4.3245472440944877
0
LINE
8
BLACK
6
CONTINUOUS
10
6.2484917716535433
20
-4.3245472440944877
11
6.2415082283464569
21
-4.3245472440944877
0
LINE
8
BLACK
6
CONTINUOUS
10
6.2415082283464569
20
-4.3245472440944877
11
6.2415081102362207
21
-4.3245472440944877
0
LINE
8
BLACK
6
CONTINUOUS
10
6.2415081102362207
20
-4.3245472440944877
11
6.2346590944881886
21
-4.3259095669291341
0
LINE
8
BLACK
6
CONTINUOUS
10
6.2346590944881886
20
-4.3259095669291341
11
6.2346587401574798
21
-4.3259096850393703
0
LINE
8
BLACK
6
CONTINUOUS
10
6.2346587401574798
20
-4.3259096850393703
11
6.2282070472440942
21
-4.328582007874016
0
LINE
8
BLACK
6
CONTINUOUS
10
6.2282070472440942
20
-4.328582007874016
11
6.2282065354330705
21
-4.3285822834645664
0
LINE
8
BLACK
6
CONTINUOUS
10
6.2282065354330705
20
-4.3285822834645664
11
6.2224001968503933
21
-4.3324620078740157
0
LINE
8
BLACK
6
CONTINUOUS
10
6.2224001968503933
20
-4.3324620078740157
11
6.2224000393700782
21
-4.332462125984252
0
LINE
8
BLACK
6
CONTINUOUS
10
6.2224000393700782
20
-4.332462125984252
11
6.2174621259842517
21
-4.3374000393700785
0
LINE
8
BLACK
6
CONTINUOUS
10
6.2174621259842517
20
-4.3374000393700785
11
6.2174620078740155
21
-4.3374001968503935
0
LINE
8
BLACK
6
CONTINUOUS
10
6.2174620078740155
20
-4.3374001968503935
11
6.2135822834645671
21
-4.3432065354330707
0
LINE
8
BLACK
6
CONTINUOUS
10
6.2135822834645671
20
-4.3432065354330707
11
6.2135820078740158
21
-4.3432070472440945
0
LINE
8
BLACK
6
CONTINUOUS
10
6.2135820078740158
20
-4.3432070472440945
11
6.2109097244094489
21
-4.3496586220472437
0
LINE
8
BLACK
6
CONTINUOUS
10
6.2109097244094489
20
-4.3496586220472437
11
6.2109096062992126
21
-4.3496590157480313
0
LINE
8
BLACK
6
CONTINUOUS
10
6.2109096062992126
20
-4.3496590157480313
11
6.2098504330708657
21
-4.3549837007874013
0
LINE
8
BLACK
6
CONTINUOUS
10
6.2098504330708657
20
-4.3549837007874013
11
6.2085753937007873
21
-4.3574211417322832
0
LINE
8
BLACK
6
CONTINUOUS
10
6.2085753937007873
20
-4.3574211417322832
11
6.2085144094488189
21
-4.3574832283464566
0
LINE
8
BLACK
6
CONTINUOUS
10
6.2085144094488189
20
-4.3574832283464566
11
6.2039720078740155
21
-4.3620257086614176
0
LINE
8
BLACK
6
CONTINUOUS
10
6.2039720078740155
20
-4.3620257086614176
11
6.2039718503937005
21
-4.3620258661417326
0
LINE
8
BLACK
6
CONTINUOUS
10
6.2039718503937005
20
-4.3620258661417326
11
6.2009537007874016
21
-4.3665428740157477
0
LINE
8
BLACK
6
CONTINUOUS
10
6.2009537007874016
20
-4.3665428740157477
11
6.1997339370078741
21
-4.3694876771653544
0
LINE
8
BLACK
6
CONTINUOUS
10
6.1997339370078741
20
-4.3694876771653544
11
6.198007913385827
21
-4.3716295669291334
0
LINE
8
BLACK
6
CONTINUOUS
10
6.198007913385827
20
-4.3716295669291334
11
6.1953978740157476
21
-4.3724982283464566
0
LINE
8
BLACK
6
CONTINUOUS
10
6.1953978740157476
20
-4.3724982283464566
11
6.1927385826771655
21
-4.3718214960629922
0
LINE
8
BLACK
6
CONTINUOUS
10
6.1927385826771655
20
-4.3718214960629922
11
6.192684842519685
21
-4.3717897244094486
0
LINE
8
BLACK
6
CONTINUOUS
10
6.192684842519685
20
-4.3717897244094486
11
6.192338503937008
21
-4.3715848818897634
0
LINE
8
BLACK
6
CONTINUOUS
10
6.192338503937008
20
-4.3715848818897634
11
6.1923384645669293
21
-4.3715848425196846
0
LINE
8
BLACK
6
CONTINUOUS
10
6.1923384645669293
20
-4.3715848425196846
11
6.1923384251968505
21
-4.3715848425196846
0
LINE
8
BLACK
6
CONTINUOUS
10
6.1923384251968505
20
-4.3715848425196846
11
6.1923383070866143
21
-4.3715848031496058
0
LINE
8
BLACK
6
CONTINUOUS
10
6.1923383070866143
20
-4.3715848031496058
11
6.1861249212598421
21
-4.3697796062992129
0
LINE
8
BLACK
6
CONTINUOUS
10
6.1861249212598421
20
-4.3697796062992129
11
6.1861246850393696
21
-4.3697795669291342
0
LINE
8
BLACK
6
CONTINUOUS
10
6.1861246850393696
20
-4.3697795669291342
11
6.1846732677165352
21
-4.3696653543307082
0
LINE
8
BLACK
6
CONTINUOUS
10
6.1846732677165352
20
-4.3696653543307082
11
6.184672992125984
21
-4.3696653543307082
0
LINE
8
BLACK
6
CONTINUOUS
10
6.184672992125984
20
-4.3696653543307082
11
6.1676892125984253
21
-4.3696653543307082
0
LINE
8
BLACK
6
CONTINUOUS
10
6.1676892125984253
20
-4.3696653543307082
11
6.1676888976377953
21
-4.3696653543307082
0
LINE
8
BLACK
6
CONTINUOUS
10
6.1676888976377953
20
-4.3696653543307082
11
6.1662374803149609
21
-4.3697795669291342
0
LINE
8
BLACK
6
CONTINUOUS
10
6.1662374803149609
20
-4.3697795669291342
11
6.1662372440944884
21
-4.3697796062992129
0
LINE
8
BLACK
6
CONTINUOUS
10
6.1662372440944884
20
-4.3697796062992129
11
6.1600238582677163
21
-4.3715848031496058
0
LINE
8
BLACK
6
CONTINUOUS
10
6.1600238582677163
20
-4.3715848031496058
11
6.16002374015748
21
-4.3715848425196846
0
LINE
8
BLACK
6
CONTINUOUS
10
6.16002374015748
20
-4.3715848425196846
11
6.1541897637795273
21
-4.3750350393700783
0
LINE
8
BLACK
6
CONTINUOUS
10
6.1541897637795273
20
-4.3750350393700783
11
6.1541438582677168
21
-4.3749574409448817
0
LINE
8
BLACK
6
CONTINUOUS
10
6.1541438582677168
20
-4.3749574409448817
11
6.1520055905511812
21
-4.3757965354330706
0
LINE
8
BLACK
6
CONTINUOUS
10
6.1520055905511812
20
-4.3757965354330706
11
6.1493081496062993
21
-4.3752574803149606
0
LINE
8
BLACK
6
CONTINUOUS
10
6.1493081496062993
20
-4.3752574803149606
11
6.1490360629921259
21
-4.3750825984251964
0
LINE
8
BLACK
6
CONTINUOUS
10
6.1490360629921259
20
-4.3750825984251964
11
6.1470555118110237
21
-4.3756133070866143
0
LINE
8
BLACK
6
CONTINUOUS
10
6.1470555118110237
20
-4.3756133070866143
11
6.1429444881889763
21
-4.3756133070866143
0
LINE
8
BLACK
6
CONTINUOUS
10
6.1429444881889763
20
-4.3756133070866143
11
6.1389735039370077
21
-4.3745492913385826
0
LINE
8
BLACK
6
CONTINUOUS
10
6.1389735039370077
20
-4.3745492913385826
11
6.1354131889763774
21
-4.3724937401574806
0
LINE
8
BLACK
6
CONTINUOUS
10
6.1354131889763774
20
-4.3724937401574806
11
6.132584803149606
21
-4.3696653543307082
0
LINE
8
BLACK
6
CONTINUOUS
10
6.132584803149606
20
-4.3696653543307082
11
6.1184766141732281
21
-4.3696653543307082
0
LINE
8
BLACK
6
CONTINUOUS
10
6.1184766141732281
20
-4.3696653543307082
11
6.1184762992125981
21
-4.3696653543307082
0
LINE
8
BLACK
6
CONTINUOUS
10
6.1184762992125981
20
-4.3696653543307082
11
6.1170248818897637
21
-4.3697795669291342
0
LINE
8
BLACK
6
CONTINUOUS
10
6.1170248818897637
20
-4.3697795669291342
11
6.1170246456692912
21
-4.3697796062992129
0
LINE
8
BLACK
6
CONTINUOUS
10
6.1170246456692912
20
-4.3697796062992129
11
6.1108112598425199
21
-4.3715848031496058
0
LINE
8
BLACK
6
CONTINUOUS
10
6.1108112598425199
20
-4.3715848031496058
11
6.1108111417322837
21
-4.3715848425196846
0
LINE
8
BLACK
6
CONTINUOUS
10
6.1108111417322837
20
-4.3715848425196846
11
6.104977165354331
21
-4.3750350393700783
0
LINE
8
BLACK
6
CONTINUOUS
10
6.104977165354331
20
-4.3750350393700783
11
6.1049312598425196
21
-4.3749574409448817
0
LINE
8
BLACK
6
CONTINUOUS
10
6.1049312598425196
20
-4.3749574409448817
11
6.102792992125984
21
-4.3757965354330706
0
LINE
8
BLACK
6
CONTINUOUS
10
6.102792992125984
20
-4.3757965354330706
11
6.1000955511811021
21
-4.3752574803149606
0
LINE
8
BLACK
6
CONTINUOUS
10
6.1000955511811021
20
-4.3752574803149606
11
6.0997478346456688
21
-4.3750340157480316
0
LINE
8
BLACK
6
CONTINUOUS
10
6.0997478346456688
20
-4.3750340157480316
11
6.0997472440944884
21
-4.3750350393700783
0
LINE
8
BLACK
6
CONTINUOUS
10
6.0997472440944884
20
-4.3750350393700783
11
6.0954819291338582
21
-4.3725125590551182
0
LINE
8
BLACK
6
CONTINUOUS
10
6.0954819291338582
20
-4.3725125590551182
11
6.0939133070866136
21
-4.3715848818897634
0
LINE
8
BLACK
6
CONTINUOUS
10
6.0939133070866136
20
-4.3715848818897634
11
6.0939132677165349
21
-4.3715848425196846
0
LINE
8
BLACK
6
CONTINUOUS
10
6.0939132677165349
20
-4.3715848425196846
11
6.093913228346457
21
-4.3715848425196846
0
LINE
8
BLACK
6
CONTINUOUS
10
6.093913228346457
20
-4.3715848425196846
11
6.0939131102362207
21
-4.3715848031496058
0
LINE
8
BLACK
6
CONTINUOUS
10
6.0939131102362207
20
-4.3715848031496058
11
6.0876997244094486
21
-4.3697796062992129
0
LINE
8
BLACK
6
CONTINUOUS
10
6.0876997244094486
20
-4.3697796062992129
11
6.0876994881889761
21
-4.3697795669291342
0
LINE
8
BLACK
6
CONTINUOUS
10
6.0876994881889761
20
-4.3697795669291342
11
6.0862480708661417
21
-4.3696653543307082
0
LINE
8
BLACK
6
CONTINUOUS
10
6.0862480708661417
20
-4.3696653543307082
11
6.0862477952755905
21
-4.3696653543307082
0
LINE
8
BLACK
6
CONTINUOUS
10
6.0862477952755905
20
-4.3696653543307082
11
6.0692640157480318
21
-4.3696653543307082
0
LINE
8
BLACK
6
CONTINUOUS
10
6.0692640157480318
20
-4.3696653543307082
11
6.0692637007874017
21
-4.3696653543307082
0
LINE
8
BLACK
6
CONTINUOUS
10
6.0692637007874017
20
-4.3696653543307082
11
6.0678122834645665
21
-4.3697795669291342
0
LINE
8
BLACK
6
CONTINUOUS
10
6.0678122834645665
20
-4.3697795669291342
11
6.067812047244094
21
-4.3697796062992129
0
LINE
8
BLACK
6
CONTINUOUS
10
6.067812047244094
20
-4.3697796062992129
11
6.0615986614173227
21
-4.3715848031496058
0
LINE
8
BLACK
6
CONTINUOUS
10
6.0615986614173227
20
-4.3715848031496058
11
6.0615985433070865
21
-4.3715848425196846
0
LINE
8
BLACK
6
CONTINUOUS
10
6.0615985433070865
20
-4.3715848425196846
11
6.0557645669291338
21
-4.3750350393700783
0
LINE
8
BLACK
6
CONTINUOUS
10
6.0557645669291338
20
-4.3750350393700783
11
6.0557186614173224
21
-4.3749574409448817
0
LINE
8
BLACK
6
CONTINUOUS
10
6.0557186614173224
20
-4.3749574409448817
11
6.0535803937007868
21
-4.3757965354330706
0
LINE
8
BLACK
6
CONTINUOUS
10
6.0535803937007868
20
-4.3757965354330706
11
6.0508829527559049
21
-4.3752574803149606
0
LINE
8
BLACK
6
CONTINUOUS
10
6.0508829527559049
20
-4.3752574803149606
11
6.0505352362204725
21
-4.3750340157480316
0
LINE
8
BLACK
6
CONTINUOUS
10
6.0505352362204725
20
-4.3750340157480316
11
6.0505346456692912
21
-4.3750350393700783
0
LINE
8
BLACK
6
CONTINUOUS
10
6.0505346456692912
20
-4.3750350393700783
11
6.046269330708661
21
-4.3725125590551182
0
LINE
8
BLACK
6
CONTINUOUS
10
6.046269330708661
20
-4.3725125590551182
11
6.0447007086614173
21
-4.3715848818897634
0
LINE
8
BLACK
6
CONTINUOUS
10
6.0447007086614173
20
-4.3715848818897634
11
6.0447006692913385
21
-4.3715848425196846
0
LINE
8
BLACK
6
CONTINUOUS
10
6.0447006692913385
20
-4.3715848425196846
11
6.0447006299212598
21
-4.3715848425196846
0
LINE
8
BLACK
6
CONTINUOUS
10
6.0447006299212598
20
-4.3715848425196846
11
6.0447005118110235
21
-4.3715848031496058
0
LINE
8
BLACK
6
CONTINUOUS
10
6.0447005118110235
20
-4.3715848031496058
11
6.0384871259842514
21
-4.3697796062992129
0
LINE
8
BLACK
6
CONTINUOUS
10
6.0384871259842514
20
-4.3697796062992129
11
6.0384868897637798
21
-4.3697795669291342
0
LINE
8
BLACK
6
CONTINUOUS
10
6.0384868897637798
20
-4.3697795669291342
11
6.0370354724409445
21
-4.3696653543307082
0
LINE
8
BLACK
6
CONTINUOUS
10
6.0370354724409445
20
-4.3696653543307082
11
6.0370351968503932
21
-4.3696653543307082
0
LINE
8
BLACK
6
CONTINUOUS
10
6.0370351968503932
20
-4.3696653543307082
11
6.0200514173228346
21
-4.3696653543307082
0
LINE
8
BLACK
6
CONTINUOUS
10
6.0200514173228346
20
-4.3696653543307082
11
6.0200511023622045
21
-4.3696653543307082
0
LINE
8
BLACK
6
CONTINUOUS
10
6.0200511023622045
20
-4.3696653543307082
11
6.0185996850393702
21
-4.3697795669291342
0
LINE
8
BLACK
6
CONTINUOUS
10
6.0185996850393702
20
-4.3697795669291342
11
6.0185994488188976
21
-4.3697796062992129
0
LINE
8
BLACK
6
CONTINUOUS
10
6.0185994488188976
20
-4.3697796062992129
11
6.0123860629921255
21
-4.3715848031496058
0
LINE
8
BLACK
6
CONTINUOUS
10
6.0123860629921255
20
-4.3715848031496058
11
6.0123860236220468
21
-4.3715848031496058
0
LINE
8
BLACK
6
CONTINUOUS
10
6.0123860236220468
20
-4.3715848031496058
11
6.0079264960629919
21
-4.374222125984252
0
LINE
8
BLACK
6
CONTINUOUS
10
6.0079264960629919
20
-4.374222125984252
11
6.0052601968503936
21
-4.3748985433070864
0
LINE
8
BLACK
6
CONTINUOUS
10
6.0052601968503936
20
-4.3748985433070864
11
6.002651456692913
21
-4.3740261023622047
0
LINE
8
BLACK
6
CONTINUOUS
10
6.002651456692913
20
-4.3740261023622047
11
6.0018475984251971
21
-4.3733241338582678
0
LINE
8
BLACK
6
CONTINUOUS
10
6.0018475984251971
20
-4.3733241338582678
11
6.0015920472440945
21
-4.373046181102362
0
LINE
8
BLACK
6
CONTINUOUS
10
6.0015920472440945
20
-4.373046181102362
11
6.0007525196850393
21
-4.3717897244094486
0
LINE
8
BLACK
6
CONTINUOUS
10
6.0007525196850393
20
-4.3717897244094486
11
5.9969111023622048
21
-4.3679483070866141
0
LINE
8
BLACK
6
CONTINUOUS
10
5.9969111023622048
20
-4.3679483070866141
11
5.9909885039370074
21
-4.3620257086614176
0
LINE
8
BLACK
6
CONTINUOUS
10
5.9909885039370074
20
-4.3620257086614176
11
5.9733285433070868
21
-4.3443656692913386
0
LINE
8
BLACK
6
CONTINUOUS
10
5.9733285433070868
20
-4.3443656692913386
11
5.9733285039370081
21
-4.3443656299212599
0
LINE
8
BLACK
6
CONTINUOUS
10
5.9733285039370081
20
-4.3443656299212599
11
5.9688112598425196
21
-4.341347322834646
0
LINE
8
BLACK
6
CONTINUOUS
10
5.9688112598425196
20
-4.341347322834646
11
5.9637925590551184
21
-4.3392685433070861
0
LINE
8
BLACK
6
CONTINUOUS
10
5.9637925590551184
20
-4.3392685433070861
11
5.9637921653543309
21
-4.3392684251968499
0
LINE
8
BLACK
6
CONTINUOUS
10
5.9637921653543309
20
-4.3392684251968499
11
5.9584643700787403
21
-4.3382086614173225
0
LINE
8
BLACK
6
CONTINUOUS
10
5.9584643700787403
20
-4.3382086614173225
11
5.9584642913385828
21
-4.3382086614173225
0
LINE
8
BLACK
6
CONTINUOUS
10
5.9584642913385828
20
-4.3382086614173225
11
5.958464251968504
21
-4.3382086614173225
0
LINE
8
BLACK
6
CONTINUOUS
10
5.958464251968504
20
-4.3382086614173225
11
5.9015354330708663
21
-4.3382086614173225
0
LINE
8
BLACK
6
CONTINUOUS
10
5.9015354330708663
20
-4.3382086614173225
11
5.8988961023622046
21
-4.3374336614173226
0
LINE
8
BLACK
6
CONTINUOUS
10
5.8988961023622046
20
-4.3374336614173226
11
5.8970947244094489
21
-4.3353547637795273
0
LINE
8
BLACK
6
CONTINUOUS
10
5.8970947244094489
20
-4.3353547637795273
11
5.8966535433070861
21
-4.3333267716535433
0
LINE
8
BLACK
6
CONTINUOUS
10
5.8966535433070861
20
-4.3333267716535433
11
5.8966535433070861
21
-4.3066929133858265
0
LINE
8
BLACK
6
CONTINUOUS
10
5.8966535433070861
20
-4.3066929133858265
11
5.8769685039370074
21
-4.3066929133858265
0
LINE
8
BLACK
6
CONTINUOUS
10
5.8769685039370074
20
-4.3066929133858265
11
5.8769685039370074
21
-4.3401574803149607
0
LINE
8
BLACK
6
CONTINUOUS
10
5.8769685039370074
20
-4.3401574803149607
11
5.8762192913385825
21
-4.3439240551181104
0
LINE
8
BLACK
6
CONTINUOUS
10
5.8762192913385825
20
-4.3439240551181104
11
5.8740857086614175
21
-4.3471172047244098
0
LINE
8
BLACK
6
CONTINUOUS
10
5.8740857086614175
20
-4.3471172047244098
11
5.8708925590551182
21
-4.3492507874015747
0
LINE
8
BLACK
6
CONTINUOUS
10
5.8708925590551182
20
-4.3492507874015747
11
5.8671259842519685
21
-4.3499999999999996
0
LINE
8
BLACK
6
CONTINUOUS
10
5.8671259842519685
20
-4.3499999999999996
11
5.8474409448818898
21
-4.3499999999999996
0
LINE
8
BLACK
6
CONTINUOUS
10
5.8474409448818898
20
-4.3499999999999996
11
5.8436743700787401
21
-4.3492507874015747
0
LINE
8
BLACK
6
CONTINUOUS
10
5.8436743700787401
20
-4.3492507874015747
11
5.8404812204724408
21
-4.3471172047244098
0
LINE
8
BLACK
6
CONTINUOUS
10
5.8404812204724408
20
-4.3471172047244098
11
5.8383476377952759
21
-4.3439240551181104
0
LINE
8
BLACK
6
CONTINUOUS
10
5.8383476377952759
20
-4.3439240551181104
11
5.83759842519685
21
-4.3401574803149607
0
LINE
8
BLACK
6
CONTINUOUS
10
5.83759842519685
20
-4.3401574803149607
11
5.83759842519685
21
-4.3066929133858265
0
LINE
8
BLACK
6
CONTINUOUS
10
5.83759842519685
20
-4.3066929133858265
11
5.8179134251968501
21
-4.3066929133858265
0
LINE
8
BLACK
6
CONTINUOUS
10
5.8179134251968501
20
-4.3066929133858265
11
5.8179134251968501
21
-4.3333267716535433
0
LINE
8
BLACK
6
CONTINUOUS
10
5.8179134251968501
20
-4.3333267716535433
11
5.8171384251968501
21
-4.3359661023622049
0
LINE
8
BLACK
6
CONTINUOUS
10
5.8171384251968501
20
-4.3359661023622049
11
5.8150595275590549
21
-4.3377674803149606
0
LINE
8
BLACK
6
CONTINUOUS
10
5.8150595275590549
20
-4.3377674803149606
11
5.8130315354330708
21
-4.3382086614173225
0
LINE
8
BLACK
6
CONTINUOUS
10
5.8130315354330708
20
-4.3382086614173225
11
5.6632894094488186
21
-4.3382086614173225
0
LINE
8
BLACK
6
CONTINUOUS
10
5.6632894094488186
20
-4.3382086614173225
11
5.6624937401574797
21
-4.3395868110236222
0
LINE
8
BLACK
6
CONTINUOUS
10
5.6624937401574797
20
-4.3395868110236222
11
5.6595868110236216
21
-4.3424937401574804
0
LINE
8
BLACK
6
CONTINUOUS
10
5.6595868110236216
20
-4.3424937401574804
11
5.6560264960629922
21
-4.3445492913385824
0
LINE
8
BLACK
6
CONTINUOUS
10
5.6560264960629922
20
-4.3445492913385824
11
5.6520555118110236
21
-4.3456133070866141
0
LINE
8
BLACK
6
CONTINUOUS
10
5.6520555118110236
20
-4.3456133070866141
11
5.6479444881889762
21
-4.3456133070866141
0
LINE
8
BLACK
6
CONTINUOUS
10
5.6479444881889762
20
-4.3456133070866141
11
5.6439735039370076
21
-4.3445492913385824
0
LINE
8
BLACK
6
CONTINUOUS
10
5.6439735039370076
20
-4.3445492913385824
11
5.6404131889763782
21
-4.3424937401574804
0
LINE
8
BLACK
6
CONTINUOUS
10
5.6404131889763782
20
-4.3424937401574804
11
5.6375062598425192
21
-4.3395868110236222
0
LINE
8
BLACK
6
CONTINUOUS
10
5.6375062598425192
20
-4.3395868110236222
11
5.6367105905511812
21
-4.3382086614173225
0
LINE
8
BLACK
6
CONTINUOUS
10
5.6367105905511812
20
-4.3382086614173225
11
5.4042330314960632
21
-4.3382086614173225
0
LINE
8
BLACK
6
CONTINUOUS
10
5.4042330314960632
20
-4.3382086614173225
11
5.4015937007874015
21
-4.3374336614173226
0
LINE
8
BLACK
6
CONTINUOUS
10
5.4015937007874015
20
-4.3374336614173226
11
5.4007810236220468
21
-4.3367787795275587
0
LINE
8
BLACK
6
CONTINUOUS
10
5.4007810236220468
20
-4.3367787795275587
11
5.3860844881889767
21
-4.322082204724409
0
LINE
8
BLACK
6
CONTINUOUS
10
5.3860844881889767
20
-4.322082204724409
11
5.3860844488188979
21
-4.3220821653543302
0
LINE
8
BLACK
6
CONTINUOUS
10
5.3860844488188979
20
-4.3220821653543302
11
5.3815672047244094
21
-4.3190638582677163
0
LINE
8
BLACK
6
CONTINUOUS
10
5.3815672047244094
20
-4.3190638582677163
11
5.3765485039370073
21
-4.3169850787401574
0
LINE
8
BLACK
6
CONTINUOUS
10
5.3765485039370073
20
-4.3169850787401574
11
5.3765481102362207
21
-4.3169849606299211
0
LINE
8
BLACK
6
CONTINUOUS
10
5.3765481102362207
20
-4.3169849606299211
11
5.3712203149606301
21
-4.3159251968503938
0
LINE
8
BLACK
6
CONTINUOUS
10
5.3712203149606301
20
-4.3159251968503938
11
5.3712202362204726
21
-4.3159251968503938
0
LINE
8
BLACK
6
CONTINUOUS
10
5.3712202362204726
20
-4.3159251968503938
11
5.3712201968503939
21
-4.3159251968503938
0
LINE
8
BLACK
6
CONTINUOUS
10
5.3712201968503939
20
-4.3159251968503938
11
5.2496701968503938
21
-4.3159251968503938
0
LINE
8
BLACK
6
CONTINUOUS
10
5.2496701968503938
20
-4.3159251968503938
11
5.2442375984251965
21
-4.3159251968503938
0
LINE
8
BLACK
6
CONTINUOUS
10
5.2442375984251965
20
-4.3159251968503938
11
5.2442374803149603
21
-4.3159251968503938
0
LINE
8
BLACK
6
CONTINUOUS
10
5.2442374803149603
20
-4.3159251968503938
11
5.2410704724409447
21
-4.3165551574803152
0
LINE
8
BLACK
6
CONTINUOUS
10
5.2410704724409447
20
-4.3165551574803152
11
5.2383306692913383
21
-4.3163099999999996
0
LINE
8
BLACK
6
CONTINUOUS
10
5.2383306692913383
20
-4.3163099999999996
11
5.2361583070866144
21
-4.3146224803149602
0
LINE
8
BLACK
6
CONTINUOUS
10
5.2361583070866144
20
-4.3146224803149602
11
5.2352431889763782
21
-4.3120283858267712
0
LINE
8
BLACK
6
CONTINUOUS
10
5.2352431889763782
20
-4.3120283858267712
11
5.235236181102362
21
-4.3117670472440945
0
LINE
8
BLACK
6
CONTINUOUS
10
5.235236181102362
20
-4.3117670472440945
11
5.2352362204724407
21
-4.3066929133858265
0
LINE
8
BLACK
6
CONTINUOUS
10
5.2352362204724407
20
-4.3066929133858265
11
5.215551181102362
21
-4.3066929133858265
0
LINE
8
BLACK
6
CONTINUOUS
10
5.215551181102362
20
-4.3066929133858265
11
5.215551181102362
21
-4.3401574803149607
0
LINE
8
BLACK
6
CONTINUOUS
10
5.215551181102362
20
-4.3401574803149607
11
5.2148019685039371
21
-4.3439240551181104
0
LINE
8
BLACK
6
CONTINUOUS
10
5.2148019685039371
20
-4.3439240551181104
11
5.2126683858267713
21
-4.3471172047244098
0
LINE
8
BLACK
6
CONTINUOUS
10
5.2126683858267713
20
-4.3471172047244098
11
5.2094752362204719
21
-4.3492507874015747
0
LINE
8
BLACK
6
CONTINUOUS
10
5.2094752362204719
20
-4.3492507874015747
11
5.2057086614173231
21
-4.3499999999999996
0
LINE
8
BLACK
6
CONTINUOUS
10
5.2057086614173231
20
-4.3499999999999996
11
5.1860236220472435
21
-4.3499999999999996
0
LINE
8
BLACK
6
CONTINUOUS
10
5.1860236220472435
20
-4.3499999999999996
11
5.1822570472440947
21
-4.3492507874015747
0
LINE
8
BLACK
6
CONTINUOUS
10
5.1822570472440947
20
-4.3492507874015747
11
5.1790638976377954
21
-4.3471172047244098
0
LINE
8
BLACK
6
CONTINUOUS
10
5.1790638976377954
20
-4.3471172047244098
11
5.1769303149606296
21
-4.3439240551181104
0
LINE
8
BLACK
6
CONTINUOUS
10
5.1769303149606296
20
-4.3439240551181104
11
5.1761811023622046
21
-4.3401574803149607
0
LINE
8
BLACK
6
CONTINUOUS
10
5.1761811023622046
20
-4.3401574803149607
11
5.1761811023622046
21
-4.3066929133858265
0
LINE
8
BLACK
6
CONTINUOUS
10
5.1761811023622046
20
-4.3066929133858265
11
5.1564961023622047
21
-4.3066929133858265
0
LINE
8
BLACK
6
CONTINUOUS
10
5.1564961023622047
20
-4.3066929133858265
11
5.1564961023622047
21
-4.3075393700787403
0
LINE
8
BLACK
6
CONTINUOUS
10
5.1564961023622047
20
-4.3075393700787403
11
5.1557211023622047
21
-4.3101787007874011
0
LINE
8
BLACK
6
CONTINUOUS
10
5.1557211023622047
20
-4.3101787007874011
11
5.1536422047244095
21
-4.3119800787401577
0
LINE
8
BLACK
6
CONTINUOUS
10
5.1536422047244095
20
-4.3119800787401577
11
5.1516142125984254
21
-4.3124212598425196
0
LINE
8
BLACK
6
CONTINUOUS
10
5.1516142125984254
20
-4.3124212598425196
11
4.8822836220472441
21
-4.3124212598425196
0
LINE
8
BLACK
6
CONTINUOUS
10
4.8822836220472441
20
-4.3124212598425196
11
4.8769557874015748
21
-4.3134810236220469
0
LINE
8
BLACK
6
CONTINUOUS
10
4.8769557874015748
20
-4.3134810236220469
11
4.8769553937007872
21
-4.3134811417322831
0
LINE
8
BLACK
6
CONTINUOUS
10
4.8769553937007872
20
-4.3134811417322831
11
4.871936692913386
21
-4.3155599212598421
0
LINE
8
BLACK
6
CONTINUOUS
10
4.871936692913386
20
-4.3155599212598421
11
4.8674194488188975
21
-4.3185782283464569
0
LINE
8
BLACK
6
CONTINUOUS
10
4.8674194488188975
20
-4.3185782283464569
11
4.8674194094488188
21
-4.3185782677165356
0
LINE
8
BLACK
6
CONTINUOUS
10
4.8674194094488188
20
-4.3185782677165356
11
4.8518378346456688
21
-4.3341598818897635
0
LINE
8
BLACK
6
CONTINUOUS
10
4.8518378346456688
20
-4.3341598818897635
11
4.8494235433070862
21
-4.3354781889763778
0
LINE
8
BLACK
6
CONTINUOUS
10
4.8494235433070862
20
-4.3354781889763778
11
4.8466797637795276
21
-4.3352819685039368
0
LINE
8
BLACK
6
CONTINUOUS
10
4.8466797637795276
20
-4.3352819685039368
11
4.8444776771653544
21
-4.3336334645669288
0
LINE
8
BLACK
6
CONTINUOUS
10
4.8444776771653544
20
-4.3336334645669288
11
4.8435163779527555
21
-4.331056141732283
0
LINE
8
BLACK
6
CONTINUOUS
10
4.8435163779527555
20
-4.331056141732283
11
4.8435039370078741
21
-4.3307078740157481
0
LINE
8
BLACK
6
CONTINUOUS
10
4.8435039370078741
20
-4.3307078740157481
11
4.8435039370078741
21
-4.3066929133858265
0
LINE
8
BLACK
6
CONTINUOUS
10
4.8435039370078741
20
-4.3066929133858265
11
4.8238188976377954
21
-4.3066929133858265
0
LINE
8
BLACK
6
CONTINUOUS
10
4.8238188976377954
20
-4.3066929133858265
11
4.8238188976377954
21
-4.3401574803149607
0
LINE
8
BLACK
6
CONTINUOUS
10
4.8238188976377954
20
-4.3401574803149607
11
4.8230696850393704
21
-4.3439240551181104
0
LINE
8
BLACK
6
CONTINUOUS
10
4.8230696850393704
20
-4.3439240551181104
11
4.8209361023622046
21
-4.3471172047244098
0
LINE
8
BLACK
6
CONTINUOUS
10
4.8209361023622046
20
-4.3471172047244098
11
4.8177429527559053
21
-4.3492507874015747
0
LINE
8
BLACK
6
CONTINUOUS
10
4.8177429527559053
20
-4.3492507874015747
11
4.8139763779527556
21
-4.3499999999999996
0
LINE
8
BLACK
6
CONTINUOUS
10
4.8139763779527556
20
-4.3499999999999996
11
4.7942913385826769
21
-4.3499999999999996
0
LINE
8
BLACK
6
CONTINUOUS
10
4.7942913385826769
20
-4.3499999999999996
11
4.7905247637795272
21
-4.3492507874015747
0
LINE
8
BLACK
6
CONTINUOUS
10
4.7905247637795272
20
-4.3492507874015747
11
4.7873316141732278
21
-4.3471172047244098
0
LINE
8
BLACK
6
CONTINUOUS
10
4.7873316141732278
20
-4.3471172047244098
11
4.7851980314960629
21
-4.3439240551181104
0
LINE
8
BLACK
6
CONTINUOUS
10
4.7851980314960629
20
-4.3439240551181104
11
4.784448818897638
21
-4.3401574803149607
0
LINE
8
BLACK
6
CONTINUOUS
10
4.784448818897638
20
-4.3401574803149607
11
4.784448818897638
21
-4.3066929133858265
0
LINE
8
BLACK
6
CONTINUOUS
10
4.784448818897638
20
-4.3066929133858265
11
4.764763818897638
21
-4.3066929133858265
0
LINE
8
BLACK
6
CONTINUOUS
10
4.764763818897638
20
-4.3066929133858265
11
4.764763818897638
21
-4.3333267716535433
0
LINE
8
BLACK
6
CONTINUOUS
10
4.764763818897638
20
-4.3333267716535433
11
4.763988818897638
21
-4.3359661023622049
0
LINE
8
BLACK
6
CONTINUOUS
10
4.763988818897638
20
-4.3359661023622049
11
4.7619099212598428
21
-4.3377674803149606
0
LINE
8
BLACK
6
CONTINUOUS
10
4.7619099212598428
20
-4.3377674803149606
11
4.7598819291338579
21
-4.3382086614173225
0
LINE
8
BLACK
6
CONTINUOUS
10
4.7598819291338579
20
-4.3382086614173225
11
4.6217516141732284
21
-4.3382086614173225
0
LINE
8
BLACK
6
CONTINUOUS
10
4.6217516141732284
20
-4.3382086614173225
11
4.6191122834645668
21
-4.3374336614173226
0
LINE
8
BLACK
6
CONTINUOUS
10
4.6191122834645668
20
-4.3374336614173226
11
4.6173109055118111
21
-4.3353547637795273
0
LINE
8
BLACK
6
CONTINUOUS
10
4.6173109055118111
20
-4.3353547637795273
11
4.6172418503937003
21
-4.335196220472441
0
LINE
8
BLACK
6
CONTINUOUS
10
4.6172418503937003
20
-4.335196220472441
11
4.6164178346456692
21
-4.3332068110236222
0
LINE
8
BLACK
6
CONTINUOUS
10
4.6164178346456692
20
-4.3332068110236222
11
4.6164176771653542
21
-4.3332065354330709
0
LINE
8
BLACK
6
CONTINUOUS
10
4.6164176771653542
20
-4.3332065354330709
11
4.6125379527559058
21
-4.3274001968503937
0
LINE
8
BLACK
6
CONTINUOUS
10
4.6125379527559058
20
-4.3274001968503937
11
4.6125378346456696
21
-4.3274000393700787
0
LINE
8
BLACK
6
CONTINUOUS
10
4.6125378346456696
20
-4.3274000393700787
11
4.6075999212598422
21
-4.3224621259842522
0
LINE
8
BLACK
6
CONTINUOUS
10
4.6075999212598422
20
-4.3224621259842522
11
4.6075997637795272
21
-4.3224620078740159
0
LINE
8
BLACK
6
CONTINUOUS
10
4.6075997637795272
20
-4.3224620078740159
11
4.60179342519685
21
-4.3185822834645666
0
LINE
8
BLACK
6
CONTINUOUS
10
4.60179342519685
20
-4.3185822834645666
11
4.6017929133858271
21
-4.3185820078740154
0
LINE
8
BLACK
6
CONTINUOUS
10
4.6017929133858271
20
-4.3185820078740154
11
4.5953412204724406
21
-4.3159096850393697
0
LINE
8
BLACK
6
CONTINUOUS
10
4.5953412204724406
20
-4.3159096850393697
11
4.5953408661417319
21
-4.3159095669291334
0
LINE
8
BLACK
6
CONTINUOUS
10
4.5953408661417319
20
-4.3159095669291334
11
4.5884918897637794
21
-4.3145472440944879
0
LINE
8
BLACK
6
CONTINUOUS
10
4.5884918897637794
20
-4.3145472440944879
11
4.5884917716535432
21
-4.3145472440944879
0
LINE
8
BLACK
6
CONTINUOUS
10
4.5884917716535432
20
-4.3145472440944879
11
4.5815082283464568
21
-4.3145472440944879
0
LINE
8
BLACK
6
CONTINUOUS
10
4.5815082283464568
20
-4.3145472440944879
11
4.5815081102362205
21
-4.3145472440944879
0
LINE
8
BLACK
6
CONTINUOUS
10
4.5815081102362205
20
-4.3145472440944879
11
4.5746590944881893
21
-4.3159095669291334
0
LINE
8
BLACK
6
CONTINUOUS
10
4.5746590944881893
20
-4.3159095669291334
11
4.5746587401574805
21
-4.3159096850393697
0
LINE
8
BLACK
6
CONTINUOUS
10
4.5746587401574805
20
-4.3159096850393697
11
4.5682070472440941
21
-4.3185820078740154
0
LINE
8
BLACK
6
CONTINUOUS
10
4.5682070472440941
20
-4.3185820078740154
11
4.5682065354330712
21
-4.3185822834645666
0
LINE
8
BLACK
6
CONTINUOUS
10
4.5682065354330712
20
-4.3185822834645666
11
4.562400196850394
21
-4.3224620078740159
0
LINE
8
BLACK
6
CONTINUOUS
10
4.562400196850394
20
-4.3224620078740159
11
4.562400039370079
21
-4.3224621259842522
0
LINE
8
BLACK
6
CONTINUOUS
10
4.562400039370079
20
-4.3224621259842522
11
4.5574621259842516
21
-4.3274000393700787
0
LINE
8
BLACK
6
CONTINUOUS
10
4.5574621259842516
20
-4.3274000393700787
11
4.5574620078740153
21
-4.3274001968503937
0
LINE
8
BLACK
6
CONTINUOUS
10
4.5574620078740153
20
-4.3274001968503937
11
4.5535822834645669
21
-4.3332065354330709
0
LINE
8
BLACK
6
CONTINUOUS
10
4.5535822834645669
20
-4.3332065354330709
11
4.5535820078740157
21
-4.3332070472440947
0
LINE
8
BLACK
6
CONTINUOUS
10
4.5535820078740157
20
-4.3332070472440947
11
4.55090968503937
21
-4.3396587401574802
0
LINE
8
BLACK
6
CONTINUOUS
10
4.55090968503937
20
-4.3396587401574802
11
4.5509095669291337
21
-4.339659094488189
0
LINE
8
BLACK
6
CONTINUOUS
10
4.5509095669291337
20
-4.339659094488189
11
4.5495472440944882
21
-4.3465080314960627
0
LINE
8
BLACK
6
CONTINUOUS
10
4.5495472440944882
20
-4.3465080314960627
11
4.5495472440944882
21
-4.3534919291338579
0
LINE
8
BLACK
6
CONTINUOUS
10
4.5495472440944882
20
-4.3534919291338579
11
4.5509095669291337
21
-4.3603408661417324
0
LINE
8
BLACK
6
CONTINUOUS
10
4.5509095669291337
20
-4.3603408661417324
11
4.55090968503937
21
-4.3603412204724412
0
LINE
8
BLACK
6
CONTINUOUS
10
4.55090968503937
20
-4.3603412204724412
11
4.5535820078740157
21
-4.3667929133858268
0
LINE
8
BLACK
6
CONTINUOUS
10
4.5535820078740157
20
-4.3667929133858268
11
4.5535822834645669
21
-4.3667934251968505
0
LINE
8
BLACK
6
CONTINUOUS
10
4.5535822834645669
20
-4.3667934251968505
11
4.5574620078740153
21
-4.3725997637795277
0
LINE
8
BLACK
6
CONTINUOUS
10
4.5574620078740153
20
-4.3725997637795277
11
4.5574621259842516
21
-4.3725999212598428
0
LINE
8
BLACK
6
CONTINUOUS
10
4.5574621259842516
20
-4.3725999212598428
11
4.562400039370079
21
-4.3775378346456693
0
LINE
8
BLACK
6
CONTINUOUS
10
4.562400039370079
20
-4.3775378346456693
11
4.562400196850394
21
-4.3775379527559055
0
LINE
8
BLACK
6
CONTINUOUS
10
4.562400196850394
20
-4.3775379527559055
11
4.5682065354330712
21
-4.3814176771653539
0
LINE
8
BLACK
6
CONTINUOUS
10
4.5682065354330712
20
-4.3814176771653539
11
4.5682070472440941
21
-4.3814179527559052
0
LINE
8
BLACK
6
CONTINUOUS
10
4.5682070472440941
20
-4.3814179527559052
11
4.5710603543307089
21
-4.3825998031496063
0
LINE
8
BLACK
6
CONTINUOUS
10
4.5710603543307089
20
-4.3825998031496063
11
4.574658818897638
21
-4.3840903149606296
0
LINE
8
BLACK
6
CONTINUOUS
10
4.574658818897638
20
-4.3840903149606296
11
4.5799837795275593
21
-4.3851494881889765
0
LINE
8
BLACK
6
CONTINUOUS
10
4.5799837795275593
20
-4.3851494881889765
11
4.5824210629921263
21
-4.3864244094488187
0
LINE
8
BLACK
6
CONTINUOUS
10
4.5824210629921263
20
-4.3864244094488187
11
4.5824833464566925
21
-4.3864855905511808
0
LINE
8
BLACK
6
CONTINUOUS
10
4.5824833464566925
20
-4.3864855905511808
11
4.5832068503937009
21
-4.3872091338582679
0
LINE
8
BLACK
6
CONTINUOUS
10
4.5832068503937009
20
-4.3872091338582679
11
4.5877240944881885
21
-4.3902274409448818
0
LINE
8
BLACK
6
CONTINUOUS
10
4.5877240944881885
20
-4.3902274409448818
11
4.5927427952755906
21
-4.3923062204724408
0
LINE
8
BLACK
6
CONTINUOUS
10
4.5927427952755906
20
-4.3923062204724408
11
4.5927429921259844
21
-4.3923062992125983
0
LINE
8
BLACK
6
CONTINUOUS
10
4.5927429921259844
20
-4.3923062992125983
11
4.5927431496062994
21
-4.3923062992125983
0
LINE
8
BLACK
6
CONTINUOUS
10
4.5927431496062994
20
-4.3923062992125983
11
4.5927431889763781
21
-4.392306338582677
0
LINE
8
BLACK
6
CONTINUOUS
10
4.5927431889763781
20
-4.392306338582677
11
4.5980709842519687
21
-4.3933661417322831
0
LINE
8
BLACK
6
CONTINUOUS
10
4.5980709842519687
20
-4.3933661417322831
11
4.598071102362205
21
-4.3933661417322831
0
LINE
8
BLACK
6
CONTINUOUS
10
4.598071102362205
20
-4.3933661417322831
11
4.5980711417322837
21
-4.3933661417322831
0
LINE
8
BLACK
6
CONTINUOUS
10
4.5980711417322837
20
-4.3933661417322831
11
4.8405708661417322
21
-4.3933661417322831
0
LINE
8
BLACK
6
CONTINUOUS
10
4.8405708661417322
20
-4.3933661417322831
11
4.8432101968503938
21
-4.3941411417322831
0
LINE
8
BLACK
6
CONTINUOUS
10
4.8432101968503938
20
-4.3941411417322831
11
4.8450115748031495
21
-4.3962200393700783
0
LINE
8
BLACK
6
CONTINUOUS
10
4.8450115748031495
20
-4.3962200393700783
11
4.8454527559055114
21
-4.3982480314960632
0
LINE
8
BLACK
6
CONTINUOUS
10
4.8454527559055114
20
-4.3982480314960632
11
4.8454527559055114
21
-4.4525393700787399
0
LINE
8
BLACK
6
CONTINUOUS
10
4.8454527559055114
20
-4.4525393700787399
11
4.8446777559055114
21
-4.4551787007874015
0
LINE
8
BLACK
6
CONTINUOUS
10
4.8446777559055114
20
-4.4551787007874015
11
4.8425988582677162
21
-4.4569800787401572
0
LINE
8
BLACK
6
CONTINUOUS
10
4.8425988582677162
20
-4.4569800787401572
11
4.8405708661417322
21
-4.45742125984252
0
LINE
8
BLACK
6
CONTINUOUS
10
4.8405708661417322
20
-4.45742125984252
11
4.8040196850393704
21
-4.45742125984252
0
LINE
8
BLACK
6
CONTINUOUS
10
4.8040196850393704
20
-4.45742125984252
11
4.8013803543307088
21
-4.4566462598425192
0
LINE
8
BLACK
6
CONTINUOUS
10
4.8013803543307088
20
-4.4566462598425192
11
4.8013074409448819
21
-4.4565985039370082
0
LINE
8
BLACK
6
CONTINUOUS
10
4.8013074409448819
20
-4.4565985039370082
11
4.7967932677165352
21
-4.4535822047244089
0
LINE
8
BLACK
6
CONTINUOUS
10
4.7967932677165352
20
-4.4535822047244089
11
4.7967931889763777
21
-4.453582165354331
0
LINE
8
BLACK
6
CONTINUOUS
10
4.7967931889763777
20
-4.453582165354331
11
4.7903412204724409
21
-4.4509096850393703
0
LINE
8
BLACK
6
CONTINUOUS
10
4.7903412204724409
20
-4.4509096850393703
11
4.7903408661417322
21
-4.4509095669291341
0
LINE
8
BLACK
6
CONTINUOUS
10
4.7903408661417322
20
-4.4509095669291341
11
4.7834918897637797
21
-4.4495472440944877
0
LINE
8
BLACK
6
CONTINUOUS
10
4.7834918897637797
20
-4.4495472440944877
11
4.7834917716535434
21
-4.4495472440944877
0
LINE
8
BLACK
6
CONTINUOUS
10
4.7834917716535434
20
-4.4495472440944877
11
4.7765082283464562
21
-4.4495472440944877
0
LINE
8
BLACK
6
CONTINUOUS
10
4.7765082283464562
20
-4.4495472440944877
11
4.7765081102362208
21
-4.4495472440944877
0
LINE
8
BLACK
6
CONTINUOUS
10
4.7765081102362208
20
-4.4495472440944877
11
4.7696590944881887
21
-4.4509095669291341
0
LINE
8
BLACK
6
CONTINUOUS
10
4.7696590944881887
20
-4.4509095669291341
11
4.7696587401574799
21
-4.4509096850393703
0
LINE
8
BLACK
6
CONTINUOUS
10
4.7696587401574799
20
-4.4509096850393703
11
4.7632070472440944
21
-4.453582007874016
0
LINE
8
BLACK
6
CONTINUOUS
10
4.7632070472440944
20
-4.453582007874016
11
4.7632065354330706
21
-4.4535822834645664
0
LINE
8
BLACK
6
CONTINUOUS
10
4.7632065354330706
20
-4.4535822834645664
11
4.7574001968503934
21
-4.4574620078740157
0
LINE
8
BLACK
6
CONTINUOUS
10
4.7574001968503934
20
-4.4574620078740157
11
4.7574000393700784
21
-4.457462125984252
0
LINE
8
BLACK
6
CONTINUOUS
10
4.7574000393700784
20
-4.457462125984252
11
4.7524621259842519
21
-4.4624000393700785
0
LINE
8
BLACK
6
CONTINUOUS
10
4.7524621259842519
20
-4.4624000393700785
11
4.7524620078740156
21
-4.4624001968503935
0
LINE
8
BLACK
6
CONTINUOUS
10
4.7524620078740156
20
-4.4624001968503935
11
4.7485822834645672
21
-4.4682065354330707
0
LINE
8
BLACK
6
CONTINUOUS
10
4.7485822834645672
20
-4.4682065354330707
11
4.748582007874016
21
-4.4682070472440945
0
LINE
8
BLACK
6
CONTINUOUS
10
4.748582007874016
20
-4.4682070472440945
11
4.7459096850393703
21
-4.47465874015748
0
LINE
8
BLACK
6
CONTINUOUS
10
4.7459096850393703
20
-4.47465874015748
11
4.745909566929134
21
-4.4746590944881888
0
LINE
8
BLACK
6
CONTINUOUS
10
4.745909566929134
20
-4.4746590944881888
11
4.7445472440944885
21
-4.4815080314960625
0
LINE
8
BLACK
6
CONTINUOUS
10
4.7445472440944885
20
-4.4815080314960625
11
4.7445472440944885
21
-4.4884919291338585
0
LINE
8
BLACK
6
CONTINUOUS
10
4.7445472440944885
20
-4.4884919291338585
11
4.745909566929134
21
-4.4953408661417322
0
LINE
8
BLACK
6
CONTINUOUS
10
4.745909566929134
20
-4.4953408661417322
11
4.7459096850393703
21
-4.495341220472441
0
LINE
8
BLACK
6
CONTINUOUS
10
4.7459096850393703
20
-4.495341220472441
11
4.748582007874016
21
-4.5017929133858265
0
LINE
8
BLACK
6
CONTINUOUS
10
4.748582007874016
20
-4.5017929133858265
11
4.7485822834645672
21
-4.5017934251968503
0
LINE
8
BLACK
6
CONTINUOUS
10
4.7485822834645672
20
-4.5017934251968503
11
4.7524620078740156
21
-4.5075997637795275
0
LINE
8
BLACK
6
CONTINUOUS
10
4.7524620078740156
20
-4.5075997637795275
11
4.7524621259842519
21
-4.5075999212598425
0
LINE
8
BLACK
6
CONTINUOUS
10
4.7524621259842519
20
-4.5075999212598425
11
4.7574000393700784
21
-4.512537834645669
0
LINE
8
BLACK
6
CONTINUOUS
10
4.7574000393700784
20
-4.512537834645669
11
4.7574001968503934
21
-4.5125379527559053
0
LINE
8
BLACK
6
CONTINUOUS
10
4.7574001968503934
20
-4.5125379527559053
11
4.7632065354330706
21
-4.5164176771653546
0
LINE
8
BLACK
6
CONTINUOUS
10
4.7632065354330706
20
-4.5164176771653546
11
4.7632070472440944
21
-4.5164179527559059
0
LINE
8
BLACK
6
CONTINUOUS
10
4.7632070472440944
20
-4.5164179527559059
11
4.7678805511811024
21
-4.5183537401574805
0
LINE
8
BLACK
6
CONTINUOUS
10
4.7678805511811024
20
-4.5183537401574805
11
4.7696588188976374
21
-4.5190903149606294
0
LINE
8
BLACK
6
CONTINUOUS
10
4.7696588188976374
20
-4.5190903149606294
11
4.7696588976377949
21
-4.5190903149606294
0
LINE
8
BLACK
6
CONTINUOUS
10
4.7696588976377949
20
-4.5190903149606294
11
4.7696590944881887
21
-4.5190903937007869
0
LINE
8
BLACK
6
CONTINUOUS
10
4.7696590944881887
20
-4.5190903937007869
11
4.7765080314960633
21
-4.5204527165354333
0
LINE
8
BLACK
6
CONTINUOUS
10
4.7765080314960633
20
-4.5204527165354333
11
4.7765081496062995
21
-4.5204527559055121
0
LINE
8
BLACK
6
CONTINUOUS
10
4.7765081496062995
20
-4.5204527559055121
11
4.7765082283464562
21
-4.5204527559055121
0
LINE
8
BLACK
6
CONTINUOUS
10
4.7765082283464562
20
-4.5204527559055121
11
4.783491850393701
21
-4.5204527559055121
0
LINE
8
BLACK
6
CONTINUOUS
10
4.783491850393701
20
-4.5204527559055121
11
4.7834918897637797
21
-4.5204527165354333
0
LINE
8
BLACK
6
CONTINUOUS
10
4.7834918897637797
20
-4.5204527165354333
11
4.7857748818897639
21
-4.5199985826771654
0
LINE
8
BLACK
6
CONTINUOUS
10
4.7857748818897639
20
-4.5199985826771654
11
4.7903408661417322
21
-4.5190903937007869
0
LINE
8
BLACK
6
CONTINUOUS
10
4.7903408661417322
20
-4.5190903937007869
11
4.7903409842519684
21
-4.5190903149606294
0
LINE
8
BLACK
6
CONTINUOUS
10
4.7903409842519684
20
-4.5190903149606294
11
4.7903411811023622
21
-4.5190903149606294
0
LINE
8
BLACK
6
CONTINUOUS
10
4.7903411811023622
20
-4.5190903149606294
11
4.7967931889763777
21
-4.5164178346456696
0
LINE
8
BLACK
6
CONTINUOUS
10
4.7967931889763777
20
-4.5164178346456696
11
4.8013074409448819
21
-4.5134014566929137
0
LINE
8
BLACK
6
CONTINUOUS
10
4.8013074409448819
20
-4.5134014566929137
11
4.8039325196850395
21
-4.5125795275590548
0
LINE
8
BLACK
6
CONTINUOUS
10
4.8039325196850395
20
-4.5125795275590548
11
4.8040196850393704
21
-4.5125787401574806
0
LINE
8
BLACK
6
CONTINUOUS
10
4.8040196850393704
20
-4.5125787401574806
11
4.9001966535433068
21
-4.5125787401574806
0
LINE
8
BLACK
6
CONTINUOUS
10
4.9001966535433068
20
-4.5125787401574806
11
4.9037810629921257
21
-4.5118657086614169
0
LINE
8
BLACK
6
CONTINUOUS
10
4.9037810629921257
20
-4.5118657086614169
11
4.9055246850393699
21
-4.5115188976377949
0
LINE
8
BLACK
6
CONTINUOUS
10
4.9055246850393699
20
-4.5115188976377949
11
4.906671141732283
21
-4.5110439763779526
0
LINE
8
BLACK
6
CONTINUOUS
10
4.906671141732283
20
-4.5110439763779526
11
4.9094061417322834
21
-4.5107499212598423
0
LINE
8
BLACK
6
CONTINUOUS
10
4.9094061417322834
20
-4.5107499212598423
11
4.9118659842519685
21
-4.511981181102362
0
LINE
8
BLACK
6
CONTINUOUS
10
4.9118659842519685
20
-4.511981181102362
11
4.913269645669291
21
-4.5143468897637797
0
LINE
8
BLACK
6
CONTINUOUS
10
4.913269645669291
20
-4.5143468897637797
11
4.9131714960629917
21
-4.5170959055118107
0
LINE
8
BLACK
6
CONTINUOUS
10
4.9131714960629917
20
-4.5170959055118107
11
4.9119914173228345
21
-4.51900625984252
0
LINE
8
BLACK
6
CONTINUOUS
10
4.9119914173228345
20
-4.51900625984252
11
4.8597580314960629
21
-4.5712396850393704
0
LINE
8
BLACK
6
CONTINUOUS
10
4.8597580314960629
20
-4.5712396850393704
11
4.8597578346456691
21
-4.571239921259842
0
LINE
8
BLACK
6
CONTINUOUS
10
4.8597578346456691
20
-4.571239921259842
11
4.8592242913385828
21
-4.5720384251968502
0
LINE
8
BLACK
6
CONTINUOUS
10
4.8592242913385828
20
-4.5720384251968502
11
4.8586172440944884
21
-4.5727780708661419
0
LINE
8
BLACK
6
CONTINUOUS
10
4.8586172440944884
20
-4.5727780708661419
11
4.8570275196850394
21
-4.5743677952755908
0
LINE
8
BLACK
6
CONTINUOUS
10
4.8570275196850394
20
-4.5743677952755908
11
4.8546132283464569
21
-4.5756861023622042
0
LINE
8
BLACK
6
CONTINUOUS
10
4.8546132283464569
20
-4.5756861023622042
11
4.8528118503937003
21
-4.5757375590551179
0
LINE
8
BLACK
6
CONTINUOUS
10
4.8528118503937003
20
-4.5757375590551179
11
4.8466510629921258
21
-4.5747618110236221
0
LINE
8
BLACK
6
CONTINUOUS
10
4.8466510629921258
20
-4.5747618110236221
11
4.8382820078740156
21
-4.5747618110236221
0
LINE
8
BLACK
6
CONTINUOUS
10
4.8382820078740156
20
-4.5747618110236221
11
4.8366123622047246
21
-4.5750262598425193
0
LINE
8
BLACK
6
CONTINUOUS
10
4.8366123622047246
20
-4.5750262598425193
11
4.8300161417322833
21
-4.5760709842519685
0
LINE
8
BLACK
6
CONTINUOUS
10
4.8300161417322833
20
-4.5760709842519685
11
4.8220564960629924
21
-4.5786572440944884
0
LINE
8
BLACK
6
CONTINUOUS
10
4.8220564960629924
20
-4.5786572440944884
11
4.8145995669291342
21
-4.5824567322834646
0
LINE
8
BLACK
6
CONTINUOUS
10
4.8145995669291342
20
-4.5824567322834646
11
4.8078292519685037
21
-4.587375590551181
0
LINE
8
BLACK
6
CONTINUOUS
10
4.8078292519685037
20
-4.587375590551181
11
4.801911023622047
21
-4.5932938188976378
0
LINE
8
BLACK
6
CONTINUOUS
10
4.801911023622047
20
-4.5932938188976378
11
4.7969920866141731
21
-4.6000642519685035
0
LINE
8
BLACK
6
CONTINUOUS
10
4.7969920866141731
20
-4.6000642519685035
11
4.7968162992125984
21
-4.6004092913385826
0
LINE
8
BLACK
6
CONTINUOUS
10
4.7968162992125984
20
-4.6004092913385826
11
4.7949275196850394
21
-4.6024091338582673
0
LINE
8
BLACK
6
CONTINUOUS
10
4.7949275196850394
20
-4.6024091338582673
11
4.792257401574803
21
-4.6030703149606298
0
LINE
8
BLACK
6
CONTINUOUS
10
4.792257401574803
20
-4.6030703149606298
11
4.7896536614173231
21
-4.602182992125984
0
LINE
8
BLACK
6
CONTINUOUS
10
4.7896536614173231
20
-4.602182992125984
11
4.7881167716535433
21
-4.6004092913385826
0
LINE
8
BLACK
6
CONTINUOUS
10
4.7881167716535433
20
-4.6004092913385826
11
4.7879409448818899
21
-4.6000642519685035
0
LINE
8
BLACK
6
CONTINUOUS
10
4.7879409448818899
20
-4.6000642519685035
11
4.783022007874016
21
-4.5932938188976378
0
LINE
8
BLACK
6
CONTINUOUS
10
4.783022007874016
20
-4.5932938188976378
11
4.7771037795275593
21
-4.587375590551181
0
LINE
8
BLACK
6
CONTINUOUS
10
4.7771037795275593
20
-4.587375590551181
11
4.7703334645669289
21
-4.5824567322834646
0
LINE
8
BLACK
6
CONTINUOUS
10
4.7703334645669289
20
-4.5824567322834646
11
4.7628765354330707
21
-4.5786572440944884
0
LINE
8
BLACK
6
CONTINUOUS
10
4.7628765354330707
20
-4.5786572440944884
11
4.7628764960629919
21
-4.5786572047244096
0
LINE
8
BLACK
6
CONTINUOUS
10
4.7628764960629919
20
-4.5786572047244096
11
4.7628764566929132
21
-4.5786572047244096
0
LINE
8
BLACK
6
CONTINUOUS
10
4.7628764566929132
20
-4.5786572047244096
11
4.7549170472440947
21
-4.5760710236220472
0
LINE
8
BLACK
6
CONTINUOUS
10
4.7549170472440947
20
-4.5760710236220472
11
4.7549169685039372
21
-4.5760709842519685
0
LINE
8
BLACK
6
CONTINUOUS
10
4.7549169685039372
20
-4.5760709842519685
11
4.7549169291338584
21
-4.5760709842519685
0
LINE
8
BLACK
6
CONTINUOUS
10
4.7549169291338584
20
-4.5760709842519685
11
4.7483207086614172
21
-4.5750262598425193
0
LINE
8
BLACK
6
CONTINUOUS
10
4.7483207086614172
20
-4.5750262598425193
11
4.7466510629921261
21
-4.5747618110236221
0
LINE
8
BLACK
6
CONTINUOUS
10
4.7466510629921261
20
-4.5747618110236221
11
4.738282007874016
21
-4.5747618110236221
0
LINE
8
BLACK
6
CONTINUOUS
10
4.738282007874016
20
-4.5747618110236221
11
4.736612362204724
21
-4.5750262598425193
0
LINE
8
BLACK
6
CONTINUOUS
10
4.736612362204724
20
-4.5750262598425193
11
4.7300161417322837
21
-4.5760709842519685
0
LINE
8
BLACK
6
CONTINUOUS
10
4.7300161417322837
20
-4.5760709842519685
11
4.7220564960629918
21
-4.5786572440944884
0
LINE
8
BLACK
6
CONTINUOUS
10
4.7220564960629918
20
-4.5786572440944884
11
4.7145995669291336
21
-4.5824567322834646
0
LINE
8
BLACK
6
CONTINUOUS
10
4.7145995669291336
20
-4.5824567322834646
11
4.7078292519685041
21
-4.587375590551181
0
LINE
8
BLACK
6
CONTINUOUS
10
4.7078292519685041
20
-4.587375590551181
11
4.7019110236220474
21
-4.5932938188976378
0
LINE
8
BLACK
6
CONTINUOUS
10
4.7019110236220474
20
-4.5932938188976378
11
4.6969920472440947
21
-4.6000643307086611
0
LINE
8
BLACK
6
CONTINUOUS
10
4.6969920472440947
20
-4.6000643307086611
11
4.6969919685039372
21
-4.6000644488188973
0
LINE
8
BLACK
6
CONTINUOUS
10
4.6969919685039372
20
-4.6000644488188973
11
4.6968161811023625
21
-4.6004094488188976
0
LINE
8
BLACK
6
CONTINUOUS
10
4.6968161811023625
20
-4.6004094488188976
11
4.6949273622047247
21
-4.6024092125984248
0
LINE
8
BLACK
6
CONTINUOUS
10
4.6949273622047247
20
-4.6024092125984248
11
4.6922572047244095
21
-4.6030703543307085
0
LINE
8
BLACK
6
CONTINUOUS
10
4.6922572047244095
20
-4.6030703543307085
11
4.6896535039370075
21
-4.6021829527559053
0
LINE
8
BLACK
6
CONTINUOUS
10
4.6896535039370075
20
-4.6021829527559053
11
4.6881166535433074
21
-4.6004092125984251
0
LINE
8
BLACK
6
CONTINUOUS
10
4.6881166535433074
20
-4.6004092125984251
11
4.6879461023622042
21
-4.6000744881889766
0
LINE
8
BLACK
6
CONTINUOUS
10
4.6879461023622042
20
-4.6000744881889766
11
4.6879409448818894
21
-4.6000643307086611
0
LINE
8
BLACK
6
CONTINUOUS
10
4.6879409448818894
20
-4.6000643307086611
11
4.6879408661417319
21
-4.6000642125984248
0
LINE
8
BLACK
6
CONTINUOUS
10
4.6879408661417319
20
-4.6000642125984248
11
4.6879408267716531
21
-4.6000641338582673
0
LINE
8
BLACK
6
CONTINUOUS
10
4.6879408267716531
20
-4.6000641338582673
11
4.6830219685039367
21
-4.5932938188976378
0
LINE
8
BLACK
6
CONTINUOUS
10
4.6830219685039367
20
-4.5932938188976378
11
4.67710374015748
21
-4.587375590551181
0
LINE
8
BLACK
6
CONTINUOUS
10
4.67710374015748
20
-4.587375590551181
11
4.6703334251968505
21
-4.5824567322834646
0
LINE
8
BLACK
6
CONTINUOUS
10
4.6703334251968505
20
-4.5824567322834646
11
4.6628764960629923
21
-4.5786572440944884
0
LINE
8
BLACK
6
CONTINUOUS
10
4.6628764960629923
20
-4.5786572440944884
11
4.6628764566929135
21
-4.5786572047244096
0
LINE
8
BLACK
6
CONTINUOUS
10
4.6628764566929135
20
-4.5786572047244096
11
4.6628764173228348
21
-4.5786572047244096
0
LINE
8
BLACK
6
CONTINUOUS
10
4.6628764173228348
20
-4.5786572047244096
11
4.6549170078740154
21
-4.5760710236220472
0
LINE
8
BLACK
6
CONTINUOUS
10
4.6549170078740154
20
-4.5760710236220472
11
4.6549169291338579
21
-4.5760709842519685
0
LINE
8
BLACK
6
CONTINUOUS
10
4.6549169291338579
20
-4.5760709842519685
11
4.6549168897637792
21
-4.5760709842519685
0
LINE
8
BLACK
6
CONTINUOUS
10
4.6549168897637792
20
-4.5760709842519685
11
4.6483206692913388
21
-4.5750262598425193
0
LINE
8
BLACK
6
CONTINUOUS
10
4.6483206692913388
20
-4.5750262598425193
11
4.6466510236220468
21
-4.5747618110236221
0
LINE
8
BLACK
6
CONTINUOUS
10
4.6466510236220468
20
-4.5747618110236221
11
4.6382819685039367
21
-4.5747618110236221
0
LINE
8
BLACK
6
CONTINUOUS
10
4.6382819685039367
20
-4.5747618110236221
11
4.6366123228346456
21
-4.5750262598425193
0
LINE
8
BLACK
6
CONTINUOUS
10
4.6366123228346456
20
-4.5750262598425193
11
4.6300161023622044
21
-4.5760709842519685
0
LINE
8
BLACK
6
CONTINUOUS
10
4.6300161023622044
20
-4.5760709842519685
11
4.6220564566929134
21
-4.5786572440944884
0
LINE
8
BLACK
6
CONTINUOUS
10
4.6220564566929134
20
-4.5786572440944884
11
4.6145995275590552
21
-4.5824567322834646
0
LINE
8
BLACK
6
CONTINUOUS
10
4.6145995275590552
20
-4.5824567322834646
11
4.6078292125984248
21
-4.587375590551181
0
LINE
8
BLACK
6
CONTINUOUS
10
4.6078292125984248
20
-4.587375590551181
11
4.6019109842519681
21
-4.5932938188976378
0
LINE
8
BLACK
6
CONTINUOUS
10
4.6019109842519681
20
-4.5932938188976378
11
4.5969920078740154
21
-4.6000642913385823
0
LINE
8
BLACK
6
CONTINUOUS
10
4.5969920078740154
20
-4.6000642913385823
11
4.596816181102362
21
-4.6004094094488188
0
LINE
8
BLACK
6
CONTINUOUS
10
4.596816181102362
20
-4.6004094094488188
11
4.5949273622047242
21
-4.6024091338582673
0
LINE
8
BLACK
6
CONTINUOUS
10
4.5949273622047242
20
-4.6024091338582673
11
4.592257204724409
21
-4.603070275590551
0
LINE
8
BLACK
6
CONTINUOUS
10
4.592257204724409
20
-4.603070275590551
11
4.5896535039370079
21
-4.6021828740157478
0
LINE
8
BLACK
6
CONTINUOUS
10
4.5896535039370079
20
-4.6021828740157478
11
4.5881166535433069
21
-4.6004091338582676
0
LINE
8
BLACK
6
CONTINUOUS
10
4.5881166535433069
20
-4.6004091338582676
11
4.5879461417322833
21
-4.6000744881889766
0
LINE
8
BLACK
6
CONTINUOUS
10
4.5879461417322833
20
-4.6000744881889766
11
4.5879409842519685
21
-4.6000643307086611
0
LINE
8
BLACK
6
CONTINUOUS
10
4.5879409842519685
20
-4.6000643307086611
11
4.587940905511811
21
-4.6000642125984248
0
LINE
8
BLACK
6
CONTINUOUS
10
4.587940905511811
20
-4.6000642125984248
11
4.5879408661417322
21
-4.6000641338582673
0
LINE
8
BLACK
6
CONTINUOUS
10
4.5879408661417322
20
-4.6000641338582673
11
4.5830220078740158
21
-4.5932938188976378
0
LINE
8
BLACK
6
CONTINUOUS
10
4.5830220078740158
20
-4.5932938188976378
11
4.5771037795275591
21
-4.587375590551181
0
LINE
8
BLACK
6
CONTINUOUS
10
4.5771037795275591
20
-4.587375590551181
11
4.5703334645669287
21
-4.5824567322834646
0
LINE
8
BLACK
6
CONTINUOUS
10
4.5703334645669287
20
-4.5824567322834646
11
4.5628765354330705
21
-4.5786572440944884
0
LINE
8
BLACK
6
CONTINUOUS
10
4.5628765354330705
20
-4.5786572440944884
11
4.5628764960629917
21
-4.5786572047244096
0
LINE
8
BLACK
6
CONTINUOUS
10
4.5628764960629917
20
-4.5786572047244096
11
4.562876456692913
21
-4.5786572047244096
0
LINE
8
BLACK
6
CONTINUOUS
10
4.562876456692913
20
-4.5786572047244096
11
4.5577020472440948
21
-4.5769759055118113
0
LINE
8
BLACK
6
CONTINUOUS
10
4.5577020472440948
20
-4.5769759055118113
11
4.5554313779527558
21
-4.575423267716535
0
LINE
8
BLACK
6
CONTINUOUS
10
4.5554313779527558
20
-4.575423267716535
11
4.5543605905511813
21
-4.5728894881889763
0
LINE
8
BLACK
6
CONTINUOUS
10
4.5543605905511813
20
-4.5728894881889763
11
4.5548296850393699
21
-4.570178976377953
0
LINE
8
BLACK
6
CONTINUOUS
10
4.5548296850393699
20
-4.570178976377953
11
4.5564985039370081
21
-4.5682738188976373
0
LINE
8
BLACK
6
CONTINUOUS
10
4.5564985039370081
20
-4.5682738188976373
11
4.5568859055118107
21
-4.5680149606299212
0
LINE
8
BLACK
6
CONTINUOUS
10
4.5568859055118107
20
-4.5680149606299212
11
4.5575998031496061
21
-4.567537952755905
0
LINE
8
BLACK
6
CONTINUOUS
10
4.5575998031496061
20
-4.567537952755905
11
4.5625379527559051
21
-4.562599803149606
0
LINE
8
BLACK
6
CONTINUOUS
10
4.5625379527559051
20
-4.562599803149606
11
4.5664178346456694
21
-4.5567931889763775
0
LINE
8
BLACK
6
CONTINUOUS
10
4.5664178346456694
20
-4.5567931889763775
11
4.5664776377952752
21
-4.5566488582677165
0
LINE
8
BLACK
6
CONTINUOUS
10
4.5664776377952752
20
-4.5566488582677165
11
4.5668093700787402
21
-4.555847834645669
0
LINE
8
BLACK
6
CONTINUOUS
10
4.5668093700787402
20
-4.555847834645669
11
4.5690903149606301
21
-4.550341181102362
0
LINE
8
BLACK
6
CONTINUOUS
10
4.5690903149606301
20
-4.550341181102362
11
4.5691155905511813
21
-4.5502142125984255
0
LINE
8
BLACK
6
CONTINUOUS
10
4.5691155905511813
20
-4.5502142125984255
11
4.5704527165354332
21
-4.5434919291338582
0
LINE
8
BLACK
6
CONTINUOUS
10
4.5704527165354332
20
-4.5434919291338582
11
4.5704527559055119
21
-4.5434918503937007
0
LINE
8
BLACK
6
CONTINUOUS
10
4.5704527559055119
20
-4.5434918503937007
11
4.5704527559055119
21
-4.5365081102362206
0
LINE
8
BLACK
6
CONTINUOUS
10
4.5704527559055119
20
-4.5365081102362206
11
4.5704527165354332
21
-4.5365080314960631
0
LINE
8
BLACK
6
CONTINUOUS
10
4.5704527165354332
20
-4.5365080314960631
11
4.5690903937007876
21
-4.5296590944881885
0
LINE
8
BLACK
6
CONTINUOUS
10
4.5690903937007876
20
-4.5296590944881885
11
4.5690902755905514
21
-4.5296587401574806
0
LINE
8
BLACK
6
CONTINUOUS
10
4.5690902755905514
20
-4.5296587401574806
11
4.5664179527559057
21
-4.5232070472440942
0
LINE
8
BLACK
6
CONTINUOUS
10
4.5664179527559057
20
-4.5232070472440942
11
4.5664176771653544
21
-4.5232065354330704
0
LINE
8
BLACK
6
CONTINUOUS
10
4.5664176771653544
20
-4.5232065354330704
11
4.5625379527559051
21
-4.5174001968503932
0
LINE
8
BLACK
6
CONTINUOUS
10
4.5625379527559051
20
-4.5174001968503932
11
4.5625378346456689
21
-4.5174000393700791
0
LINE
8
BLACK
6
CONTINUOUS
10
4.5625378346456689
20
-4.5174000393700791
11
4.5575999212598424
21
-4.5124621259842517
0
LINE
8
BLACK
6
CONTINUOUS
10
4.5575999212598424
20
-4.5124621259842517
11
4.5575997637795274
21
-4.5124620078740154
0
LINE
8
BLACK
6
CONTINUOUS
10
4.5575997637795274
20
-4.5124620078740154
11
4.5517934251968502
21
-4.508582283464567
0
LINE
8
BLACK
6
CONTINUOUS
10
4.5517934251968502
20
-4.508582283464567
11
4.5517929133858264
21
-4.5085820078740158
0
LINE
8
BLACK
6
CONTINUOUS
10
4.5517929133858264
20
-4.5085820078740158
11
4.5453412204724408
21
-4.5059096850393701
0
LINE
8
BLACK
6
CONTINUOUS
10
4.5453412204724408
20
-4.5059096850393701
11
4.5453408661417321
21
-4.5059095669291338
0
LINE
8
BLACK
6
CONTINUOUS
10
4.5453408661417321
20
-4.5059095669291338
11
4.5384918897637796
21
-4.5045472440944883
0
LINE
8
BLACK
6
CONTINUOUS
10
4.5384918897637796
20
-4.5045472440944883
11
4.5384917716535433
21
-4.5045472440944883
0
LINE
8
BLACK
6
CONTINUOUS
10
4.5384917716535433
20
-4.5045472440944883
11
4.5315082283464569
21
-4.5045472440944883
0
LINE
8
BLACK
6
CONTINUOUS
10
4.5315082283464569
20
-4.5045472440944883
11
4.5315081102362207
21
-4.5045472440944883
0
LINE
8
BLACK
6
CONTINUOUS
10
4.5315081102362207
20
-4.5045472440944883
11
4.5246590944881886
21
-4.5059095669291338
0
LINE
8
BLACK
6
CONTINUOUS
10
4.5246590944881886
20
-4.5059095669291338
11
4.5246589370078736
21
-4.5059096456692913
0
LINE
8
BLACK
6
CONTINUOUS
10
4.5246589370078736
20
-4.5059096456692913
11
4.5246588582677161
21
-4.5059096456692913
0
LINE
8
BLACK
6
CONTINUOUS
10
4.5246588582677161
20
-4.5059096456692913
11
4.5246588188976373
21
-4.5059096850393701
0
LINE
8
BLACK
6
CONTINUOUS
10
4.5246588188976373
20
-4.5059096850393701
11
4.5240926377952757
21
-4.5061441732283463
0
LINE
8
BLACK
6
CONTINUOUS
10
4.5240926377952757
20
-4.5061441732283463
11
4.5222246062992122
21
-4.5065157480314957
0
LINE
8
BLACK
6
CONTINUOUS
10
4.5222246062992122
20
-4.5065157480314957
11
4.4167845669291337
21
-4.5065157480314957
0
LINE
8
BLACK
6
CONTINUOUS
10
4.4167845669291337
20
-4.5065157480314957
11
4.4103159448818898
21
-4.5078024409448814
0
LINE
8
BLACK
6
CONTINUOUS
10
4.4103159448818898
20
-4.5078024409448814
11
4.4103158267716536
21
-4.5078024803149601
0
LINE
8
BLACK
6
CONTINUOUS
10
4.4103158267716536
20
-4.5078024803149601
11
4.4103157874015748
21
-4.5078024803149601
0
LINE
8
BLACK
6
CONTINUOUS
10
4.4103157874015748
20
-4.5078024803149601
11
4.4103156692913386
21
-4.5078025196850389
0
LINE
8
BLACK
6
CONTINUOUS
10
4.4103156692913386
20
-4.5078025196850389
11
4.4093396456692915
21
-4.508206811023622
0
LINE
8
BLACK
6
CONTINUOUS
10
4.4093396456692915
20
-4.508206811023622
11
4.409339566929134
21
-4.5082068503937007
0
LINE
8
BLACK
6
CONTINUOUS
10
4.409339566929134
20
-4.5082068503937007
11
4.4093395275590552
21
-4.508206811023622
0
LINE
8
BLACK
6
CONTINUOUS
10
4.4093395275590552
20
-4.508206811023622
11
4.4042217716535434
21
-4.5103266535433066
0
LINE
8
BLACK
6
CONTINUOUS
10
4.4042217716535434
20
-4.5103266535433066
11
4.3987377165354333
21
-4.5139910236220473
0
LINE
8
BLACK
6
CONTINUOUS
10
4.3987377165354333
20
-4.5139910236220473
11
4.3987375590551183
21
-4.5139911417322836
0
LINE
8
BLACK
6
CONTINUOUS
10
4.3987375590551183
20
-4.5139911417322836
11
4.3539911417322834
21
-4.5587375590551176
0
LINE
8
BLACK
6
CONTINUOUS
10
4.3539911417322834
20
-4.5587375590551176
11
4.3539910236220472
21
-4.5587377165354326
0
LINE
8
BLACK
6
CONTINUOUS
10
4.3539910236220472
20
-4.5587377165354326
11
4.3503266535433074
21
-4.5642217716535436
0
LINE
8
BLACK
6
CONTINUOUS
10
4.3503266535433074
20
-4.5642217716535436
11
4.3503266141732286
21
-4.5642218897637798
0
LINE
8
BLACK
6
CONTINUOUS
10
4.3503266141732286
20
-4.5642218897637798
11
4.3487555118110235
21
-4.5680149212598424
0
LINE
8
BLACK
6
CONTINUOUS
10
4.3487555118110235
20
-4.5680149212598424
11
4.3487555118110235
21
-4.5680149606299212
0
LINE
8
BLACK
6
CONTINUOUS
10
4.3487555118110235
20
-4.5680149606299212
11
4.3478025196850396
21
-4.5703156299212599
0
LINE
8
BLACK
6
CONTINUOUS
10
4.3478025196850396
20
-4.5703156299212599
11
4.3478024409448821
21
-4.57031594488189
0
LINE
8
BLACK
6
CONTINUOUS
10
4.3478024409448821
20
-4.57031594488189
11
4.3465157480314955
21
-4.5767845669291338
0
LINE
8
BLACK
6
CONTINUOUS
10
4.3465157480314955
20
-4.5767845669291338
11
4.3465157480314955
21
-4.6790775984251969
0
LINE
8
BLACK
6
CONTINUOUS
10
6.7719796456692913
20
-4.6437061811023623
11
6.7683349999999995
21
-4.6491607874015743
0
LINE
8
BLACK
6
CONTINUOUS
10
6.7683349999999995
20
-4.6491607874015743
11
6.7636962204724407
21
-4.6537995669291341
0
LINE
8
BLACK
6
CONTINUOUS
10
6.7636962204724407
20
-4.6537995669291341
11
6.7582416141732278
21
-4.657444212598425
0
LINE
8
BLACK
6
CONTINUOUS
10
6.7582416141732278
20
-4.657444212598425
11
6.7523090551181104
21
-4.6599015354330708
0
LINE
8
BLACK
6
CONTINUOUS
10
6.7523090551181104
20
-4.6599015354330708
11
6.7523090551181104
21
-4.6801842913385823
0
LINE
8
BLACK
6
CONTINUOUS
10
6.7523090551181104
20
-4.6801842913385823
11
6.7549124409448815
21
-4.6797719291338584
0
LINE
8
BLACK
6
CONTINUOUS
10
6.7549124409448815
20
-4.6797719291338584
11
6.7549125590551178
21
-4.6797719291338584
0
LINE
8
BLACK
6
CONTINUOUS
10
6.7549125590551178
20
-4.6797719291338584
11
6.762868779527559
21
-4.6771868110236223
0
LINE
8
BLACK
6
CONTINUOUS
10
6.762868779527559
20
-4.6771868110236223
11
6.7703231102362205
21
-4.6733885826771653
0
LINE
8
BLACK
6
CONTINUOUS
10
6.7703231102362205
20
-4.6733885826771653
11
6.7770909055118107
21
-4.6684715354330706
0
LINE
8
BLACK
6
CONTINUOUS
10
6.7770909055118107
20
-4.6684715354330706
11
6.7770911023622045
21
-4.6684713779527556
0
LINE
8
BLACK
6
CONTINUOUS
10
6.7770911023622045
20
-4.6684713779527556
11
6.7830068110236219
21
-4.6625556692913381
0
LINE
8
BLACK
6
CONTINUOUS
10
6.7830068110236219
20
-4.6625556692913381
11
6.7830069685039369
21
-4.6625554724409444
0
LINE
8
BLACK
6
CONTINUOUS
10
6.7830069685039369
20
-4.6625554724409444
11
6.7879240157480316
21
-4.6557876771653541
0
LINE
8
BLACK
6
CONTINUOUS
10
6.7879240157480316
20
-4.6557876771653541
11
6.7917222440944878
21
-4.6483333464566927
0
LINE
8
BLACK
6
CONTINUOUS
10
6.7917222440944878
20
-4.6483333464566927
11
6.7943073622047239
21
-4.6403771259842514
0
LINE
8
BLACK
6
CONTINUOUS
10
6.7943073622047239
20
-4.6403771259842514
11
6.7943073622047239
21
-4.6403770078740161
0
LINE
8
BLACK
6
CONTINUOUS
10
6.7943073622047239
20
-4.6403770078740161
11
6.7947197244094486
21
-4.6377736220472441
0
LINE
8
BLACK
6
CONTINUOUS
10
6.7947197244094486
20
-4.6377736220472441
11
6.7744369685039372
21
-4.6377736220472441
0
LINE
8
BLACK
6
CONTINUOUS
10
6.7744369685039372
20
-4.6377736220472441
11
6.7719796456692913
21
-4.6437061811023623
0
LINE
8
BLACK
6
CONTINUOUS
10
6.7523090551181104
20
-4.5959606299212599
11
6.7582416141732278
21
-4.5984179921259845
0
LINE
8
BLACK
6
CONTINUOUS
10
6.7582416141732278
20
-4.5984179921259845
11
6.7636962204724407
21
-4.6020626377952754
0
LINE
8
BLACK
6
CONTINUOUS
10
6.7636962204724407
20
-4.6020626377952754
11
6.7683349999999995
21
-4.6067014173228342
0
LINE
8
BLACK
6
CONTINUOUS
10
6.7683349999999995
20
-4.6067014173228342
11
6.7719796456692913
21
-4.6121560236220471
0
LINE
8
BLACK
6
CONTINUOUS
10
6.7719796456692913
20
-4.6121560236220471
11
6.7744369685039372
21
-4.6180885826771654
0
LINE
8
BLACK
6
CONTINUOUS
10
6.7744369685039372
20
-4.6180885826771654
11
6.7947197244094486
21
-4.6180885826771654
0
LINE
8
BLACK
6
CONTINUOUS
10
6.7947197244094486
20
-4.6180885826771654
11
6.7943073622047239
21
-4.6154851574803146
0
LINE
8
BLACK
6
CONTINUOUS
10
6.7943073622047239
20
-4.6154851574803146
11
6.7943073622047239
21
-4.6154850393700784
0
LINE
8
BLACK
6
CONTINUOUS
10
6.7943073622047239
20
-4.6154850393700784
11
6.7917222440944878
21
-4.607528818897638
0
LINE
8
BLACK
6
CONTINUOUS
10
6.7917222440944878
20
-4.607528818897638
11
6.7879240157480316
21
-4.6000744881889766
0
LINE
8
BLACK
6
CONTINUOUS
10
6.7879240157480316
20
-4.6000744881889766
11
6.7830069685039369
21
-4.5933066929133854
0
LINE
8
BLACK
6
CONTINUOUS
10
6.7830069685039369
20
-4.5933066929133854
11
6.7830068110236219
21
-4.5933064960629917
0
LINE
8
BLACK
6
CONTINUOUS
10
6.7830068110236219
20
-4.5933064960629917
11
6.7770911023622045
21
-4.5873907874015751
0
LINE
8
BLACK
6
CONTINUOUS
10
6.7770911023622045
20
-4.5873907874015751
11
6.7770909055118107
21
-4.5873906299212601
0
LINE
8
BLACK
6
CONTINUOUS
10
6.7770909055118107
20
-4.5873906299212601
11
6.7703231102362205
21
-4.5824735826771654
0
LINE
8
BLACK
6
CONTINUOUS
10
6.7703231102362205
20
-4.5824735826771654
11
6.7628687007874015
21
-4.5786753149606296
0
LINE
8
BLACK
6
CONTINUOUS
10
6.7628687007874015
20
-4.5786753149606296
11
6.754912362204724
21
-4.5760901968503935
0
LINE
8
BLACK
6
CONTINUOUS
10
6.754912362204724
20
-4.5760901968503935
11
6.7523090551181104
21
-4.5756778740157475
0
LINE
8
BLACK
6
CONTINUOUS
10
6.7523090551181104
20
-4.5756778740157475
11
6.7523090551181104
21
-4.5959606299212599
0
LINE
8
BLACK
6
CONTINUOUS
10
6.3671259842519685
20
-4.3401574803149607
11
6.3663767716535435
21
-4.3439240551181104
0
LINE
8
BLACK
6
CONTINUOUS
10
6.3663767716535435
20
-4.3439240551181104
11
6.3642431889763778
21
-4.3471172047244098
0
LINE
8
BLACK
6
CONTINUOUS
10
6.3642431889763778
20
-4.3471172047244098
11
6.3610500393700784
21
-4.3492507874015747
0
LINE
8
BLACK
6
CONTINUOUS
10
6.3610500393700784
20
-4.3492507874015747
11
6.3572834645669287
21
-4.3499999999999996
0
LINE
8
BLACK
6
CONTINUOUS
10
6.3572834645669287
20
-4.3499999999999996
11
6.3572834645669287
21
-4.3696849999999996
0
LINE
8
BLACK
6
CONTINUOUS
10
6.3572834645669287
20
-4.3696849999999996
11
6.359250866141732
21
-4.3696849999999996
0
LINE
8
BLACK
6
CONTINUOUS
10
6.359250866141732
20
-4.3696849999999996
11
6.3592514173228345
21
-4.3696849606299208
0
LINE
8
BLACK
6
CONTINUOUS
10
6.3592514173228345
20
-4.3696849606299208
11
6.3632951574803149
21
-4.3692718503937007
0
LINE
8
BLACK
6
CONTINUOUS
10
6.3632951574803149
20
-4.3692718503937007
11
6.369847204724409
21
-4.3671007086614173
0
LINE
8
BLACK
6
CONTINUOUS
10
6.369847204724409
20
-4.3671007086614173
11
6.3698474015748028
21
-4.3671006299212598
0
LINE
8
BLACK
6
CONTINUOUS
10
6.3698474015748028
20
-4.3671006299212598
11
6.3757222440944883
21
-4.363476968503937
0
LINE
8
BLACK
6
CONTINUOUS
10
6.3757222440944883
20
-4.363476968503937
11
6.3806029527559049
21
-4.3585962598425194
0
LINE
8
BLACK
6
CONTINUOUS
10
6.3806029527559049
20
-4.3585962598425194
11
6.3842266141732278
21
-4.3527214173228348
0
LINE
8
BLACK
6
CONTINUOUS
10
6.3842266141732278
20
-4.3527214173228348
11
6.3842266929133853
21
-4.352721220472441
0
LINE
8
BLACK
6
CONTINUOUS
10
6.3842266929133853
20
-4.352721220472441
11
6.3863978346456696
21
-4.3461691732283461
0
LINE
8
BLACK
6
CONTINUOUS
10
6.3863978346456696
20
-4.3461691732283461
11
6.3863978740157483
21
-4.3461688976377948
0
LINE
8
BLACK
6
CONTINUOUS
10
6.3863978740157483
20
-4.3461688976377948
11
6.3868109842519685
21
-4.3421254330708656
0
LINE
8
BLACK
6
CONTINUOUS
10
6.3868109842519685
20
-4.3421254330708656
11
6.3868110236220472
21
-4.3421249212598427
0
LINE
8
BLACK
6
CONTINUOUS
10
6.3868110236220472
20
-4.3421249212598427
11
6.3868110236220472
21
-4.3066929133858265
0
LINE
8
BLACK
6
CONTINUOUS
10
6.3868110236220472
20
-4.3066929133858265
11
6.3671259842519685
21
-4.3066929133858265
0
LINE
8
BLACK
6
CONTINUOUS
10
6.3671259842519685
20
-4.3066929133858265
11
6.3671259842519685
21
-4.3401574803149607
0
LINE
8
BLACK
6
CONTINUOUS
10
6.3084840157480313
20
-4.3461691732283461
11
6.3106551574803147
21
-4.352721220472441
0
LINE
8
BLACK
6
CONTINUOUS
10
6.3106551574803147
20
-4.352721220472441
11
6.3106552362204722
21
-4.3527214173228348
0
LINE
8
BLACK
6
CONTINUOUS
10
6.3106552362204722
20
-4.3527214173228348
11
6.314278897637795
21
-4.3585962598425194
0
LINE
8
BLACK
6
CONTINUOUS
10
6.314278897637795
20
-4.3585962598425194
11
6.3191596062992126
21
-4.363476968503937
0
LINE
8
BLACK
6
CONTINUOUS
10
6.3191596062992126
20
-4.363476968503937
11
6.3250344488188972
21
-4.3671006299212598
0
LINE
8
BLACK
6
CONTINUOUS
10
6.3250344488188972
20
-4.3671006299212598
11
6.325034645669291
21
-4.3671007086614173
0
LINE
8
BLACK
6
CONTINUOUS
10
6.325034645669291
20
-4.3671007086614173
11
6.3315866929133859
21
-4.3692718503937007
0
LINE
8
BLACK
6
CONTINUOUS
10
6.3315866929133859
20
-4.3692718503937007
11
6.3315869685039372
21
-4.3692718897637794
0
LINE
8
BLACK
6
CONTINUOUS
10
6.3315869685039372
20
-4.3692718897637794
11
6.335630669291338
21
-4.3696849999999996
0
LINE
8
BLACK
6
CONTINUOUS
10
6.335630669291338
20
-4.3696849999999996
11
6.3375983858267713
21
-4.3696849606299208
0
LINE
8
BLACK
6
CONTINUOUS
10
6.3375983858267713
20
-4.3696849606299208
11
6.33759842519685
21
-4.3696849606299208
0
LINE
8
BLACK
6
CONTINUOUS
10
6.33759842519685
20
-4.3696849606299208
11
6.33759842519685
21
-4.3499999999999996
0
LINE
8
BLACK
6
CONTINUOUS
10
6.33759842519685
20
-4.3499999999999996
11
6.3338318503937003
21
-4.3492507874015747
0
LINE
8
BLACK
6
CONTINUOUS
10
6.3338318503937003
20
-4.3492507874015747
11
6.3306387007874019
21
-4.3471172047244098
0
LINE
8
BLACK
6
CONTINUOUS
10
6.3306387007874019
20
-4.3471172047244098
11
6.3285051181102361
21
-4.3439240551181104
0
LINE
8
BLACK
6
CONTINUOUS
10
6.3285051181102361
20
-4.3439240551181104
11
6.3277559055118111
21
-4.3401574803149607
0
LINE
8
BLACK
6
CONTINUOUS
10
6.3277559055118111
20
-4.3401574803149607
11
6.3277559055118111
21
-4.3066929133858265
0
LINE
8
BLACK
6
CONTINUOUS
10
6.3277559055118111
20
-4.3066929133858265
11
6.3080709055118112
21
-4.3066929133858265
0
LINE
8
BLACK
6
CONTINUOUS
10
6.3080709055118112
20
-4.3066929133858265
11
6.3080709055118112
21
-4.3421254330708656
0
LINE
8
BLACK
6
CONTINUOUS
10
6.3080709055118112
20
-4.3421254330708656
11
6.3084840157480313
21
-4.3461691732283461
0
CIRCLE
8
BLACK
10
4.4424665354330708
20
-4.6279311023622043
40
0.0068897637795276
0
CIRCLE
8
BLACK
10
4.5424665354330704
20
-4.6279311023622043
40
0.0068897637795276
0
CIRCLE
8
BLACK
10
4.6424664960629922
20
-4.6279311023622043
40
0.0068897637795276
0
CIRCLE
8
BLACK
10
4.7424665354330706
20
-4.6279311023622043
40
0.0068897637795276
0
CIRCLE
8
BLACK
10
4.8424665354330712
20
-4.6279311023622043
40
0.0068897637795276
0
CIRCLE
8
BLACK
10
4.9424665354330708
20
-4.6279311023622043
40
0.0068897637795276
0
CIRCLE
8
BLACK
10
5.0424665354330704
20
-4.6279311023622043
40
0.0068897637795276
0
CIRCLE
8
BLACK
10
5.1424665748031497
20
-4.6279311023622043
40
0.0068897637795276
0
CIRCLE
8
BLACK
10
5.8424665354330712
20
-4.6279311023622043
40
0.0068897637795276
0
CIRCLE
8
BLACK
10
5.942466496062992
20
-4.6279311023622043
40
0.0068897637795276
0
CIRCLE
8
BLACK
10
6.0424665748031492
20
-4.6279311023622043
40
0.0068897637795276
0
CIRCLE
8
BLACK
10
6.142466535433071
20
-4.6279311023622043
40
0.0068897637795276
0
CIRCLE
8
BLACK
10
6.2424665354330706
20
-4.6279311023622043
40
0.0068897637795276
0
CIRCLE
8
BLACK
10
6.3424665354330712
20
-4.6279311023622043
40
0.0068897637795276
0
CIRCLE
8
BLACK
10
6.442466496062992
20
-4.6279311023622043
40
0.0068897637795276
0
CIRCLE
8
BLACK
10
6.5424665354330704
20
-4.6279311023622043
40
0.0068897637795276
0
CIRCLE
8
BLACK
10
6.642466535433071
20
-4.6279311023622043
40
0.0068897637795276
0
CIRCLE
8
BLACK
10
6.7424665354330706
20
-4.6279311023622043
40
0.0068897637795276
0
CIRCLE
8
BLACK
10
5.5800000000000001
20
-4.6626377952755904
40
0.0068897637795276
0
CIRCLE
8
BLACK
10
5.4799999999999995
20
-4.6626377952755904
40
0.0068897637795276
0
CIRCLE
8
BLACK
10
5.3800000393700786
20
-4.6626377952755904
40
0.0068897637795276
0
CIRCLE
8
BLACK
10
6.5649999999999995
20
-4.4249999999999998
40
0.0078740157480315
0
CIRCLE
8
BLACK
10
5.6499999999999995
20
-4.3300000000000001
40
0.0078740157480315
0
CIRCLE
8
BLACK
10
4.4349999999999996
20
-4.4850000000000003
40
0.0078740157480315
0
CIRCLE
8
BLACK
10
5.181236141732283
20
-4.5517005118110232
40
0.0078740157480315
0
CIRCLE
8
BLACK
10
5.9699999999999998
20
-4.4848818897637797
40
0.0078740157480315
0
CIRCLE
8
BLACK
10
6.1449999999999996
20
-4.3600000000000003
40
0.0078740157480315
0
CIRCLE
8
BLACK
10
4.585
20
-4.3499999999999996
40
0.0078740157480315
0
CIRCLE
8
BLACK
10
5.8599999999999994
20
-4.54
40
0.0078740157480315
0
CIRCLE
8
BLACK
10
6.0863489763779528
20
-4.5284001968503933
40
0.0078740157480315
0
CIRCLE
8
BLACK
10
4.5350000000000001
20
-4.54
40
0.0078740157480315
0
CIRCLE
8
BLACK
10
5.7851774803149603
20
-4.5564960629921263
40
0.0078740157480315
0
CIRCLE
8
BLACK
10
5.8166735433070862
20
-4.5249999999999995
40
0.0078740157480315
0
CIRCLE
8
BLACK
10
5.437111220472441
20
-4.5085039370078741
40
0.0078740157480315
0
CIRCLE
8
BLACK
10
5.2599999999999998
20
-4.375
40
0.0078740157480315
0
CIRCLE
8
BLACK
10
4.7800000000000002
20
-4.4850000000000003
40
0.0078740157480315
0
CIRCLE
8
BLACK
10
6.2450000000000001
20
-4.3600000000000003
40
0.0078740157480315
0
CIRCLE
8
BLACK
10
5.7450000000000001
20
-4.54
40
0.0078740157480315
0
CIRCLE
8
BLACK
10
5.335
20
-4.5199999999999996
40
0.0078740157480315
0
CIRCLE
8
BLACK
10
5.9699999999999998
20
-4.7649999999999997
40
0.0078740157480315
0
CIRCLE
8
BLACK
10
6.3420638976377948
20
-4.497478307086614
40
0.0078740157480315
0
CIRCLE
8
BLACK
10
6.2424665354330706
20
-4.5099999999999998
40
0.0078740157480315
0
CIRCLE
8
BLACK
10
4.9749999999999996
20
-4.4749999999999996
40
0.0078740157480315
0
CIRCLE
8
BLACK
10
5.7114960629921256
20
-4.6435039370078739
40
0.0078740157480315
0
CIRCLE
8
BLACK
10
5.2850000000000001
20
-4.6100000000000003
40
0.0078740157480315
0
CIRCLE
8
BLACK
10
5.2599999999999998
20
-4.5105677952755903
40
0.0078740157480315
0
CIRCLE
8
BLACK
10
5.1200000000000001
20
-4.4900000000000002
40
0.0078740157480315
0
CIRCLE
8
WHITE
10
6.5649999999999995
20
-4.4249999999999998
40
0.0068897637795276
0
CIRCLE
8
WHITE
10
5.6499999999999995
20
-4.3300000000000001
40
0.0068897637795276
0
CIRCLE
8
WHITE
10
4.4349999999999996
20
-4.4850000000000003
40
0.0068897637795276
0
CIRCLE
8
WHITE
10
5.181236141732283
20
-4.5517005118110232
40
0.0068897637795276
0
CIRCLE
8
WHITE
10
5.9699999999999998
20
-4.4848818897637797
40
0.0068897637795276
0
CIRCLE
8
WHITE
10
6.1449999999999996
20
-4.3600000000000003
40
0.0068897637795276
0
CIRCLE
8
WHITE
10
4.585
20
-4.3499999999999996
40
0.0068897637795276
0
CIRCLE
8
WHITE
10
5.8599999999999994
20
-4.54
40
0.0068897637795276
0
CIRCLE
8
WHITE
10
6.0863489763779528
20
-4.5284001968503933
40
0.0068897637795276
0
CIRCLE
8
WHITE
10
4.5350000000000001
20
-4.54
40
0.0068897637795276
0
CIRCLE
8
WHITE
10
5.7851774803149603
20
-4.5564960629921263
40
0.0068897637795276
0
CIRCLE
8
WHITE
10
5.8166735433070862
20
-4.5249999999999995
40
0.0068897637795276
0
CIRCLE
8
WHITE
10
5.437111220472441
20
-4.5085039370078741
40
0.0068897637795276
0
CIRCLE
8
WHITE
10
5.2599999999999998
20
-4.375
40
0.0068897637795276
0
CIRCLE
8
WHITE
10
4.7800000000000002
20
-4.4850000000000003
40
0.0068897637795276
0
CIRCLE
8
WHITE
10
6.2450000000000001
20
-4.3600000000000003
40
0.0068897637795276
0
CIRCLE
8
WHITE
10
5.7450000000000001
20
-4.54
40
0.0068897637795276
0
CIRCLE
8
WHITE
10
5.335
20
-4.5199999999999996
40
0.0068897637795276
0
CIRCLE
8
WHITE
10
5.9699999999999998
20
-4.7649999999999997
40
0.0068897637795276
0
CIRCLE
8
WHITE
10
6.3420638976377948
20
-4.497478307086614
40
0.0068897637795276
0
CIRCLE
8
WHITE
10
6.2424665354330706
20
-4.5099999999999998
40
0.0068897637795276
0
CIRCLE
8
WHITE
10
4.9749999999999996
20
-4.4749999999999996
40
0.0068897637795276
0
CIRCLE
8
WHITE
10
5.7114960629921256
20
-4.6435039370078739
40
0.0068897637795276
0
CIRCLE
8
WHITE
10
5.2850000000000001
20
-4.6100000000000003
40
0.0068897637795276
0
CIRCLE
8
WHITE
10
5.2599999999999998
20
-4.5105677952755903
40
0.0068897637795276
0
CIRCLE
8
WHITE
10
5.1200000000000001
20
-4.4900000000000002
40
0.0068897637795276
0
CIRCLE
8
WHITE
10
4.4424665354330708
20
-4.6279311023622043
40
0.0068897637795276
0
CIRCLE
8
WHITE
10
4.5424665354330704
20
-4.6279311023622043
40
0.0068897637795276
0
CIRCLE
8
WHITE
10
4.6424664960629922
20
-4.6279311023622043
40
0.0068897637795276
0
CIRCLE
8
WHITE
10
4.7424665354330706
20
-4.6279311023622043
40
0.0068897637795276
0
CIRCLE
8
WHITE
10
4.8424665354330712
20
-4.6279311023622043
40
0.0068897637795276
0
CIRCLE
8
WHITE
10
4.9424665354330708
20
-4.6279311023622043
40
0.0068897637795276
0
CIRCLE
8
WHITE
10
5.0424665354330704
20
-4.6279311023622043
40
0.0068897637795276
0
CIRCLE
8
WHITE
10
5.1424665748031497
20
-4.6279311023622043
40
0.0068897637795276
0
CIRCLE
8
WHITE
10
5.8424665354330712
20
-4.6279311023622043
40
0.0068897637795276
0
CIRCLE
8
WHITE
10
5.942466496062992
20
-4.6279311023622043
40
0.0068897637795276
0
CIRCLE
8
WHITE
10
6.0424665748031492
20
-4.6279311023622043
40
0.0068897637795276
0
CIRCLE
8
WHITE
10
6.142466535433071
20
-4.6279311023622043
40
0.0068897637795276
0
CIRCLE
8
WHITE
10
6.2424665354330706
20
-4.6279311023622043
40
0.0068897637795276
0
CIRCLE
8
WHITE
10
6.3424665354330712
20
-4.6279311023622043
40
0.0068897637795276
0
CIRCLE
8
WHITE
10
6.442466496062992
20
-4.6279311023622043
40
0.0068897637795276
0
CIRCLE
8
WHITE
10
6.5424665354330704
20
-4.6279311023622043
40
0.0068897637795276
0
CIRCLE
8
WHITE
10
6.642466535433071
20
-4.6279311023622043
40
0.0068897637795276
0
CIRCLE
8
WHITE
10
6.7424665354330706
20
-4.6279311023622043
40
0.0068897637795276
0
CIRCLE
8
WHITE
10
5.5800000000000001
20
-4.6626377952755904
40
0.0068897637795276
0
CIRCLE
8
WHITE
10
5.4799999999999995
20
-4.6626377952755904
40
0.0068897637795276
0
CIRCLE
8
WHITE
10
5.3800000393700786
20
-4.6626377952755904
40
0.0068897637795276
  0
ENDSEC
  0
EOF
