  0
SECTION
  2
HEADER
  9
$ANGBASE
  50
0.0
  9
$ANGDIR
  70
1
  9
$MEASUREMENT
  70
0
  0
ENDSEC
  0
SECTION
  2
TABLES
  0
TABLE
  2
LTYPE
  70
4
  0
LTYPE
  5
40F
  2
CONTINUOUS
  70
0
  3
Solid line
  72
65
  73
0
  40
0.0
  0
LTYPE
  5
410
  2
DASHDOT
 70
0
  3
Dash Dot ____ _ ____ _
 72
65
 73
4
 40
2.0
 49
1.25
 49
-0.25
 49
0.25
 49
-0.25
  0
LTYPE
  5
411
  2
DASHED
 70
0
  3
Dashed __ __ __ __ __
 72
65
 73
2
 40
0.75
 49
0.5
 49
-0.25
  0
LTYPE
  5
43B
  2
DOTTED
 70
0
  3
Dotted .  .  .  .
 72
65
 73
2
 40
0.2
 49
0.0
 49
-0.2
  0
ENDTAB
  0
TABLE
  2
STYLE
  70
4
  0
STYLE
  2
KICAD
  70
0
  40
0
  41
1
  42
1
  50
0
  71
0
  3
isocp.shx
  0
STYLE
  2
KICADB
  70
0
  40
0
  41
1
  42
1
  50
0
  71
0
  3
isocp.shx
  0
STYLE
  2
KICADI
  70
0
  40
0
  41
1
  42
1
  50
15
  71
0
  3
isocp.shx
  0
STYLE
  2
KICADBI
  70
0
  40
0
  41
1
  42
1
  50
15
  71
0
  3
isocp.shx
  0
ENDTAB
  0
TABLE
  2
LAYER
  70
1
  0
LAYER
  2
BLACK
  70
0
  62
7
  6
CONTINUOUS
  0
ENDTAB
  0
ENDSEC
  0
SECTION
  2
ENTITIES
0
LINE
8
BLACK
6
CONTINUOUS
10
4.6459974015748031
20
-4.3260810629921256
11
4.6468120472440946
21
-4.326895708661417
0
LINE
8
BLACK
6
CONTINUOUS
10
4.6468120472440946
20
-4.326895708661417
11
4.6472529527559052
21
-4.3279601181102363
0
LINE
8
BLACK
6
CONTINUOUS
10
4.6472529527559052
20
-4.3279601181102363
11
4.64730968503937
21
-4.3285361811023622
0
LINE
8
BLACK
6
CONTINUOUS
10
4.64730968503937
20
-4.3285361811023622
11
4.64730968503937
21
-4.3566576377952755
0
LINE
8
BLACK
6
CONTINUOUS
10
4.64730968503937
20
-4.3566576377952755
11
4.6472809448818895
21
-4.3569492125984253
0
LINE
8
BLACK
6
CONTINUOUS
10
4.6472809448818895
20
-4.3569492125984253
11
4.6472864960629918
21
-4.3570269685039369
0
LINE
8
BLACK
6
CONTINUOUS
10
4.6472864960629918
20
-4.3570269685039369
11
4.647263228346457
21
-4.3571292125984247
0
LINE
8
BLACK
6
CONTINUOUS
10
4.647263228346457
20
-4.3571292125984247
11
4.6472529527559052
21
-4.3572337007874014
0
LINE
8
BLACK
6
CONTINUOUS
10
4.6472529527559052
20
-4.3572337007874014
11
4.6472230708661417
21
-4.3573057480314956
0
LINE
8
BLACK
6
CONTINUOUS
10
4.6472230708661417
20
-4.3573057480314956
11
4.647158149606299
21
-4.3575914173228343
0
LINE
8
BLACK
6
CONTINUOUS
10
4.647158149606299
20
-4.3575914173228343
11
4.6452833858267715
21
-4.3632156692913382
0
LINE
8
BLACK
6
CONTINUOUS
10
4.6452833858267715
20
-4.3632156692913382
11
4.6450474015748027
21
-4.3637442519685035
0
LINE
8
BLACK
6
CONTINUOUS
10
4.6450474015748027
20
-4.3637442519685035
11
4.6449778740157477
21
-4.3638243700787402
0
LINE
8
BLACK
6
CONTINUOUS
10
4.6449778740157477
20
-4.3638243700787402
11
4.6449373228346458
21
-4.3639223622047245
0
LINE
8
BLACK
6
CONTINUOUS
10
4.6449373228346458
20
-4.3639223622047245
11
4.6445701181102361
21
-4.3643698031496063
0
LINE
8
BLACK
6
CONTINUOUS
10
4.6445701181102361
20
-4.3643698031496063
11
4.6408205511811023
21
-4.3681194094488189
0
LINE
8
BLACK
6
CONTINUOUS
10
4.6408205511811023
20
-4.3681194094488189
11
4.6403731102362205
21
-4.3684866141732286
0
LINE
8
BLACK
6
CONTINUOUS
10
4.6403731102362205
20
-4.3684866141732286
11
4.6402750393700787
21
-4.3685272047244093
0
LINE
8
BLACK
6
CONTINUOUS
10
4.6402750393700787
20
-4.3685272047244093
11
4.6401949212598428
21
-4.3685967322834642
0
LINE
8
BLACK
6
CONTINUOUS
10
4.6401949212598428
20
-4.3685967322834642
11
4.6396663779527554
21
-4.368832716535433
0
LINE
8
BLACK
6
CONTINUOUS
10
4.6396663779527554
20
-4.368832716535433
11
4.6340420866141727
21
-4.3707074803149606
0
LINE
8
BLACK
6
CONTINUOUS
10
4.6340420866141727
20
-4.3707074803149606
11
4.6337564960629924
21
-4.3707724015748033
0
LINE
8
BLACK
6
CONTINUOUS
10
4.6337564960629924
20
-4.3707724015748033
11
4.6336844094488185
21
-4.3708022834645668
0
LINE
8
BLACK
6
CONTINUOUS
10
4.6336844094488185
20
-4.3708022834645668
11
4.633579881889764
21
-4.3708125590551177
0
LINE
8
BLACK
6
CONTINUOUS
10
4.633579881889764
20
-4.3708125590551177
11
4.6334776377952753
21
-4.3708358267716534
0
LINE
8
BLACK
6
CONTINUOUS
10
4.6334776377952753
20
-4.3708358267716534
11
4.6333998818897637
21
-4.370830275590551
0
LINE
8
BLACK
6
CONTINUOUS
10
4.6333998818897637
20
-4.370830275590551
11
4.6331083464566927
21
-4.3708590157480316
0
LINE
8
BLACK
6
CONTINUOUS
10
4.6331083464566927
20
-4.3708590157480316
11
4.6293588188976376
21
-4.3708590157480316
0
LINE
8
BLACK
6
CONTINUOUS
10
4.6293588188976376
20
-4.3708590157480316
11
4.6287827559055117
21
-4.3708022834645668
0
LINE
8
BLACK
6
CONTINUOUS
10
4.6287827559055117
20
-4.3708022834645668
11
4.6277183464566924
21
-4.3703613779527561
0
LINE
8
BLACK
6
CONTINUOUS
10
4.6277183464566924
20
-4.3703613779527561
11
4.6269037007874019
21
-4.3695467322834647
0
LINE
8
BLACK
6
CONTINUOUS
10
4.6269037007874019
20
-4.3695467322834647
11
4.6264627952755903
21
-4.3684823228346454
0
LINE
8
BLACK
6
CONTINUOUS
10
4.6264627952755903
20
-4.3684823228346454
11
4.6264627952755903
21
-4.3673301968503937
0
LINE
8
BLACK
6
CONTINUOUS
10
4.6264627952755903
20
-4.3673301968503937
11
4.6269037007874019
21
-4.3662657874015744
0
LINE
8
BLACK
6
CONTINUOUS
10
4.6269037007874019
20
-4.3662657874015744
11
4.6277183464566924
21
-4.365451141732283
0
LINE
8
BLACK
6
CONTINUOUS
10
4.6277183464566924
20
-4.365451141732283
11
4.6287827559055117
21
-4.3650102362204724
0
LINE
8
BLACK
6
CONTINUOUS
10
4.6287827559055117
20
-4.3650102362204724
11
4.6293588188976376
21
-4.3649535039370075
0
LINE
8
BLACK
6
CONTINUOUS
10
4.6293588188976376
20
-4.3649535039370075
11
4.6326292125984248
21
-4.3649535039370075
0
LINE
8
BLACK
6
CONTINUOUS
10
4.6326292125984248
20
-4.3649535039370075
11
4.6371375984251966
21
-4.3634506692913382
0
LINE
8
BLACK
6
CONTINUOUS
10
4.6371375984251966
20
-4.3634506692913382
11
4.6399013385826775
21
-4.3606868897637794
0
LINE
8
BLACK
6
CONTINUOUS
10
4.6399013385826775
20
-4.3606868897637794
11
4.641404173228346
21
-4.3561785039370076
0
LINE
8
BLACK
6
CONTINUOUS
10
4.641404173228346
20
-4.3561785039370076
11
4.641404173228346
21
-4.3285361811023622
0
LINE
8
BLACK
6
CONTINUOUS
10
4.641404173228346
20
-4.3285361811023622
11
4.6414609055118108
21
-4.3279601181102363
0
LINE
8
BLACK
6
CONTINUOUS
10
4.6414609055118108
20
-4.3279601181102363
11
4.6419018110236223
21
-4.326895708661417
0
LINE
8
BLACK
6
CONTINUOUS
10
4.6419018110236223
20
-4.326895708661417
11
4.6427164566929129
21
-4.3260810629921256
0
LINE
8
BLACK
6
CONTINUOUS
10
4.6427164566929129
20
-4.3260810629921256
11
4.6437808661417321
21
-4.3256401574803149
0
LINE
8
BLACK
6
CONTINUOUS
10
4.6437808661417321
20
-4.3256401574803149
11
4.6449329921259839
21
-4.3256401574803149
0
LINE
8
BLACK
6
CONTINUOUS
10
4.6449329921259839
20
-4.3256401574803149
11
4.6459974015748031
21
-4.3260810629921256
0
LINE
8
BLACK
6
CONTINUOUS
10
4.6768040157480311
20
-4.3256401574803149
11
4.6769020078740153
21
-4.3256807480314956
0
LINE
8
BLACK
6
CONTINUOUS
10
4.6769020078740153
20
-4.3256807480314956
11
4.6770078346456696
21
-4.3256882677165356
0
LINE
8
BLACK
6
CONTINUOUS
10
4.6770078346456696
20
-4.3256882677165356
11
4.6775484645669287
21
-4.3258951574803151
0
LINE
8
BLACK
6
CONTINUOUS
10
4.6775484645669287
20
-4.3258951574803151
11
4.6812979921259839
21
-4.3277699212598426
0
LINE
8
BLACK
6
CONTINUOUS
10
4.6812979921259839
20
-4.3277699212598426
11
4.6815459842519687
21
-4.3279259842519684
0
LINE
8
BLACK
6
CONTINUOUS
10
4.6815459842519687
20
-4.3279259842519684
11
4.6816179527559054
21
-4.3279558267716531
0
LINE
8
BLACK
6
CONTINUOUS
10
4.6816179527559054
20
-4.3279558267716531
11
4.6816988976377951
21
-4.3280222834645672
0
LINE
8
BLACK
6
CONTINUOUS
10
4.6816988976377951
20
-4.3280222834645672
11
4.6817878740157477
21
-4.3280782677165357
0
LINE
8
BLACK
6
CONTINUOUS
10
4.6817878740157477
20
-4.3280782677165357
11
4.6818390157480314
21
-4.3281372440944885
0
LINE
8
BLACK
6
CONTINUOUS
10
4.6818390157480314
20
-4.3281372440944885
11
4.6820653937007872
21
-4.3283230314960628
0
LINE
8
BLACK
6
CONTINUOUS
10
4.6820653937007872
20
-4.3283230314960628
11
4.6839401574803148
21
-4.3301977952755903
0
LINE
8
BLACK
6
CONTINUOUS
10
4.6839401574803148
20
-4.3301977952755903
11
4.6841259055118112
21
-4.3304241338582674
0
LINE
8
BLACK
6
CONTINUOUS
10
4.6841259055118112
20
-4.3304241338582674
11
4.6841849212598428
21
-4.3304753149606299
0
LINE
8
BLACK
6
CONTINUOUS
10
4.6841849212598428
20
-4.3304753149606299
11
4.6842408661417325
21
-4.3305642519685037
0
LINE
8
BLACK
6
CONTINUOUS
10
4.6842408661417325
20
-4.3305642519685037
11
4.6843073622047244
21
-4.3306452362204721
0
LINE
8
BLACK
6
CONTINUOUS
10
4.6843073622047244
20
-4.3306452362204721
11
4.6843371653543304
21
-4.330717165354331
0
LINE
8
BLACK
6
CONTINUOUS
10
4.6843371653543304
20
-4.330717165354331
11
4.684493267716535
21
-4.3309651968503937
0
LINE
8
BLACK
6
CONTINUOUS
10
4.684493267716535
20
-4.3309651968503937
11
4.6863680314960625
21
-4.3347147244094488
0
LINE
8
BLACK
6
CONTINUOUS
10
4.6863680314960625
20
-4.3347147244094488
11
4.686574921259842
21
-4.3352553149606301
0
LINE
8
BLACK
6
CONTINUOUS
10
4.686574921259842
20
-4.3352553149606301
11
4.686582440944882
21
-4.3353611811023622
0
LINE
8
BLACK
6
CONTINUOUS
10
4.686582440944882
20
-4.3353611811023622
11
4.6866230314960626
21
-4.3354591732283465
0
LINE
8
BLACK
6
CONTINUOUS
10
4.6866230314960626
20
-4.3354591732283465
11
4.6866797637795274
21
-4.3360352362204724
0
LINE
8
BLACK
6
CONTINUOUS
10
4.6866797637795274
20
-4.3360352362204724
11
4.6866797637795274
21
-4.3397847637795275
0
LINE
8
BLACK
6
CONTINUOUS
10
4.6866797637795274
20
-4.3397847637795275
11
4.6866510236220469
21
-4.3400763385826773
0
LINE
8
BLACK
6
CONTINUOUS
10
4.6866510236220469
20
-4.3400763385826773
11
4.6866565748031492
21
-4.3401540944881889
0
LINE
8
BLACK
6
CONTINUOUS
10
4.6866565748031492
20
-4.3401540944881889
11
4.6866333070866144
21
-4.3402563385826767
0
LINE
8
BLACK
6
CONTINUOUS
10
4.6866333070866144
20
-4.3402563385826767
11
4.6866230314960626
21
-4.3403608267716534
0
LINE
8
BLACK
6
CONTINUOUS
10
4.6866230314960626
20
-4.3403608267716534
11
4.6865931496062991
21
-4.3404328740157476
0
LINE
8
BLACK
6
CONTINUOUS
10
4.6865931496062991
20
-4.3404328740157476
11
4.6865282283464564
21
-4.3407185433070863
0
LINE
8
BLACK
6
CONTINUOUS
10
4.6865282283464564
20
-4.3407185433070863
11
4.6846534645669289
21
-4.3463427952755902
0
LINE
8
BLACK
6
CONTINUOUS
10
4.6846534645669289
20
-4.3463427952755902
11
4.6844174803149601
21
-4.3468713779527555
0
LINE
8
BLACK
6
CONTINUOUS
10
4.6844174803149601
20
-4.3468713779527555
11
4.6843479921259839
21
-4.3469514566929135
0
LINE
8
BLACK
6
CONTINUOUS
10
4.6843479921259839
20
-4.3469514566929135
11
4.6843074015748032
21
-4.3470495275590553
0
LINE
8
BLACK
6
CONTINUOUS
10
4.6843074015748032
20
-4.3470495275590553
11
4.6839401574803148
21
-4.3474969685039371
0
LINE
8
BLACK
6
CONTINUOUS
10
4.6839401574803148
20
-4.3474969685039371
11
4.6664836614173231
21
-4.3649535039370075
0
LINE
8
BLACK
6
CONTINUOUS
10
4.6664836614173231
20
-4.3649535039370075
11
4.6837270078740154
21
-4.3649535039370075
0
LINE
8
BLACK
6
CONTINUOUS
10
4.6837270078740154
20
-4.3649535039370075
11
4.6843030708661413
21
-4.3650102362204724
0
LINE
8
BLACK
6
CONTINUOUS
10
4.6843030708661413
20
-4.3650102362204724
11
4.6853674803149605
21
-4.365451141732283
0
LINE
8
BLACK
6
CONTINUOUS
10
4.6853674803149605
20
-4.365451141732283
11
4.686182125984252
21
-4.3662657874015744
0
LINE
8
BLACK
6
CONTINUOUS
10
4.686182125984252
20
-4.3662657874015744
11
4.6866230314960626
21
-4.3673301968503937
0
LINE
8
BLACK
6
CONTINUOUS
10
4.6866230314960626
20
-4.3673301968503937
11
4.6866230314960626
21
-4.3684823228346454
0
LINE
8
BLACK
6
CONTINUOUS
10
4.6866230314960626
20
-4.3684823228346454
11
4.686182125984252
21
-4.3695467322834647
0
LINE
8
BLACK
6
CONTINUOUS
10
4.686182125984252
20
-4.3695467322834647
11
4.6853674803149605
21
-4.3703613779527561
0
LINE
8
BLACK
6
CONTINUOUS
10
4.6853674803149605
20
-4.3703613779527561
11
4.6843030708661413
21
-4.3708022834645668
0
LINE
8
BLACK
6
CONTINUOUS
10
4.6843030708661413
20
-4.3708022834645668
11
4.6837270078740154
21
-4.3708590157480316
0
LINE
8
BLACK
6
CONTINUOUS
10
4.6837270078740154
20
-4.3708590157480316
11
4.6593550787401572
21
-4.3708590157480316
0
LINE
8
BLACK
6
CONTINUOUS
10
4.6593550787401572
20
-4.3708590157480316
11
4.6587790157480313
21
-4.3708022834645668
0
LINE
8
BLACK
6
CONTINUOUS
10
4.6587790157480313
20
-4.3708022834645668
11
4.6577146062992121
21
-4.3703613779527561
0
LINE
8
BLACK
6
CONTINUOUS
10
4.6577146062992121
20
-4.3703613779527561
11
4.6568999606299215
21
-4.3695467322834647
0
LINE
8
BLACK
6
CONTINUOUS
10
4.6568999606299215
20
-4.3695467322834647
11
4.65645905511811
21
-4.3684823228346454
0
LINE
8
BLACK
6
CONTINUOUS
10
4.65645905511811
20
-4.3684823228346454
11
4.65645905511811
21
-4.3673301968503937
0
LINE
8
BLACK
6
CONTINUOUS
10
4.65645905511811
20
-4.3673301968503937
11
4.6568999606299215
21
-4.3662657874015744
0
LINE
8
BLACK
6
CONTINUOUS
10
4.6568999606299215
20
-4.3662657874015744
11
4.6572671653543303
21
-4.3658183464566926
0
LINE
8
BLACK
6
CONTINUOUS
10
4.6572671653543303
20
-4.3658183464566926
11
4.6792714173228349
21
-4.3438140157480314
0
LINE
8
BLACK
6
CONTINUOUS
10
4.6792714173228349
20
-4.3438140157480314
11
4.6807742519685043
21
-4.3393056299212596
0
LINE
8
BLACK
6
CONTINUOUS
10
4.6807742519685043
20
-4.3393056299212596
11
4.6807742519685043
21
-4.336732283464567
0
LINE
8
BLACK
6
CONTINUOUS
10
4.6807742519685043
20
-4.336732283464567
11
4.679425511811024
21
-4.3340348031496063
0
LINE
8
BLACK
6
CONTINUOUS
10
4.679425511811024
20
-4.3340348031496063
11
4.6782283858267713
21
-4.3328376771653545
0
LINE
8
BLACK
6
CONTINUOUS
10
4.6782283858267713
20
-4.3328376771653545
11
4.6755309055118106
21
-4.3314889370078742
0
LINE
8
BLACK
6
CONTINUOUS
10
4.6755309055118106
20
-4.3314889370078742
11
4.667551181102362
21
-4.3314889370078742
0
LINE
8
BLACK
6
CONTINUOUS
10
4.667551181102362
20
-4.3314889370078742
11
4.6648537007874014
21
-4.3328376771653545
0
LINE
8
BLACK
6
CONTINUOUS
10
4.6648537007874014
20
-4.3328376771653545
11
4.6633177559055117
21
-4.3343736220472442
0
LINE
8
BLACK
6
CONTINUOUS
10
4.6633177559055117
20
-4.3343736220472442
11
4.6628703149606299
21
-4.3347408267716538
0
LINE
8
BLACK
6
CONTINUOUS
10
4.6628703149606299
20
-4.3347408267716538
11
4.6618058661417319
21
-4.3351817322834645
0
LINE
8
BLACK
6
CONTINUOUS
10
4.6618058661417319
20
-4.3351817322834645
11
4.6606538188976376
21
-4.3351817322834645
0
LINE
8
BLACK
6
CONTINUOUS
10
4.6606538188976376
20
-4.3351817322834645
11
4.6595893700787396
21
-4.3347408267716538
0
LINE
8
BLACK
6
CONTINUOUS
10
4.6595893700787396
20
-4.3347408267716538
11
4.6587747244094491
21
-4.3339261811023624
0
LINE
8
BLACK
6
CONTINUOUS
10
4.6587747244094491
20
-4.3339261811023624
11
4.6583338188976375
21
-4.3328617322834644
0
LINE
8
BLACK
6
CONTINUOUS
10
4.6583338188976375
20
-4.3328617322834644
11
4.6583338188976375
21
-4.3317096850393702
0
LINE
8
BLACK
6
CONTINUOUS
10
4.6583338188976375
20
-4.3317096850393702
11
4.6587747244094491
21
-4.3306452362204721
0
LINE
8
BLACK
6
CONTINUOUS
10
4.6587747244094491
20
-4.3306452362204721
11
4.6591419291338578
21
-4.3301977952755903
0
LINE
8
BLACK
6
CONTINUOUS
10
4.6591419291338578
20
-4.3301977952755903
11
4.6610166929133854
21
-4.3283230314960628
0
LINE
8
BLACK
6
CONTINUOUS
10
4.6610166929133854
20
-4.3283230314960628
11
4.6612430314960625
21
-4.3281372440944885
0
LINE
8
BLACK
6
CONTINUOUS
10
4.6612430314960625
20
-4.3281372440944885
11
4.6612942125984249
21
-4.3280782677165357
0
LINE
8
BLACK
6
CONTINUOUS
10
4.6612942125984249
20
-4.3280782677165357
11
4.6613831496062987
21
-4.3280222834645672
0
LINE
8
BLACK
6
CONTINUOUS
10
4.6613831496062987
20
-4.3280222834645672
11
4.6614641338582672
21
-4.3279558267716531
0
LINE
8
BLACK
6
CONTINUOUS
10
4.6614641338582672
20
-4.3279558267716531
11
4.6615360629921261
21
-4.3279259842519684
0
LINE
8
BLACK
6
CONTINUOUS
10
4.6615360629921261
20
-4.3279259842519684
11
4.6617840944881888
21
-4.3277699212598426
0
LINE
8
BLACK
6
CONTINUOUS
10
4.6617840944881888
20
-4.3277699212598426
11
4.6655336220472439
21
-4.3258951574803151
0
LINE
8
BLACK
6
CONTINUOUS
10
4.6655336220472439
20
-4.3258951574803151
11
4.6660742125984251
21
-4.3256882677165356
0
LINE
8
BLACK
6
CONTINUOUS
10
4.6660742125984251
20
-4.3256882677165356
11
4.6661800787401573
21
-4.3256807086614169
0
LINE
8
BLACK
6
CONTINUOUS
10
4.6661800787401573
20
-4.3256807086614169
11
4.6662780708661415
21
-4.3256401574803149
0
LINE
8
BLACK
6
CONTINUOUS
10
4.6662780708661415
20
-4.3256401574803149
11
4.6668541338582674
21
-4.3255834251968501
0
LINE
8
BLACK
6
CONTINUOUS
10
4.6668541338582674
20
-4.3255834251968501
11
4.6762279527559052
21
-4.3255834251968501
0
LINE
8
BLACK
6
CONTINUOUS
10
4.6762279527559052
20
-4.3255834251968501
11
4.6768040157480311
21
-4.3256401574803149
0
LINE
8
BLACK
6
CONTINUOUS
10
4.9682729921259838
20
-4.2517246062992129
11
4.9693383464566931
21
-4.2527899606299213
0
LINE
8
BLACK
6
CONTINUOUS
10
4.9693383464566931
20
-4.2527899606299213
11
4.9694881889763778
21
-4.2535432677165357
0
LINE
8
BLACK
6
CONTINUOUS
10
4.9694881889763778
20
-4.2535432677165357
11
4.9694881889763778
21
-4.4129921259842515
0
LINE
8
BLACK
6
CONTINUOUS
10
4.9694881889763778
20
-4.4129921259842515
11
4.9693383464566931
21
-4.4137454330708659
0
LINE
8
BLACK
6
CONTINUOUS
10
4.9693383464566931
20
-4.4137454330708659
11
4.9682729921259838
21
-4.4148107874015743
0
LINE
8
BLACK
6
CONTINUOUS
10
4.9682729921259838
20
-4.4148107874015743
11
4.9675196850393704
21
-4.4149606299212598
0
LINE
8
BLACK
6
CONTINUOUS
10
4.9675196850393704
20
-4.4149606299212598
11
4.3474409448818898
21
-4.4149606299212598
0
LINE
8
BLACK
6
CONTINUOUS
10
4.3474409448818898
20
-4.4149606299212598
11
4.3466876377952754
21
-4.4148107874015743
0
LINE
8
BLACK
6
CONTINUOUS
10
4.3466876377952754
20
-4.4148107874015743
11
4.345622283464567
21
-4.4137454330708659
0
LINE
8
BLACK
6
CONTINUOUS
10
4.345622283464567
20
-4.4137454330708659
11
4.3454724409448815
21
-4.4129921259842515
0
LINE
8
BLACK
6
CONTINUOUS
10
4.3454724409448815
20
-4.4129921259842515
11
4.3454724409448815
21
-4.2535432677165357
0
LINE
8
BLACK
6
CONTINUOUS
10
4.3454724409448815
20
-4.2535432677165357
11
4.345622283464567
21
-4.2527899606299213
0
LINE
8
BLACK
6
CONTINUOUS
10
4.345622283464567
20
-4.2527899606299213
11
4.3466876377952754
21
-4.2517246062992129
0
LINE
8
BLACK
6
CONTINUOUS
10
4.3466876377952754
20
-4.2517246062992129
11
4.3474409448818898
21
-4.2515747637795274
0
LINE
8
BLACK
6
CONTINUOUS
10
4.3474409448818898
20
-4.2515747637795274
11
4.9675196850393704
21
-4.2515747637795274
0
LINE
8
BLACK
6
CONTINUOUS
10
4.9675196850393704
20
-4.2515747637795274
11
4.9682729921259838
21
-4.2517246062992129
0
LINE
8
BLACK
6
CONTINUOUS
10
4.3494094488188972
20
-4.2555117716535431
11
4.3494094488188972
21
-4.4110236220472441
0
LINE
8
BLACK
6
CONTINUOUS
10
4.3494094488188972
20
-4.4110236220472441
11
4.8582329921259841
21
-4.4110236220472441
0
LINE
8
BLACK
6
CONTINUOUS
10
4.8582329921259841
20
-4.4110236220472441
11
4.8773297244094485
21
-4.3840167322834649
0
LINE
8
BLACK
6
CONTINUOUS
10
4.8773297244094485
20
-4.3840167322834649
11
4.8778870078740155
21
-4.3834881889763775
0
LINE
8
BLACK
6
CONTINUOUS
10
4.8778870078740155
20
-4.3834881889763775
11
4.8782234251968504
21
-4.383430433070866
0
LINE
8
BLACK
6
CONTINUOUS
10
4.8782234251968504
20
-4.383430433070866
11
4.8785020866141728
21
-4.3832334251968499
0
LINE
8
BLACK
6
CONTINUOUS
10
4.8785020866141728
20
-4.3832334251968499
11
4.8789369291338582
21
-4.3833080314960631
0
LINE
8
BLACK
6
CONTINUOUS
10
4.8789369291338582
20
-4.3833080314960631
11
4.8793719685039365
21
-4.3832333858267711
0
LINE
8
BLACK
6
CONTINUOUS
10
4.8793719685039365
20
-4.3832333858267711
11
4.8796507086614174
21
-4.3834304724409447
0
LINE
8
BLACK
6
CONTINUOUS
10
4.8796507086614174
20
-4.3834304724409447
11
4.879987007874016
21
-4.3834881889763775
0
LINE
8
BLACK
6
CONTINUOUS
10
4.879987007874016
20
-4.3834881889763775
11
4.8805442913385821
21
-4.3840167322834649
0
LINE
8
BLACK
6
CONTINUOUS
10
4.8805442913385821
20
-4.3840167322834649
11
4.8996410236220473
21
-4.4110236220472441
0
LINE
8
BLACK
6
CONTINUOUS
10
4.8996410236220473
20
-4.4110236220472441
11
4.965551181102362
21
-4.4110236220472441
0
LINE
8
BLACK
6
CONTINUOUS
10
4.965551181102362
20
-4.4110236220472441
11
4.965551181102362
21
-4.2555117716535431
0
LINE
8
BLACK
6
CONTINUOUS
10
4.965551181102362
20
-4.2555117716535431
11
4.3494094488188972
21
-4.2555117716535431
0
LINE
8
BLACK
6
CONTINUOUS
10
4.8630548425196851
20
-4.4110236220472441
11
4.8948191732283464
21
-4.4110236220472441
0
LINE
8
BLACK
6
CONTINUOUS
10
4.8948191732283464
20
-4.4110236220472441
11
4.878936968503937
21
-4.3885627952755906
0
LINE
8
BLACK
6
CONTINUOUS
10
4.878936968503937
20
-4.3885627952755906
11
4.8630548425196851
21
-4.4110236220472441
0
LINE
8
BLACK
6
CONTINUOUS
10
5.2255446456692916
20
-4.3260810629921256
11
5.2263592913385821
21
-4.326895708661417
0
LINE
8
BLACK
6
CONTINUOUS
10
5.2263592913385821
20
-4.326895708661417
11
5.2268001968503937
21
-4.3279601181102363
0
LINE
8
BLACK
6
CONTINUOUS
10
5.2268001968503937
20
-4.3279601181102363
11
5.2268569291338585
21
-4.3285361811023622
0
LINE
8
BLACK
6
CONTINUOUS
10
5.2268569291338585
20
-4.3285361811023622
11
5.2268569291338585
21
-4.3566576377952755
0
LINE
8
BLACK
6
CONTINUOUS
10
5.2268569291338585
20
-4.3566576377952755
11
5.2268281889763779
21
-4.3569492125984253
0
LINE
8
BLACK
6
CONTINUOUS
10
5.2268281889763779
20
-4.3569492125984253
11
5.2268337401574803
21
-4.3570269685039369
0
LINE
8
BLACK
6
CONTINUOUS
10
5.2268337401574803
20
-4.3570269685039369
11
5.2268104724409445
21
-4.3571292125984247
0
LINE
8
BLACK
6
CONTINUOUS
10
5.2268104724409445
20
-4.3571292125984247
11
5.2268001968503937
21
-4.3572337007874014
0
LINE
8
BLACK
6
CONTINUOUS
10
5.2268001968503937
20
-4.3572337007874014
11
5.2267703149606302
21
-4.3573057480314956
0
LINE
8
BLACK
6
CONTINUOUS
10
5.2267703149606302
20
-4.3573057480314956
11
5.2267053937007875
21
-4.3575914173228343
0
LINE
8
BLACK
6
CONTINUOUS
10
5.2267053937007875
20
-4.3575914173228343
11
5.2248306299212599
21
-4.3632156692913382
0
LINE
8
BLACK
6
CONTINUOUS
10
5.2248306299212599
20
-4.3632156692913382
11
5.2245946456692911
21
-4.3637442519685035
0
LINE
8
BLACK
6
CONTINUOUS
10
5.2245946456692911
20
-4.3637442519685035
11
5.2245251181102361
21
-4.3638243700787402
0
LINE
8
BLACK
6
CONTINUOUS
10
5.2245251181102361
20
-4.3638243700787402
11
5.2244845669291333
21
-4.3639223622047245
0
LINE
8
BLACK
6
CONTINUOUS
10
5.2244845669291333
20
-4.3639223622047245
11
5.2241173622047246
21
-4.3643698031496063
0
LINE
8
BLACK
6
CONTINUOUS
10
5.2241173622047246
20
-4.3643698031496063
11
5.2203677952755907
21
-4.3681194094488189
0
LINE
8
BLACK
6
CONTINUOUS
10
5.2203677952755907
20
-4.3681194094488189
11
5.2199203543307089
21
-4.3684866141732286
0
LINE
8
BLACK
6
CONTINUOUS
10
5.2199203543307089
20
-4.3684866141732286
11
5.2198222834645671
21
-4.3685272047244093
0
LINE
8
BLACK
6
CONTINUOUS
10
5.2198222834645671
20
-4.3685272047244093
11
5.2197421653543303
21
-4.3685967322834642
0
LINE
8
BLACK
6
CONTINUOUS
10
5.2197421653543303
20
-4.3685967322834642
11
5.2192136220472438
21
-4.368832716535433
0
LINE
8
BLACK
6
CONTINUOUS
10
5.2192136220472438
20
-4.368832716535433
11
5.2135893307086612
21
-4.3707074803149606
0
LINE
8
BLACK
6
CONTINUOUS
10
5.2135893307086612
20
-4.3707074803149606
11
5.21330374015748
21
-4.3707724015748033
0
LINE
8
BLACK
6
CONTINUOUS
10
5.21330374015748
20
-4.3707724015748033
11
5.213231653543307
21
-4.3708022834645668
0
LINE
8
BLACK
6
CONTINUOUS
10
5.213231653543307
20
-4.3708022834645668
11
5.2131271259842515
21
-4.3708125590551177
0
LINE
8
BLACK
6
CONTINUOUS
10
5.2131271259842515
20
-4.3708125590551177
11
5.2130248818897638
21
-4.3708358267716534
0
LINE
8
BLACK
6
CONTINUOUS
10
5.2130248818897638
20
-4.3708358267716534
11
5.2129471259842521
21
-4.370830275590551
0
LINE
8
BLACK
6
CONTINUOUS
10
5.2129471259842521
20
-4.370830275590551
11
5.2126555905511811
21
-4.3708590157480316
0
LINE
8
BLACK
6
CONTINUOUS
10
5.2126555905511811
20
-4.3708590157480316
11
5.208906062992126
21
-4.3708590157480316
0
LINE
8
BLACK
6
CONTINUOUS
10
5.208906062992126
20
-4.3708590157480316
11
5.2083300000000001
21
-4.3708022834645668
0
LINE
8
BLACK
6
CONTINUOUS
10
5.2083300000000001
20
-4.3708022834645668
11
5.2072655905511809
21
-4.3703613779527561
0
LINE
8
BLACK
6
CONTINUOUS
10
5.2072655905511809
20
-4.3703613779527561
11
5.2064509448818894
21
-4.3695467322834647
0
LINE
8
BLACK
6
CONTINUOUS
10
5.2064509448818894
20
-4.3695467322834647
11
5.2060100393700788
21
-4.3684823228346454
0
LINE
8
BLACK
6
CONTINUOUS
10
5.2060100393700788
20
-4.3684823228346454
11
5.2060100393700788
21
-4.3673301968503937
0
LINE
8
BLACK
6
CONTINUOUS
10
5.2060100393700788
20
-4.3673301968503937
11
5.2064509448818894
21
-4.3662657874015744
0
LINE
8
BLACK
6
CONTINUOUS
10
5.2064509448818894
20
-4.3662657874015744
11
5.2072655905511809
21
-4.365451141732283
0
LINE
8
BLACK
6
CONTINUOUS
10
5.2072655905511809
20
-4.365451141732283
11
5.2083300000000001
21
-4.3650102362204724
0
LINE
8
BLACK
6
CONTINUOUS
10
5.2083300000000001
20
-4.3650102362204724
11
5.208906062992126
21
-4.3649535039370075
0
LINE
8
BLACK
6
CONTINUOUS
10
5.208906062992126
20
-4.3649535039370075
11
5.2121764566929132
21
-4.3649535039370075
0
LINE
8
BLACK
6
CONTINUOUS
10
5.2121764566929132
20
-4.3649535039370075
11
5.216684842519685
21
-4.3634506692913382
0
LINE
8
BLACK
6
CONTINUOUS
10
5.216684842519685
20
-4.3634506692913382
11
5.219448582677165
21
-4.3606868897637794
0
LINE
8
BLACK
6
CONTINUOUS
10
5.219448582677165
20
-4.3606868897637794
11
5.2209514173228344
21
-4.3561785039370076
0
LINE
8
BLACK
6
CONTINUOUS
10
5.2209514173228344
20
-4.3561785039370076
11
5.2209514173228344
21
-4.3285361811023622
0
LINE
8
BLACK
6
CONTINUOUS
10
5.2209514173228344
20
-4.3285361811023622
11
5.2210081496062992
21
-4.3279601181102363
0
LINE
8
BLACK
6
CONTINUOUS
10
5.2210081496062992
20
-4.3279601181102363
11
5.2214490551181099
21
-4.326895708661417
0
LINE
8
BLACK
6
CONTINUOUS
10
5.2214490551181099
20
-4.326895708661417
11
5.2222637007874013
21
-4.3260810629921256
0
LINE
8
BLACK
6
CONTINUOUS
10
5.2222637007874013
20
-4.3260810629921256
11
5.2233281102362206
21
-4.3256401574803149
0
LINE
8
BLACK
6
CONTINUOUS
10
5.2233281102362206
20
-4.3256401574803149
11
5.2244802362204723
21
-4.3256401574803149
0
LINE
8
BLACK
6
CONTINUOUS
10
5.2244802362204723
20
-4.3256401574803149
11
5.2255446456692916
21
-4.3260810629921256
0
LINE
8
BLACK
6
CONTINUOUS
10
5.2635788976377951
20
-4.3256134251968499
11
5.2636563779527554
21
-4.3256082677165351
0
LINE
8
BLACK
6
CONTINUOUS
10
5.2636563779527554
20
-4.3256082677165351
11
5.2637097244094484
21
-4.3256262992125984
0
LINE
8
BLACK
6
CONTINUOUS
10
5.2637097244094484
20
-4.3256262992125984
11
5.2638503149606297
21
-4.3256401574803149
0
LINE
8
BLACK
6
CONTINUOUS
10
5.2638503149606297
20
-4.3256401574803149
11
5.264293503937008
21
-4.3258237401574799
0
LINE
8
BLACK
6
CONTINUOUS
10
5.264293503937008
20
-4.3258237401574799
11
5.2647477559055114
21
-4.325977362204724
0
LINE
8
BLACK
6
CONTINUOUS
10
5.2647477559055114
20
-4.325977362204724
11
5.2648227165354333
21
-4.3260429133858267
0
LINE
8
BLACK
6
CONTINUOUS
10
5.2648227165354333
20
-4.3260429133858267
11
5.264914724409449
21
-4.3260810629921256
0
LINE
8
BLACK
6
CONTINUOUS
10
5.264914724409449
20
-4.3260810629921256
11
5.2652537007874018
21
-4.3264200393700785
0
LINE
8
BLACK
6
CONTINUOUS
10
5.2652537007874018
20
-4.3264200393700785
11
5.2656148425196845
21
-4.3267360236220469
0
LINE
8
BLACK
6
CONTINUOUS
10
5.2656148425196845
20
-4.3267360236220469
11
5.2656590157480316
21
-4.3268253543307083
0
LINE
8
BLACK
6
CONTINUOUS
10
5.2656590157480316
20
-4.3268253543307083
11
5.2657293700787404
21
-4.326895708661417
0
LINE
8
BLACK
6
CONTINUOUS
10
5.2657293700787404
20
-4.326895708661417
11
5.2659128346456692
21
-4.3273386220472441
0
LINE
8
BLACK
6
CONTINUOUS
10
5.2659128346456692
20
-4.3273386220472441
11
5.2661255511811023
21
-4.3277687795275588
0
LINE
8
BLACK
6
CONTINUOUS
10
5.2661255511811023
20
-4.3277687795275588
11
5.2661321653543309
21
-4.3278681102362206
0
LINE
8
BLACK
6
CONTINUOUS
10
5.2661321653543309
20
-4.3278681102362206
11
5.2661702755905511
21
-4.3279601181102363
0
LINE
8
BLACK
6
CONTINUOUS
10
5.2661702755905511
20
-4.3279601181102363
11
5.2661702755905511
21
-4.3284398031496059
0
LINE
8
BLACK
6
CONTINUOUS
10
5.2661702755905511
20
-4.3284398031496059
11
5.2662021653543309
21
-4.3289183070866137
0
LINE
8
BLACK
6
CONTINUOUS
10
5.2662021653543309
20
-4.3289183070866137
11
5.2661702755905511
21
-4.329012598425197
0
LINE
8
BLACK
6
CONTINUOUS
10
5.2661702755905511
20
-4.329012598425197
11
5.2661702755905511
21
-4.329112244094488
0
LINE
8
BLACK
6
CONTINUOUS
10
5.2661702755905511
20
-4.329112244094488
11
5.2659866535433073
21
-4.3295554330708663
0
LINE
8
BLACK
6
CONTINUOUS
10
5.2659866535433073
20
-4.3295554330708663
11
5.2658330708661421
21
-4.3300096850393697
0
LINE
8
BLACK
6
CONTINUOUS
10
5.2658330708661421
20
-4.3300096850393697
11
5.2657509448818898
21
-4.3301245275590547
0
LINE
8
BLACK
6
CONTINUOUS
10
5.2657509448818898
20
-4.3301245275590547
11
5.2657293700787404
21
-4.3301766535433073
0
LINE
8
BLACK
6
CONTINUOUS
10
5.2657293700787404
20
-4.3301766535433073
11
5.2656744094488186
21
-4.3302315748031495
0
LINE
8
BLACK
6
CONTINUOUS
10
5.2656744094488186
20
-4.3302315748031495
11
5.2654964173228347
21
-4.330480590551181
0
LINE
8
BLACK
6
CONTINUOUS
10
5.2654964173228347
20
-4.330480590551181
11
5.2565635039370076
21
-4.3406896062992129
0
LINE
8
BLACK
6
CONTINUOUS
10
5.2565635039370076
20
-4.3406896062992129
11
5.2570957086614172
21
-4.3408932677165355
0
LINE
8
BLACK
6
CONTINUOUS
10
5.2570957086614172
20
-4.3408932677165355
11
5.2608452362204723
21
-4.3427680314960631
0
LINE
8
BLACK
6
CONTINUOUS
10
5.2608452362204723
20
-4.3427680314960631
11
5.2610932283464562
21
-4.3429240944881888
0
LINE
8
BLACK
6
CONTINUOUS
10
5.2610932283464562
20
-4.3429240944881888
11
5.2611651968503939
21
-4.3429539370078736
0
LINE
8
BLACK
6
CONTINUOUS
10
5.2611651968503939
20
-4.3429539370078736
11
5.2612461417322836
21
-4.3430203937007876
0
LINE
8
BLACK
6
CONTINUOUS
10
5.2612461417322836
20
-4.3430203937007876
11
5.2613351181102361
21
-4.3430763779527561
0
LINE
8
BLACK
6
CONTINUOUS
10
5.2613351181102361
20
-4.3430763779527561
11
5.2613862598425198
21
-4.343135354330709
0
LINE
8
BLACK
6
CONTINUOUS
10
5.2613862598425198
20
-4.343135354330709
11
5.2616126377952757
21
-4.3433211417322832
0
LINE
8
BLACK
6
CONTINUOUS
10
5.2616126377952757
20
-4.3433211417322832
11
5.2634874015748032
21
-4.3451959055118108
0
LINE
8
BLACK
6
CONTINUOUS
10
5.2634874015748032
20
-4.3451959055118108
11
5.2636731496062987
21
-4.3454222440944879
0
LINE
8
BLACK
6
CONTINUOUS
10
5.2636731496062987
20
-4.3454222440944879
11
5.2637321653543303
21
-4.3454734251968503
0
LINE
8
BLACK
6
CONTINUOUS
10
5.2637321653543303
20
-4.3454734251968503
11
5.2637881102362201
21
-4.3455623622047241
0
LINE
8
BLACK
6
CONTINUOUS
10
5.2637881102362201
20
-4.3455623622047241
11
5.2638546062992129
21
-4.3456433464566926
0
LINE
8
BLACK
6
CONTINUOUS
10
5.2638546062992129
20
-4.3456433464566926
11
5.2638844094488189
21
-4.3457152755905515
0
LINE
8
BLACK
6
CONTINUOUS
10
5.2638844094488189
20
-4.3457152755905515
11
5.2640405118110234
21
-4.3459633070866142
0
LINE
8
BLACK
6
CONTINUOUS
10
5.2640405118110234
20
-4.3459633070866142
11
5.2659152755905509
21
-4.3497128346456693
0
LINE
8
BLACK
6
CONTINUOUS
10
5.2659152755905509
20
-4.3497128346456693
11
5.2661221653543304
21
-4.3502534251968505
0
LINE
8
BLACK
6
CONTINUOUS
10
5.2661221653543304
20
-4.3502534251968505
11
5.2661296850393704
21
-4.3503592913385827
0
LINE
8
BLACK
6
CONTINUOUS
10
5.2661296850393704
20
-4.3503592913385827
11
5.2661702755905511
21
-4.3504572834645669
0
LINE
8
BLACK
6
CONTINUOUS
10
5.2661702755905511
20
-4.3504572834645669
11
5.2662270078740159
21
-4.3510333464566928
0
LINE
8
BLACK
6
CONTINUOUS
10
5.2662270078740159
20
-4.3510333464566928
11
5.2662270078740159
21
-4.3604071653543306
0
LINE
8
BLACK
6
CONTINUOUS
10
5.2662270078740159
20
-4.3604071653543306
11
5.2661702755905511
21
-4.3609832283464565
0
LINE
8
BLACK
6
CONTINUOUS
10
5.2661702755905511
20
-4.3609832283464565
11
5.2661296850393704
21
-4.361081181102362
0
LINE
8
BLACK
6
CONTINUOUS
10
5.2661296850393704
20
-4.361081181102362
11
5.2661221653543304
21
-4.3611870866141729
0
LINE
8
BLACK
6
CONTINUOUS
10
5.2661221653543304
20
-4.3611870866141729
11
5.2659152755905509
21
-4.3617276771653541
0
LINE
8
BLACK
6
CONTINUOUS
10
5.2659152755905509
20
-4.3617276771653541
11
5.2640405118110234
21
-4.3654772047244093
0
LINE
8
BLACK
6
CONTINUOUS
10
5.2640405118110234
20
-4.3654772047244093
11
5.2638844488188976
21
-4.3657250787401578
0
LINE
8
BLACK
6
CONTINUOUS
10
5.2638844488188976
20
-4.3657250787401578
11
5.2638546456692916
21
-4.3657971259842521
0
LINE
8
BLACK
6
CONTINUOUS
10
5.2638546456692916
20
-4.3657971259842521
11
5.2637881102362201
21
-4.3658781496062993
0
LINE
8
BLACK
6
CONTINUOUS
10
5.2637881102362201
20
-4.3658781496062993
11
5.2637321653543303
21
-4.3659670866141731
0
LINE
8
BLACK
6
CONTINUOUS
10
5.2637321653543303
20
-4.3659670866141731
11
5.2636731496062987
21
-4.3660182283464568
0
LINE
8
BLACK
6
CONTINUOUS
10
5.2636731496062987
20
-4.3660182283464568
11
5.2634874015748032
21
-4.3662446062992126
0
LINE
8
BLACK
6
CONTINUOUS
10
5.2634874015748032
20
-4.3662446062992126
11
5.2616126771653544
21
-4.3681193700787402
0
LINE
8
BLACK
6
CONTINUOUS
10
5.2616126771653544
20
-4.3681193700787402
11
5.2613862992125986
21
-4.3683051181102357
0
LINE
8
BLACK
6
CONTINUOUS
10
5.2613862992125986
20
-4.3683051181102357
11
5.2613351181102361
21
-4.368364173228346
0
LINE
8
BLACK
6
CONTINUOUS
10
5.2613351181102361
20
-4.368364173228346
11
5.2612461417322836
21
-4.3684201574803145
0
LINE
8
BLACK
6
CONTINUOUS
10
5.2612461417322836
20
-4.3684201574803145
11
5.2611651968503939
21
-4.3684866141732286
0
LINE
8
BLACK
6
CONTINUOUS
10
5.2611651968503939
20
-4.3684866141732286
11
5.2610932283464562
21
-4.3685164173228346
0
LINE
8
BLACK
6
CONTINUOUS
10
5.2610932283464562
20
-4.3685164173228346
11
5.2608452362204723
21
-4.3686725196850391
0
LINE
8
BLACK
6
CONTINUOUS
10
5.2608452362204723
20
-4.3686725196850391
11
5.2570957086614172
21
-4.3705472834645667
0
LINE
8
BLACK
6
CONTINUOUS
10
5.2570957086614172
20
-4.3705472834645667
11
5.2565550787401571
21
-4.3707541732283461
0
LINE
8
BLACK
6
CONTINUOUS
10
5.2565550787401571
20
-4.3707541732283461
11
5.2564492519685038
21
-4.3707616535433074
0
LINE
8
BLACK
6
CONTINUOUS
10
5.2564492519685038
20
-4.3707616535433074
11
5.2563512598425195
21
-4.3708022834645668
0
LINE
8
BLACK
6
CONTINUOUS
10
5.2563512598425195
20
-4.3708022834645668
11
5.2557751968503936
21
-4.3708590157480316
0
LINE
8
BLACK
6
CONTINUOUS
10
5.2557751968503936
20
-4.3708590157480316
11
5.2445266141732283
21
-4.3708590157480316
0
LINE
8
BLACK
6
CONTINUOUS
10
5.2445266141732283
20
-4.3708590157480316
11
5.2439505511811024
21
-4.3708022834645668
0
LINE
8
BLACK
6
CONTINUOUS
10
5.2439505511811024
20
-4.3708022834645668
11
5.2438525590551182
21
-4.3707616929133861
0
LINE
8
BLACK
6
CONTINUOUS
10
5.2438525590551182
20
-4.3707616929133861
11
5.243746692913386
21
-4.3707541732283461
0
LINE
8
BLACK
6
CONTINUOUS
10
5.243746692913386
20
-4.3707541732283461
11
5.2432061023622047
21
-4.3705472834645667
0
LINE
8
BLACK
6
CONTINUOUS
10
5.2432061023622047
20
-4.3705472834645667
11
5.2394565748031496
21
-4.3686725196850391
0
LINE
8
BLACK
6
CONTINUOUS
10
5.2394565748031496
20
-4.3686725196850391
11
5.2392085433070861
21
-4.3685164173228346
0
LINE
8
BLACK
6
CONTINUOUS
10
5.2392085433070861
20
-4.3685164173228346
11
5.2391366141732281
21
-4.3684866141732286
0
LINE
8
BLACK
6
CONTINUOUS
10
5.2391366141732281
20
-4.3684866141732286
11
5.2390556299212596
21
-4.3684201574803145
0
LINE
8
BLACK
6
CONTINUOUS
10
5.2390556299212596
20
-4.3684201574803145
11
5.2389666929133858
21
-4.368364173228346
0
LINE
8
BLACK
6
CONTINUOUS
10
5.2389666929133858
20
-4.368364173228346
11
5.2389154724409446
21
-4.3683051181102357
0
LINE
8
BLACK
6
CONTINUOUS
10
5.2389154724409446
20
-4.3683051181102357
11
5.2386891338582675
21
-4.3681193700787402
0
LINE
8
BLACK
6
CONTINUOUS
10
5.2386891338582675
20
-4.3681193700787402
11
5.23681437007874
21
-4.3662445669291339
0
LINE
8
BLACK
6
CONTINUOUS
10
5.23681437007874
20
-4.3662445669291339
11
5.2364471653543303
21
-4.3657971259842521
0
LINE
8
BLACK
6
CONTINUOUS
10
5.2364471653543303
20
-4.3657971259842521
11
5.2360062992125984
21
-4.3647327165354328
0
LINE
8
BLACK
6
CONTINUOUS
10
5.2360062992125984
20
-4.3647327165354328
11
5.2360062992125984
21
-4.3635806299212598
0
LINE
8
BLACK
6
CONTINUOUS
10
5.2360062992125984
20
-4.3635806299212598
11
5.2364472047244091
21
-4.3625162204724406
0
LINE
8
BLACK
6
CONTINUOUS
10
5.2364472047244091
20
-4.3625162204724406
11
5.2372618897637793
21
-4.3617015354330704
0
LINE
8
BLACK
6
CONTINUOUS
10
5.2372618897637793
20
-4.3617015354330704
11
5.2383262992125985
21
-4.3612606692913385
0
LINE
8
BLACK
6
CONTINUOUS
10
5.2383262992125985
20
-4.3612606692913385
11
5.2394783858267715
21
-4.3612606692913385
0
LINE
8
BLACK
6
CONTINUOUS
10
5.2394783858267715
20
-4.3612606692913385
11
5.2405427952755907
21
-4.3617015748031491
0
LINE
8
BLACK
6
CONTINUOUS
10
5.2405427952755907
20
-4.3617015748031491
11
5.2409902755905513
21
-4.3620688188976375
0
LINE
8
BLACK
6
CONTINUOUS
10
5.2409902755905513
20
-4.3620688188976375
11
5.2425261811023622
21
-4.3636047637795272
0
LINE
8
BLACK
6
CONTINUOUS
10
5.2425261811023622
20
-4.3636047637795272
11
5.2452236614173229
21
-4.3649535039370075
0
LINE
8
BLACK
6
CONTINUOUS
10
5.2452236614173229
20
-4.3649535039370075
11
5.255078149606299
21
-4.3649535039370075
0
LINE
8
BLACK
6
CONTINUOUS
10
5.255078149606299
20
-4.3649535039370075
11
5.2577755905511809
21
-4.3636047637795272
0
LINE
8
BLACK
6
CONTINUOUS
10
5.2577755905511809
20
-4.3636047637795272
11
5.2589727165354327
21
-4.3624075984251967
0
LINE
8
BLACK
6
CONTINUOUS
10
5.2589727165354327
20
-4.3624075984251967
11
5.2603214960629918
21
-4.359710118110236
0
LINE
8
BLACK
6
CONTINUOUS
10
5.2603214960629918
20
-4.359710118110236
11
5.2603214960629918
21
-4.3517303937007874
0
LINE
8
BLACK
6
CONTINUOUS
10
5.2603214960629918
20
-4.3517303937007874
11
5.2589727559055115
21
-4.3490329133858268
0
LINE
8
BLACK
6
CONTINUOUS
10
5.2589727559055115
20
-4.3490329133858268
11
5.2577756299212597
21
-4.3478357874015749
0
LINE
8
BLACK
6
CONTINUOUS
10
5.2577756299212597
20
-4.3478357874015749
11
5.255078149606299
21
-4.3464870472440946
0
LINE
8
BLACK
6
CONTINUOUS
10
5.255078149606299
20
-4.3464870472440946
11
5.250150905511811
21
-4.3464870472440946
0
LINE
8
BLACK
6
CONTINUOUS
10
5.250150905511811
20
-4.3464870472440946
11
5.249846220472441
21
-4.3464570078740152
0
LINE
8
BLACK
6
CONTINUOUS
10
5.249846220472441
20
-4.3464570078740152
11
5.2497687795275585
21
-4.3464622047244097
0
LINE
8
BLACK
6
CONTINUOUS
10
5.2497687795275585
20
-4.3464622047244097
11
5.2497153937007877
21
-4.3464441338582676
0
LINE
8
BLACK
6
CONTINUOUS
10
5.2497153937007877
20
-4.3464441338582676
11
5.2495748425196851
21
-4.3464303149606298
0
LINE
8
BLACK
6
CONTINUOUS
10
5.2495748425196851
20
-4.3464303149606298
11
5.249131614173228
21
-4.3462466929133861
0
LINE
8
BLACK
6
CONTINUOUS
10
5.249131614173228
20
-4.3462466929133861
11
5.2486774015748034
21
-4.3460931102362208
0
LINE
8
BLACK
6
CONTINUOUS
10
5.2486774015748034
20
-4.3460931102362208
11
5.2486024015748027
21
-4.3460275196850393
0
LINE
8
BLACK
6
CONTINUOUS
10
5.2486024015748027
20
-4.3460275196850393
11
5.2485104330708658
21
-4.3459894094488192
0
LINE
8
BLACK
6
CONTINUOUS
10
5.2485104330708658
20
-4.3459894094488192
11
5.2481714173228342
21
-4.3456503937007875
0
LINE
8
BLACK
6
CONTINUOUS
10
5.2481714173228342
20
-4.3456503937007875
11
5.2478103149606294
21
-4.3453344488188979
0
LINE
8
BLACK
6
CONTINUOUS
10
5.2478103149606294
20
-4.3453344488188979
11
5.2477661023622044
21
-4.3452450787401578
0
LINE
8
BLACK
6
CONTINUOUS
10
5.2477661023622044
20
-4.3452450787401578
11
5.2476957874015744
21
-4.3451747637795277
0
LINE
8
BLACK
6
CONTINUOUS
10
5.2476957874015744
20
-4.3451747637795277
11
5.2475122834645669
21
-4.3447318110236219
0
LINE
8
BLACK
6
CONTINUOUS
10
5.2475122834645669
20
-4.3447318110236219
11
5.2472996062992125
21
-4.344301692913386
0
LINE
8
BLACK
6
CONTINUOUS
10
5.2472996062992125
20
-4.344301692913386
11
5.2472929527559051
21
-4.3442023228346454
0
LINE
8
BLACK
6
CONTINUOUS
10
5.2472929527559051
20
-4.3442023228346454
11
5.2472548818897637
21
-4.3441103543307085
0
LINE
8
BLACK
6
CONTINUOUS
10
5.2472548818897637
20
-4.3441103543307085
11
5.2472548818897637
21
-4.3436306299212601
0
LINE
8
BLACK
6
CONTINUOUS
10
5.2472548818897637
20
-4.3436306299212601
11
5.2472229921259839
21
-4.343152165354331
0
LINE
8
BLACK
6
CONTINUOUS
10
5.2472229921259839
20
-4.343152165354331
11
5.2472548818897637
21
-4.343057834645669
0
LINE
8
BLACK
6
CONTINUOUS
10
5.2472548818897637
20
-4.343057834645669
11
5.2472548818897637
21
-4.3429582283464567
0
LINE
8
BLACK
6
CONTINUOUS
10
5.2472548818897637
20
-4.3429582283464567
11
5.2474384645669288
21
-4.3425149999999997
0
LINE
8
BLACK
6
CONTINUOUS
10
5.2474384645669288
20
-4.3425149999999997
11
5.2475920866141728
21
-4.3420607874015751
0
LINE
8
BLACK
6
CONTINUOUS
10
5.2475920866141728
20
-4.3420607874015751
11
5.2476741732283463
21
-4.3419459055118113
0
LINE
8
BLACK
6
CONTINUOUS
10
5.2476741732283463
20
-4.3419459055118113
11
5.2476957874015744
21
-4.3418938188976375
0
LINE
8
BLACK
6
CONTINUOUS
10
5.2476957874015744
20
-4.3418938188976375
11
5.2477507086614175
21
-4.3418388582677165
0
LINE
8
BLACK
6
CONTINUOUS
10
5.2477507086614175
20
-4.3418388582677165
11
5.2479287401574801
21
-4.3415898818897638
0
LINE
8
BLACK
6
CONTINUOUS
10
5.2479287401574801
20
-4.3415898818897638
11
5.2567670866141727
21
-4.3314889370078742
0
LINE
8
BLACK
6
CONTINUOUS
10
5.2567670866141727
20
-4.3314889370078742
11
5.2389023228346456
21
-4.3314889370078742
0
LINE
8
BLACK
6
CONTINUOUS
10
5.2389023228346456
20
-4.3314889370078742
11
5.2383262598425198
21
-4.3314322047244094
0
LINE
8
BLACK
6
CONTINUOUS
10
5.2383262598425198
20
-4.3314322047244094
11
5.2372618503937005
21
-4.3309912992125987
0
LINE
8
BLACK
6
CONTINUOUS
10
5.2372618503937005
20
-4.3309912992125987
11
5.2364472047244091
21
-4.3301766535433073
0
LINE
8
BLACK
6
CONTINUOUS
10
5.2364472047244091
20
-4.3301766535433073
11
5.2360062992125984
21
-4.329112244094488
0
LINE
8
BLACK
6
CONTINUOUS
10
5.2360062992125984
20
-4.329112244094488
11
5.2360062992125984
21
-4.3279601181102363
0
LINE
8
BLACK
6
CONTINUOUS
10
5.2360062992125984
20
-4.3279601181102363
11
5.2364472047244091
21
-4.326895708661417
0
LINE
8
BLACK
6
CONTINUOUS
10
5.2364472047244091
20
-4.326895708661417
11
5.2372618503937005
21
-4.3260810629921256
0
LINE
8
BLACK
6
CONTINUOUS
10
5.2372618503937005
20
-4.3260810629921256
11
5.2383262598425198
21
-4.3256401574803149
0
LINE
8
BLACK
6
CONTINUOUS
10
5.2383262598425198
20
-4.3256401574803149
11
5.2389023228346456
21
-4.3255834251968501
0
LINE
8
BLACK
6
CONTINUOUS
10
5.2389023228346456
20
-4.3255834251968501
11
5.2632742519685038
21
-4.3255834251968501
0
LINE
8
BLACK
6
CONTINUOUS
10
5.2632742519685038
20
-4.3255834251968501
11
5.2635788976377951
21
-4.3256134251968499
0
LINE
8
BLACK
6
CONTINUOUS
10
5.4493950393700787
20
-4.2517246062992129
11
5.4504603937007872
21
-4.2527899606299213
0
LINE
8
BLACK
6
CONTINUOUS
10
5.4504603937007872
20
-4.2527899606299213
11
5.4506102362204727
21
-4.2535432677165357
0
LINE
8
BLACK
6
CONTINUOUS
10
5.4506102362204727
20
-4.2535432677165357
11
5.4506102362204727
21
-4.4129921259842515
0
LINE
8
BLACK
6
CONTINUOUS
10
5.4506102362204727
20
-4.4129921259842515
11
5.4504603937007872
21
-4.4137454330708659
0
LINE
8
BLACK
6
CONTINUOUS
10
5.4504603937007872
20
-4.4137454330708659
11
5.4493950393700787
21
-4.4148107874015743
0
LINE
8
BLACK
6
CONTINUOUS
10
5.4493950393700787
20
-4.4148107874015743
11
5.4486417322834644
21
-4.4149606299212598
0
LINE
8
BLACK
6
CONTINUOUS
10
5.4486417322834644
20
-4.4149606299212598
11
5.0254133858267718
21
-4.4149606299212598
0
LINE
8
BLACK
6
CONTINUOUS
10
5.0254133858267718
20
-4.4149606299212598
11
5.0246600787401574
21
-4.4148107874015743
0
LINE
8
BLACK
6
CONTINUOUS
10
5.0246600787401574
20
-4.4148107874015743
11
5.023594724409449
21
-4.4137454330708659
0
LINE
8
BLACK
6
CONTINUOUS
10
5.023594724409449
20
-4.4137454330708659
11
5.0234448818897635
21
-4.4129921259842515
0
LINE
8
BLACK
6
CONTINUOUS
10
5.0234448818897635
20
-4.4129921259842515
11
5.0234448818897635
21
-4.2535432677165357
0
LINE
8
BLACK
6
CONTINUOUS
10
5.0234448818897635
20
-4.2535432677165357
11
5.023594724409449
21
-4.2527899606299213
0
LINE
8
BLACK
6
CONTINUOUS
10
5.023594724409449
20
-4.2527899606299213
11
5.0246600787401574
21
-4.2517246062992129
0
LINE
8
BLACK
6
CONTINUOUS
10
5.0246600787401574
20
-4.2517246062992129
11
5.0254133858267718
21
-4.2515747637795274
0
LINE
8
BLACK
6
CONTINUOUS
10
5.0254133858267718
20
-4.2515747637795274
11
5.4486417322834644
21
-4.2515747637795274
0
LINE
8
BLACK
6
CONTINUOUS
10
5.4486417322834644
20
-4.2515747637795274
11
5.4493950393700787
21
-4.2517246062992129
0
LINE
8
BLACK
6
CONTINUOUS
10
5.0273818897637792
20
-4.2555117716535431
11
5.0273818897637792
21
-4.4110236220472441
0
LINE
8
BLACK
6
CONTINUOUS
10
5.0273818897637792
20
-4.4110236220472441
11
5.339355039370079
21
-4.4110236220472441
0
LINE
8
BLACK
6
CONTINUOUS
10
5.339355039370079
20
-4.4110236220472441
11
5.3584517716535434
21
-4.3840167322834649
0
LINE
8
BLACK
6
CONTINUOUS
10
5.3584517716535434
20
-4.3840167322834649
11
5.3590090551181104
21
-4.3834881889763775
0
LINE
8
BLACK
6
CONTINUOUS
10
5.3590090551181104
20
-4.3834881889763775
11
5.3593454724409444
21
-4.383430433070866
0
LINE
8
BLACK
6
CONTINUOUS
10
5.3593454724409444
20
-4.383430433070866
11
5.3596241338582677
21
-4.3832334251968499
0
LINE
8
BLACK
6
CONTINUOUS
10
5.3596241338582677
20
-4.3832334251968499
11
5.3600589763779523
21
-4.3833080314960631
0
LINE
8
BLACK
6
CONTINUOUS
10
5.3600589763779523
20
-4.3833080314960631
11
5.3604940157480314
21
-4.3832333858267711
0
LINE
8
BLACK
6
CONTINUOUS
10
5.3604940157480314
20
-4.3832333858267711
11
5.3607727559055114
21
-4.3834304724409447
0
LINE
8
BLACK
6
CONTINUOUS
10
5.3607727559055114
20
-4.3834304724409447
11
5.36110905511811
21
-4.3834881889763775
0
LINE
8
BLACK
6
CONTINUOUS
10
5.36110905511811
20
-4.3834881889763775
11
5.361666338582677
21
-4.3840167322834649
0
LINE
8
BLACK
6
CONTINUOUS
10
5.361666338582677
20
-4.3840167322834649
11
5.3807630708661414
21
-4.4110236220472441
0
LINE
8
BLACK
6
CONTINUOUS
10
5.3807630708661414
20
-4.4110236220472441
11
5.446673228346457
21
-4.4110236220472441
0
LINE
8
BLACK
6
CONTINUOUS
10
5.446673228346457
20
-4.4110236220472441
11
5.446673228346457
21
-4.2555117716535431
0
LINE
8
BLACK
6
CONTINUOUS
10
5.446673228346457
20
-4.2555117716535431
11
5.0273818897637792
21
-4.2555117716535431
0
LINE
8
BLACK
6
CONTINUOUS
10
5.3441768897637791
20
-4.4110236220472441
11
5.3759412204724404
21
-4.4110236220472441
0
LINE
8
BLACK
6
CONTINUOUS
10
5.3759412204724404
20
-4.4110236220472441
11
5.360059015748031
21
-4.3885627952755906
0
LINE
8
BLACK
6
CONTINUOUS
10
5.360059015748031
20
-4.3885627952755906
11
5.3441768897637791
21
-4.4110236220472441
0
LINE
8
BLACK
6
CONTINUOUS
10
5.7310761417322835
20
-4.3260810629921256
11
5.731890787401575
21
-4.326895708661417
0
LINE
8
BLACK
6
CONTINUOUS
10
5.731890787401575
20
-4.326895708661417
11
5.7323316929133856
21
-4.3279601181102363
0
LINE
8
BLACK
6
CONTINUOUS
10
5.7323316929133856
20
-4.3279601181102363
11
5.7323884251968504
21
-4.3285361811023622
0
LINE
8
BLACK
6
CONTINUOUS
10
5.7323884251968504
20
-4.3285361811023622
11
5.7323884251968504
21
-4.3566576377952755
0
LINE
8
BLACK
6
CONTINUOUS
10
5.7323884251968504
20
-4.3566576377952755
11
5.7323596850393699
21
-4.3569492125984253
0
LINE
8
BLACK
6
CONTINUOUS
10
5.7323596850393699
20
-4.3569492125984253
11
5.7323652362204722
21
-4.3570269685039369
0
LINE
8
BLACK
6
CONTINUOUS
10
5.7323652362204722
20
-4.3570269685039369
11
5.7323419685039365
21
-4.3571292125984247
0
LINE
8
BLACK
6
CONTINUOUS
10
5.7323419685039365
20
-4.3571292125984247
11
5.7323316929133856
21
-4.3572337007874014
0
LINE
8
BLACK
6
CONTINUOUS
10
5.7323316929133856
20
-4.3572337007874014
11
5.7323018110236221
21
-4.3573057480314956
0
LINE
8
BLACK
6
CONTINUOUS
10
5.7323018110236221
20
-4.3573057480314956
11
5.7322368897637794
21
-4.3575914173228343
0
LINE
8
BLACK
6
CONTINUOUS
10
5.7322368897637794
20
-4.3575914173228343
11
5.7303621259842519
21
-4.3632156692913382
0
LINE
8
BLACK
6
CONTINUOUS
10
5.7303621259842519
20
-4.3632156692913382
11
5.7301261417322831
21
-4.3637442519685035
0
LINE
8
BLACK
6
CONTINUOUS
10
5.7301261417322831
20
-4.3637442519685035
11
5.7300566141732281
21
-4.3638243700787402
0
LINE
8
BLACK
6
CONTINUOUS
10
5.7300566141732281
20
-4.3638243700787402
11
5.7300160629921262
21
-4.3639223622047245
0
LINE
8
BLACK
6
CONTINUOUS
10
5.7300160629921262
20
-4.3639223622047245
11
5.7296488582677165
21
-4.3643698031496063
0
LINE
8
BLACK
6
CONTINUOUS
10
5.7296488582677165
20
-4.3643698031496063
11
5.7258992913385827
21
-4.3681194094488189
0
LINE
8
BLACK
6
CONTINUOUS
10
5.7258992913385827
20
-4.3681194094488189
11
5.7254518503937009
21
-4.3684866141732286
0
LINE
8
BLACK
6
CONTINUOUS
10
5.7254518503937009
20
-4.3684866141732286
11
5.7253537795275591
21
-4.3685272047244093
0
LINE
8
BLACK
6
CONTINUOUS
10
5.7253537795275591
20
-4.3685272047244093
11
5.7252736614173223
21
-4.3685967322834642
0
LINE
8
BLACK
6
CONTINUOUS
10
5.7252736614173223
20
-4.3685967322834642
11
5.7247451181102358
21
-4.368832716535433
0
LINE
8
BLACK
6
CONTINUOUS
10
5.7247451181102358
20
-4.368832716535433
11
5.7191208267716531
21
-4.3707074803149606
0
LINE
8
BLACK
6
CONTINUOUS
10
5.7191208267716531
20
-4.3707074803149606
11
5.718835236220472
21
-4.3707724015748033
0
LINE
8
BLACK
6
CONTINUOUS
10
5.718835236220472
20
-4.3707724015748033
11
5.7187631496062989
21
-4.3708022834645668
0
LINE
8
BLACK
6
CONTINUOUS
10
5.7187631496062989
20
-4.3708022834645668
11
5.7186586220472444
21
-4.3708125590551177
0
LINE
8
BLACK
6
CONTINUOUS
10
5.7186586220472444
20
-4.3708125590551177
11
5.7185563779527557
21
-4.3708358267716534
0
LINE
8
BLACK
6
CONTINUOUS
10
5.7185563779527557
20
-4.3708358267716534
11
5.7184786220472441
21
-4.370830275590551
0
LINE
8
BLACK
6
CONTINUOUS
10
5.7184786220472441
20
-4.370830275590551
11
5.7181870866141731
21
-4.3708590157480316
0
LINE
8
BLACK
6
CONTINUOUS
10
5.7181870866141731
20
-4.3708590157480316
11
5.714437559055118
21
-4.3708590157480316
0
LINE
8
BLACK
6
CONTINUOUS
10
5.714437559055118
20
-4.3708590157480316
11
5.7138614960629921
21
-4.3708022834645668
0
LINE
8
BLACK
6
CONTINUOUS
10
5.7138614960629921
20
-4.3708022834645668
11
5.7127970866141728
21
-4.3703613779527561
0
LINE
8
BLACK
6
CONTINUOUS
10
5.7127970866141728
20
-4.3703613779527561
11
5.7119824409448814
21
-4.3695467322834647
0
LINE
8
BLACK
6
CONTINUOUS
10
5.7119824409448814
20
-4.3695467322834647
11
5.7115415354330707
21
-4.3684823228346454
0
LINE
8
BLACK
6
CONTINUOUS
10
5.7115415354330707
20
-4.3684823228346454
11
5.7115415354330707
21
-4.3673301968503937
0
LINE
8
BLACK
6
CONTINUOUS
10
5.7115415354330707
20
-4.3673301968503937
11
5.7119824409448814
21
-4.3662657874015744
0
LINE
8
BLACK
6
CONTINUOUS
10
5.7119824409448814
20
-4.3662657874015744
11
5.7127970866141728
21
-4.365451141732283
0
LINE
8
BLACK
6
CONTINUOUS
10
5.7127970866141728
20
-4.365451141732283
11
5.7138614960629921
21
-4.3650102362204724
0
LINE
8
BLACK
6
CONTINUOUS
10
5.7138614960629921
20
-4.3650102362204724
11
5.714437559055118
21
-4.3649535039370075
0
LINE
8
BLACK
6
CONTINUOUS
10
5.714437559055118
20
-4.3649535039370075
11
5.7177079527559052
21
-4.3649535039370075
0
LINE
8
BLACK
6
CONTINUOUS
10
5.7177079527559052
20
-4.3649535039370075
11
5.722216338582677
21
-4.3634506692913382
0
LINE
8
BLACK
6
CONTINUOUS
10
5.722216338582677
20
-4.3634506692913382
11
5.724980078740157
21
-4.3606868897637794
0
LINE
8
BLACK
6
CONTINUOUS
10
5.724980078740157
20
-4.3606868897637794
11
5.7264829133858264
21
-4.3561785039370076
0
LINE
8
BLACK
6
CONTINUOUS
10
5.7264829133858264
20
-4.3561785039370076
11
5.7264829133858264
21
-4.3285361811023622
0
LINE
8
BLACK
6
CONTINUOUS
10
5.7264829133858264
20
-4.3285361811023622
11
5.7265396456692912
21
-4.3279601181102363
0
LINE
8
BLACK
6
CONTINUOUS
10
5.7265396456692912
20
-4.3279601181102363
11
5.7269805511811018
21
-4.326895708661417
0
LINE
8
BLACK
6
CONTINUOUS
10
5.7269805511811018
20
-4.326895708661417
11
5.7277951968503933
21
-4.3260810629921256
0
LINE
8
BLACK
6
CONTINUOUS
10
5.7277951968503933
20
-4.3260810629921256
11
5.7288596062992125
21
-4.3256401574803149
0
LINE
8
BLACK
6
CONTINUOUS
10
5.7288596062992125
20
-4.3256401574803149
11
5.7300117322834643
21
-4.3256401574803149
0
LINE
8
BLACK
6
CONTINUOUS
10
5.7300117322834643
20
-4.3256401574803149
11
5.7310761417322835
21
-4.3260810629921256
0
LINE
8
BLACK
6
CONTINUOUS
10
5.7656322834645666
20
-4.3256401574803149
11
5.7666966929133858
21
-4.3260810629921256
0
LINE
8
BLACK
6
CONTINUOUS
10
5.7666966929133858
20
-4.3260810629921256
11
5.7675113385826773
21
-4.326895708661417
0
LINE
8
BLACK
6
CONTINUOUS
10
5.7675113385826773
20
-4.326895708661417
11
5.7679522440944879
21
-4.3279601181102363
0
LINE
8
BLACK
6
CONTINUOUS
10
5.7679522440944879
20
-4.3279601181102363
11
5.7679522440944879
21
-4.329112244094488
0
LINE
8
BLACK
6
CONTINUOUS
10
5.7679522440944879
20
-4.329112244094488
11
5.7675113385826773
21
-4.3301766535433073
0
LINE
8
BLACK
6
CONTINUOUS
10
5.7675113385826773
20
-4.3301766535433073
11
5.7666966929133858
21
-4.3309912992125987
0
LINE
8
BLACK
6
CONTINUOUS
10
5.7666966929133858
20
-4.3309912992125987
11
5.7656322834645666
21
-4.3314322047244094
0
LINE
8
BLACK
6
CONTINUOUS
10
5.7656322834645666
20
-4.3314322047244094
11
5.7650562204724407
21
-4.3314889370078742
0
LINE
8
BLACK
6
CONTINUOUS
10
5.7650562204724407
20
-4.3314889370078742
11
5.7582542125984251
21
-4.3314889370078742
0
LINE
8
BLACK
6
CONTINUOUS
10
5.7582542125984251
20
-4.3314889370078742
11
5.7555567322834644
21
-4.3328376771653545
0
LINE
8
BLACK
6
CONTINUOUS
10
5.7555567322834644
20
-4.3328376771653545
11
5.7542275196850392
21
-4.334166850393701
0
LINE
8
BLACK
6
CONTINUOUS
10
5.7542275196850392
20
-4.334166850393701
11
5.7509238976377954
21
-4.3391223228346458
0
LINE
8
BLACK
6
CONTINUOUS
10
5.7509238976377954
20
-4.3391223228346458
11
5.7501946062992122
21
-4.3420395275590549
0
LINE
8
BLACK
6
CONTINUOUS
10
5.7501946062992122
20
-4.3420395275590549
11
5.7524871259842518
21
-4.3408932677165355
0
LINE
8
BLACK
6
CONTINUOUS
10
5.7524871259842518
20
-4.3408932677165355
11
5.7530277165354331
21
-4.340686377952756
0
LINE
8
BLACK
6
CONTINUOUS
10
5.7530277165354331
20
-4.340686377952756
11
5.7531335826771652
21
-4.3406788188976373
0
LINE
8
BLACK
6
CONTINUOUS
10
5.7531335826771652
20
-4.3406788188976373
11
5.7532315748031495
21
-4.3406382677165354
0
LINE
8
BLACK
6
CONTINUOUS
10
5.7532315748031495
20
-4.3406382677165354
11
5.7538076377952754
21
-4.3405815354330706
0
LINE
8
BLACK
6
CONTINUOUS
10
5.7538076377952754
20
-4.3405815354330706
11
5.7613066929133856
21
-4.3405815354330706
0
LINE
8
BLACK
6
CONTINUOUS
10
5.7613066929133856
20
-4.3405815354330706
11
5.7618827559055115
21
-4.3406382677165354
0
LINE
8
BLACK
6
CONTINUOUS
10
5.7618827559055115
20
-4.3406382677165354
11
5.7619807480314957
21
-4.340678858267716
0
LINE
8
BLACK
6
CONTINUOUS
10
5.7619807480314957
20
-4.340678858267716
11
5.7620865748031491
21
-4.340686377952756
0
LINE
8
BLACK
6
CONTINUOUS
10
5.7620865748031491
20
-4.340686377952756
11
5.7626272047244091
21
-4.3408932677165355
0
LINE
8
BLACK
6
CONTINUOUS
10
5.7626272047244091
20
-4.3408932677165355
11
5.7663767322834643
21
-4.3427680314960631
0
LINE
8
BLACK
6
CONTINUOUS
10
5.7663767322834643
20
-4.3427680314960631
11
5.7666247244094491
21
-4.3429240944881888
0
LINE
8
BLACK
6
CONTINUOUS
10
5.7666247244094491
20
-4.3429240944881888
11
5.7666966929133858
21
-4.3429539370078736
0
LINE
8
BLACK
6
CONTINUOUS
10
5.7666966929133858
20
-4.3429539370078736
11
5.7667776377952755
21
-4.3430203937007876
0
LINE
8
BLACK
6
CONTINUOUS
10
5.7667776377952755
20
-4.3430203937007876
11
5.7668666141732281
21
-4.3430763779527561
0
LINE
8
BLACK
6
CONTINUOUS
10
5.7668666141732281
20
-4.3430763779527561
11
5.7669177559055118
21
-4.343135354330709
0
LINE
8
BLACK
6
CONTINUOUS
10
5.7669177559055118
20
-4.343135354330709
11
5.7671441338582676
21
-4.3433211417322832
0
LINE
8
BLACK
6
CONTINUOUS
10
5.7671441338582676
20
-4.3433211417322832
11
5.7690188976377952
21
-4.3451959055118108
0
LINE
8
BLACK
6
CONTINUOUS
10
5.7690188976377952
20
-4.3451959055118108
11
5.7692046456692916
21
-4.3454222440944879
0
LINE
8
BLACK
6
CONTINUOUS
10
5.7692046456692916
20
-4.3454222440944879
11
5.7692636614173223
21
-4.3454734251968503
0
LINE
8
BLACK
6
CONTINUOUS
10
5.7692636614173223
20
-4.3454734251968503
11
5.769319606299212
21
-4.3455623622047241
0
LINE
8
BLACK
6
CONTINUOUS
10
5.769319606299212
20
-4.3455623622047241
11
5.7693861023622048
21
-4.3456433464566926
0
LINE
8
BLACK
6
CONTINUOUS
10
5.7693861023622048
20
-4.3456433464566926
11
5.7694159055118108
21
-4.3457152755905515
0
LINE
8
BLACK
6
CONTINUOUS
10
5.7694159055118108
20
-4.3457152755905515
11
5.7695720078740154
21
-4.3459633070866142
0
LINE
8
BLACK
6
CONTINUOUS
10
5.7695720078740154
20
-4.3459633070866142
11
5.7714467716535429
21
-4.3497128346456693
0
LINE
8
BLACK
6
CONTINUOUS
10
5.7714467716535429
20
-4.3497128346456693
11
5.7716536614173224
21
-4.3502534251968505
0
LINE
8
BLACK
6
CONTINUOUS
10
5.7716536614173224
20
-4.3502534251968505
11
5.7716611811023624
21
-4.3503592913385827
0
LINE
8
BLACK
6
CONTINUOUS
10
5.7716611811023624
20
-4.3503592913385827
11
5.771701771653543
21
-4.3504572834645669
0
LINE
8
BLACK
6
CONTINUOUS
10
5.771701771653543
20
-4.3504572834645669
11
5.7717585039370078
21
-4.3510333464566928
0
LINE
8
BLACK
6
CONTINUOUS
10
5.7717585039370078
20
-4.3510333464566928
11
5.7717585039370078
21
-4.3604071653543306
0
LINE
8
BLACK
6
CONTINUOUS
10
5.7717585039370078
20
-4.3604071653543306
11
5.771701771653543
21
-4.3609832283464565
0
LINE
8
BLACK
6
CONTINUOUS
10
5.771701771653543
20
-4.3609832283464565
11
5.7716611811023624
21
-4.361081181102362
0
LINE
8
BLACK
6
CONTINUOUS
10
5.7716611811023624
20
-4.361081181102362
11
5.7716536614173224
21
-4.3611870866141729
0
LINE
8
BLACK
6
CONTINUOUS
10
5.7716536614173224
20
-4.3611870866141729
11
5.7714467716535429
21
-4.3617276771653541
0
LINE
8
BLACK
6
CONTINUOUS
10
5.7714467716535429
20
-4.3617276771653541
11
5.7695720078740154
21
-4.3654772047244093
0
LINE
8
BLACK
6
CONTINUOUS
10
5.7695720078740154
20
-4.3654772047244093
11
5.7694159448818896
21
-4.3657250787401578
0
LINE
8
BLACK
6
CONTINUOUS
10
5.7694159448818896
20
-4.3657250787401578
11
5.7693861417322836
21
-4.3657971259842521
0
LINE
8
BLACK
6
CONTINUOUS
10
5.7693861417322836
20
-4.3657971259842521
11
5.769319606299212
21
-4.3658781496062993
0
LINE
8
BLACK
6
CONTINUOUS
10
5.769319606299212
20
-4.3658781496062993
11
5.7692636614173223
21
-4.3659670866141731
0
LINE
8
BLACK
6
CONTINUOUS
10
5.7692636614173223
20
-4.3659670866141731
11
5.7692046456692916
21
-4.3660182283464568
0
LINE
8
BLACK
6
CONTINUOUS
10
5.7692046456692916
20
-4.3660182283464568
11
5.7690188976377952
21
-4.3662446062992126
0
LINE
8
BLACK
6
CONTINUOUS
10
5.7690188976377952
20
-4.3662446062992126
11
5.7671441732283464
21
-4.3681193700787402
0
LINE
8
BLACK
6
CONTINUOUS
10
5.7671441732283464
20
-4.3681193700787402
11
5.7669177952755906
21
-4.3683051181102357
0
LINE
8
BLACK
6
CONTINUOUS
10
5.7669177952755906
20
-4.3683051181102357
11
5.7668666141732281
21
-4.368364173228346
0
LINE
8
BLACK
6
CONTINUOUS
10
5.7668666141732281
20
-4.368364173228346
11
5.7667776377952755
21
-4.3684201574803145
0
LINE
8
BLACK
6
CONTINUOUS
10
5.7667776377952755
20
-4.3684201574803145
11
5.7666966929133858
21
-4.3684866141732286
0
LINE
8
BLACK
6
CONTINUOUS
10
5.7666966929133858
20
-4.3684866141732286
11
5.7666247244094491
21
-4.3685164173228346
0
LINE
8
BLACK
6
CONTINUOUS
10
5.7666247244094491
20
-4.3685164173228346
11
5.7663767322834643
21
-4.3686725196850391
0
LINE
8
BLACK
6
CONTINUOUS
10
5.7663767322834643
20
-4.3686725196850391
11
5.7626272047244091
21
-4.3705472834645667
0
LINE
8
BLACK
6
CONTINUOUS
10
5.7626272047244091
20
-4.3705472834645667
11
5.7620865748031491
21
-4.3707541732283461
0
LINE
8
BLACK
6
CONTINUOUS
10
5.7620865748031491
20
-4.3707541732283461
11
5.7619807480314957
21
-4.3707616535433074
0
LINE
8
BLACK
6
CONTINUOUS
10
5.7619807480314957
20
-4.3707616535433074
11
5.7618827559055115
21
-4.3708022834645668
0
LINE
8
BLACK
6
CONTINUOUS
10
5.7618827559055115
20
-4.3708022834645668
11
5.7613066929133856
21
-4.3708590157480316
0
LINE
8
BLACK
6
CONTINUOUS
10
5.7613066929133856
20
-4.3708590157480316
11
5.7538076377952754
21
-4.3708590157480316
0
LINE
8
BLACK
6
CONTINUOUS
10
5.7538076377952754
20
-4.3708590157480316
11
5.7532315748031495
21
-4.3708022834645668
0
LINE
8
BLACK
6
CONTINUOUS
10
5.7532315748031495
20
-4.3708022834645668
11
5.7531335826771652
21
-4.3707616929133861
0
LINE
8
BLACK
6
CONTINUOUS
10
5.7531335826771652
20
-4.3707616929133861
11
5.7530277165354331
21
-4.3707541732283461
0
LINE
8
BLACK
6
CONTINUOUS
10
5.7530277165354331
20
-4.3707541732283461
11
5.7524871259842518
21
-4.3705472834645667
0
LINE
8
BLACK
6
CONTINUOUS
10
5.7524871259842518
20
-4.3705472834645667
11
5.7487375984251967
21
-4.3686725196850391
0
LINE
8
BLACK
6
CONTINUOUS
10
5.7487375984251967
20
-4.3686725196850391
11
5.748489566929134
21
-4.3685164173228346
0
LINE
8
BLACK
6
CONTINUOUS
10
5.748489566929134
20
-4.3685164173228346
11
5.7484176377952751
21
-4.3684866141732286
0
LINE
8
BLACK
6
CONTINUOUS
10
5.7484176377952751
20
-4.3684866141732286
11
5.7483366535433067
21
-4.3684201574803145
0
LINE
8
BLACK
6
CONTINUOUS
10
5.7483366535433067
20
-4.3684201574803145
11
5.7482477165354329
21
-4.368364173228346
0
LINE
8
BLACK
6
CONTINUOUS
10
5.7482477165354329
20
-4.368364173228346
11
5.7481964960629917
21
-4.3683051181102357
0
LINE
8
BLACK
6
CONTINUOUS
10
5.7481964960629917
20
-4.3683051181102357
11
5.7479701574803146
21
-4.3681193700787402
0
LINE
8
BLACK
6
CONTINUOUS
10
5.7479701574803146
20
-4.3681193700787402
11
5.746095393700787
21
-4.3662445669291339
0
LINE
8
BLACK
6
CONTINUOUS
10
5.746095393700787
20
-4.3662445669291339
11
5.7459096456692915
21
-4.3660182283464568
0
LINE
8
BLACK
6
CONTINUOUS
10
5.7459096456692915
20
-4.3660182283464568
11
5.7458506692913387
21
-4.3659670866141731
0
LINE
8
BLACK
6
CONTINUOUS
10
5.7458506692913387
20
-4.3659670866141731
11
5.7457946850393702
21
-4.3658781496062993
0
LINE
8
BLACK
6
CONTINUOUS
10
5.7457946850393702
20
-4.3658781496062993
11
5.7457281889763774
21
-4.3657971259842521
0
LINE
8
BLACK
6
CONTINUOUS
10
5.7457281889763774
20
-4.3657971259842521
11
5.7456983464566926
21
-4.3657250787401578
0
LINE
8
BLACK
6
CONTINUOUS
10
5.7456983464566926
20
-4.3657250787401578
11
5.7455423228346456
21
-4.3654772047244093
0
LINE
8
BLACK
6
CONTINUOUS
10
5.7455423228346456
20
-4.3654772047244093
11
5.7436675590551181
21
-4.3617276771653541
0
LINE
8
BLACK
6
CONTINUOUS
10
5.7436675590551181
20
-4.3617276771653541
11
5.7434606692913386
21
-4.3611870472440941
0
LINE
8
BLACK
6
CONTINUOUS
10
5.7434606692913386
20
-4.3611870472440941
11
5.7434531496062995
21
-4.3610812204724407
0
LINE
8
BLACK
6
CONTINUOUS
10
5.7434531496062995
20
-4.3610812204724407
11
5.7434125590551179
21
-4.3609832283464565
0
LINE
8
BLACK
6
CONTINUOUS
10
5.7434125590551179
20
-4.3609832283464565
11
5.7433558267716531
21
-4.3604071653543306
0
LINE
8
BLACK
6
CONTINUOUS
10
5.7433558267716531
20
-4.3604071653543306
11
5.7433558267716531
21
-4.3454090551181102
0
LINE
8
BLACK
6
CONTINUOUS
10
5.7433558267716531
20
-4.3454090551181102
11
5.7433657086614174
21
-4.3453085039370078
0
LINE
8
BLACK
6
CONTINUOUS
10
5.7433657086614174
20
-4.3453085039370078
11
5.7433593307086612
21
-4.3452655118110233
0
LINE
8
BLACK
6
CONTINUOUS
10
5.7433593307086612
20
-4.3452655118110233
11
5.7433911811023624
21
-4.3450499999999996
0
LINE
8
BLACK
6
CONTINUOUS
10
5.7433911811023624
20
-4.3450499999999996
11
5.7434125590551179
21
-4.3448329921259843
0
LINE
8
BLACK
6
CONTINUOUS
10
5.7434125590551179
20
-4.3448329921259843
11
5.7434291732283462
21
-4.3447927559055115
0
LINE
8
BLACK
6
CONTINUOUS
10
5.7434291732283462
20
-4.3447927559055115
11
5.7434439763779528
21
-4.3446929133858267
0
LINE
8
BLACK
6
CONTINUOUS
10
5.7434439763779528
20
-4.3446929133858267
11
5.7453187401574803
21
-4.3371938582677165
0
LINE
8
BLACK
6
CONTINUOUS
10
5.7453187401574803
20
-4.3371938582677165
11
5.7454399999999994
21
-4.3368543700787399
0
LINE
8
BLACK
6
CONTINUOUS
10
5.7454399999999994
20
-4.3368543700787399
11
5.745454173228346
21
-4.3367828740157481
0
LINE
8
BLACK
6
CONTINUOUS
10
5.745454173228346
20
-4.3367828740157481
11
5.7454887401574801
21
-4.3367179921259842
0
LINE
8
BLACK
6
CONTINUOUS
10
5.7454887401574801
20
-4.3367179921259842
11
5.7455135039370075
21
-4.3366487401574805
0
LINE
8
BLACK
6
CONTINUOUS
10
5.7455135039370075
20
-4.3366487401574805
11
5.7455569291338584
21
-4.3365901181102364
0
LINE
8
BLACK
6
CONTINUOUS
10
5.7455569291338584
20
-4.3365901181102364
11
5.7457264960629919
21
-4.3362720866141728
0
LINE
8
BLACK
6
CONTINUOUS
10
5.7457264960629919
20
-4.3362720866141728
11
5.749476023622047
21
-4.3306477952755902
0
LINE
8
BLACK
6
CONTINUOUS
10
5.749476023622047
20
-4.3306477952755902
11
5.7494773622047246
21
-4.3306461023622047
0
LINE
8
BLACK
6
CONTINUOUS
10
5.7494773622047246
20
-4.3306461023622047
11
5.7494777559055112
21
-4.3306452362204721
0
LINE
8
BLACK
6
CONTINUOUS
10
5.7494777559055112
20
-4.3306452362204721
11
5.7496544488188972
21
-4.3304299212598423
0
LINE
8
BLACK
6
CONTINUOUS
10
5.7496544488188972
20
-4.3304299212598423
11
5.7498427952755904
21
-4.3301999606299209
0
LINE
8
BLACK
6
CONTINUOUS
10
5.7498427952755904
20
-4.3301999606299209
11
5.7498436220472442
21
-4.3301993700787405
0
LINE
8
BLACK
6
CONTINUOUS
10
5.7498436220472442
20
-4.3301993700787405
11
5.7498449606299209
21
-4.3301977952755903
0
LINE
8
BLACK
6
CONTINUOUS
10
5.7498449606299209
20
-4.3301977952755903
11
5.7517197244094485
21
-4.3283230314960628
0
LINE
8
BLACK
6
CONTINUOUS
10
5.7517197244094485
20
-4.3283230314960628
11
5.7519460629921255
21
-4.3281372440944885
0
LINE
8
BLACK
6
CONTINUOUS
10
5.7519460629921255
20
-4.3281372440944885
11
5.751997244094488
21
-4.3280782677165357
0
LINE
8
BLACK
6
CONTINUOUS
10
5.751997244094488
20
-4.3280782677165357
11
5.7520861811023618
21
-4.3280222834645672
0
LINE
8
BLACK
6
CONTINUOUS
10
5.7520861811023618
20
-4.3280222834645672
11
5.7521671653543303
21
-4.3279558267716531
0
LINE
8
BLACK
6
CONTINUOUS
10
5.7521671653543303
20
-4.3279558267716531
11
5.7522390944881892
21
-4.3279259842519684
0
LINE
8
BLACK
6
CONTINUOUS
10
5.7522390944881892
20
-4.3279259842519684
11
5.7524871259842518
21
-4.3277699212598426
0
LINE
8
BLACK
6
CONTINUOUS
10
5.7524871259842518
20
-4.3277699212598426
11
5.7562366535433069
21
-4.3258951574803151
0
LINE
8
BLACK
6
CONTINUOUS
10
5.7562366535433069
20
-4.3258951574803151
11
5.7567772440944882
21
-4.3256882677165356
0
LINE
8
BLACK
6
CONTINUOUS
10
5.7567772440944882
20
-4.3256882677165356
11
5.7568831102362203
21
-4.3256807086614169
0
LINE
8
BLACK
6
CONTINUOUS
10
5.7568831102362203
20
-4.3256807086614169
11
5.7569811023622046
21
-4.3256401574803149
0
LINE
8
BLACK
6
CONTINUOUS
10
5.7569811023622046
20
-4.3256401574803149
11
5.7575571653543305
21
-4.3255834251968501
0
LINE
8
BLACK
6
CONTINUOUS
10
5.7575571653543305
20
-4.3255834251968501
11
5.7650562204724407
21
-4.3255834251968501
0
LINE
8
BLACK
6
CONTINUOUS
10
5.7650562204724407
20
-4.3255834251968501
11
5.7656322834645666
21
-4.3256401574803149
0
LINE
8
BLACK
6
CONTINUOUS
10
5.7518072047244093
20
-4.3478357874015749
11
5.7506100787401575
21
-4.3490329133858268
0
LINE
8
BLACK
6
CONTINUOUS
10
5.7506100787401575
20
-4.3490329133858268
11
5.7492613385826772
21
-4.3517303937007874
0
LINE
8
BLACK
6
CONTINUOUS
10
5.7492613385826772
20
-4.3517303937007874
11
5.7492613385826772
21
-4.359710118110236
0
LINE
8
BLACK
6
CONTINUOUS
10
5.7492613385826772
20
-4.359710118110236
11
5.7506100787401575
21
-4.3624075984251967
0
LINE
8
BLACK
6
CONTINUOUS
10
5.7506100787401575
20
-4.3624075984251967
11
5.7518072047244093
21
-4.3636047637795272
0
LINE
8
BLACK
6
CONTINUOUS
10
5.7518072047244093
20
-4.3636047637795272
11
5.75450468503937
21
-4.3649535039370075
0
LINE
8
BLACK
6
CONTINUOUS
10
5.75450468503937
20
-4.3649535039370075
11
5.760609645669291
21
-4.3649535039370075
0
LINE
8
BLACK
6
CONTINUOUS
10
5.760609645669291
20
-4.3649535039370075
11
5.7633070866141729
21
-4.3636047637795272
0
LINE
8
BLACK
6
CONTINUOUS
10
5.7633070866141729
20
-4.3636047637795272
11
5.7645042125984247
21
-4.3624075984251967
0
LINE
8
BLACK
6
CONTINUOUS
10
5.7645042125984247
20
-4.3624075984251967
11
5.7658529921259838
21
-4.359710118110236
0
LINE
8
BLACK
6
CONTINUOUS
10
5.7658529921259838
20
-4.359710118110236
11
5.7658529921259838
21
-4.3517303937007874
0
LINE
8
BLACK
6
CONTINUOUS
10
5.7658529921259838
20
-4.3517303937007874
11
5.7645042519685035
21
-4.3490329133858268
0
LINE
8
BLACK
6
CONTINUOUS
10
5.7645042519685035
20
-4.3490329133858268
11
5.7633071259842517
21
-4.3478357874015749
0
LINE
8
BLACK
6
CONTINUOUS
10
5.7633071259842517
20
-4.3478357874015749
11
5.760609645669291
21
-4.3464870472440946
0
LINE
8
BLACK
6
CONTINUOUS
10
5.760609645669291
20
-4.3464870472440946
11
5.75450468503937
21
-4.3464870472440946
0
LINE
8
BLACK
6
CONTINUOUS
10
5.75450468503937
20
-4.3464870472440946
11
5.7518072047244093
21
-4.3478357874015749
0
LINE
8
BLACK
6
CONTINUOUS
10
5.9795328346456689
20
-4.2517246456692916
11
5.9805981889763782
21
-4.2527900000000001
0
LINE
8
BLACK
6
CONTINUOUS
10
5.9805981889763782
20
-4.2527900000000001
11
5.9807480314960628
21
-4.2535433070866144
0
LINE
8
BLACK
6
CONTINUOUS
10
5.9807480314960628
20
-4.2535433070866144
11
5.9807480314960628
21
-4.4129921259842515
0
LINE
8
BLACK
6
CONTINUOUS
10
5.9807480314960628
20
-4.4129921259842515
11
5.9805981889763782
21
-4.4137454330708659
0
LINE
8
BLACK
6
CONTINUOUS
10
5.9805981889763782
20
-4.4137454330708659
11
5.9795328346456689
21
-4.4148107874015743
0
LINE
8
BLACK
6
CONTINUOUS
10
5.9795328346456689
20
-4.4148107874015743
11
5.9787795275590554
21
-4.4149606299212598
0
LINE
8
BLACK
6
CONTINUOUS
10
5.9787795275590554
20
-4.4149606299212598
11
5.5063385826771656
21
-4.4149606299212598
0
LINE
8
BLACK
6
CONTINUOUS
10
5.5063385826771656
20
-4.4149606299212598
11
5.5055852755905512
21
-4.4148107874015743
0
LINE
8
BLACK
6
CONTINUOUS
10
5.5055852755905512
20
-4.4148107874015743
11
5.5045199212598428
21
-4.4137454330708659
0
LINE
8
BLACK
6
CONTINUOUS
10
5.5045199212598428
20
-4.4137454330708659
11
5.5043700787401573
21
-4.4129921259842515
0
LINE
8
BLACK
6
CONTINUOUS
10
5.5043700787401573
20
-4.4129921259842515
11
5.5043700787401573
21
-4.2535433070866144
0
LINE
8
BLACK
6
CONTINUOUS
10
5.5043700787401573
20
-4.2535433070866144
11
5.5045199212598428
21
-4.2527900000000001
0
LINE
8
BLACK
6
CONTINUOUS
10
5.5045199212598428
20
-4.2527900000000001
11
5.5055852755905512
21
-4.2517246456692916
0
LINE
8
BLACK
6
CONTINUOUS
10
5.5055852755905512
20
-4.2517246456692916
11
5.5063385826771656
21
-4.2515748031496061
0
LINE
8
BLACK
6
CONTINUOUS
10
5.5063385826771656
20
-4.2515748031496061
11
5.9787795275590554
21
-4.2515748031496061
0
LINE
8
BLACK
6
CONTINUOUS
10
5.9787795275590554
20
-4.2515748031496061
11
5.9795328346456689
21
-4.2517246456692916
0
LINE
8
BLACK
6
CONTINUOUS
10
5.508307086614173
20
-4.2555118110236219
11
5.508307086614173
21
-4.4110236220472441
0
LINE
8
BLACK
6
CONTINUOUS
10
5.508307086614173
20
-4.4110236220472441
11
5.8694928346456692
21
-4.4110236220472441
0
LINE
8
BLACK
6
CONTINUOUS
10
5.8694928346456692
20
-4.4110236220472441
11
5.8885895669291335
21
-4.3840167322834649
0
LINE
8
BLACK
6
CONTINUOUS
10
5.8885895669291335
20
-4.3840167322834649
11
5.8891468503937006
21
-4.3834881889763775
0
LINE
8
BLACK
6
CONTINUOUS
10
5.8891468503937006
20
-4.3834881889763775
11
5.8894832677165354
21
-4.383430433070866
0
LINE
8
BLACK
6
CONTINUOUS
10
5.8894832677165354
20
-4.383430433070866
11
5.8897619291338579
21
-4.3832334251968499
0
LINE
8
BLACK
6
CONTINUOUS
10
5.8897619291338579
20
-4.3832334251968499
11
5.8901967716535433
21
-4.3833080314960631
0
LINE
8
BLACK
6
CONTINUOUS
10
5.8901967716535433
20
-4.3833080314960631
11
5.8906318110236215
21
-4.3832333858267711
0
LINE
8
BLACK
6
CONTINUOUS
10
5.8906318110236215
20
-4.3832333858267711
11
5.8909105511811024
21
-4.3834304724409447
0
LINE
8
BLACK
6
CONTINUOUS
10
5.8909105511811024
20
-4.3834304724409447
11
5.891246850393701
21
-4.3834881889763775
0
LINE
8
BLACK
6
CONTINUOUS
10
5.891246850393701
20
-4.3834881889763775
11
5.8918041338582672
21
-4.3840167322834649
0
LINE
8
BLACK
6
CONTINUOUS
10
5.8918041338582672
20
-4.3840167322834649
11
5.9109008661417324
21
-4.4110236220472441
0
LINE
8
BLACK
6
CONTINUOUS
10
5.9109008661417324
20
-4.4110236220472441
11
5.9768110236220471
21
-4.4110236220472441
0
LINE
8
BLACK
6
CONTINUOUS
10
5.9768110236220471
20
-4.4110236220472441
11
5.9768110236220471
21
-4.2555118110236219
0
LINE
8
BLACK
6
CONTINUOUS
10
5.9768110236220471
20
-4.2555118110236219
11
5.508307086614173
21
-4.2555118110236219
0
LINE
8
BLACK
6
CONTINUOUS
10
5.8743146850393702
20
-4.4110236220472441
11
5.9060790157480314
21
-4.4110236220472441
0
LINE
8
BLACK
6
CONTINUOUS
10
5.9060790157480314
20
-4.4110236220472441
11
5.890196811023622
21
-4.3885627952755906
0
LINE
8
BLACK
6
CONTINUOUS
10
5.890196811023622
20
-4.3885627952755906
11
5.8743146850393702
21
-4.4110236220472441
0
LINE
8
BLACK
6
CONTINUOUS
10
6.2366076377952755
20
-4.3260810629921256
11
6.237422283464567
21
-4.326895708661417
0
LINE
8
BLACK
6
CONTINUOUS
10
6.237422283464567
20
-4.326895708661417
11
6.2378631889763776
21
-4.3279601181102363
0
LINE
8
BLACK
6
CONTINUOUS
10
6.2378631889763776
20
-4.3279601181102363
11
6.2379199212598424
21
-4.3285361811023622
0
LINE
8
BLACK
6
CONTINUOUS
10
6.2379199212598424
20
-4.3285361811023622
11
6.2379199212598424
21
-4.3566576377952755
0
LINE
8
BLACK
6
CONTINUOUS
10
6.2379199212598424
20
-4.3566576377952755
11
6.2378911811023618
21
-4.3569492125984253
0
LINE
8
BLACK
6
CONTINUOUS
10
6.2378911811023618
20
-4.3569492125984253
11
6.2378967322834642
21
-4.3570269685039369
0
LINE
8
BLACK
6
CONTINUOUS
10
6.2378967322834642
20
-4.3570269685039369
11
6.2378734645669294
21
-4.3571292125984247
0
LINE
8
BLACK
6
CONTINUOUS
10
6.2378734645669294
20
-4.3571292125984247
11
6.2378631889763776
21
-4.3572337007874014
0
LINE
8
BLACK
6
CONTINUOUS
10
6.2378631889763776
20
-4.3572337007874014
11
6.2378333070866141
21
-4.3573057480314956
0
LINE
8
BLACK
6
CONTINUOUS
10
6.2378333070866141
20
-4.3573057480314956
11
6.2377683858267714
21
-4.3575914173228343
0
LINE
8
BLACK
6
CONTINUOUS
10
6.2377683858267714
20
-4.3575914173228343
11
6.2358936220472438
21
-4.3632156692913382
0
LINE
8
BLACK
6
CONTINUOUS
10
6.2358936220472438
20
-4.3632156692913382
11
6.235657637795275
21
-4.3637442519685035
0
LINE
8
BLACK
6
CONTINUOUS
10
6.235657637795275
20
-4.3637442519685035
11
6.2355881102362201
21
-4.3638243700787402
0
LINE
8
BLACK
6
CONTINUOUS
10
6.2355881102362201
20
-4.3638243700787402
11
6.2355475590551181
21
-4.3639223622047245
0
LINE
8
BLACK
6
CONTINUOUS
10
6.2355475590551181
20
-4.3639223622047245
11
6.2351803543307085
21
-4.3643698031496063
0
LINE
8
BLACK
6
CONTINUOUS
10
6.2351803543307085
20
-4.3643698031496063
11
6.2314307874015746
21
-4.3681194094488189
0
LINE
8
BLACK
6
CONTINUOUS
10
6.2314307874015746
20
-4.3681194094488189
11
6.2309833464566928
21
-4.3684866141732286
0
LINE
8
BLACK
6
CONTINUOUS
10
6.2309833464566928
20
-4.3684866141732286
11
6.2308852755905511
21
-4.3685272047244093
0
LINE
8
BLACK
6
CONTINUOUS
10
6.2308852755905511
20
-4.3685272047244093
11
6.2308051574803152
21
-4.3685967322834642
0
LINE
8
BLACK
6
CONTINUOUS
10
6.2308051574803152
20
-4.3685967322834642
11
6.2302766141732286
21
-4.368832716535433
0
LINE
8
BLACK
6
CONTINUOUS
10
6.2302766141732286
20
-4.368832716535433
11
6.2246523228346451
21
-4.3707074803149606
0
LINE
8
BLACK
6
CONTINUOUS
10
6.2246523228346451
20
-4.3707074803149606
11
6.2243667322834648
21
-4.3707724015748033
0
LINE
8
BLACK
6
CONTINUOUS
10
6.2243667322834648
20
-4.3707724015748033
11
6.2242946456692909
21
-4.3708022834645668
0
LINE
8
BLACK
6
CONTINUOUS
10
6.2242946456692909
20
-4.3708022834645668
11
6.2241901181102364
21
-4.3708125590551177
0
LINE
8
BLACK
6
CONTINUOUS
10
6.2241901181102364
20
-4.3708125590551177
11
6.2240878740157477
21
-4.3708358267716534
0
LINE
8
BLACK
6
CONTINUOUS
10
6.2240878740157477
20
-4.3708358267716534
11
6.2240101181102361
21
-4.370830275590551
0
LINE
8
BLACK
6
CONTINUOUS
10
6.2240101181102361
20
-4.370830275590551
11
6.223718582677165
21
-4.3708590157480316
0
LINE
8
BLACK
6
CONTINUOUS
10
6.223718582677165
20
-4.3708590157480316
11
6.2199690551181099
21
-4.3708590157480316
0
LINE
8
BLACK
6
CONTINUOUS
10
6.2199690551181099
20
-4.3708590157480316
11
6.2193929921259841
21
-4.3708022834645668
0
LINE
8
BLACK
6
CONTINUOUS
10
6.2193929921259841
20
-4.3708022834645668
11
6.2183285826771648
21
-4.3703613779527561
0
LINE
8
BLACK
6
CONTINUOUS
10
6.2183285826771648
20
-4.3703613779527561
11
6.2175139370078742
21
-4.3695467322834647
0
LINE
8
BLACK
6
CONTINUOUS
10
6.2175139370078742
20
-4.3695467322834647
11
6.2170730314960627
21
-4.3684823228346454
0
LINE
8
BLACK
6
CONTINUOUS
10
6.2170730314960627
20
-4.3684823228346454
11
6.2170730314960627
21
-4.3673301968503937
0
LINE
8
BLACK
6
CONTINUOUS
10
6.2170730314960627
20
-4.3673301968503937
11
6.2175139370078742
21
-4.3662657874015744
0
LINE
8
BLACK
6
CONTINUOUS
10
6.2175139370078742
20
-4.3662657874015744
11
6.2183285826771648
21
-4.365451141732283
0
LINE
8
BLACK
6
CONTINUOUS
10
6.2183285826771648
20
-4.365451141732283
11
6.2193929921259841
21
-4.3650102362204724
0
LINE
8
BLACK
6
CONTINUOUS
10
6.2193929921259841
20
-4.3650102362204724
11
6.2199690551181099
21
-4.3649535039370075
0
LINE
8
BLACK
6
CONTINUOUS
10
6.2199690551181099
20
-4.3649535039370075
11
6.2232394488188971
21
-4.3649535039370075
0
LINE
8
BLACK
6
CONTINUOUS
10
6.2232394488188971
20
-4.3649535039370075
11
6.2277478346456689
21
-4.3634506692913382
0
LINE
8
BLACK
6
CONTINUOUS
10
6.2277478346456689
20
-4.3634506692913382
11
6.2305115748031499
21
-4.3606868897637794
0
LINE
8
BLACK
6
CONTINUOUS
10
6.2305115748031499
20
-4.3606868897637794
11
6.2320144094488183
21
-4.3561785039370076
0
LINE
8
BLACK
6
CONTINUOUS
10
6.2320144094488183
20
-4.3561785039370076
11
6.2320144094488183
21
-4.3285361811023622
0
LINE
8
BLACK
6
CONTINUOUS
10
6.2320144094488183
20
-4.3285361811023622
11
6.2320711417322832
21
-4.3279601181102363
0
LINE
8
BLACK
6
CONTINUOUS
10
6.2320711417322832
20
-4.3279601181102363
11
6.2325120472440947
21
-4.326895708661417
0
LINE
8
BLACK
6
CONTINUOUS
10
6.2325120472440947
20
-4.326895708661417
11
6.2333266929133853
21
-4.3260810629921256
0
LINE
8
BLACK
6
CONTINUOUS
10
6.2333266929133853
20
-4.3260810629921256
11
6.2343911023622045
21
-4.3256401574803149
0
LINE
8
BLACK
6
CONTINUOUS
10
6.2343911023622045
20
-4.3256401574803149
11
6.2355432283464562
21
-4.3256401574803149
0
LINE
8
BLACK
6
CONTINUOUS
10
6.2355432283464562
20
-4.3256401574803149
11
6.2366076377952755
21
-4.3260810629921256
0
LINE
8
BLACK
6
CONTINUOUS
10
6.2730385433070861
20
-4.3256401574803149
11
6.2741029527559053
21
-4.3260810629921256
0
LINE
8
BLACK
6
CONTINUOUS
10
6.2741029527559053
20
-4.3260810629921256
11
6.2749175984251968
21
-4.326895708661417
0
LINE
8
BLACK
6
CONTINUOUS
10
6.2749175984251968
20
-4.326895708661417
11
6.2753585039370074
21
-4.3279601181102363
0
LINE
8
BLACK
6
CONTINUOUS
10
6.2753585039370074
20
-4.3279601181102363
11
6.2753585039370074
21
-4.329112244094488
0
LINE
8
BLACK
6
CONTINUOUS
10
6.2753585039370074
20
-4.329112244094488
11
6.2749175984251968
21
-4.3301766535433073
0
LINE
8
BLACK
6
CONTINUOUS
10
6.2749175984251968
20
-4.3301766535433073
11
6.2741029527559053
21
-4.3309912992125987
0
LINE
8
BLACK
6
CONTINUOUS
10
6.2741029527559053
20
-4.3309912992125987
11
6.2730385433070861
21
-4.3314322047244094
0
LINE
8
BLACK
6
CONTINUOUS
10
6.2730385433070861
20
-4.3314322047244094
11
6.2724624803149602
21
-4.3314889370078742
0
LINE
8
BLACK
6
CONTINUOUS
10
6.2724624803149602
20
-4.3314889370078742
11
6.2563870472440941
21
-4.3314889370078742
0
LINE
8
BLACK
6
CONTINUOUS
10
6.2563870472440941
20
-4.3314889370078742
11
6.255409921259842
21
-4.3412601968503939
0
LINE
8
BLACK
6
CONTINUOUS
10
6.255409921259842
20
-4.3412601968503939
11
6.2561438582677162
21
-4.3408932677165355
0
LINE
8
BLACK
6
CONTINUOUS
10
6.2561438582677162
20
-4.3408932677165355
11
6.2566844488188975
21
-4.340686377952756
0
LINE
8
BLACK
6
CONTINUOUS
10
6.2566844488188975
20
-4.340686377952756
11
6.2567903149606297
21
-4.3406788188976373
0
LINE
8
BLACK
6
CONTINUOUS
10
6.2567903149606297
20
-4.3406788188976373
11
6.2568883070866139
21
-4.3406382677165354
0
LINE
8
BLACK
6
CONTINUOUS
10
6.2568883070866139
20
-4.3406382677165354
11
6.2574643700787398
21
-4.3405815354330706
0
LINE
8
BLACK
6
CONTINUOUS
10
6.2574643700787398
20
-4.3405815354330706
11
6.2668381889763776
21
-4.3405815354330706
0
LINE
8
BLACK
6
CONTINUOUS
10
6.2668381889763776
20
-4.3405815354330706
11
6.2674142519685034
21
-4.3406382677165354
0
LINE
8
BLACK
6
CONTINUOUS
10
6.2674142519685034
20
-4.3406382677165354
11
6.2675122440944877
21
-4.340678858267716
0
LINE
8
BLACK
6
CONTINUOUS
10
6.2675122440944877
20
-4.340678858267716
11
6.267618070866142
21
-4.340686377952756
0
LINE
8
BLACK
6
CONTINUOUS
10
6.267618070866142
20
-4.340686377952756
11
6.2681587007874011
21
-4.3408932677165355
0
LINE
8
BLACK
6
CONTINUOUS
10
6.2681587007874011
20
-4.3408932677165355
11
6.2719082283464562
21
-4.3427680314960631
0
LINE
8
BLACK
6
CONTINUOUS
10
6.2719082283464562
20
-4.3427680314960631
11
6.272156220472441
21
-4.3429240944881888
0
LINE
8
BLACK
6
CONTINUOUS
10
6.272156220472441
20
-4.3429240944881888
11
6.2722281889763778
21
-4.3429539370078736
0
LINE
8
BLACK
6
CONTINUOUS
10
6.2722281889763778
20
-4.3429539370078736
11
6.2723091338582675
21
-4.3430203937007876
0
LINE
8
BLACK
6
CONTINUOUS
10
6.2723091338582675
20
-4.3430203937007876
11
6.2723981102362201
21
-4.3430763779527561
0
LINE
8
BLACK
6
CONTINUOUS
10
6.2723981102362201
20
-4.3430763779527561
11
6.2724492519685038
21
-4.343135354330709
0
LINE
8
BLACK
6
CONTINUOUS
10
6.2724492519685038
20
-4.343135354330709
11
6.2726756299212596
21
-4.3433211417322832
0
LINE
8
BLACK
6
CONTINUOUS
10
6.2726756299212596
20
-4.3433211417322832
11
6.2745503937007872
21
-4.3451959055118108
0
LINE
8
BLACK
6
CONTINUOUS
10
6.2745503937007872
20
-4.3451959055118108
11
6.2747361417322836
21
-4.3454222440944879
0
LINE
8
BLACK
6
CONTINUOUS
10
6.2747361417322836
20
-4.3454222440944879
11
6.2747951574803151
21
-4.3454734251968503
0
LINE
8
BLACK
6
CONTINUOUS
10
6.2747951574803151
20
-4.3454734251968503
11
6.2748511023622049
21
-4.3455623622047241
0
LINE
8
BLACK
6
CONTINUOUS
10
6.2748511023622049
20
-4.3455623622047241
11
6.2749175984251968
21
-4.3456433464566926
0
LINE
8
BLACK
6
CONTINUOUS
10
6.2749175984251968
20
-4.3456433464566926
11
6.2749474015748028
21
-4.3457152755905515
0
LINE
8
BLACK
6
CONTINUOUS
10
6.2749474015748028
20
-4.3457152755905515
11
6.2751035039370073
21
-4.3459633070866142
0
LINE
8
BLACK
6
CONTINUOUS
10
6.2751035039370073
20
-4.3459633070866142
11
6.2769782677165349
21
-4.3497128346456693
0
LINE
8
BLACK
6
CONTINUOUS
10
6.2769782677165349
20
-4.3497128346456693
11
6.2771851574803152
21
-4.3502534251968505
0
LINE
8
BLACK
6
CONTINUOUS
10
6.2771851574803152
20
-4.3502534251968505
11
6.2771926771653543
21
-4.3503592913385827
0
LINE
8
BLACK
6
CONTINUOUS
10
6.2771926771653543
20
-4.3503592913385827
11
6.277233267716535
21
-4.3504572834645669
0
LINE
8
BLACK
6
CONTINUOUS
10
6.277233267716535
20
-4.3504572834645669
11
6.2772899999999998
21
-4.3510333464566928
0
LINE
8
BLACK
6
CONTINUOUS
10
6.2772899999999998
20
-4.3510333464566928
11
6.2772899999999998
21
-4.3604071653543306
0
LINE
8
BLACK
6
CONTINUOUS
10
6.2772899999999998
20
-4.3604071653543306
11
6.277233267716535
21
-4.3609832283464565
0
LINE
8
BLACK
6
CONTINUOUS
10
6.277233267716535
20
-4.3609832283464565
11
6.2771926771653543
21
-4.361081181102362
0
LINE
8
BLACK
6
CONTINUOUS
10
6.2771926771653543
20
-4.361081181102362
11
6.2771851574803152
21
-4.3611870866141729
0
LINE
8
BLACK
6
CONTINUOUS
10
6.2771851574803152
20
-4.3611870866141729
11
6.2769782677165349
21
-4.3617276771653541
0
LINE
8
BLACK
6
CONTINUOUS
10
6.2769782677165349
20
-4.3617276771653541
11
6.2751035039370073
21
-4.3654772047244093
0
LINE
8
BLACK
6
CONTINUOUS
10
6.2751035039370073
20
-4.3654772047244093
11
6.2749474409448815
21
-4.3657250787401578
0
LINE
8
BLACK
6
CONTINUOUS
10
6.2749474409448815
20
-4.3657250787401578
11
6.2749176377952756
21
-4.3657971259842521
0
LINE
8
BLACK
6
CONTINUOUS
10
6.2749176377952756
20
-4.3657971259842521
11
6.2748511023622049
21
-4.3658781496062993
0
LINE
8
BLACK
6
CONTINUOUS
10
6.2748511023622049
20
-4.3658781496062993
11
6.2747951574803151
21
-4.3659670866141731
0
LINE
8
BLACK
6
CONTINUOUS
10
6.2747951574803151
20
-4.3659670866141731
11
6.2747361417322836
21
-4.3660182283464568
0
LINE
8
BLACK
6
CONTINUOUS
10
6.2747361417322836
20
-4.3660182283464568
11
6.2745503937007872
21
-4.3662446062992126
0
LINE
8
BLACK
6
CONTINUOUS
10
6.2745503937007872
20
-4.3662446062992126
11
6.2726756692913384
21
-4.3681193700787402
0
LINE
8
BLACK
6
CONTINUOUS
10
6.2726756692913384
20
-4.3681193700787402
11
6.2724492913385825
21
-4.3683051181102357
0
LINE
8
BLACK
6
CONTINUOUS
10
6.2724492913385825
20
-4.3683051181102357
11
6.2723981102362201
21
-4.368364173228346
0
LINE
8
BLACK
6
CONTINUOUS
10
6.2723981102362201
20
-4.368364173228346
11
6.2723091338582675
21
-4.3684201574803145
0
LINE
8
BLACK
6
CONTINUOUS
10
6.2723091338582675
20
-4.3684201574803145
11
6.2722281889763778
21
-4.3684866141732286
0
LINE
8
BLACK
6
CONTINUOUS
10
6.2722281889763778
20
-4.3684866141732286
11
6.272156220472441
21
-4.3685164173228346
0
LINE
8
BLACK
6
CONTINUOUS
10
6.272156220472441
20
-4.3685164173228346
11
6.2719082283464562
21
-4.3686725196850391
0
LINE
8
BLACK
6
CONTINUOUS
10
6.2719082283464562
20
-4.3686725196850391
11
6.2681587007874011
21
-4.3705472834645667
0
LINE
8
BLACK
6
CONTINUOUS
10
6.2681587007874011
20
-4.3705472834645667
11
6.267618070866142
21
-4.3707541732283461
0
LINE
8
BLACK
6
CONTINUOUS
10
6.267618070866142
20
-4.3707541732283461
11
6.2675122440944877
21
-4.3707616535433074
0
LINE
8
BLACK
6
CONTINUOUS
10
6.2675122440944877
20
-4.3707616535433074
11
6.2674142519685034
21
-4.3708022834645668
0
LINE
8
BLACK
6
CONTINUOUS
10
6.2674142519685034
20
-4.3708022834645668
11
6.2668381889763776
21
-4.3708590157480316
0
LINE
8
BLACK
6
CONTINUOUS
10
6.2668381889763776
20
-4.3708590157480316
11
6.2574643700787398
21
-4.3708590157480316
0
LINE
8
BLACK
6
CONTINUOUS
10
6.2574643700787398
20
-4.3708590157480316
11
6.2568883070866139
21
-4.3708022834645668
0
LINE
8
BLACK
6
CONTINUOUS
10
6.2568883070866139
20
-4.3708022834645668
11
6.2567903149606297
21
-4.3707616929133861
0
LINE
8
BLACK
6
CONTINUOUS
10
6.2567903149606297
20
-4.3707616929133861
11
6.2566844488188975
21
-4.3707541732283461
0
LINE
8
BLACK
6
CONTINUOUS
10
6.2566844488188975
20
-4.3707541732283461
11
6.2561438582677162
21
-4.3705472834645667
0
LINE
8
BLACK
6
CONTINUOUS
10
6.2561438582677162
20
-4.3705472834645667
11
6.2523943307086611
21
-4.3686725196850391
0
LINE
8
BLACK
6
CONTINUOUS
10
6.2523943307086611
20
-4.3686725196850391
11
6.2521462992125985
21
-4.3685164173228346
0
LINE
8
BLACK
6
CONTINUOUS
10
6.2521462992125985
20
-4.3685164173228346
11
6.2520743700787405
21
-4.3684866141732286
0
LINE
8
BLACK
6
CONTINUOUS
10
6.2520743700787405
20
-4.3684866141732286
11
6.2519933858267711
21
-4.3684201574803145
0
LINE
8
BLACK
6
CONTINUOUS
10
6.2519933858267711
20
-4.3684201574803145
11
6.2519044488188973
21
-4.368364173228346
0
LINE
8
BLACK
6
CONTINUOUS
10
6.2519044488188973
20
-4.368364173228346
11
6.251853228346457
21
-4.3683051181102357
0
LINE
8
BLACK
6
CONTINUOUS
10
6.251853228346457
20
-4.3683051181102357
11
6.251626889763779
21
-4.3681193700787402
0
LINE
8
BLACK
6
CONTINUOUS
10
6.251626889763779
20
-4.3681193700787402
11
6.2497521259842514
21
-4.3662445669291339
0
LINE
8
BLACK
6
CONTINUOUS
10
6.2497521259842514
20
-4.3662445669291339
11
6.2493849212598427
21
-4.3657971259842521
0
LINE
8
BLACK
6
CONTINUOUS
10
6.2493849212598427
20
-4.3657971259842521
11
6.2489440551181099
21
-4.3647327165354328
0
LINE
8
BLACK
6
CONTINUOUS
10
6.2489440551181099
20
-4.3647327165354328
11
6.2489440551181099
21
-4.3635806299212598
0
LINE
8
BLACK
6
CONTINUOUS
10
6.2489440551181099
20
-4.3635806299212598
11
6.2493849606299214
21
-4.3625162204724406
0
LINE
8
BLACK
6
CONTINUOUS
10
6.2493849606299214
20
-4.3625162204724406
11
6.2501996456692908
21
-4.3617015354330704
0
LINE
8
BLACK
6
CONTINUOUS
10
6.2501996456692908
20
-4.3617015354330704
11
6.25126405511811
21
-4.3612606692913385
0
LINE
8
BLACK
6
CONTINUOUS
10
6.25126405511811
20
-4.3612606692913385
11
6.252416141732283
21
-4.3612606692913385
0
LINE
8
BLACK
6
CONTINUOUS
10
6.252416141732283
20
-4.3612606692913385
11
6.2534805511811022
21
-4.3617015748031491
0
LINE
8
BLACK
6
CONTINUOUS
10
6.2534805511811022
20
-4.3617015748031491
11
6.2539280314960628
21
-4.3620688188976375
0
LINE
8
BLACK
6
CONTINUOUS
10
6.2539280314960628
20
-4.3620688188976375
11
6.2554639370078737
21
-4.3636047637795272
0
LINE
8
BLACK
6
CONTINUOUS
10
6.2554639370078737
20
-4.3636047637795272
11
6.2581614173228344
21
-4.3649535039370075
0
LINE
8
BLACK
6
CONTINUOUS
10
6.2581614173228344
20
-4.3649535039370075
11
6.266141141732283
21
-4.3649535039370075
0
LINE
8
BLACK
6
CONTINUOUS
10
6.266141141732283
20
-4.3649535039370075
11
6.2688385826771649
21
-4.3636047637795272
0
LINE
8
BLACK
6
CONTINUOUS
10
6.2688385826771649
20
-4.3636047637795272
11
6.2700357086614176
21
-4.3624075984251967
0
LINE
8
BLACK
6
CONTINUOUS
10
6.2700357086614176
20
-4.3624075984251967
11
6.2713844881889766
21
-4.359710118110236
0
LINE
8
BLACK
6
CONTINUOUS
10
6.2713844881889766
20
-4.359710118110236
11
6.2713844881889766
21
-4.3517303937007874
0
LINE
8
BLACK
6
CONTINUOUS
10
6.2713844881889766
20
-4.3517303937007874
11
6.2700357480314963
21
-4.3490329133858268
0
LINE
8
BLACK
6
CONTINUOUS
10
6.2700357480314963
20
-4.3490329133858268
11
6.2688386220472436
21
-4.3478357874015749
0
LINE
8
BLACK
6
CONTINUOUS
10
6.2688386220472436
20
-4.3478357874015749
11
6.266141141732283
21
-4.3464870472440946
0
LINE
8
BLACK
6
CONTINUOUS
10
6.266141141732283
20
-4.3464870472440946
11
6.2581614173228344
21
-4.3464870472440946
0
LINE
8
BLACK
6
CONTINUOUS
10
6.2581614173228344
20
-4.3464870472440946
11
6.2554639370078737
21
-4.3478357874015749
0
LINE
8
BLACK
6
CONTINUOUS
10
6.2554639370078737
20
-4.3478357874015749
11
6.253927992125984
21
-4.3493717322834646
0
LINE
8
BLACK
6
CONTINUOUS
10
6.253927992125984
20
-4.3493717322834646
11
6.2534805511811022
21
-4.3497389370078743
0
LINE
8
BLACK
6
CONTINUOUS
10
6.2534805511811022
20
-4.3497389370078743
11
6.2533431889763778
21
-4.3497958267716532
0
LINE
8
BLACK
6
CONTINUOUS
10
6.2533431889763778
20
-4.3497958267716532
11
6.2532281102362202
21
-4.3498900000000003
0
LINE
8
BLACK
6
CONTINUOUS
10
6.2532281102362202
20
-4.3498900000000003
11
6.2528147244094487
21
-4.3500146850393699
0
LINE
8
BLACK
6
CONTINUOUS
10
6.2528147244094487
20
-4.3500146850393699
11
6.2524161023622042
21
-4.3501798425196849
0
LINE
8
BLACK
6
CONTINUOUS
10
6.2524161023622042
20
-4.3501798425196849
11
6.25226748031496
21
-4.3501798425196849
0
LINE
8
BLACK
6
CONTINUOUS
10
6.25226748031496
20
-4.3501798425196849
11
6.2521251181102357
21
-4.3502227952755907
0
LINE
8
BLACK
6
CONTINUOUS
10
6.2521251181102357
20
-4.3502227952755907
11
6.2516955905511811
21
-4.3501798425196849
0
LINE
8
BLACK
6
CONTINUOUS
10
6.2516955905511811
20
-4.3501798425196849
11
6.25126405511811
21
-4.3501798425196849
0
LINE
8
BLACK
6
CONTINUOUS
10
6.25126405511811
20
-4.3501798425196849
11
6.2511266929133855
21
-4.3501229133858264
0
LINE
8
BLACK
6
CONTINUOUS
10
6.2511266929133855
20
-4.3501229133858264
11
6.2509787007874014
21
-4.3501081496062994
0
LINE
8
BLACK
6
CONTINUOUS
10
6.2509787007874014
20
-4.3501081496062994
11
6.250598307086614
21
-4.3499040944881893
0
LINE
8
BLACK
6
CONTINUOUS
10
6.250598307086614
20
-4.3499040944881893
11
6.2501996062992129
21
-4.3497389370078743
0
LINE
8
BLACK
6
CONTINUOUS
10
6.2501996062992129
20
-4.3497389370078743
11
6.2500944094488187
21
-4.3496337401574801
0
LINE
8
BLACK
6
CONTINUOUS
10
6.2500944094488187
20
-4.3496337401574801
11
6.2499634645669291
21
-4.3495635039370075
0
LINE
8
BLACK
6
CONTINUOUS
10
6.2499634645669291
20
-4.3495635039370075
11
6.249690196850394
21
-4.3492295275590553
0
LINE
8
BLACK
6
CONTINUOUS
10
6.249690196850394
20
-4.3492295275590553
11
6.2493849606299214
21
-4.3489242913385828
0
LINE
8
BLACK
6
CONTINUOUS
10
6.2493849606299214
20
-4.3489242913385828
11
6.2493280314960629
21
-4.3487869291338583
0
LINE
8
BLACK
6
CONTINUOUS
10
6.2493280314960629
20
-4.3487869291338583
11
6.2492338976377955
21
-4.3486718503937007
0
LINE
8
BLACK
6
CONTINUOUS
10
6.2492338976377955
20
-4.3486718503937007
11
6.2491091732283461
21
-4.3482584645669293
0
LINE
8
BLACK
6
CONTINUOUS
10
6.2491091732283461
20
-4.3482584645669293
11
6.2489440551181099
21
-4.3478598425196848
0
LINE
8
BLACK
6
CONTINUOUS
10
6.2489440551181099
20
-4.3478598425196848
11
6.2489440551181099
21
-4.3477111811023619
0
LINE
8
BLACK
6
CONTINUOUS
10
6.2489440551181099
20
-4.3477111811023619
11
6.248901102362205
21
-4.3475688582677163
0
LINE
8
BLACK
6
CONTINUOUS
10
6.248901102362205
20
-4.3475688582677163
11
6.2489019685039366
21
-4.3469899999999999
0
LINE
8
BLACK
6
CONTINUOUS
10
6.2489019685039366
20
-4.3469899999999999
11
6.2507767322834642
21
-4.3282423622047244
0
LINE
8
BLACK
6
CONTINUOUS
10
6.2507767322834642
20
-4.3282423622047244
11
6.2508188188976375
21
-4.3280324015748031
0
LINE
8
BLACK
6
CONTINUOUS
10
6.2508188188976375
20
-4.3280324015748031
11
6.2508188188976375
21
-4.3279601181102363
0
LINE
8
BLACK
6
CONTINUOUS
10
6.2508188188976375
20
-4.3279601181102363
11
6.2508468897637792
21
-4.3278922834645668
0
LINE
8
BLACK
6
CONTINUOUS
10
6.2508468897637792
20
-4.3278922834645668
11
6.2508905118110238
21
-4.3276748031496064
0
LINE
8
BLACK
6
CONTINUOUS
10
6.2508905118110238
20
-4.3276748031496064
11
6.2510945275590553
21
-4.3272944881889766
0
LINE
8
BLACK
6
CONTINUOUS
10
6.2510945275590553
20
-4.3272944881889766
11
6.251259724409449
21
-4.326895708661417
0
LINE
8
BLACK
6
CONTINUOUS
10
6.251259724409449
20
-4.326895708661417
11
6.2513648818897636
21
-4.3267905118110237
0
LINE
8
BLACK
6
CONTINUOUS
10
6.2513648818897636
20
-4.3267905118110237
11
6.2514351574803149
21
-4.3266595669291341
0
LINE
8
BLACK
6
CONTINUOUS
10
6.2514351574803149
20
-4.3266595669291341
11
6.2517690944881892
21
-4.3263862992125981
0
LINE
8
BLACK
6
CONTINUOUS
10
6.2517690944881892
20
-4.3263862992125981
11
6.2520743700787405
21
-4.3260810629921256
0
LINE
8
BLACK
6
CONTINUOUS
10
6.2520743700787405
20
-4.3260810629921256
11
6.2522116929133853
21
-4.3260241338582679
0
LINE
8
BLACK
6
CONTINUOUS
10
6.2522116929133853
20
-4.3260241338582679
11
6.2523268110236216
21
-4.3259299999999996
0
LINE
8
BLACK
6
CONTINUOUS
10
6.2523268110236216
20
-4.3259299999999996
11
6.2527400787401577
21
-4.3258052755905512
0
LINE
8
BLACK
6
CONTINUOUS
10
6.2527400787401577
20
-4.3258052755905512
11
6.2531387795275588
21
-4.3256401574803149
0
LINE
8
BLACK
6
CONTINUOUS
10
6.2531387795275588
20
-4.3256401574803149
11
6.2533594488188973
21
-4.3256183858267718
0
LINE
8
BLACK
6
CONTINUOUS
10
6.2533594488188973
20
-4.3256183858267718
11
6.2534298031496061
21
-4.3255972047244091
0
LINE
8
BLACK
6
CONTINUOUS
10
6.2534298031496061
20
-4.3255972047244091
11
6.2535017716535428
21
-4.3256043700787403
0
LINE
8
BLACK
6
CONTINUOUS
10
6.2535017716535428
20
-4.3256043700787403
11
6.2537148425196847
21
-4.3255834251968501
0
LINE
8
BLACK
6
CONTINUOUS
10
6.2537148425196847
20
-4.3255834251968501
11
6.2724624803149602
21
-4.3255834251968501
0
LINE
8
BLACK
6
CONTINUOUS
10
6.2724624803149602
20
-4.3255834251968501
11
6.2730385433070861
21
-4.3256401574803149
0
LINE
8
BLACK
6
CONTINUOUS
10
6.4604580314960627
20
-4.2517246062992129
11
6.4615233858267711
21
-4.2527899606299213
0
LINE
8
BLACK
6
CONTINUOUS
10
6.4615233858267711
20
-4.2527899606299213
11
6.4616732283464566
21
-4.2535432677165357
0
LINE
8
BLACK
6
CONTINUOUS
10
6.4616732283464566
20
-4.2535432677165357
11
6.4616732283464566
21
-4.4129921259842515
0
LINE
8
BLACK
6
CONTINUOUS
10
6.4616732283464566
20
-4.4129921259842515
11
6.4615233858267711
21
-4.4137454330708659
0
LINE
8
BLACK
6
CONTINUOUS
10
6.4615233858267711
20
-4.4137454330708659
11
6.4604580314960627
21
-4.4148107874015743
0
LINE
8
BLACK
6
CONTINUOUS
10
6.4604580314960627
20
-4.4148107874015743
11
6.4597047244094483
21
-4.4149606299212598
0
LINE
8
BLACK
6
CONTINUOUS
10
6.4597047244094483
20
-4.4149606299212598
11
6.0364763779527557
21
-4.4149606299212598
0
LINE
8
BLACK
6
CONTINUOUS
10
6.0364763779527557
20
-4.4149606299212598
11
6.0357230708661413
21
-4.4148107874015743
0
LINE
8
BLACK
6
CONTINUOUS
10
6.0357230708661413
20
-4.4148107874015743
11
6.0346577165354329
21
-4.4137454330708659
0
LINE
8
BLACK
6
CONTINUOUS
10
6.0346577165354329
20
-4.4137454330708659
11
6.0345078740157483
21
-4.4129921259842515
0
LINE
8
BLACK
6
CONTINUOUS
10
6.0345078740157483
20
-4.4129921259842515
11
6.0345078740157483
21
-4.2535432677165357
0
LINE
8
BLACK
6
CONTINUOUS
10
6.0345078740157483
20
-4.2535432677165357
11
6.0346577165354329
21
-4.2527899606299213
0
LINE
8
BLACK
6
CONTINUOUS
10
6.0346577165354329
20
-4.2527899606299213
11
6.0357230708661413
21
-4.2517246062992129
0
LINE
8
BLACK
6
CONTINUOUS
10
6.0357230708661413
20
-4.2517246062992129
11
6.0364763779527557
21
-4.2515747637795274
0
LINE
8
BLACK
6
CONTINUOUS
10
6.0364763779527557
20
-4.2515747637795274
11
6.4597047244094483
21
-4.2515747637795274
0
LINE
8
BLACK
6
CONTINUOUS
10
6.4597047244094483
20
-4.2515747637795274
11
6.4604580314960627
21
-4.2517246062992129
0
LINE
8
BLACK
6
CONTINUOUS
10
6.038444881889764
20
-4.2555117716535431
11
6.038444881889764
21
-4.4110236220472441
0
LINE
8
BLACK
6
CONTINUOUS
10
6.038444881889764
20
-4.4110236220472441
11
6.350418031496063
21
-4.4110236220472441
0
LINE
8
BLACK
6
CONTINUOUS
10
6.350418031496063
20
-4.4110236220472441
11
6.3695147637795273
21
-4.3840167322834649
0
LINE
8
BLACK
6
CONTINUOUS
10
6.3695147637795273
20
-4.3840167322834649
11
6.3700720472440944
21
-4.3834881889763775
0
LINE
8
BLACK
6
CONTINUOUS
10
6.3700720472440944
20
-4.3834881889763775
11
6.3704084645669292
21
-4.383430433070866
0
LINE
8
BLACK
6
CONTINUOUS
10
6.3704084645669292
20
-4.383430433070866
11
6.3706871259842517
21
-4.3832334251968499
0
LINE
8
BLACK
6
CONTINUOUS
10
6.3706871259842517
20
-4.3832334251968499
11
6.3711219685039371
21
-4.3833080314960631
0
LINE
8
BLACK
6
CONTINUOUS
10
6.3711219685039371
20
-4.3833080314960631
11
6.3715570078740154
21
-4.3832333858267711
0
LINE
8
BLACK
6
CONTINUOUS
10
6.3715570078740154
20
-4.3832333858267711
11
6.3718357480314962
21
-4.3834304724409447
0
LINE
8
BLACK
6
CONTINUOUS
10
6.3718357480314962
20
-4.3834304724409447
11
6.3721720472440939
21
-4.3834881889763775
0
LINE
8
BLACK
6
CONTINUOUS
10
6.3721720472440939
20
-4.3834881889763775
11
6.372729330708661
21
-4.3840167322834649
0
LINE
8
BLACK
6
CONTINUOUS
10
6.372729330708661
20
-4.3840167322834649
11
6.3918260629921262
21
-4.4110236220472441
0
LINE
8
BLACK
6
CONTINUOUS
10
6.3918260629921262
20
-4.4110236220472441
11
6.4577362204724409
21
-4.4110236220472441
0
LINE
8
BLACK
6
CONTINUOUS
10
6.4577362204724409
20
-4.4110236220472441
11
6.4577362204724409
21
-4.2555117716535431
0
LINE
8
BLACK
6
CONTINUOUS
10
6.4577362204724409
20
-4.2555117716535431
11
6.038444881889764
21
-4.2555117716535431
0
LINE
8
BLACK
6
CONTINUOUS
10
6.355239881889764
20
-4.4110236220472441
11
6.3870042125984252
21
-4.4110236220472441
0
LINE
8
BLACK
6
CONTINUOUS
10
6.3870042125984252
20
-4.4110236220472441
11
6.3711220078740158
21
-4.3885627952755906
0
LINE
8
BLACK
6
CONTINUOUS
10
6.3711220078740158
20
-4.3885627952755906
11
6.355239881889764
21
-4.4110236220472441
0
LINE
8
BLACK
6
CONTINUOUS
10
6.6685170866141732
20
-4.3260810629921256
11
6.6693317322834647
21
-4.326895708661417
0
LINE
8
BLACK
6
CONTINUOUS
10
6.6693317322834647
20
-4.326895708661417
11
6.6697726377952753
21
-4.3279601181102363
0
LINE
8
BLACK
6
CONTINUOUS
10
6.6697726377952753
20
-4.3279601181102363
11
6.6698293700787401
21
-4.3285361811023622
0
LINE
8
BLACK
6
CONTINUOUS
10
6.6698293700787401
20
-4.3285361811023622
11
6.6698293700787401
21
-4.3566576377952755
0
LINE
8
BLACK
6
CONTINUOUS
10
6.6698293700787401
20
-4.3566576377952755
11
6.6698006299212595
21
-4.3569492125984253
0
LINE
8
BLACK
6
CONTINUOUS
10
6.6698006299212595
20
-4.3569492125984253
11
6.6698061811023619
21
-4.3570269685039369
0
LINE
8
BLACK
6
CONTINUOUS
10
6.6698061811023619
20
-4.3570269685039369
11
6.6697829133858262
21
-4.3571292125984247
0
LINE
8
BLACK
6
CONTINUOUS
10
6.6697829133858262
20
-4.3571292125984247
11
6.6697726377952753
21
-4.3572337007874014
0
LINE
8
BLACK
6
CONTINUOUS
10
6.6697726377952753
20
-4.3572337007874014
11
6.6697427559055118
21
-4.3573057480314956
0
LINE
8
BLACK
6
CONTINUOUS
10
6.6697427559055118
20
-4.3573057480314956
11
6.6696778346456691
21
-4.3575914173228343
0
LINE
8
BLACK
6
CONTINUOUS
10
6.6696778346456691
20
-4.3575914173228343
11
6.6678030708661415
21
-4.3632156692913382
0
LINE
8
BLACK
6
CONTINUOUS
10
6.6678030708661415
20
-4.3632156692913382
11
6.6675670866141727
21
-4.3637442519685035
0
LINE
8
BLACK
6
CONTINUOUS
10
6.6675670866141727
20
-4.3637442519685035
11
6.6674975590551178
21
-4.3638243700787402
0
LINE
8
BLACK
6
CONTINUOUS
10
6.6674975590551178
20
-4.3638243700787402
11
6.6674570078740159
21
-4.3639223622047245
0
LINE
8
BLACK
6
CONTINUOUS
10
6.6674570078740159
20
-4.3639223622047245
11
6.6670898031496062
21
-4.3643698031496063
0
LINE
8
BLACK
6
CONTINUOUS
10
6.6670898031496062
20
-4.3643698031496063
11
6.6633402362204723
21
-4.3681194094488189
0
LINE
8
BLACK
6
CONTINUOUS
10
6.6633402362204723
20
-4.3681194094488189
11
6.6628927952755905
21
-4.3684866141732286
0
LINE
8
BLACK
6
CONTINUOUS
10
6.6628927952755905
20
-4.3684866141732286
11
6.6627947244094488
21
-4.3685272047244093
0
LINE
8
BLACK
6
CONTINUOUS
10
6.6627947244094488
20
-4.3685272047244093
11
6.6627146062992129
21
-4.3685967322834642
0
LINE
8
BLACK
6
CONTINUOUS
10
6.6627146062992129
20
-4.3685967322834642
11
6.6621860629921255
21
-4.368832716535433
0
LINE
8
BLACK
6
CONTINUOUS
10
6.6621860629921255
20
-4.368832716535433
11
6.6565617716535428
21
-4.3707074803149606
0
LINE
8
BLACK
6
CONTINUOUS
10
6.6565617716535428
20
-4.3707074803149606
11
6.6562761811023616
21
-4.3707724015748033
0
LINE
8
BLACK
6
CONTINUOUS
10
6.6562761811023616
20
-4.3707724015748033
11
6.6562040944881886
21
-4.3708022834645668
0
LINE
8
BLACK
6
CONTINUOUS
10
6.6562040944881886
20
-4.3708022834645668
11
6.6560995669291341
21
-4.3708125590551177
0
LINE
8
BLACK
6
CONTINUOUS
10
6.6560995669291341
20
-4.3708125590551177
11
6.6559973228346454
21
-4.3708358267716534
0
LINE
8
BLACK
6
CONTINUOUS
10
6.6559973228346454
20
-4.3708358267716534
11
6.6559195669291338
21
-4.370830275590551
0
LINE
8
BLACK
6
CONTINUOUS
10
6.6559195669291338
20
-4.370830275590551
11
6.6556280314960627
21
-4.3708590157480316
0
LINE
8
BLACK
6
CONTINUOUS
10
6.6556280314960627
20
-4.3708590157480316
11
6.6518785039370076
21
-4.3708590157480316
0
LINE
8
BLACK
6
CONTINUOUS
10
6.6518785039370076
20
-4.3708590157480316
11
6.6513024409448818
21
-4.3708022834645668
0
LINE
8
BLACK
6
CONTINUOUS
10
6.6513024409448818
20
-4.3708022834645668
11
6.6502380314960625
21
-4.3703613779527561
0
LINE
8
BLACK
6
CONTINUOUS
10
6.6502380314960625
20
-4.3703613779527561
11
6.6494233858267711
21
-4.3695467322834647
0
LINE
8
BLACK
6
CONTINUOUS
10
6.6494233858267711
20
-4.3695467322834647
11
6.6489824803149604
21
-4.3684823228346454
0
LINE
8
BLACK
6
CONTINUOUS
10
6.6489824803149604
20
-4.3684823228346454
11
6.6489824803149604
21
-4.3673301968503937
0
LINE
8
BLACK
6
CONTINUOUS
10
6.6489824803149604
20
-4.3673301968503937
11
6.6494233858267711
21
-4.3662657874015744
0
LINE
8
BLACK
6
CONTINUOUS
10
6.6494233858267711
20
-4.3662657874015744
11
6.6502380314960625
21
-4.365451141732283
0
LINE
8
BLACK
6
CONTINUOUS
10
6.6502380314960625
20
-4.365451141732283
11
6.6513024409448818
21
-4.3650102362204724
0
LINE
8
BLACK
6
CONTINUOUS
10
6.6513024409448818
20
-4.3650102362204724
11
6.6518785039370076
21
-4.3649535039370075
0
LINE
8
BLACK
6
CONTINUOUS
10
6.6518785039370076
20
-4.3649535039370075
11
6.6551488976377948
21
-4.3649535039370075
0
LINE
8
BLACK
6
CONTINUOUS
10
6.6551488976377948
20
-4.3649535039370075
11
6.6596572834645666
21
-4.3634506692913382
0
LINE
8
BLACK
6
CONTINUOUS
10
6.6596572834645666
20
-4.3634506692913382
11
6.6624210236220467
21
-4.3606868897637794
0
LINE
8
BLACK
6
CONTINUOUS
10
6.6624210236220467
20
-4.3606868897637794
11
6.663923858267716
21
-4.3561785039370076
0
LINE
8
BLACK
6
CONTINUOUS
10
6.663923858267716
20
-4.3561785039370076
11
6.663923858267716
21
-4.3285361811023622
0
LINE
8
BLACK
6
CONTINUOUS
10
6.663923858267716
20
-4.3285361811023622
11
6.6639805905511809
21
-4.3279601181102363
0
LINE
8
BLACK
6
CONTINUOUS
10
6.6639805905511809
20
-4.3279601181102363
11
6.6644214960629924
21
-4.326895708661417
0
LINE
8
BLACK
6
CONTINUOUS
10
6.6644214960629924
20
-4.326895708661417
11
6.665236141732283
21
-4.3260810629921256
0
LINE
8
BLACK
6
CONTINUOUS
10
6.665236141732283
20
-4.3260810629921256
11
6.6663005511811022
21
-4.3256401574803149
0
LINE
8
BLACK
6
CONTINUOUS
10
6.6663005511811022
20
-4.3256401574803149
11
6.6674526771653539
21
-4.3256401574803149
0
LINE
8
BLACK
6
CONTINUOUS
10
6.6674526771653539
20
-4.3256401574803149
11
6.6685170866141732
21
-4.3260810629921256
0
LINE
8
BLACK
6
CONTINUOUS
10
6.7086975196850389
20
-4.3256401574803149
11
6.7087144488188972
21
-4.3256471653543302
0
LINE
8
BLACK
6
CONTINUOUS
10
6.7087144488188972
20
-4.3256471653543302
11
6.7087327559055119
21
-4.3256474015748028
0
LINE
8
BLACK
6
CONTINUOUS
10
6.7087327559055119
20
-4.3256474015748028
11
6.7092448031496064
21
-4.3258668503937008
0
LINE
8
BLACK
6
CONTINUOUS
10
6.7092448031496064
20
-4.3258668503937008
11
6.7097619291338582
21
-4.3260810629921256
0
LINE
8
BLACK
6
CONTINUOUS
10
6.7097619291338582
20
-4.3260810629921256
11
6.7097748818897633
21
-4.3260940157480317
0
LINE
8
BLACK
6
CONTINUOUS
10
6.7097748818897633
20
-4.3260940157480317
11
6.7097917322834641
21
-4.3261012598425195
0
LINE
8
BLACK
6
CONTINUOUS
10
6.7097917322834641
20
-4.3261012598425195
11
6.7101812992125982
21
-4.3265004330708656
0
LINE
8
BLACK
6
CONTINUOUS
10
6.7101812992125982
20
-4.3265004330708656
11
6.7105765748031496
21
-4.326895708661417
0
LINE
8
BLACK
6
CONTINUOUS
10
6.7105765748031496
20
-4.326895708661417
11
6.7105835826771649
21
-4.3269126377952754
0
LINE
8
BLACK
6
CONTINUOUS
10
6.7105835826771649
20
-4.3269126377952754
11
6.7105964173228347
21
-4.3269257874015743
0
LINE
8
BLACK
6
CONTINUOUS
10
6.7105964173228347
20
-4.3269257874015743
11
6.7108040157480318
21
-4.3274447637795275
0
LINE
8
BLACK
6
CONTINUOUS
10
6.7108040157480318
20
-4.3274447637795275
11
6.7110174803149603
21
-4.3279601181102363
0
LINE
8
BLACK
6
CONTINUOUS
10
6.7110174803149603
20
-4.3279601181102363
11
6.7110174803149603
21
-4.3279784251968501
0
LINE
8
BLACK
6
CONTINUOUS
10
6.7110174803149603
20
-4.3279784251968501
11
6.7110242913385827
21
-4.3279954724409446
0
LINE
8
BLACK
6
CONTINUOUS
10
6.7110242913385827
20
-4.3279954724409446
11
6.7110174803149603
21
-4.3285537401574805
0
LINE
8
BLACK
6
CONTINUOUS
10
6.7110174803149603
20
-4.3285537401574805
11
6.7110174803149603
21
-4.329112244094488
0
LINE
8
BLACK
6
CONTINUOUS
10
6.7110174803149603
20
-4.329112244094488
11
6.7110104330708662
21
-4.3291291732283463
0
LINE
8
BLACK
6
CONTINUOUS
10
6.7110104330708662
20
-4.3291291732283463
11
6.7110102362204724
21
-4.3291475196850389
0
LINE
8
BLACK
6
CONTINUOUS
10
6.7110102362204724
20
-4.3291475196850389
11
6.7108354724409445
21
-4.3296993307086611
0
LINE
8
BLACK
6
CONTINUOUS
10
6.7108354724409445
20
-4.3296993307086611
11
6.6939625984251965
21
-4.3690694094488185
0
LINE
8
BLACK
6
CONTINUOUS
10
6.6939625984251965
20
-4.3690694094488185
11
6.6936835433070865
21
-4.3695765354330707
0
LINE
8
BLACK
6
CONTINUOUS
10
6.6936835433070865
20
-4.3695765354330707
11
6.6928589763779529
21
-4.3703812204724413
0
LINE
8
BLACK
6
CONTINUOUS
10
6.6928589763779529
20
-4.3703812204724413
11
6.6917892913385826
21
-4.3708090944881892
0
LINE
8
BLACK
6
CONTINUOUS
10
6.6917892913385826
20
-4.3708090944881892
11
6.6906372834645671
21
-4.370795039370079
0
LINE
8
BLACK
6
CONTINUOUS
10
6.6906372834645671
20
-4.370795039370079
11
6.6895783070866139
21
-4.370341220472441
0
LINE
8
BLACK
6
CONTINUOUS
10
6.6895783070866139
20
-4.370341220472441
11
6.6887736220472442
21
-4.3695166535433074
0
LINE
8
BLACK
6
CONTINUOUS
10
6.6887736220472442
20
-4.3695166535433074
11
6.6883457480314963
21
-4.3684469685039371
0
LINE
8
BLACK
6
CONTINUOUS
10
6.6883457480314963
20
-4.3684469685039371
11
6.6883598031496065
21
-4.3672949606299207
0
LINE
8
BLACK
6
CONTINUOUS
10
6.6883598031496065
20
-4.3672949606299207
11
6.6885345669291336
21
-4.3667431102362206
0
LINE
8
BLACK
6
CONTINUOUS
10
6.6885345669291336
20
-4.3667431102362206
11
6.7036434645669294
21
-4.3314889370078742
0
LINE
8
BLACK
6
CONTINUOUS
10
6.7036434645669294
20
-4.3314889370078742
11
6.6818747637795273
21
-4.3314889370078742
0
LINE
8
BLACK
6
CONTINUOUS
10
6.6818747637795273
20
-4.3314889370078742
11
6.6812987007874014
21
-4.3314322047244094
0
LINE
8
BLACK
6
CONTINUOUS
10
6.6812987007874014
20
-4.3314322047244094
11
6.6802342913385822
21
-4.3309912992125987
0
LINE
8
BLACK
6
CONTINUOUS
10
6.6802342913385822
20
-4.3309912992125987
11
6.6794196456692916
21
-4.3301766535433073
0
LINE
8
BLACK
6
CONTINUOUS
10
6.6794196456692916
20
-4.3301766535433073
11
6.6789787401574801
21
-4.329112244094488
0
LINE
8
BLACK
6
CONTINUOUS
10
6.6789787401574801
20
-4.329112244094488
11
6.6789787401574801
21
-4.3279601181102363
0
LINE
8
BLACK
6
CONTINUOUS
10
6.6789787401574801
20
-4.3279601181102363
11
6.6794196456692916
21
-4.326895708661417
0
LINE
8
BLACK
6
CONTINUOUS
10
6.6794196456692916
20
-4.326895708661417
11
6.6802342913385822
21
-4.3260810629921256
0
LINE
8
BLACK
6
CONTINUOUS
10
6.6802342913385822
20
-4.3260810629921256
11
6.6812987007874014
21
-4.3256401574803149
0
LINE
8
BLACK
6
CONTINUOUS
10
6.6812987007874014
20
-4.3256401574803149
11
6.6818747637795273
21
-4.3255834251968501
0
LINE
8
BLACK
6
CONTINUOUS
10
6.6818747637795273
20
-4.3255834251968501
11
6.708121456692913
21
-4.3255834251968501
0
LINE
8
BLACK
6
CONTINUOUS
10
6.708121456692913
20
-4.3255834251968501
11
6.7086975196850389
21
-4.3256401574803149
0
LINE
8
BLACK
6
CONTINUOUS
10
6.8431548818897641
20
-4.2517246456692916
11
6.8442202362204725
21
-4.2527900000000001
0
LINE
8
BLACK
6
CONTINUOUS
10
6.8442202362204725
20
-4.2527900000000001
11
6.8443700787401571
21
-4.2535433070866144
0
LINE
8
BLACK
6
CONTINUOUS
10
6.8443700787401571
20
-4.2535433070866144
11
6.8443700787401571
21
-4.4129921259842515
0
LINE
8
BLACK
6
CONTINUOUS
10
6.8443700787401571
20
-4.4129921259842515
11
6.8442202362204725
21
-4.4137454330708659
0
LINE
8
BLACK
6
CONTINUOUS
10
6.8442202362204725
20
-4.4137454330708659
11
6.8431548818897641
21
-4.4148107874015743
0
LINE
8
BLACK
6
CONTINUOUS
10
6.8431548818897641
20
-4.4148107874015743
11
6.8424015748031497
21
-4.4149606299212598
0
LINE
8
BLACK
6
CONTINUOUS
10
6.8424015748031497
20
-4.4149606299212598
11
6.5175984251968506
21
-4.4149606299212598
0
LINE
8
BLACK
6
CONTINUOUS
10
6.5175984251968506
20
-4.4149606299212598
11
6.5168451181102363
21
-4.4148107874015743
0
LINE
8
BLACK
6
CONTINUOUS
10
6.5168451181102363
20
-4.4148107874015743
11
6.5157797637795278
21
-4.4137454330708659
0
LINE
8
BLACK
6
CONTINUOUS
10
6.5157797637795278
20
-4.4137454330708659
11
6.5156299212598423
21
-4.4129921259842515
0
LINE
8
BLACK
6
CONTINUOUS
10
6.5156299212598423
20
-4.4129921259842515
11
6.5156299212598423
21
-4.2535433070866144
0
LINE
8
BLACK
6
CONTINUOUS
10
6.5156299212598423
20
-4.2535433070866144
11
6.5157797637795278
21
-4.2527900000000001
0
LINE
8
BLACK
6
CONTINUOUS
10
6.5157797637795278
20
-4.2527900000000001
11
6.5168451181102363
21
-4.2517246456692916
0
LINE
8
BLACK
6
CONTINUOUS
10
6.5168451181102363
20
-4.2517246456692916
11
6.5175984251968506
21
-4.2515748031496061
0
LINE
8
BLACK
6
CONTINUOUS
10
6.5175984251968506
20
-4.2515748031496061
11
6.8424015748031497
21
-4.2515748031496061
0
LINE
8
BLACK
6
CONTINUOUS
10
6.8424015748031497
20
-4.2515748031496061
11
6.8431548818897641
21
-4.2517246456692916
0
LINE
8
BLACK
6
CONTINUOUS
10
6.519566929133858
20
-4.2555118110236219
11
6.519566929133858
21
-4.4110236220472441
0
LINE
8
BLACK
6
CONTINUOUS
10
6.519566929133858
20
-4.4110236220472441
11
6.7331148818897635
21
-4.4110236220472441
0
LINE
8
BLACK
6
CONTINUOUS
10
6.7331148818897635
20
-4.4110236220472441
11
6.7522116141732278
21
-4.3840167322834649
0
LINE
8
BLACK
6
CONTINUOUS
10
6.7522116141732278
20
-4.3840167322834649
11
6.7527688976377949
21
-4.3834881889763775
0
LINE
8
BLACK
6
CONTINUOUS
10
6.7527688976377949
20
-4.3834881889763775
11
6.7531053149606297
21
-4.383430433070866
0
LINE
8
BLACK
6
CONTINUOUS
10
6.7531053149606297
20
-4.383430433070866
11
6.7533839763779522
21
-4.3832334251968499
0
LINE
8
BLACK
6
CONTINUOUS
10
6.7533839763779522
20
-4.3832334251968499
11
6.7538188188976376
21
-4.3833080314960631
0
LINE
8
BLACK
6
CONTINUOUS
10
6.7538188188976376
20
-4.3833080314960631
11
6.7542538582677167
21
-4.3832333858267711
0
LINE
8
BLACK
6
CONTINUOUS
10
6.7542538582677167
20
-4.3832333858267711
11
6.7545325984251967
21
-4.3834304724409447
0
LINE
8
BLACK
6
CONTINUOUS
10
6.7545325984251967
20
-4.3834304724409447
11
6.7548688976377953
21
-4.3834881889763775
0
LINE
8
BLACK
6
CONTINUOUS
10
6.7548688976377953
20
-4.3834881889763775
11
6.7554261811023624
21
-4.3840167322834649
0
LINE
8
BLACK
6
CONTINUOUS
10
6.7554261811023624
20
-4.3840167322834649
11
6.7745229133858267
21
-4.4110236220472441
0
LINE
8
BLACK
6
CONTINUOUS
10
6.7745229133858267
20
-4.4110236220472441
11
6.8404330708661414
21
-4.4110236220472441
0
LINE
8
BLACK
6
CONTINUOUS
10
6.8404330708661414
20
-4.4110236220472441
11
6.8404330708661414
21
-4.2555118110236219
0
LINE
8
BLACK
6
CONTINUOUS
10
6.8404330708661414
20
-4.2555118110236219
11
6.519566929133858
21
-4.2555118110236219
0
LINE
8
BLACK
6
CONTINUOUS
10
6.7379367322834645
20
-4.4110236220472441
11
6.7697010629921257
21
-4.4110236220472441
0
LINE
8
BLACK
6
CONTINUOUS
10
6.7697010629921257
20
-4.4110236220472441
11
6.7538188582677163
21
-4.3885627952755906
0
LINE
8
BLACK
6
CONTINUOUS
10
6.7538188582677163
20
-4.3885627952755906
11
6.7379367322834645
21
-4.4110236220472441
0
LINE
8
BLACK
6
CONTINUOUS
10
4.4412364173228349
20
-4.1720688582677168
11
4.4413141732283465
21
-4.1720633464566932
0
LINE
8
BLACK
6
CONTINUOUS
10
4.4413141732283465
20
-4.1720633464566932
11
4.4414164173228343
21
-4.1720865748031493
0
LINE
8
BLACK
6
CONTINUOUS
10
4.4414164173228343
20
-4.1720865748031493
11
4.4415209448818898
21
-4.1720968897637798
0
LINE
8
BLACK
6
CONTINUOUS
10
4.4415209448818898
20
-4.1720968897637798
11
4.4415930314960628
21
-4.1721267322834645
0
LINE
8
BLACK
6
CONTINUOUS
10
4.4415930314960628
20
-4.1721267322834645
11
4.4418786220472439
21
-4.172191692913386
0
LINE
8
BLACK
6
CONTINUOUS
10
4.4418786220472439
20
-4.172191692913386
11
4.4475029133858266
21
-4.1740664566929135
0
LINE
8
BLACK
6
CONTINUOUS
10
4.4475029133858266
20
-4.1740664566929135
11
4.4480314566929131
21
-4.1743024409448815
0
LINE
8
BLACK
6
CONTINUOUS
10
4.4480314566929131
20
-4.1743024409448815
11
4.4489018110236218
21
-4.1750573228346459
0
LINE
8
BLACK
6
CONTINUOUS
10
4.4489018110236218
20
-4.1750573228346459
11
4.4494170472440944
21
-4.1760877559055114
0
LINE
8
BLACK
6
CONTINUOUS
10
4.4494170472440944
20
-4.1760877559055114
11
4.4494987401574804
21
-4.1772369685039372
0
LINE
8
BLACK
6
CONTINUOUS
10
4.4494987401574804
20
-4.1772369685039372
11
4.4491344094488188
21
-4.1783299606299211
0
LINE
8
BLACK
6
CONTINUOUS
10
4.4491344094488188
20
-4.1783299606299211
11
4.4483795275590552
21
-4.1792003543307086
0
LINE
8
BLACK
6
CONTINUOUS
10
4.4483795275590552
20
-4.1792003543307086
11
4.4473490551181101
21
-4.1797155511811024
0
LINE
8
BLACK
6
CONTINUOUS
10
4.4473490551181101
20
-4.1797155511811024
11
4.4461998425196851
21
-4.1797972440944884
0
LINE
8
BLACK
6
CONTINUOUS
10
4.4461998425196851
20
-4.1797972440944884
11
4.4456353937007869
21
-4.1796688976377956
0
LINE
8
BLACK
6
CONTINUOUS
10
4.4456353937007869
20
-4.1796688976377956
11
4.440465748031496
21
-4.1779456692913381
0
LINE
8
BLACK
6
CONTINUOUS
10
4.440465748031496
20
-4.1779456692913381
11
4.4322681102362207
21
-4.1779456692913381
0
LINE
8
BLACK
6
CONTINUOUS
10
4.4322681102362207
20
-4.1779456692913381
11
4.42957062992126
21
-4.1792944094488185
0
LINE
8
BLACK
6
CONTINUOUS
10
4.42957062992126
20
-4.1792944094488185
11
4.4283735039370073
21
-4.1804915354330712
0
LINE
8
BLACK
6
CONTINUOUS
10
4.4283735039370073
20
-4.1804915354330712
11
4.427024763779527
21
-4.1831890157480318
0
LINE
8
BLACK
6
CONTINUOUS
10
4.427024763779527
20
-4.1831890157480318
11
4.427024763779527
21
-4.1855444488188978
0
LINE
8
BLACK
6
CONTINUOUS
10
4.427024763779527
20
-4.1855444488188978
11
4.4283735039370073
21
-4.1882419291338584
0
LINE
8
BLACK
6
CONTINUOUS
10
4.4283735039370073
20
-4.1882419291338584
11
4.42957062992126
21
-4.1894390551181102
0
LINE
8
BLACK
6
CONTINUOUS
10
4.42957062992126
20
-4.1894390551181102
11
4.4326016141732278
21
-4.1909545275590547
0
LINE
8
BLACK
6
CONTINUOUS
10
4.4326016141732278
20
-4.1909545275590547
11
4.4397862598425197
21
-4.1927507086614169
0
LINE
8
BLACK
6
CONTINUOUS
10
4.4397862598425197
20
-4.1927507086614169
11
4.4398287401574805
21
-4.1927658661417322
0
LINE
8
BLACK
6
CONTINUOUS
10
4.4398287401574805
20
-4.1927658661417322
11
4.4398499999999999
21
-4.1927674015748027
0
LINE
8
BLACK
6
CONTINUOUS
10
4.4398499999999999
20
-4.1927674015748027
11
4.4400894094488184
21
-4.1928590157480317
0
LINE
8
BLACK
6
CONTINUOUS
10
4.4400894094488184
20
-4.1928590157480317
11
4.4403313779527558
21
-4.192945472440945
0
LINE
8
BLACK
6
CONTINUOUS
10
4.4403313779527558
20
-4.192945472440945
11
4.4403485039370079
21
-4.1929581496062989
0
LINE
8
BLACK
6
CONTINUOUS
10
4.4403485039370079
20
-4.1929581496062989
11
4.4403906299212599
21
-4.192974291338583
0
LINE
8
BLACK
6
CONTINUOUS
10
4.4403906299212599
20
-4.192974291338583
11
4.444140157480315
21
-4.1948490551181106
0
LINE
8
BLACK
6
CONTINUOUS
10
4.444140157480315
20
-4.1948490551181106
11
4.4443881496062989
21
-4.1950051181102364
0
LINE
8
BLACK
6
CONTINUOUS
10
4.4443881496062989
20
-4.1950051181102364
11
4.4444601181102366
21
-4.1950349606299211
0
LINE
8
BLACK
6
CONTINUOUS
10
4.4444601181102366
20
-4.1950349606299211
11
4.4445410629921263
21
-4.1951014173228343
0
LINE
8
BLACK
6
CONTINUOUS
10
4.4445410629921263
20
-4.1951014173228343
11
4.4446300393700788
21
-4.1951574015748028
0
LINE
8
BLACK
6
CONTINUOUS
10
4.4446300393700788
20
-4.1951574015748028
11
4.4446811811023625
21
-4.1952163779527556
0
LINE
8
BLACK
6
CONTINUOUS
10
4.4446811811023625
20
-4.1952163779527556
11
4.4449075590551184
21
-4.1954021653543307
0
LINE
8
BLACK
6
CONTINUOUS
10
4.4449075590551184
20
-4.1954021653543307
11
4.4467823228346459
21
-4.1972769291338583
0
LINE
8
BLACK
6
CONTINUOUS
10
4.4467823228346459
20
-4.1972769291338583
11
4.4469680708661414
21
-4.1975032677165354
0
LINE
8
BLACK
6
CONTINUOUS
10
4.4469680708661414
20
-4.1975032677165354
11
4.447027086614173
21
-4.1975544488188978
0
LINE
8
BLACK
6
CONTINUOUS
10
4.447027086614173
20
-4.1975544488188978
11
4.4470830314960628
21
-4.1976433858267717
0
LINE
8
BLACK
6
CONTINUOUS
10
4.4470830314960628
20
-4.1976433858267717
11
4.4471495275590547
21
-4.1977243700787401
0
LINE
8
BLACK
6
CONTINUOUS
10
4.4471495275590547
20
-4.1977243700787401
11
4.4471793307086616
21
-4.1977962992125981
0
LINE
8
BLACK
6
CONTINUOUS
10
4.4471793307086616
20
-4.1977962992125981
11
4.4473354330708661
21
-4.1980443307086617
0
LINE
8
BLACK
6
CONTINUOUS
10
4.4473354330708661
20
-4.1980443307086617
11
4.4492101968503937
21
-4.2017938582677168
0
LINE
8
BLACK
6
CONTINUOUS
10
4.4492101968503937
20
-4.2017938582677168
11
4.4494170866141731
21
-4.2023344488188972
0
LINE
8
BLACK
6
CONTINUOUS
10
4.4494170866141731
20
-4.2023344488188972
11
4.4494246062992122
21
-4.2024403149606302
0
LINE
8
BLACK
6
CONTINUOUS
10
4.4494246062992122
20
-4.2024403149606302
11
4.4494651968503938
21
-4.2025383070866145
0
LINE
8
BLACK
6
CONTINUOUS
10
4.4494651968503938
20
-4.2025383070866145
11
4.4495219291338586
21
-4.2031143700787403
0
LINE
8
BLACK
6
CONTINUOUS
10
4.4495219291338586
20
-4.2031143700787403
11
4.4495219291338586
21
-4.2068638976377954
0
LINE
8
BLACK
6
CONTINUOUS
10
4.4495219291338586
20
-4.2068638976377954
11
4.4494651968503938
21
-4.2074399606299213
0
LINE
8
BLACK
6
CONTINUOUS
10
4.4494651968503938
20
-4.2074399606299213
11
4.4494246062992122
21
-4.2075379133858268
0
LINE
8
BLACK
6
CONTINUOUS
10
4.4494246062992122
20
-4.2075379133858268
11
4.4494170866141731
21
-4.2076438188976377
0
LINE
8
BLACK
6
CONTINUOUS
10
4.4494170866141731
20
-4.2076438188976377
11
4.4492101968503937
21
-4.208184409448819
0
LINE
8
BLACK
6
CONTINUOUS
10
4.4492101968503937
20
-4.208184409448819
11
4.4473354330708661
21
-4.2119339370078741
0
LINE
8
BLACK
6
CONTINUOUS
10
4.4473354330708661
20
-4.2119339370078741
11
4.4471793700787403
21
-4.2121818110236218
0
LINE
8
BLACK
6
CONTINUOUS
10
4.4471793700787403
20
-4.2121818110236218
11
4.4471495669291334
21
-4.212253858267716
0
LINE
8
BLACK
6
CONTINUOUS
10
4.4471495669291334
20
-4.212253858267716
11
4.4470830314960628
21
-4.2123348818897641
0
LINE
8
BLACK
6
CONTINUOUS
10
4.4470830314960628
20
-4.2123348818897641
11
4.447027086614173
21
-4.212423818897638
0
LINE
8
BLACK
6
CONTINUOUS
10
4.447027086614173
20
-4.212423818897638
11
4.4469680708661414
21
-4.2124749606299208
0
LINE
8
BLACK
6
CONTINUOUS
10
4.4469680708661414
20
-4.2124749606299208
11
4.4467823228346459
21
-4.2127013385826775
0
LINE
8
BLACK
6
CONTINUOUS
10
4.4467823228346459
20
-4.2127013385826775
11
4.4449075984251971
21
-4.214576102362205
0
LINE
8
BLACK
6
CONTINUOUS
10
4.4449075984251971
20
-4.214576102362205
11
4.4446812204724404
21
-4.2147618503937005
0
LINE
8
BLACK
6
CONTINUOUS
10
4.4446812204724404
20
-4.2147618503937005
11
4.4446300393700788
21
-4.2148209055118109
0
LINE
8
BLACK
6
CONTINUOUS
10
4.4446300393700788
20
-4.2148209055118109
11
4.4445410629921263
21
-4.2148768897637794
0
LINE
8
BLACK
6
CONTINUOUS
10
4.4445410629921263
20
-4.2148768897637794
11
4.4444601181102366
21
-4.2149433464566926
0
LINE
8
BLACK
6
CONTINUOUS
10
4.4444601181102366
20
-4.2149433464566926
11
4.4443881496062989
21
-4.2149731496062994
0
LINE
8
BLACK
6
CONTINUOUS
10
4.4443881496062989
20
-4.2149731496062994
11
4.444140157480315
21
-4.215129251968504
0
LINE
8
BLACK
6
CONTINUOUS
10
4.444140157480315
20
-4.215129251968504
11
4.4403906299212599
21
-4.2170040157480315
0
LINE
8
BLACK
6
CONTINUOUS
10
4.4403906299212599
20
-4.2170040157480315
11
4.4398499999999999
21
-4.217210905511811
0
LINE
8
BLACK
6
CONTINUOUS
10
4.4398499999999999
20
-4.217210905511811
11
4.4397441732283465
21
-4.2172183858267713
0
LINE
8
BLACK
6
CONTINUOUS
10
4.4397441732283465
20
-4.2172183858267713
11
4.4396461811023622
21
-4.2172590157480316
0
LINE
8
BLACK
6
CONTINUOUS
10
4.4396461811023622
20
-4.2172590157480316
11
4.4390701181102363
21
-4.2173157480314956
0
LINE
8
BLACK
6
CONTINUOUS
10
4.4390701181102363
20
-4.2173157480314956
11
4.4296962992125986
21
-4.2173157480314956
0
LINE
8
BLACK
6
CONTINUOUS
10
4.4296962992125986
20
-4.2173157480314956
11
4.42940468503937
21
-4.2172870078740159
0
LINE
8
BLACK
6
CONTINUOUS
10
4.42940468503937
20
-4.2172870078740159
11
4.4293269685039371
21
-4.2172925590551182
0
LINE
8
BLACK
6
CONTINUOUS
10
4.4293269685039371
20
-4.2172925590551182
11
4.4292246850393697
21
-4.2172692913385825
0
LINE
8
BLACK
6
CONTINUOUS
10
4.4292246850393697
20
-4.2172692913385825
11
4.4291202362204727
21
-4.2172590157480316
0
LINE
8
BLACK
6
CONTINUOUS
10
4.4291202362204727
20
-4.2172590157480316
11
4.4290481496062988
21
-4.2172291338582673
0
LINE
8
BLACK
6
CONTINUOUS
10
4.4290481496062988
20
-4.2172291338582673
11
4.4287625196850389
21
-4.2171642125984254
0
LINE
8
BLACK
6
CONTINUOUS
10
4.4287625196850389
20
-4.2171642125984254
11
4.423138267716535
21
-4.2152894488188979
0
LINE
8
BLACK
6
CONTINUOUS
10
4.423138267716535
20
-4.2152894488188979
11
4.4226096850393697
21
-4.2150534645669291
0
LINE
8
BLACK
6
CONTINUOUS
10
4.4226096850393697
20
-4.2150534645669291
11
4.421739330708661
21
-4.2142985826771655
0
LINE
8
BLACK
6
CONTINUOUS
10
4.421739330708661
20
-4.2142985826771655
11
4.4212241338582672
21
-4.2132681496062991
0
LINE
8
BLACK
6
CONTINUOUS
10
4.4212241338582672
20
-4.2132681496062991
11
4.4211424409448821
21
-4.2121189370078742
0
LINE
8
BLACK
6
CONTINUOUS
10
4.4211424409448821
20
-4.2121189370078742
11
4.4215067716535428
21
-4.2110259055118107
0
LINE
8
BLACK
6
CONTINUOUS
10
4.4215067716535428
20
-4.2110259055118107
11
4.4222616535433072
21
-4.210155551181102
0
LINE
8
BLACK
6
CONTINUOUS
10
4.4222616535433072
20
-4.210155551181102
11
4.4232920866141727
21
-4.2096403543307082
0
LINE
8
BLACK
6
CONTINUOUS
10
4.4232920866141727
20
-4.2096403543307082
11
4.4244412992125985
21
-4.209558661417323
0
LINE
8
BLACK
6
CONTINUOUS
10
4.4244412992125985
20
-4.209558661417323
11
4.4250057480314959
21
-4.2096870078740158
0
LINE
8
BLACK
6
CONTINUOUS
10
4.4250057480314959
20
-4.2096870078740158
11
4.4301754330708665
21
-4.2114102362204724
0
LINE
8
BLACK
6
CONTINUOUS
10
4.4301754330708665
20
-4.2114102362204724
11
4.4383730708661417
21
-4.2114102362204724
0
LINE
8
BLACK
6
CONTINUOUS
10
4.4383730708661417
20
-4.2114102362204724
11
4.4410705118110236
21
-4.2100614960629921
0
LINE
8
BLACK
6
CONTINUOUS
10
4.4410705118110236
20
-4.2100614960629921
11
4.4422676377952754
21
-4.2088643307086615
0
LINE
8
BLACK
6
CONTINUOUS
10
4.4422676377952754
20
-4.2088643307086615
11
4.4436164173228345
21
-4.2061668503937009
0
LINE
8
BLACK
6
CONTINUOUS
10
4.4436164173228345
20
-4.2061668503937009
11
4.4436164173228345
21
-4.2038114173228349
0
LINE
8
BLACK
6
CONTINUOUS
10
4.4436164173228345
20
-4.2038114173228349
11
4.4422676771653542
21
-4.2011139370078743
0
LINE
8
BLACK
6
CONTINUOUS
10
4.4422676771653542
20
-4.2011139370078743
11
4.4410705511811024
21
-4.1999168110236216
0
LINE
8
BLACK
6
CONTINUOUS
10
4.4410705511811024
20
-4.1999168110236216
11
4.4380395669291337
21
-4.1984012992125983
0
LINE
8
BLACK
6
CONTINUOUS
10
4.4380395669291337
20
-4.1984012992125983
11
4.4308549212598427
21
-4.1966051574803149
0
LINE
8
BLACK
6
CONTINUOUS
10
4.4308549212598427
20
-4.1966051574803149
11
4.4308124015748032
21
-4.1965899606299208
0
LINE
8
BLACK
6
CONTINUOUS
10
4.4308124015748032
20
-4.1965899606299208
11
4.4307911417322829
21
-4.1965884645669291
0
LINE
8
BLACK
6
CONTINUOUS
10
4.4307911417322829
20
-4.1965884645669291
11
4.4305513779527557
21
-4.196496692913386
0
LINE
8
BLACK
6
CONTINUOUS
10
4.4305513779527557
20
-4.196496692913386
11
4.4303098031496058
21
-4.1964103937007877
0
LINE
8
BLACK
6
CONTINUOUS
10
4.4303098031496058
20
-4.1964103937007877
11
4.4302926377952758
21
-4.1963976771653542
0
LINE
8
BLACK
6
CONTINUOUS
10
4.4302926377952758
20
-4.1963976771653542
11
4.4302505511811026
21
-4.1963815748031497
0
LINE
8
BLACK
6
CONTINUOUS
10
4.4302505511811026
20
-4.1963815748031497
11
4.4265010236220474
21
-4.1945068110236221
0
LINE
8
BLACK
6
CONTINUOUS
10
4.4265010236220474
20
-4.1945068110236221
11
4.4262529921259839
21
-4.1943507086614176
0
LINE
8
BLACK
6
CONTINUOUS
10
4.4262529921259839
20
-4.1943507086614176
11
4.4261810629921259
21
-4.1943209055118107
0
LINE
8
BLACK
6
CONTINUOUS
10
4.4261810629921259
20
-4.1943209055118107
11
4.4261000787401574
21
-4.1942544094488188
0
LINE
8
BLACK
6
CONTINUOUS
10
4.4261000787401574
20
-4.1942544094488188
11
4.4260111417322836
21
-4.194198464566929
0
LINE
8
BLACK
6
CONTINUOUS
10
4.4260111417322836
20
-4.194198464566929
11
4.4259599606299211
21
-4.1941394488188974
0
LINE
8
BLACK
6
CONTINUOUS
10
4.4259599606299211
20
-4.1941394488188974
11
4.4257336220472441
21
-4.193953700787401
0
LINE
8
BLACK
6
CONTINUOUS
10
4.4257336220472441
20
-4.193953700787401
11
4.4238588582677165
21
-4.1920789370078735
0
LINE
8
BLACK
6
CONTINUOUS
10
4.4238588582677165
20
-4.1920789370078735
11
4.4236730708661414
21
-4.1918525590551177
0
LINE
8
BLACK
6
CONTINUOUS
10
4.4236730708661414
20
-4.1918525590551177
11
4.4236140944881885
21
-4.1918014173228348
0
LINE
8
BLACK
6
CONTINUOUS
10
4.4236140944881885
20
-4.1918014173228348
11
4.42355811023622
21
-4.1917124409448814
0
LINE
8
BLACK
6
CONTINUOUS
10
4.42355811023622
20
-4.1917124409448814
11
4.4234916535433069
21
-4.1916314960629917
0
LINE
8
BLACK
6
CONTINUOUS
10
4.4234916535433069
20
-4.1916314960629917
11
4.4234618110236221
21
-4.1915595275590549
0
LINE
8
BLACK
6
CONTINUOUS
10
4.4234618110236221
20
-4.1915595275590549
11
4.4233057480314963
21
-4.191311535433071
0
LINE
8
BLACK
6
CONTINUOUS
10
4.4233057480314963
20
-4.191311535433071
11
4.4214309842519688
21
-4.1875620078740159
0
LINE
8
BLACK
6
CONTINUOUS
10
4.4214309842519688
20
-4.1875620078740159
11
4.4212240944881893
21
-4.1870213779527559
0
LINE
8
BLACK
6
CONTINUOUS
10
4.4212240944881893
20
-4.1870213779527559
11
4.4212165748031493
21
-4.1869155511811025
0
LINE
8
BLACK
6
CONTINUOUS
10
4.4212165748031493
20
-4.1869155511811025
11
4.4211759842519687
21
-4.1868175590551182
0
LINE
8
BLACK
6
CONTINUOUS
10
4.4211759842519687
20
-4.1868175590551182
11
4.4211192519685039
21
-4.1862414960629923
0
LINE
8
BLACK
6
CONTINUOUS
10
4.4211192519685039
20
-4.1862414960629923
11
4.4211192519685039
21
-4.1824919685039372
0
LINE
8
BLACK
6
CONTINUOUS
10
4.4211192519685039
20
-4.1824919685039372
11
4.4211759842519687
21
-4.1819159055118114
0
LINE
8
BLACK
6
CONTINUOUS
10
4.4211759842519687
20
-4.1819159055118114
11
4.4212165748031493
21
-4.1818178740157483
0
LINE
8
BLACK
6
CONTINUOUS
10
4.4212165748031493
20
-4.1818178740157483
11
4.4212240944881893
21
-4.1817120866141728
0
LINE
8
BLACK
6
CONTINUOUS
10
4.4212240944881893
20
-4.1817120866141728
11
4.4214309842519688
21
-4.1811714566929137
0
LINE
8
BLACK
6
CONTINUOUS
10
4.4214309842519688
20
-4.1811714566929137
11
4.4233057480314963
21
-4.1774219291338586
0
LINE
8
BLACK
6
CONTINUOUS
10
4.4233057480314963
20
-4.1774219291338586
11
4.4234618110236221
21
-4.177173897637795
0
LINE
8
BLACK
6
CONTINUOUS
10
4.4234618110236221
20
-4.177173897637795
11
4.4234916535433069
21
-4.177101968503937
0
LINE
8
BLACK
6
CONTINUOUS
10
4.4234916535433069
20
-4.177101968503937
11
4.42355811023622
21
-4.1770209842519685
0
LINE
8
BLACK
6
CONTINUOUS
10
4.42355811023622
20
-4.1770209842519685
11
4.4236140944881885
21
-4.1769320472440947
0
LINE
8
BLACK
6
CONTINUOUS
10
4.4236140944881885
20
-4.1769320472440947
11
4.4236730708661414
21
-4.1768808661417323
0
LINE
8
BLACK
6
CONTINUOUS
10
4.4236730708661414
20
-4.1768808661417323
11
4.4238588582677165
21
-4.1766545275590552
0
LINE
8
BLACK
6
CONTINUOUS
10
4.4238588582677165
20
-4.1766545275590552
11
4.4257336220472441
21
-4.1747797637795276
0
LINE
8
BLACK
6
CONTINUOUS
10
4.4257336220472441
20
-4.1747797637795276
11
4.4259599606299211
21
-4.1745939763779525
0
LINE
8
BLACK
6
CONTINUOUS
10
4.4259599606299211
20
-4.1745939763779525
11
4.4260111417322836
21
-4.1745349999999997
0
LINE
8
BLACK
6
CONTINUOUS
10
4.4260111417322836
20
-4.1745349999999997
11
4.4261000787401574
21
-4.1744790157480312
0
LINE
8
BLACK
6
CONTINUOUS
10
4.4261000787401574
20
-4.1744790157480312
11
4.4261810629921259
21
-4.174412559055118
0
LINE
8
BLACK
6
CONTINUOUS
10
4.4261810629921259
20
-4.174412559055118
11
4.4262529921259839
21
-4.1743827165354332
0
LINE
8
BLACK
6
CONTINUOUS
10
4.4262529921259839
20
-4.1743827165354332
11
4.4265010236220474
21
-4.1742266535433066
0
LINE
8
BLACK
6
CONTINUOUS
10
4.4265010236220474
20
-4.1742266535433066
11
4.4302505511811026
21
-4.172351889763779
0
LINE
8
BLACK
6
CONTINUOUS
10
4.4302505511811026
20
-4.172351889763779
11
4.4307911417322829
21
-4.1721449999999995
0
LINE
8
BLACK
6
CONTINUOUS
10
4.4307911417322829
20
-4.1721449999999995
11
4.430897007874016
21
-4.1721374409448817
0
LINE
8
BLACK
6
CONTINUOUS
10
4.430897007874016
20
-4.1721374409448817
11
4.4309950000000002
21
-4.1720968897637798
0
LINE
8
BLACK
6
CONTINUOUS
10
4.4309950000000002
20
-4.1720968897637798
11
4.4315710629921261
21
-4.172040157480315
0
LINE
8
BLACK
6
CONTINUOUS
10
4.4315710629921261
20
-4.172040157480315
11
4.4409448818897639
21
-4.172040157480315
0
LINE
8
BLACK
6
CONTINUOUS
10
4.4409448818897639
20
-4.172040157480315
11
4.4412364173228349
21
-4.1720688582677168
0
LINE
8
BLACK
6
CONTINUOUS
10
4.5180939370078743
20
-4.1720968897637798
11
4.518386338582677
21
-4.1720968897637798
0
LINE
8
BLACK
6
CONTINUOUS
10
4.518386338582677
20
-4.1720968897637798
11
4.5186535826771657
21
-4.1722075984251967
0
LINE
8
BLACK
6
CONTINUOUS
10
4.5186535826771657
20
-4.1722075984251967
11
4.5189374015748029
21
-4.1722637401574802
0
LINE
8
BLACK
6
CONTINUOUS
10
4.5189374015748029
20
-4.1722637401574802
11
4.5191806692913383
21
-4.1724259055118109
0
LINE
8
BLACK
6
CONTINUOUS
10
4.5191806692913383
20
-4.1724259055118109
11
4.5194507480314963
21
-4.1725377952755904
0
LINE
8
BLACK
6
CONTINUOUS
10
4.5194507480314963
20
-4.1725377952755904
11
4.519655196850394
21
-4.1727422440944881
0
LINE
8
BLACK
6
CONTINUOUS
10
4.519655196850394
20
-4.1727422440944881
11
4.5198960236220476
21
-4.1729027952755908
0
LINE
8
BLACK
6
CONTINUOUS
10
4.5198960236220476
20
-4.1729027952755908
11
4.5200587401574799
21
-4.1731457874015749
0
LINE
8
BLACK
6
CONTINUOUS
10
4.5200587401574799
20
-4.1731457874015749
11
4.5202653937007877
21
-4.1733524409448819
0
LINE
8
BLACK
6
CONTINUOUS
10
4.5202653937007877
20
-4.1733524409448819
11
4.5203760629921259
21
-4.1736196456692909
0
LINE
8
BLACK
6
CONTINUOUS
10
4.5203760629921259
20
-4.1736196456692909
11
4.5205370866141728
21
-4.173860078740157
0
LINE
8
BLACK
6
CONTINUOUS
10
4.5205370866141728
20
-4.173860078740157
11
4.5205944094488189
21
-4.1741467322834644
0
LINE
8
BLACK
6
CONTINUOUS
10
4.5205944094488189
20
-4.1741467322834644
11
4.5207062992125984
21
-4.1744168503937003
0
LINE
8
BLACK
6
CONTINUOUS
10
4.5207062992125984
20
-4.1744168503937003
11
4.5207624015748031
21
-4.1749867716535434
0
LINE
8
BLACK
6
CONTINUOUS
10
4.5207624015748031
20
-4.1749867716535434
11
4.5207630314960632
21
-4.1749898031496064
0
LINE
8
BLACK
6
CONTINUOUS
10
4.5207630314960632
20
-4.1749898031496064
11
4.5207627952755907
21
-4.1749908267716531
0
LINE
8
BLACK
6
CONTINUOUS
10
4.5207627952755907
20
-4.1749908267716531
11
4.5207630314960632
21
-4.174992913385827
0
LINE
8
BLACK
6
CONTINUOUS
10
4.5207630314960632
20
-4.174992913385827
11
4.5207630314960632
21
-4.2114102362204724
0
LINE
8
BLACK
6
CONTINUOUS
10
4.5207630314960632
20
-4.2114102362204724
11
4.5290588582677165
21
-4.2114102362204724
0
LINE
8
BLACK
6
CONTINUOUS
10
4.5290588582677165
20
-4.2114102362204724
11
4.5296349212598424
21
-4.2114669685039372
0
LINE
8
BLACK
6
CONTINUOUS
10
4.5296349212598424
20
-4.2114669685039372
11
4.5306993307086616
21
-4.2119078740157478
0
LINE
8
BLACK
6
CONTINUOUS
10
4.5306993307086616
20
-4.2119078740157478
11
4.5315139763779531
21
-4.2127225196850393
0
LINE
8
BLACK
6
CONTINUOUS
10
4.5315139763779531
20
-4.2127225196850393
11
4.5319548818897637
21
-4.2137869291338585
0
LINE
8
BLACK
6
CONTINUOUS
10
4.5319548818897637
20
-4.2137869291338585
11
4.5319548818897637
21
-4.2149390551181103
0
LINE
8
BLACK
6
CONTINUOUS
10
4.5319548818897637
20
-4.2149390551181103
11
4.5315139763779531
21
-4.2160034645669286
0
LINE
8
BLACK
6
CONTINUOUS
10
4.5315139763779531
20
-4.2160034645669286
11
4.5306993307086616
21
-4.2168181102362201
0
LINE
8
BLACK
6
CONTINUOUS
10
4.5306993307086616
20
-4.2168181102362201
11
4.5296349212598424
21
-4.2172590157480316
0
LINE
8
BLACK
6
CONTINUOUS
10
4.5296349212598424
20
-4.2172590157480316
11
4.5290588582677165
21
-4.2173157480314956
0
LINE
8
BLACK
6
CONTINUOUS
10
4.5290588582677165
20
-4.2173157480314956
11
4.5065616929133858
21
-4.2173157480314956
0
LINE
8
BLACK
6
CONTINUOUS
10
4.5065616929133858
20
-4.2173157480314956
11
4.5059856299212599
21
-4.2172590157480316
0
LINE
8
BLACK
6
CONTINUOUS
10
4.5059856299212599
20
-4.2172590157480316
11
4.5049212204724407
21
-4.2168181102362201
0
LINE
8
BLACK
6
CONTINUOUS
10
4.5049212204724407
20
-4.2168181102362201
11
4.5041065748031492
21
-4.2160034645669286
0
LINE
8
BLACK
6
CONTINUOUS
10
4.5041065748031492
20
-4.2160034645669286
11
4.5036656692913386
21
-4.2149390551181103
0
LINE
8
BLACK
6
CONTINUOUS
10
4.5036656692913386
20
-4.2149390551181103
11
4.5036656692913386
21
-4.2137869291338585
0
LINE
8
BLACK
6
CONTINUOUS
10
4.5036656692913386
20
-4.2137869291338585
11
4.5041065748031492
21
-4.2127225196850393
0
LINE
8
BLACK
6
CONTINUOUS
10
4.5041065748031492
20
-4.2127225196850393
11
4.5049212204724407
21
-4.2119078740157478
0
LINE
8
BLACK
6
CONTINUOUS
10
4.5049212204724407
20
-4.2119078740157478
11
4.5059856299212599
21
-4.2114669685039372
0
LINE
8
BLACK
6
CONTINUOUS
10
4.5059856299212599
20
-4.2114669685039372
11
4.5065616929133858
21
-4.2114102362204724
0
LINE
8
BLACK
6
CONTINUOUS
10
4.5065616929133858
20
-4.2114102362204724
11
4.5148575196850391
21
-4.2114102362204724
0
LINE
8
BLACK
6
CONTINUOUS
10
4.5148575196850391
20
-4.2114102362204724
11
4.5148575196850391
21
-4.1839962598425195
0
LINE
8
BLACK
6
CONTINUOUS
10
4.5148575196850391
20
-4.1839962598425195
11
4.5123991338582679
21
-4.1864546456692908
0
LINE
8
BLACK
6
CONTINUOUS
10
4.5123991338582679
20
-4.1864546456692908
11
4.512172755905512
21
-4.1866403937007872
0
LINE
8
BLACK
6
CONTINUOUS
10
4.512172755905512
20
-4.1866403937007872
11
4.5121216141732283
21
-4.1866994094488188
0
LINE
8
BLACK
6
CONTINUOUS
10
4.5121216141732283
20
-4.1866994094488188
11
4.5120326377952757
21
-4.1867553543307086
0
LINE
8
BLACK
6
CONTINUOUS
10
4.5120326377952757
20
-4.1867553543307086
11
4.511951692913386
21
-4.1868218503937005
0
LINE
8
BLACK
6
CONTINUOUS
10
4.511951692913386
20
-4.1868218503937005
11
4.5118797244094484
21
-4.1868516535433073
0
LINE
8
BLACK
6
CONTINUOUS
10
4.5118797244094484
20
-4.1868516535433073
11
4.5116317322834645
21
-4.1870077559055119
0
LINE
8
BLACK
6
CONTINUOUS
10
4.5116317322834645
20
-4.1870077559055119
11
4.5078822047244094
21
-4.1888825196850394
0
LINE
8
BLACK
6
CONTINUOUS
10
4.5078822047244094
20
-4.1888825196850394
11
4.5073415748031493
21
-4.1890894094488189
0
LINE
8
BLACK
6
CONTINUOUS
10
4.5073415748031493
20
-4.1890894094488189
11
4.5061923622047244
21
-4.1891710629921262
0
LINE
8
BLACK
6
CONTINUOUS
10
4.5061923622047244
20
-4.1891710629921262
11
4.5050994094488184
21
-4.1888067322834646
0
LINE
8
BLACK
6
CONTINUOUS
10
4.5050994094488184
20
-4.1888067322834646
11
4.5042290157480318
21
-4.1880518897637797
0
LINE
8
BLACK
6
CONTINUOUS
10
4.5042290157480318
20
-4.1880518897637797
11
4.5037137795275592
21
-4.1870213779527559
0
LINE
8
BLACK
6
CONTINUOUS
10
4.5037137795275592
20
-4.1870213779527559
11
4.503632125984252
21
-4.1858721653543309
0
LINE
8
BLACK
6
CONTINUOUS
10
4.503632125984252
20
-4.1858721653543309
11
4.5039964566929136
21
-4.1847792125984249
0
LINE
8
BLACK
6
CONTINUOUS
10
4.5039964566929136
20
-4.1847792125984249
11
4.5047512992125984
21
-4.1839088188976374
0
LINE
8
BLACK
6
CONTINUOUS
10
4.5047512992125984
20
-4.1839088188976374
11
4.5052411811023623
21
-4.1836004724409444
0
LINE
8
BLACK
6
CONTINUOUS
10
4.5052411811023623
20
-4.1836004724409444
11
4.5085621259842519
21
-4.18194
0
LINE
8
BLACK
6
CONTINUOUS
10
4.5085621259842519
20
-4.18194
11
4.5117660236220472
21
-4.1787361023622047
0
LINE
8
BLACK
6
CONTINUOUS
10
4.5117660236220472
20
-4.1787361023622047
11
4.5153534251968503
21
-4.1733549999999999
0
LINE
8
BLACK
6
CONTINUOUS
10
4.5153534251968503
20
-4.1733549999999999
11
4.515354763779527
21
-4.1733533070866144
0
LINE
8
BLACK
6
CONTINUOUS
10
4.515354763779527
20
-4.1733533070866144
11
4.5153551574803146
21
-4.1733524409448819
0
LINE
8
BLACK
6
CONTINUOUS
10
4.5153551574803146
20
-4.1733524409448819
11
4.515357165354331
21
-4.1733503937007876
0
LINE
8
BLACK
6
CONTINUOUS
10
4.515357165354331
20
-4.1733503937007876
11
4.5157201968503937
21
-4.1729071653543306
0
LINE
8
BLACK
6
CONTINUOUS
10
4.5157201968503937
20
-4.1729071653543306
11
4.5159630708661416
21
-4.1727444881889761
0
LINE
8
BLACK
6
CONTINUOUS
10
4.5159630708661416
20
-4.1727444881889761
11
4.516169803149606
21
-4.1725377952755904
0
LINE
8
BLACK
6
CONTINUOUS
10
4.516169803149606
20
-4.1725377952755904
11
4.5164370866141734
21
-4.1724270472440947
0
LINE
8
BLACK
6
CONTINUOUS
10
4.5164370866141734
20
-4.1724270472440947
11
4.5166774803149607
21
-4.1722661023622045
0
LINE
8
BLACK
6
CONTINUOUS
10
4.5166774803149607
20
-4.1722661023622045
11
4.5169640944881886
21
-4.1722087401574806
0
LINE
8
BLACK
6
CONTINUOUS
10
4.5169640944881886
20
-4.1722087401574806
11
4.5172342125984253
21
-4.1720968897637798
0
LINE
8
BLACK
6
CONTINUOUS
10
4.5172342125984253
20
-4.1720968897637798
11
4.5175235039370074
21
-4.1720968897637798
0
LINE
8
BLACK
6
CONTINUOUS
10
4.5175235039370074
20
-4.1720968897637798
11
4.5178071653543306
21
-4.172040157480315
0
LINE
8
BLACK
6
CONTINUOUS
10
4.5178071653543306
20
-4.172040157480315
11
4.5180939370078743
21
-4.1720968897637798
0
LINE
8
BLACK
6
CONTINUOUS
10
4.5577564173228344
20
-4.1720968897637798
11
4.5578544094488187
21
-4.1721374803149605
0
LINE
8
BLACK
6
CONTINUOUS
10
4.5578544094488187
20
-4.1721374803149605
11
4.5579602362204721
21
-4.1721449999999995
0
LINE
8
BLACK
6
CONTINUOUS
10
4.5579602362204721
20
-4.1721449999999995
11
4.5585008661417321
21
-4.172351889763779
0
LINE
8
BLACK
6
CONTINUOUS
10
4.5585008661417321
20
-4.172351889763779
11
4.5622503937007872
21
-4.1742266535433066
0
LINE
8
BLACK
6
CONTINUOUS
10
4.5622503937007872
20
-4.1742266535433066
11
4.5624983858267711
21
-4.1743827165354332
0
LINE
8
BLACK
6
CONTINUOUS
10
4.5624983858267711
20
-4.1743827165354332
11
4.5625703543307088
21
-4.174412559055118
0
LINE
8
BLACK
6
CONTINUOUS
10
4.5625703543307088
20
-4.174412559055118
11
4.5626512992125985
21
-4.1744790157480312
0
LINE
8
BLACK
6
CONTINUOUS
10
4.5626512992125985
20
-4.1744790157480312
11
4.5627402755905511
21
-4.1745349999999997
0
LINE
8
BLACK
6
CONTINUOUS
10
4.5627402755905511
20
-4.1745349999999997
11
4.5627914173228348
21
-4.1745939763779525
0
LINE
8
BLACK
6
CONTINUOUS
10
4.5627914173228348
20
-4.1745939763779525
11
4.5630177952755906
21
-4.1747797637795276
0
LINE
8
BLACK
6
CONTINUOUS
10
4.5630177952755906
20
-4.1747797637795276
11
4.5648925590551181
21
-4.1766545275590552
0
LINE
8
BLACK
6
CONTINUOUS
10
4.5648925590551181
20
-4.1766545275590552
11
4.5650783070866137
21
-4.1768808661417323
0
LINE
8
BLACK
6
CONTINUOUS
10
4.5650783070866137
20
-4.1768808661417323
11
4.5651373228346452
21
-4.1769320472440947
0
LINE
8
BLACK
6
CONTINUOUS
10
4.5651373228346452
20
-4.1769320472440947
11
4.565193267716535
21
-4.1770209842519685
0
LINE
8
BLACK
6
CONTINUOUS
10
4.565193267716535
20
-4.1770209842519685
11
4.5652597637795278
21
-4.177101968503937
0
LINE
8
BLACK
6
CONTINUOUS
10
4.5652597637795278
20
-4.177101968503937
11
4.5652895669291338
21
-4.177173897637795
0
LINE
8
BLACK
6
CONTINUOUS
10
4.5652895669291338
20
-4.177173897637795
11
4.5654456692913383
21
-4.1774219291338586
0
LINE
8
BLACK
6
CONTINUOUS
10
4.5654456692913383
20
-4.1774219291338586
11
4.5673204330708659
21
-4.1811714566929137
0
LINE
8
BLACK
6
CONTINUOUS
10
4.5673204330708659
20
-4.1811714566929137
11
4.5673365354330704
21
-4.1812135433070869
0
LINE
8
BLACK
6
CONTINUOUS
10
4.5673365354330704
20
-4.1812135433070869
11
4.5673492519685039
21
-4.1812307086614169
0
LINE
8
BLACK
6
CONTINUOUS
10
4.5673492519685039
20
-4.1812307086614169
11
4.5674355511811022
21
-4.1814722834645668
0
LINE
8
BLACK
6
CONTINUOUS
10
4.5674355511811022
20
-4.1814722834645668
11
4.5675273228346454
21
-4.1817120472440941
0
LINE
8
BLACK
6
CONTINUOUS
10
4.5675273228346454
20
-4.1817120472440941
11
4.567528818897638
21
-4.1817333070866143
0
LINE
8
BLACK
6
CONTINUOUS
10
4.567528818897638
20
-4.1817333070866143
11
4.5675440157480311
21
-4.1817758267716538
0
LINE
8
BLACK
6
CONTINUOUS
10
4.5675440157480311
20
-4.1817758267716538
11
4.5694187795275587
21
-4.189274881889764
0
LINE
8
BLACK
6
CONTINUOUS
10
4.5694187795275587
20
-4.189274881889764
11
4.5694335433070865
21
-4.1893747244094488
0
LINE
8
BLACK
6
CONTINUOUS
10
4.5694335433070865
20
-4.1893747244094488
11
4.5694501968503936
21
-4.1894149606299216
0
LINE
8
BLACK
6
CONTINUOUS
10
4.5694501968503936
20
-4.1894149606299216
11
4.5694715354330704
21
-4.1896319685039369
0
LINE
8
BLACK
6
CONTINUOUS
10
4.5694715354330704
20
-4.1896319685039369
11
4.5695034251968503
21
-4.1898474803149606
0
LINE
8
BLACK
6
CONTINUOUS
10
4.5695034251968503
20
-4.1898474803149606
11
4.5694970078740154
21
-4.1898904724409451
0
LINE
8
BLACK
6
CONTINUOUS
10
4.5694970078740154
20
-4.1898904724409451
11
4.5695069291338584
21
-4.1899910236220475
0
LINE
8
BLACK
6
CONTINUOUS
10
4.5695069291338584
20
-4.1899910236220475
11
4.5695069291338584
21
-4.1993648425196852
0
LINE
8
BLACK
6
CONTINUOUS
10
4.5695069291338584
20
-4.1993648425196852
11
4.5694970078740154
21
-4.1994653543307088
0
LINE
8
BLACK
6
CONTINUOUS
10
4.5694970078740154
20
-4.1994653543307088
11
4.5695034251968503
21
-4.1995083858267712
0
LINE
8
BLACK
6
CONTINUOUS
10
4.5695034251968503
20
-4.1995083858267712
11
4.5694715354330704
21
-4.1997238582677161
0
LINE
8
BLACK
6
CONTINUOUS
10
4.5694715354330704
20
-4.1997238582677161
11
4.5694501968503936
21
-4.1999409055118111
0
LINE
8
BLACK
6
CONTINUOUS
10
4.5694501968503936
20
-4.1999409055118111
11
4.5694335433070865
21
-4.1999811023622042
0
LINE
8
BLACK
6
CONTINUOUS
10
4.5694335433070865
20
-4.1999811023622042
11
4.5694187795275587
21
-4.2000809842519686
0
LINE
8
BLACK
6
CONTINUOUS
10
4.5694187795275587
20
-4.2000809842519686
11
4.5675440157480311
21
-4.2075800393700789
0
LINE
8
BLACK
6
CONTINUOUS
10
4.5675440157480311
20
-4.2075800393700789
11
4.567528818897638
21
-4.2076225196850396
0
LINE
8
BLACK
6
CONTINUOUS
10
4.567528818897638
20
-4.2076225196850396
11
4.5675273228346454
21
-4.2076438188976377
0
LINE
8
BLACK
6
CONTINUOUS
10
4.5675273228346454
20
-4.2076438188976377
11
4.5674355511811022
21
-4.2078835433070862
0
LINE
8
BLACK
6
CONTINUOUS
10
4.5674355511811022
20
-4.2078835433070862
11
4.5673492519685039
21
-4.2081251574803149
0
LINE
8
BLACK
6
CONTINUOUS
10
4.5673492519685039
20
-4.2081251574803149
11
4.5673365354330704
21
-4.208142283464567
0
LINE
8
BLACK
6
CONTINUOUS
10
4.5673365354330704
20
-4.208142283464567
11
4.5673204330708659
21
-4.208184409448819
0
LINE
8
BLACK
6
CONTINUOUS
10
4.5673204330708659
20
-4.208184409448819
11
4.5654456692913383
21
-4.2119339370078741
0
LINE
8
BLACK
6
CONTINUOUS
10
4.5654456692913383
20
-4.2119339370078741
11
4.5652896062992125
21
-4.2121818110236218
0
LINE
8
BLACK
6
CONTINUOUS
10
4.5652896062992125
20
-4.2121818110236218
11
4.5652598031496066
21
-4.212253858267716
0
LINE
8
BLACK
6
CONTINUOUS
10
4.5652598031496066
20
-4.212253858267716
11
4.565193267716535
21
-4.2123348818897641
0
LINE
8
BLACK
6
CONTINUOUS
10
4.565193267716535
20
-4.2123348818897641
11
4.5651373228346452
21
-4.212423818897638
0
LINE
8
BLACK
6
CONTINUOUS
10
4.5651373228346452
20
-4.212423818897638
11
4.5650783070866137
21
-4.2124749606299208
0
LINE
8
BLACK
6
CONTINUOUS
10
4.5650783070866137
20
-4.2124749606299208
11
4.5648925590551181
21
-4.2127013385826775
0
LINE
8
BLACK
6
CONTINUOUS
10
4.5648925590551181
20
-4.2127013385826775
11
4.5630178346456693
21
-4.214576102362205
0
LINE
8
BLACK
6
CONTINUOUS
10
4.5630178346456693
20
-4.214576102362205
11
4.5627914566929135
21
-4.2147618503937005
0
LINE
8
BLACK
6
CONTINUOUS
10
4.5627914566929135
20
-4.2147618503937005
11
4.5627402755905511
21
-4.2148209055118109
0
LINE
8
BLACK
6
CONTINUOUS
10
4.5627402755905511
20
-4.2148209055118109
11
4.5626512992125985
21
-4.2148768897637794
0
LINE
8
BLACK
6
CONTINUOUS
10
4.5626512992125985
20
-4.2148768897637794
11
4.5625703543307088
21
-4.2149433464566926
0
LINE
8
BLACK
6
CONTINUOUS
10
4.5625703543307088
20
-4.2149433464566926
11
4.5624983858267711
21
-4.2149731496062994
0
LINE
8
BLACK
6
CONTINUOUS
10
4.5624983858267711
20
-4.2149731496062994
11
4.5622503937007872
21
-4.215129251968504
0
LINE
8
BLACK
6
CONTINUOUS
10
4.5622503937007872
20
-4.215129251968504
11
4.5585008661417321
21
-4.2170040157480315
0
LINE
8
BLACK
6
CONTINUOUS
10
4.5585008661417321
20
-4.2170040157480315
11
4.5579602362204721
21
-4.217210905511811
0
LINE
8
BLACK
6
CONTINUOUS
10
4.5579602362204721
20
-4.217210905511811
11
4.5578544094488187
21
-4.2172183858267713
0
LINE
8
BLACK
6
CONTINUOUS
10
4.5578544094488187
20
-4.2172183858267713
11
4.5577564173228344
21
-4.2172590157480316
0
LINE
8
BLACK
6
CONTINUOUS
10
4.5577564173228344
20
-4.2172590157480316
11
4.5571803543307086
21
-4.2173157480314956
0
LINE
8
BLACK
6
CONTINUOUS
10
4.5571803543307086
20
-4.2173157480314956
11
4.5534308267716535
21
-4.2173157480314956
0
LINE
8
BLACK
6
CONTINUOUS
10
4.5534308267716535
20
-4.2173157480314956
11
4.5528547637795276
21
-4.2172590157480316
0
LINE
8
BLACK
6
CONTINUOUS
10
4.5528547637795276
20
-4.2172590157480316
11
4.5527567716535433
21
-4.2172184251968501
0
LINE
8
BLACK
6
CONTINUOUS
10
4.5527567716535433
20
-4.2172184251968501
11
4.5526509055118112
21
-4.217210905511811
0
LINE
8
BLACK
6
CONTINUOUS
10
4.5526509055118112
20
-4.217210905511811
11
4.5521103149606299
21
-4.2170040157480315
0
LINE
8
BLACK
6
CONTINUOUS
10
4.5521103149606299
20
-4.2170040157480315
11
4.5483607874015748
21
-4.215129251968504
0
LINE
8
BLACK
6
CONTINUOUS
10
4.5483607874015748
20
-4.215129251968504
11
4.5481127559055121
21
-4.2149731496062994
0
LINE
8
BLACK
6
CONTINUOUS
10
4.5481127559055121
20
-4.2149731496062994
11
4.5480408267716532
21
-4.2149433464566926
0
LINE
8
BLACK
6
CONTINUOUS
10
4.5480408267716532
20
-4.2149433464566926
11
4.5479598425196848
21
-4.2148768897637794
0
LINE
8
BLACK
6
CONTINUOUS
10
4.5479598425196848
20
-4.2148768897637794
11
4.5478709055118109
21
-4.2148209055118109
0
LINE
8
BLACK
6
CONTINUOUS
10
4.5478709055118109
20
-4.2148209055118109
11
4.5478196850393697
21
-4.2147618503937005
0
LINE
8
BLACK
6
CONTINUOUS
10
4.5478196850393697
20
-4.2147618503937005
11
4.5475933464566927
21
-4.214576102362205
0
LINE
8
BLACK
6
CONTINUOUS
10
4.5475933464566927
20
-4.214576102362205
11
4.5457185826771651
21
-4.2127012992125987
0
LINE
8
BLACK
6
CONTINUOUS
10
4.5457185826771651
20
-4.2127012992125987
11
4.5455328346456696
21
-4.2124749606299208
0
LINE
8
BLACK
6
CONTINUOUS
10
4.5455328346456696
20
-4.2124749606299208
11
4.5454738582677168
21
-4.212423818897638
0
LINE
8
BLACK
6
CONTINUOUS
10
4.5454738582677168
20
-4.212423818897638
11
4.5454178740157483
21
-4.2123348818897641
0
LINE
8
BLACK
6
CONTINUOUS
10
4.5454178740157483
20
-4.2123348818897641
11
4.5453513779527555
21
-4.212253858267716
0
LINE
8
BLACK
6
CONTINUOUS
10
4.5453513779527555
20
-4.212253858267716
11
4.5453215354330707
21
-4.2121818110236218
0
LINE
8
BLACK
6
CONTINUOUS
10
4.5453215354330707
20
-4.2121818110236218
11
4.5451655118110237
21
-4.2119339370078741
0
LINE
8
BLACK
6
CONTINUOUS
10
4.5451655118110237
20
-4.2119339370078741
11
4.5432907480314961
21
-4.208184409448819
0
LINE
8
BLACK
6
CONTINUOUS
10
4.5432907480314961
20
-4.208184409448819
11
4.5432746062992129
21
-4.208142283464567
0
LINE
8
BLACK
6
CONTINUOUS
10
4.5432746062992129
20
-4.208142283464567
11
4.5432619291338581
21
-4.2081251574803149
0
LINE
8
BLACK
6
CONTINUOUS
10
4.5432619291338581
20
-4.2081251574803149
11
4.5431754724409448
21
-4.2078831889763775
0
LINE
8
BLACK
6
CONTINUOUS
10
4.5431754724409448
20
-4.2078831889763775
11
4.5430838582677167
21
-4.207643779527559
0
LINE
8
BLACK
6
CONTINUOUS
10
4.5430838582677167
20
-4.207643779527559
11
4.5430823228346453
21
-4.2076225196850396
0
LINE
8
BLACK
6
CONTINUOUS
10
4.5430823228346453
20
-4.2076225196850396
11
4.5430671653543309
21
-4.2075800393700789
0
LINE
8
BLACK
6
CONTINUOUS
10
4.5430671653543309
20
-4.2075800393700789
11
4.5411924015748033
21
-4.2000809842519686
0
LINE
8
BLACK
6
CONTINUOUS
10
4.5411924015748033
20
-4.2000809842519686
11
4.5411775984251967
21
-4.1999811023622042
0
LINE
8
BLACK
6
CONTINUOUS
10
4.5411775984251967
20
-4.1999811023622042
11
4.5411609842519685
21
-4.1999409055118111
0
LINE
8
BLACK
6
CONTINUOUS
10
4.5411609842519685
20
-4.1999409055118111
11
4.5411396062992129
21
-4.1997238582677161
0
LINE
8
BLACK
6
CONTINUOUS
10
4.5411396062992129
20
-4.1997238582677161
11
4.5411077559055117
21
-4.1995083858267712
0
LINE
8
BLACK
6
CONTINUOUS
10
4.5411077559055117
20
-4.1995083858267712
11
4.5411141338582679
21
-4.1994653543307088
0
LINE
8
BLACK
6
CONTINUOUS
10
4.5411141338582679
20
-4.1994653543307088
11
4.5411042519685036
21
-4.1993648425196852
0
LINE
8
BLACK
6
CONTINUOUS
10
4.5411042519685036
20
-4.1993648425196852
11
4.5411042519685036
21
-4.1899910236220475
0
LINE
8
BLACK
6
CONTINUOUS
10
4.5411042519685036
20
-4.1899910236220475
11
4.5411141338582679
21
-4.1898904724409451
0
LINE
8
BLACK
6
CONTINUOUS
10
4.5411141338582679
20
-4.1898904724409451
11
4.5411077559055117
21
-4.1898474803149606
0
LINE
8
BLACK
6
CONTINUOUS
10
4.5411077559055117
20
-4.1898474803149606
11
4.5411396062992129
21
-4.1896319685039369
0
LINE
8
BLACK
6
CONTINUOUS
10
4.5411396062992129
20
-4.1896319685039369
11
4.5411609842519685
21
-4.1894149606299216
0
LINE
8
BLACK
6
CONTINUOUS
10
4.5411609842519685
20
-4.1894149606299216
11
4.5411775984251967
21
-4.1893747244094488
0
LINE
8
BLACK
6
CONTINUOUS
10
4.5411775984251967
20
-4.1893747244094488
11
4.5411924015748033
21
-4.189274881889764
0
LINE
8
BLACK
6
CONTINUOUS
10
4.5411924015748033
20
-4.189274881889764
11
4.5430671653543309
21
-4.1817758267716538
0
LINE
8
BLACK
6
CONTINUOUS
10
4.5430671653543309
20
-4.1817758267716538
11
4.5430823228346453
21
-4.1817333070866143
0
LINE
8
BLACK
6
CONTINUOUS
10
4.5430823228346453
20
-4.1817333070866143
11
4.5430838582677167
21
-4.1817120866141728
0
LINE
8
BLACK
6
CONTINUOUS
10
4.5430838582677167
20
-4.1817120866141728
11
4.5431754724409448
21
-4.1814726377952756
0
LINE
8
BLACK
6
CONTINUOUS
10
4.5431754724409448
20
-4.1814726377952756
11
4.5432619291338581
21
-4.1812307086614169
0
LINE
8
BLACK
6
CONTINUOUS
10
4.5432619291338581
20
-4.1812307086614169
11
4.5432746062992129
21
-4.1812135433070869
0
LINE
8
BLACK
6
CONTINUOUS
10
4.5432746062992129
20
-4.1812135433070869
11
4.5432907480314961
21
-4.1811714566929137
0
LINE
8
BLACK
6
CONTINUOUS
10
4.5432907480314961
20
-4.1811714566929137
11
4.5451655118110237
21
-4.1774219291338586
0
LINE
8
BLACK
6
CONTINUOUS
10
4.5451655118110237
20
-4.1774219291338586
11
4.5453215748031495
21
-4.177173897637795
0
LINE
8
BLACK
6
CONTINUOUS
10
4.5453215748031495
20
-4.177173897637795
11
4.5453514173228342
21
-4.177101968503937
0
LINE
8
BLACK
6
CONTINUOUS
10
4.5453514173228342
20
-4.177101968503937
11
4.5454178740157483
21
-4.1770209842519685
0
LINE
8
BLACK
6
CONTINUOUS
10
4.5454178740157483
20
-4.1770209842519685
11
4.5454738582677168
21
-4.1769320472440947
0
LINE
8
BLACK
6
CONTINUOUS
10
4.5454738582677168
20
-4.1769320472440947
11
4.5455328346456696
21
-4.1768808661417323
0
LINE
8
BLACK
6
CONTINUOUS
10
4.5455328346456696
20
-4.1768808661417323
11
4.5457186220472439
21
-4.1766545275590552
0
LINE
8
BLACK
6
CONTINUOUS
10
4.5457186220472439
20
-4.1766545275590552
11
4.5475933858267714
21
-4.1747797637795276
0
LINE
8
BLACK
6
CONTINUOUS
10
4.5475933858267714
20
-4.1747797637795276
11
4.5478197244094485
21
-4.1745939763779525
0
LINE
8
BLACK
6
CONTINUOUS
10
4.5478197244094485
20
-4.1745939763779525
11
4.5478709055118109
21
-4.1745349999999997
0
LINE
8
BLACK
6
CONTINUOUS
10
4.5478709055118109
20
-4.1745349999999997
11
4.5479598425196848
21
-4.1744790157480312
0
LINE
8
BLACK
6
CONTINUOUS
10
4.5479598425196848
20
-4.1744790157480312
11
4.5480408267716532
21
-4.174412559055118
0
LINE
8
BLACK
6
CONTINUOUS
10
4.5480408267716532
20
-4.174412559055118
11
4.5481127559055121
21
-4.1743827165354332
0
LINE
8
BLACK
6
CONTINUOUS
10
4.5481127559055121
20
-4.1743827165354332
11
4.5483607874015748
21
-4.1742266535433066
0
LINE
8
BLACK
6
CONTINUOUS
10
4.5483607874015748
20
-4.1742266535433066
11
4.5521103149606299
21
-4.172351889763779
0
LINE
8
BLACK
6
CONTINUOUS
10
4.5521103149606299
20
-4.172351889763779
11
4.5526509055118112
21
-4.1721449999999995
0
LINE
8
BLACK
6
CONTINUOUS
10
4.5526509055118112
20
-4.1721449999999995
11
4.5527567716535433
21
-4.1721374409448817
0
LINE
8
BLACK
6
CONTINUOUS
10
4.5527567716535433
20
-4.1721374409448817
11
4.5528547637795276
21
-4.1720968897637798
0
LINE
8
BLACK
6
CONTINUOUS
10
4.5528547637795276
20
-4.1720968897637798
11
4.5534308267716535
21
-4.172040157480315
0
LINE
8
BLACK
6
CONTINUOUS
10
4.5534308267716535
20
-4.172040157480315
11
4.5571803543307086
21
-4.172040157480315
0
LINE
8
BLACK
6
CONTINUOUS
10
4.5571803543307086
20
-4.172040157480315
11
4.5577564173228344
21
-4.1720968897637798
0
LINE
8
BLACK
6
CONTINUOUS
10
4.5514303937007874
20
-4.1792944094488185
11
4.5502332677165356
21
-4.1804915354330712
0
LINE
8
BLACK
6
CONTINUOUS
10
4.5502332677165356
20
-4.1804915354330712
11
4.5487177559055114
21
-4.183522519685039
0
LINE
8
BLACK
6
CONTINUOUS
10
4.5487177559055114
20
-4.183522519685039
11
4.5470097637795277
21
-4.190354566929134
0
LINE
8
BLACK
6
CONTINUOUS
10
4.5470097637795277
20
-4.190354566929134
11
4.5470097637795277
21
-4.1990012992125987
0
LINE
8
BLACK
6
CONTINUOUS
10
4.5470097637795277
20
-4.1990012992125987
11
4.5487177559055114
21
-4.2058333464566928
0
LINE
8
BLACK
6
CONTINUOUS
10
4.5487177559055114
20
-4.2058333464566928
11
4.5502332677165356
21
-4.2088643307086615
0
LINE
8
BLACK
6
CONTINUOUS
10
4.5502332677165356
20
-4.2088643307086615
11
4.5514303937007874
21
-4.2100614960629921
0
LINE
8
BLACK
6
CONTINUOUS
10
4.5514303937007874
20
-4.2100614960629921
11
4.554127874015748
21
-4.2114102362204724
0
LINE
8
BLACK
6
CONTINUOUS
10
4.554127874015748
20
-4.2114102362204724
11
4.556483307086614
21
-4.2114102362204724
0
LINE
8
BLACK
6
CONTINUOUS
10
4.556483307086614
20
-4.2114102362204724
11
4.5591807480314959
21
-4.2100614960629921
0
LINE
8
BLACK
6
CONTINUOUS
10
4.5591807480314959
20
-4.2100614960629921
11
4.5603778740157477
21
-4.2088643307086615
0
LINE
8
BLACK
6
CONTINUOUS
10
4.5603778740157477
20
-4.2088643307086615
11
4.5618933858267718
21
-4.2058333464566928
0
LINE
8
BLACK
6
CONTINUOUS
10
4.5618933858267718
20
-4.2058333464566928
11
4.5636014173228343
21
-4.1990012992125987
0
LINE
8
BLACK
6
CONTINUOUS
10
4.5636014173228343
20
-4.1990012992125987
11
4.5636014173228343
21
-4.190354566929134
0
LINE
8
BLACK
6
CONTINUOUS
10
4.5636014173228343
20
-4.190354566929134
11
4.5618933858267718
21
-4.183522519685039
0
LINE
8
BLACK
6
CONTINUOUS
10
4.5618933858267718
20
-4.183522519685039
11
4.5603779133858264
21
-4.1804915354330712
0
LINE
8
BLACK
6
CONTINUOUS
10
4.5603779133858264
20
-4.1804915354330712
11
4.5591807874015746
21
-4.1792944094488185
0
LINE
8
BLACK
6
CONTINUOUS
10
4.5591807874015746
20
-4.1792944094488185
11
4.556483307086614
21
-4.1779456692913381
0
LINE
8
BLACK
6
CONTINUOUS
10
4.556483307086614
20
-4.1779456692913381
11
4.554127874015748
21
-4.1779456692913381
0
LINE
8
BLACK
6
CONTINUOUS
10
4.554127874015748
20
-4.1779456692913381
11
4.5514303937007874
21
-4.1792944094488185
0
LINE
8
BLACK
6
CONTINUOUS
10
4.5971264960629918
20
-4.1720968897637798
11
4.5972244881889761
21
-4.1721374803149605
0
LINE
8
BLACK
6
CONTINUOUS
10
4.5972244881889761
20
-4.1721374803149605
11
4.5973303149606295
21
-4.1721449999999995
0
LINE
8
BLACK
6
CONTINUOUS
10
4.5973303149606295
20
-4.1721449999999995
11
4.5978709448818895
21
-4.172351889763779
0
LINE
8
BLACK
6
CONTINUOUS
10
4.5978709448818895
20
-4.172351889763779
11
4.6016204724409446
21
-4.1742266535433066
0
LINE
8
BLACK
6
CONTINUOUS
10
4.6016204724409446
20
-4.1742266535433066
11
4.6018684645669294
21
-4.1743827165354332
0
LINE
8
BLACK
6
CONTINUOUS
10
4.6018684645669294
20
-4.1743827165354332
11
4.6019404330708662
21
-4.174412559055118
0
LINE
8
BLACK
6
CONTINUOUS
10
4.6019404330708662
20
-4.174412559055118
11
4.6020213779527559
21
-4.1744790157480312
0
LINE
8
BLACK
6
CONTINUOUS
10
4.6020213779527559
20
-4.1744790157480312
11
4.6021103543307085
21
-4.1745349999999997
0
LINE
8
BLACK
6
CONTINUOUS
10
4.6021103543307085
20
-4.1745349999999997
11
4.6021614960629922
21
-4.1745939763779525
0
LINE
8
BLACK
6
CONTINUOUS
10
4.6021614960629922
20
-4.1745939763779525
11
4.602387874015748
21
-4.1747797637795276
0
LINE
8
BLACK
6
CONTINUOUS
10
4.602387874015748
20
-4.1747797637795276
11
4.6042626377952756
21
-4.1766545275590552
0
LINE
8
BLACK
6
CONTINUOUS
10
4.6042626377952756
20
-4.1766545275590552
11
4.604448385826772
21
-4.1768808661417323
0
LINE
8
BLACK
6
CONTINUOUS
10
4.604448385826772
20
-4.1768808661417323
11
4.6045074015748026
21
-4.1769320472440947
0
LINE
8
BLACK
6
CONTINUOUS
10
4.6045074015748026
20
-4.1769320472440947
11
4.6045633464566924
21
-4.1770209842519685
0
LINE
8
BLACK
6
CONTINUOUS
10
4.6045633464566924
20
-4.1770209842519685
11
4.6046298425196852
21
-4.177101968503937
0
LINE
8
BLACK
6
CONTINUOUS
10
4.6046298425196852
20
-4.177101968503937
11
4.6046596456692912
21
-4.177173897637795
0
LINE
8
BLACK
6
CONTINUOUS
10
4.6046596456692912
20
-4.177173897637795
11
4.6048157480314957
21
-4.1774219291338586
0
LINE
8
BLACK
6
CONTINUOUS
10
4.6048157480314957
20
-4.1774219291338586
11
4.6066905118110233
21
-4.1811714566929137
0
LINE
8
BLACK
6
CONTINUOUS
10
4.6066905118110233
20
-4.1811714566929137
11
4.6068974015748028
21
-4.1817120472440941
0
LINE
8
BLACK
6
CONTINUOUS
10
4.6068974015748028
20
-4.1817120472440941
11
4.6069049212598427
21
-4.1818179133858271
0
LINE
8
BLACK
6
CONTINUOUS
10
4.6069049212598427
20
-4.1818179133858271
11
4.6069455118110234
21
-4.1819159055118114
0
LINE
8
BLACK
6
CONTINUOUS
10
4.6069455118110234
20
-4.1819159055118114
11
4.6070022440944882
21
-4.1824919685039372
0
LINE
8
BLACK
6
CONTINUOUS
10
4.6070022440944882
20
-4.1824919685039372
11
4.6070022440944882
21
-4.1862414960629923
0
LINE
8
BLACK
6
CONTINUOUS
10
4.6070022440944882
20
-4.1862414960629923
11
4.6069455118110234
21
-4.1868175590551182
0
LINE
8
BLACK
6
CONTINUOUS
10
4.6069455118110234
20
-4.1868175590551182
11
4.6069049212598427
21
-4.1869155118110237
0
LINE
8
BLACK
6
CONTINUOUS
10
4.6069049212598427
20
-4.1869155118110237
11
4.6068974015748028
21
-4.1870214173228346
0
LINE
8
BLACK
6
CONTINUOUS
10
4.6068974015748028
20
-4.1870214173228346
11
4.6066905118110233
21
-4.1875620078740159
0
LINE
8
BLACK
6
CONTINUOUS
10
4.6066905118110233
20
-4.1875620078740159
11
4.6048157480314957
21
-4.191311535433071
0
LINE
8
BLACK
6
CONTINUOUS
10
4.6048157480314957
20
-4.191311535433071
11
4.6046596456692912
21
-4.1915595275590549
0
LINE
8
BLACK
6
CONTINUOUS
10
4.6046596456692912
20
-4.1915595275590549
11
4.6046298425196852
21
-4.1916314960629917
0
LINE
8
BLACK
6
CONTINUOUS
10
4.6046298425196852
20
-4.1916314960629917
11
4.6045633464566924
21
-4.1917124409448814
0
LINE
8
BLACK
6
CONTINUOUS
10
4.6045633464566924
20
-4.1917124409448814
11
4.6045074015748026
21
-4.1918014173228348
0
LINE
8
BLACK
6
CONTINUOUS
10
4.6045074015748026
20
-4.1918014173228348
11
4.604448385826772
21
-4.1918525590551177
0
LINE
8
BLACK
6
CONTINUOUS
10
4.604448385826772
20
-4.1918525590551177
11
4.6042626377952756
21
-4.1920789370078735
0
LINE
8
BLACK
6
CONTINUOUS
10
4.6042626377952756
20
-4.1920789370078735
11
4.6033981102362205
21
-4.1929434251968507
0
LINE
8
BLACK
6
CONTINUOUS
10
4.6033981102362205
20
-4.1929434251968507
11
4.6036370078740161
21
-4.193050078740157
0
LINE
8
BLACK
6
CONTINUOUS
10
4.6036370078740161
20
-4.193050078740157
11
4.603717125984252
21
-4.1931195669291341
0
LINE
8
BLACK
6
CONTINUOUS
10
4.603717125984252
20
-4.1931195669291341
11
4.6038151968503938
21
-4.1931601968503935
0
LINE
8
BLACK
6
CONTINUOUS
10
4.6038151968503938
20
-4.1931601968503935
11
4.6042626377952756
21
-4.1935274015748032
0
LINE
8
BLACK
6
CONTINUOUS
10
4.6042626377952756
20
-4.1935274015748032
11
4.6061374015748031
21
-4.1954021653543307
0
LINE
8
BLACK
6
CONTINUOUS
10
4.6061374015748031
20
-4.1954021653543307
11
4.6063231496062995
21
-4.1956285039370078
0
LINE
8
BLACK
6
CONTINUOUS
10
4.6063231496062995
20
-4.1956285039370078
11
4.6063821653543302
21
-4.1956796850393703
0
LINE
8
BLACK
6
CONTINUOUS
10
4.6063821653543302
20
-4.1956796850393703
11
4.60643811023622
21
-4.1957686220472441
0
LINE
8
BLACK
6
CONTINUOUS
10
4.60643811023622
20
-4.1957686220472441
11
4.6065046062992128
21
-4.1958496062992126
0
LINE
8
BLACK
6
CONTINUOUS
10
4.6065046062992128
20
-4.1958496062992126
11
4.6065344094488188
21
-4.1959215354330706
0
LINE
8
BLACK
6
CONTINUOUS
10
4.6065344094488188
20
-4.1959215354330706
11
4.6066905118110233
21
-4.1961695669291341
0
LINE
8
BLACK
6
CONTINUOUS
10
4.6066905118110233
20
-4.1961695669291341
11
4.6085652755905508
21
-4.1999190944881892
0
LINE
8
BLACK
6
CONTINUOUS
10
4.6085652755905508
20
-4.1999190944881892
11
4.6087721653543303
21
-4.2004596850393696
0
LINE
8
BLACK
6
CONTINUOUS
10
4.6087721653543303
20
-4.2004596850393696
11
4.6087796850393703
21
-4.2005655511811026
0
LINE
8
BLACK
6
CONTINUOUS
10
4.6087796850393703
20
-4.2005655511811026
11
4.608820275590551
21
-4.2006635433070869
0
LINE
8
BLACK
6
CONTINUOUS
10
4.608820275590551
20
-4.2006635433070869
11
4.6088770078740158
21
-4.2012396062992128
0
LINE
8
BLACK
6
CONTINUOUS
10
4.6088770078740158
20
-4.2012396062992128
11
4.6088770078740158
21
-4.2068638976377954
0
LINE
8
BLACK
6
CONTINUOUS
10
4.6088770078740158
20
-4.2068638976377954
11
4.608820275590551
21
-4.2074399606299213
0
LINE
8
BLACK
6
CONTINUOUS
10
4.608820275590551
20
-4.2074399606299213
11
4.6087796850393703
21
-4.2075379133858268
0
LINE
8
BLACK
6
CONTINUOUS
10
4.6087796850393703
20
-4.2075379133858268
11
4.6087721653543303
21
-4.2076438188976377
0
LINE
8
BLACK
6
CONTINUOUS
10
4.6087721653543303
20
-4.2076438188976377
11
4.6085652755905508
21
-4.208184409448819
0
LINE
8
BLACK
6
CONTINUOUS
10
4.6085652755905508
20
-4.208184409448819
11
4.6066905118110233
21
-4.2119339370078741
0
LINE
8
BLACK
6
CONTINUOUS
10
4.6066905118110233
20
-4.2119339370078741
11
4.6065344488188975
21
-4.2121818110236218
0
LINE
8
BLACK
6
CONTINUOUS
10
4.6065344488188975
20
-4.2121818110236218
11
4.6065046456692915
21
-4.212253858267716
0
LINE
8
BLACK
6
CONTINUOUS
10
4.6065046456692915
20
-4.212253858267716
11
4.60643811023622
21
-4.2123348818897641
0
LINE
8
BLACK
6
CONTINUOUS
10
4.60643811023622
20
-4.2123348818897641
11
4.6063821653543302
21
-4.212423818897638
0
LINE
8
BLACK
6
CONTINUOUS
10
4.6063821653543302
20
-4.212423818897638
11
4.6063231496062995
21
-4.2124749606299208
0
LINE
8
BLACK
6
CONTINUOUS
10
4.6063231496062995
20
-4.2124749606299208
11
4.6061374015748031
21
-4.2127013385826775
0
LINE
8
BLACK
6
CONTINUOUS
10
4.6061374015748031
20
-4.2127013385826775
11
4.6042626771653543
21
-4.214576102362205
0
LINE
8
BLACK
6
CONTINUOUS
10
4.6042626771653543
20
-4.214576102362205
11
4.6040362992125985
21
-4.2147618503937005
0
LINE
8
BLACK
6
CONTINUOUS
10
4.6040362992125985
20
-4.2147618503937005
11
4.603985118110236
21
-4.2148209055118109
0
LINE
8
BLACK
6
CONTINUOUS
10
4.603985118110236
20
-4.2148209055118109
11
4.6038961417322835
21
-4.2148768897637794
0
LINE
8
BLACK
6
CONTINUOUS
10
4.6038961417322835
20
-4.2148768897637794
11
4.6038151968503938
21
-4.2149433464566926
0
LINE
8
BLACK
6
CONTINUOUS
10
4.6038151968503938
20
-4.2149433464566926
11
4.603743228346457
21
-4.2149731496062994
0
LINE
8
BLACK
6
CONTINUOUS
10
4.603743228346457
20
-4.2149731496062994
11
4.6034952362204722
21
-4.215129251968504
0
LINE
8
BLACK
6
CONTINUOUS
10
4.6034952362204722
20
-4.215129251968504
11
4.5997457086614171
21
-4.2170040157480315
0
LINE
8
BLACK
6
CONTINUOUS
10
4.5997457086614171
20
-4.2170040157480315
11
4.599205078740157
21
-4.217210905511811
0
LINE
8
BLACK
6
CONTINUOUS
10
4.599205078740157
20
-4.217210905511811
11
4.5990992519685037
21
-4.2172183858267713
0
LINE
8
BLACK
6
CONTINUOUS
10
4.5990992519685037
20
-4.2172183858267713
11
4.5990012598425194
21
-4.2172590157480316
0
LINE
8
BLACK
6
CONTINUOUS
10
4.5990012598425194
20
-4.2172590157480316
11
4.5984251968503935
21
-4.2173157480314956
0
LINE
8
BLACK
6
CONTINUOUS
10
4.5984251968503935
20
-4.2173157480314956
11
4.5834270866141731
21
-4.2173157480314956
0
LINE
8
BLACK
6
CONTINUOUS
10
4.5834270866141731
20
-4.2173157480314956
11
4.5828510236220472
21
-4.2172590157480316
0
LINE
8
BLACK
6
CONTINUOUS
10
4.5828510236220472
20
-4.2172590157480316
11
4.581786614173228
21
-4.2168181102362201
0
LINE
8
BLACK
6
CONTINUOUS
10
4.581786614173228
20
-4.2168181102362201
11
4.5809719685039365
21
-4.2160034645669286
0
LINE
8
BLACK
6
CONTINUOUS
10
4.5809719685039365
20
-4.2160034645669286
11
4.5805310629921259
21
-4.2149390551181103
0
LINE
8
BLACK
6
CONTINUOUS
10
4.5805310629921259
20
-4.2149390551181103
11
4.5804743307086611
21
-4.2143629921259844
0
LINE
8
BLACK
6
CONTINUOUS
10
4.5804743307086611
20
-4.2143629921259844
11
4.5804743307086611
21
-4.174992913385827
0
LINE
8
BLACK
6
CONTINUOUS
10
4.5804743307086611
20
-4.174992913385827
11
4.5805310629921259
21
-4.1744168503937003
0
LINE
8
BLACK
6
CONTINUOUS
10
4.5805310629921259
20
-4.1744168503937003
11
4.5809719685039365
21
-4.1733524409448819
0
LINE
8
BLACK
6
CONTINUOUS
10
4.5809719685039365
20
-4.1733524409448819
11
4.581786614173228
21
-4.1725377952755904
0
LINE
8
BLACK
6
CONTINUOUS
10
4.581786614173228
20
-4.1725377952755904
11
4.5828510236220472
21
-4.1720968897637798
0
LINE
8
BLACK
6
CONTINUOUS
10
4.5828510236220472
20
-4.1720968897637798
11
4.5834270866141731
21
-4.172040157480315
0
LINE
8
BLACK
6
CONTINUOUS
10
4.5834270866141731
20
-4.172040157480315
11
4.596550433070866
21
-4.172040157480315
0
LINE
8
BLACK
6
CONTINUOUS
10
4.596550433070866
20
-4.172040157480315
11
4.5971264960629918
21
-4.1720968897637798
0
LINE
8
BLACK
6
CONTINUOUS
10
4.5863798425196851
20
-4.2114102362204724
11
4.5977281496062989
21
-4.2114102362204724
0
LINE
8
BLACK
6
CONTINUOUS
10
4.5977281496062989
20
-4.2114102362204724
11
4.6004255905511808
21
-4.2100614960629921
0
LINE
8
BLACK
6
CONTINUOUS
10
4.6004255905511808
20
-4.2100614960629921
11
4.6016227165354326
21
-4.2088643307086615
0
LINE
8
BLACK
6
CONTINUOUS
10
4.6016227165354326
20
-4.2088643307086615
11
4.6029714960629917
21
-4.2061668503937009
0
LINE
8
BLACK
6
CONTINUOUS
10
4.6029714960629917
20
-4.2061668503937009
11
4.6029714960629917
21
-4.2019366535433074
0
LINE
8
BLACK
6
CONTINUOUS
10
4.6029714960629917
20
-4.2019366535433074
11
4.6016227559055114
21
-4.1992391732283467
0
LINE
8
BLACK
6
CONTINUOUS
10
4.6016227559055114
20
-4.1992391732283467
11
4.6005796850393699
21
-4.1981961023622043
0
LINE
8
BLACK
6
CONTINUOUS
10
4.6005796850393699
20
-4.1981961023622043
11
4.596071299212598
21
-4.1966933070866137
0
LINE
8
BLACK
6
CONTINUOUS
10
4.596071299212598
20
-4.1966933070866137
11
4.5863798425196851
21
-4.1966933070866137
0
LINE
8
BLACK
6
CONTINUOUS
10
4.5863798425196851
20
-4.1966933070866137
11
4.5863798425196851
21
-4.2114102362204724
0
LINE
8
BLACK
6
CONTINUOUS
10
4.5863798425196851
20
-4.1907877952755905
11
4.5958533858267714
21
-4.1907877952755905
0
LINE
8
BLACK
6
CONTINUOUS
10
4.5958533858267714
20
-4.1907877952755905
11
4.598550866141732
21
-4.1894390551181102
0
LINE
8
BLACK
6
CONTINUOUS
10
4.598550866141732
20
-4.1894390551181102
11
4.5997479921259838
21
-4.1882419291338584
0
LINE
8
BLACK
6
CONTINUOUS
10
4.5997479921259838
20
-4.1882419291338584
11
4.6010967322834642
21
-4.1855444488188978
0
LINE
8
BLACK
6
CONTINUOUS
10
4.6010967322834642
20
-4.1855444488188978
11
4.6010967322834642
21
-4.1831890157480318
0
LINE
8
BLACK
6
CONTINUOUS
10
4.6010967322834642
20
-4.1831890157480318
11
4.5997479921259838
21
-4.1804915354330712
0
LINE
8
BLACK
6
CONTINUOUS
10
4.5997479921259838
20
-4.1804915354330712
11
4.598550866141732
21
-4.1792944094488185
0
LINE
8
BLACK
6
CONTINUOUS
10
4.598550866141732
20
-4.1792944094488185
11
4.5958533858267714
21
-4.1779456692913381
0
LINE
8
BLACK
6
CONTINUOUS
10
4.5958533858267714
20
-4.1779456692913381
11
4.5863798425196851
21
-4.1779456692913381
0
LINE
8
BLACK
6
CONTINUOUS
10
4.5863798425196851
20
-4.1779456692913381
11
4.5863798425196851
21
-4.1907877952755905
0
LINE
8
BLACK
6
CONTINUOUS
10
4.6889899999999995
20
-4.1720968897637798
11
4.6890879921259838
21
-4.1721374803149605
0
LINE
8
BLACK
6
CONTINUOUS
10
4.6890879921259838
20
-4.1721374803149605
11
4.6891938188976381
21
-4.1721449999999995
0
LINE
8
BLACK
6
CONTINUOUS
10
4.6891938188976381
20
-4.1721449999999995
11
4.6897344488188972
21
-4.172351889763779
0
LINE
8
BLACK
6
CONTINUOUS
10
4.6897344488188972
20
-4.172351889763779
11
4.6934839763779523
21
-4.1742266535433066
0
LINE
8
BLACK
6
CONTINUOUS
10
4.6934839763779523
20
-4.1742266535433066
11
4.6939738582677162
21
-4.1745349999999997
0
LINE
8
BLACK
6
CONTINUOUS
10
4.6939738582677162
20
-4.1745349999999997
11
4.6947287007874019
21
-4.1754053937007871
0
LINE
8
BLACK
6
CONTINUOUS
10
4.6947287007874019
20
-4.1754053937007871
11
4.6950930314960626
21
-4.1764983464566932
0
LINE
8
BLACK
6
CONTINUOUS
10
4.6950930314960626
20
-4.1764983464566932
11
4.6950113779527554
21
-4.1776475590551181
0
LINE
8
BLACK
6
CONTINUOUS
10
4.6950113779527554
20
-4.1776475590551181
11
4.6944961023622049
21
-4.178678070866142
0
LINE
8
BLACK
6
CONTINUOUS
10
4.6944961023622049
20
-4.178678070866142
11
4.6936257480314962
21
-4.1794329133858268
0
LINE
8
BLACK
6
CONTINUOUS
10
4.6936257480314962
20
-4.1794329133858268
11
4.6925327559055114
21
-4.1797972440944884
0
LINE
8
BLACK
6
CONTINUOUS
10
4.6925327559055114
20
-4.1797972440944884
11
4.6913835433070865
21
-4.1797155905511811
0
LINE
8
BLACK
6
CONTINUOUS
10
4.6913835433070865
20
-4.1797155905511811
11
4.6908429527559052
21
-4.1795087007874017
0
LINE
8
BLACK
6
CONTINUOUS
10
4.6908429527559052
20
-4.1795087007874017
11
4.6877168897637791
21
-4.1779456692913381
0
LINE
8
BLACK
6
CONTINUOUS
10
4.6877168897637791
20
-4.1779456692913381
11
4.6832687795275589
21
-4.1779456692913381
0
LINE
8
BLACK
6
CONTINUOUS
10
4.6832687795275589
20
-4.1779456692913381
11
4.6787603937007871
21
-4.1794484645669288
0
LINE
8
BLACK
6
CONTINUOUS
10
4.6787603937007871
20
-4.1794484645669288
11
4.675842559055118
21
-4.1823662992125987
0
LINE
8
BLACK
6
CONTINUOUS
10
4.675842559055118
20
-4.1823662992125987
11
4.6743270472440948
21
-4.1853972834645665
0
LINE
8
BLACK
6
CONTINUOUS
10
4.6743270472440948
20
-4.1853972834645665
11
4.6726190551181102
21
-4.1922293307086615
0
LINE
8
BLACK
6
CONTINUOUS
10
4.6726190551181102
20
-4.1922293307086615
11
4.6726190551181102
21
-4.1971265354330711
0
LINE
8
BLACK
6
CONTINUOUS
10
4.6726190551181102
20
-4.1971265354330711
11
4.6743270472440948
21
-4.2039585826771653
0
LINE
8
BLACK
6
CONTINUOUS
10
4.6743270472440948
20
-4.2039585826771653
11
4.675842559055118
21
-4.206989566929134
0
LINE
8
BLACK
6
CONTINUOUS
10
4.675842559055118
20
-4.206989566929134
11
4.6787603937007871
21
-4.2099074409448818
0
LINE
8
BLACK
6
CONTINUOUS
10
4.6787603937007871
20
-4.2099074409448818
11
4.6832687795275589
21
-4.2114102362204724
0
LINE
8
BLACK
6
CONTINUOUS
10
4.6832687795275589
20
-4.2114102362204724
11
4.6860600393700782
21
-4.2114102362204724
0
LINE
8
BLACK
6
CONTINUOUS
10
4.6860600393700782
20
-4.2114102362204724
11
4.69056842519685
21
-4.209907401574803
0
LINE
8
BLACK
6
CONTINUOUS
10
4.69056842519685
20
-4.209907401574803
11
4.6910854724409452
21
-4.2093903543307087
0
LINE
8
BLACK
6
CONTINUOUS
10
4.6910854724409452
20
-4.2093903543307087
11
4.6910854724409452
21
-4.2004428346456688
0
LINE
8
BLACK
6
CONTINUOUS
10
4.6910854724409452
20
-4.2004428346456688
11
4.6865391732283461
21
-4.2004428346456688
0
LINE
8
BLACK
6
CONTINUOUS
10
4.6865391732283461
20
-4.2004428346456688
11
4.6859631102362203
21
-4.2003861023622049
0
LINE
8
BLACK
6
CONTINUOUS
10
4.6859631102362203
20
-4.2003861023622049
11
4.6848987007874019
21
-4.1999451968503934
0
LINE
8
BLACK
6
CONTINUOUS
10
4.6848987007874019
20
-4.1999451968503934
11
4.6840840551181104
21
-4.1991305511811019
0
LINE
8
BLACK
6
CONTINUOUS
10
4.6840840551181104
20
-4.1991305511811019
11
4.6836431496062989
21
-4.1980661417322835
0
LINE
8
BLACK
6
CONTINUOUS
10
4.6836431496062989
20
-4.1980661417322835
11
4.6836431496062989
21
-4.1969140157480318
0
LINE
8
BLACK
6
CONTINUOUS
10
4.6836431496062989
20
-4.1969140157480318
11
4.6840840551181104
21
-4.1958496062992126
0
LINE
8
BLACK
6
CONTINUOUS
10
4.6840840551181104
20
-4.1958496062992126
11
4.6848987007874019
21
-4.1950349606299211
0
LINE
8
BLACK
6
CONTINUOUS
10
4.6848987007874019
20
-4.1950349606299211
11
4.6859631102362203
21
-4.1945940551181105
0
LINE
8
BLACK
6
CONTINUOUS
10
4.6859631102362203
20
-4.1945940551181105
11
4.6865391732283461
21
-4.1945373228346456
0
LINE
8
BLACK
6
CONTINUOUS
10
4.6865391732283461
20
-4.1945373228346456
11
4.6940382283464563
21
-4.1945373228346456
0
LINE
8
BLACK
6
CONTINUOUS
10
4.6940382283464563
20
-4.1945373228346456
11
4.6946142913385822
21
-4.1945940551181105
0
LINE
8
BLACK
6
CONTINUOUS
10
4.6946142913385822
20
-4.1945940551181105
11
4.6956787007874015
21
-4.1950349606299211
0
LINE
8
BLACK
6
CONTINUOUS
10
4.6956787007874015
20
-4.1950349606299211
11
4.6964933464566929
21
-4.1958496062992126
0
LINE
8
BLACK
6
CONTINUOUS
10
4.6964933464566929
20
-4.1958496062992126
11
4.6969342519685036
21
-4.1969140157480318
0
LINE
8
BLACK
6
CONTINUOUS
10
4.6969342519685036
20
-4.1969140157480318
11
4.6969909842519684
21
-4.1974900787401577
0
LINE
8
BLACK
6
CONTINUOUS
10
4.6969909842519684
20
-4.1974900787401577
11
4.6969909842519684
21
-4.2106134251968506
0
LINE
8
BLACK
6
CONTINUOUS
10
4.6969909842519684
20
-4.2106134251968506
11
4.6969342519685036
21
-4.2111894881889764
0
LINE
8
BLACK
6
CONTINUOUS
10
4.6969342519685036
20
-4.2111894881889764
11
4.6967800393700783
21
-4.2115617716535434
0
LINE
8
BLACK
6
CONTINUOUS
10
4.6967800393700783
20
-4.2115617716535434
11
4.6964933858267717
21
-4.212253858267716
0
LINE
8
BLACK
6
CONTINUOUS
10
4.6964933858267717
20
-4.212253858267716
11
4.6961261417322833
21
-4.2127013385826775
0
LINE
8
BLACK
6
CONTINUOUS
10
4.6961261417322833
20
-4.2127013385826775
11
4.6942514173228345
21
-4.214576102362205
0
LINE
8
BLACK
6
CONTINUOUS
10
4.6942514173228345
20
-4.214576102362205
11
4.6938039370078739
21
-4.2149433464566926
0
LINE
8
BLACK
6
CONTINUOUS
10
4.6938039370078739
20
-4.2149433464566926
11
4.6937058661417321
21
-4.2149839370078741
0
LINE
8
BLACK
6
CONTINUOUS
10
4.6937058661417321
20
-4.2149839370078741
11
4.6936257480314962
21
-4.2150534645669291
0
LINE
8
BLACK
6
CONTINUOUS
10
4.6936257480314962
20
-4.2150534645669291
11
4.6930972047244097
21
-4.2152894488188979
0
LINE
8
BLACK
6
CONTINUOUS
10
4.6930972047244097
20
-4.2152894488188979
11
4.6874729133858271
21
-4.2171642125984254
0
LINE
8
BLACK
6
CONTINUOUS
10
4.6874729133858271
20
-4.2171642125984254
11
4.6871873228346459
21
-4.2172291338582673
0
LINE
8
BLACK
6
CONTINUOUS
10
4.6871873228346459
20
-4.2172291338582673
11
4.687115236220472
21
-4.2172590157480316
0
LINE
8
BLACK
6
CONTINUOUS
10
4.687115236220472
20
-4.2172590157480316
11
4.6870107086614174
21
-4.2172692913385825
0
LINE
8
BLACK
6
CONTINUOUS
10
4.6870107086614174
20
-4.2172692913385825
11
4.6869084645669288
21
-4.2172925590551182
0
LINE
8
BLACK
6
CONTINUOUS
10
4.6869084645669288
20
-4.2172925590551182
11
4.6868307086614172
21
-4.2172870078740159
0
LINE
8
BLACK
6
CONTINUOUS
10
4.6868307086614172
20
-4.2172870078740159
11
4.6865391732283461
21
-4.2173157480314956
0
LINE
8
BLACK
6
CONTINUOUS
10
4.6865391732283461
20
-4.2173157480314956
11
4.682789645669291
21
-4.2173157480314956
0
LINE
8
BLACK
6
CONTINUOUS
10
4.682789645669291
20
-4.2173157480314956
11
4.6824980314960625
21
-4.2172870078740159
0
LINE
8
BLACK
6
CONTINUOUS
10
4.6824980314960625
20
-4.2172870078740159
11
4.6824203149606296
21
-4.2172925590551182
0
LINE
8
BLACK
6
CONTINUOUS
10
4.6824203149606296
20
-4.2172925590551182
11
4.6823180314960631
21
-4.2172692913385825
0
LINE
8
BLACK
6
CONTINUOUS
10
4.6823180314960631
20
-4.2172692913385825
11
4.6822135826771651
21
-4.2172590157480316
0
LINE
8
BLACK
6
CONTINUOUS
10
4.6822135826771651
20
-4.2172590157480316
11
4.6821414960629921
21
-4.2172291338582673
0
LINE
8
BLACK
6
CONTINUOUS
10
4.6821414960629921
20
-4.2172291338582673
11
4.6818558661417322
21
-4.2171642125984254
0
LINE
8
BLACK
6
CONTINUOUS
10
4.6818558661417322
20
-4.2171642125984254
11
4.6762316141732283
21
-4.2152894488188979
0
LINE
8
BLACK
6
CONTINUOUS
10
4.6762316141732283
20
-4.2152894488188979
11
4.675703031496063
21
-4.2150534645669291
0
LINE
8
BLACK
6
CONTINUOUS
10
4.675703031496063
20
-4.2150534645669291
11
4.6756229133858263
21
-4.2149839763779529
0
LINE
8
BLACK
6
CONTINUOUS
10
4.6756229133858263
20
-4.2149839763779529
11
4.6755248818897641
21
-4.2149433858267713
0
LINE
8
BLACK
6
CONTINUOUS
10
4.6755248818897641
20
-4.2149433858267713
11
4.6750774409448814
21
-4.2145761417322838
0
LINE
8
BLACK
6
CONTINUOUS
10
4.6750774409448814
20
-4.2145761417322838
11
4.6713279133858263
21
-4.2108265748031499
0
LINE
8
BLACK
6
CONTINUOUS
10
4.6713279133858263
20
-4.2108265748031499
11
4.671142125984252
21
-4.2106001968503932
0
LINE
8
BLACK
6
CONTINUOUS
10
4.671142125984252
20
-4.2106001968503932
11
4.6710831496062992
21
-4.2105490551181104
0
LINE
8
BLACK
6
CONTINUOUS
10
4.6710831496062992
20
-4.2105490551181104
11
4.6710271653543307
21
-4.2104601181102357
0
LINE
8
BLACK
6
CONTINUOUS
10
4.6710271653543307
20
-4.2104601181102357
11
4.6709606692913388
21
-4.2103790944881885
0
LINE
8
BLACK
6
CONTINUOUS
10
4.6709606692913388
20
-4.2103790944881885
11
4.6709308267716532
21
-4.2103070472440942
0
LINE
8
BLACK
6
CONTINUOUS
10
4.6709308267716532
20
-4.2103070472440942
11
4.6707748031496061
21
-4.2100591732283466
0
LINE
8
BLACK
6
CONTINUOUS
10
4.6707748031496061
20
-4.2100591732283466
11
4.6689000393700786
21
-4.2063096456692914
0
LINE
8
BLACK
6
CONTINUOUS
10
4.6689000393700786
20
-4.2063096456692914
11
4.6688838976377953
21
-4.2062675196850394
0
LINE
8
BLACK
6
CONTINUOUS
10
4.6688838976377953
20
-4.2062675196850394
11
4.6688712204724405
21
-4.2062503937007873
0
LINE
8
BLACK
6
CONTINUOUS
10
4.6688712204724405
20
-4.2062503937007873
11
4.6687847637795272
21
-4.2060084251968499
0
LINE
8
BLACK
6
CONTINUOUS
10
4.6687847637795272
20
-4.2060084251968499
11
4.6686931496062991
21
-4.2057690157480314
0
LINE
8
BLACK
6
CONTINUOUS
10
4.6686931496062991
20
-4.2057690157480314
11
4.6686916141732286
21
-4.2057477559055121
0
LINE
8
BLACK
6
CONTINUOUS
10
4.6686916141732286
20
-4.2057477559055121
11
4.6686764566929133
21
-4.2057052755905513
0
LINE
8
BLACK
6
CONTINUOUS
10
4.6686764566929133
20
-4.2057052755905513
11
4.6668016929133858
21
-4.1982062204724411
0
LINE
8
BLACK
6
CONTINUOUS
10
4.6668016929133858
20
-4.1982062204724411
11
4.6667868897637792
21
-4.1981063385826767
0
LINE
8
BLACK
6
CONTINUOUS
10
4.6667868897637792
20
-4.1981063385826767
11
4.6667702755905509
21
-4.1980661417322835
0
LINE
8
BLACK
6
CONTINUOUS
10
4.6667702755905509
20
-4.1980661417322835
11
4.6667488976377953
21
-4.1978490944881885
0
LINE
8
BLACK
6
CONTINUOUS
10
4.6667488976377953
20
-4.1978490944881885
11
4.6667170472440942
21
-4.1976336220472437
0
LINE
8
BLACK
6
CONTINUOUS
10
4.6667170472440942
20
-4.1976336220472437
11
4.6667234251968504
21
-4.1975905905511812
0
LINE
8
BLACK
6
CONTINUOUS
10
4.6667234251968504
20
-4.1975905905511812
11
4.6667135433070861
21
-4.1974900787401577
0
LINE
8
BLACK
6
CONTINUOUS
10
4.6667135433070861
20
-4.1974900787401577
11
4.6667135433070861
21
-4.191865787401575
0
LINE
8
BLACK
6
CONTINUOUS
10
4.6667135433070861
20
-4.191865787401575
11
4.6667234251968504
21
-4.1917652362204727
0
LINE
8
BLACK
6
CONTINUOUS
10
4.6667234251968504
20
-4.1917652362204727
11
4.6667170472440942
21
-4.1917222440944881
0
LINE
8
BLACK
6
CONTINUOUS
10
4.6667170472440942
20
-4.1917222440944881
11
4.6667488976377953
21
-4.1915067322834645
0
LINE
8
BLACK
6
CONTINUOUS
10
4.6667488976377953
20
-4.1915067322834645
11
4.6667702755905509
21
-4.1912897244094491
0
LINE
8
BLACK
6
CONTINUOUS
10
4.6667702755905509
20
-4.1912897244094491
11
4.6667868897637792
21
-4.1912494881889764
0
LINE
8
BLACK
6
CONTINUOUS
10
4.6667868897637792
20
-4.1912494881889764
11
4.6668016929133858
21
-4.1911496456692916
0
LINE
8
BLACK
6
CONTINUOUS
10
4.6668016929133858
20
-4.1911496456692916
11
4.6686764566929133
21
-4.1836505905511814
0
LINE
8
BLACK
6
CONTINUOUS
10
4.6686764566929133
20
-4.1836505905511814
11
4.6686916141732286
21
-4.1836080708661418
0
LINE
8
BLACK
6
CONTINUOUS
10
4.6686916141732286
20
-4.1836080708661418
11
4.6686931496062991
21
-4.1835868503937004
0
LINE
8
BLACK
6
CONTINUOUS
10
4.6686931496062991
20
-4.1835868503937004
11
4.6687851574803148
21
-4.1833463779527555
0
LINE
8
BLACK
6
CONTINUOUS
10
4.6687851574803148
20
-4.1833463779527555
11
4.6688712204724405
21
-4.1831054724409444
0
LINE
8
BLACK
6
CONTINUOUS
10
4.6688712204724405
20
-4.1831054724409444
11
4.6688838976377953
21
-4.1830883070866145
0
LINE
8
BLACK
6
CONTINUOUS
10
4.6688838976377953
20
-4.1830883070866145
11
4.6689000393700786
21
-4.1830462204724412
0
LINE
8
BLACK
6
CONTINUOUS
10
4.6689000393700786
20
-4.1830462204724412
11
4.6707748031496061
21
-4.1792966929133861
0
LINE
8
BLACK
6
CONTINUOUS
10
4.6707748031496061
20
-4.1792966929133861
11
4.6709308661417319
21
-4.1790486614173226
0
LINE
8
BLACK
6
CONTINUOUS
10
4.6709308661417319
20
-4.1790486614173226
11
4.6709607086614175
21
-4.1789767322834646
0
LINE
8
BLACK
6
CONTINUOUS
10
4.6709607086614175
20
-4.1789767322834646
11
4.6710271653543307
21
-4.1788957480314961
0
LINE
8
BLACK
6
CONTINUOUS
10
4.6710271653543307
20
-4.1788957480314961
11
4.6710831496062992
21
-4.1788068110236223
0
LINE
8
BLACK
6
CONTINUOUS
10
4.6710831496062992
20
-4.1788068110236223
11
4.671142125984252
21
-4.1787556299212598
0
LINE
8
BLACK
6
CONTINUOUS
10
4.671142125984252
20
-4.1787556299212598
11
4.6713279133858263
21
-4.1785292913385828
0
LINE
8
BLACK
6
CONTINUOUS
10
4.6713279133858263
20
-4.1785292913385828
11
4.6750774409448814
21
-4.1747797637795276
0
LINE
8
BLACK
6
CONTINUOUS
10
4.6750774409448814
20
-4.1747797637795276
11
4.6755248818897641
21
-4.1744125196850392
0
LINE
8
BLACK
6
CONTINUOUS
10
4.6755248818897641
20
-4.1744125196850392
11
4.6756229133858263
21
-4.1743718897637798
0
LINE
8
BLACK
6
CONTINUOUS
10
4.6756229133858263
20
-4.1743718897637798
11
4.675703031496063
21
-4.1743024409448815
0
LINE
8
BLACK
6
CONTINUOUS
10
4.675703031496063
20
-4.1743024409448815
11
4.6762316141732283
21
-4.1740664566929135
0
LINE
8
BLACK
6
CONTINUOUS
10
4.6762316141732283
20
-4.1740664566929135
11
4.6818558661417322
21
-4.172191692913386
0
LINE
8
BLACK
6
CONTINUOUS
10
4.6818558661417322
20
-4.172191692913386
11
4.6821414960629921
21
-4.1721267322834645
0
LINE
8
BLACK
6
CONTINUOUS
10
4.6821414960629921
20
-4.1721267322834645
11
4.6822135826771651
21
-4.1720968897637798
0
LINE
8
BLACK
6
CONTINUOUS
10
4.6822135826771651
20
-4.1720968897637798
11
4.6823180314960631
21
-4.1720865748031493
0
LINE
8
BLACK
6
CONTINUOUS
10
4.6823180314960631
20
-4.1720865748031493
11
4.6824203149606296
21
-4.1720633464566932
0
LINE
8
BLACK
6
CONTINUOUS
10
4.6824203149606296
20
-4.1720633464566932
11
4.6824980314960625
21
-4.1720688582677168
0
LINE
8
BLACK
6
CONTINUOUS
10
4.6824980314960625
20
-4.1720688582677168
11
4.682789645669291
21
-4.172040157480315
0
LINE
8
BLACK
6
CONTINUOUS
10
4.682789645669291
20
-4.172040157480315
11
4.6884139370078737
21
-4.172040157480315
0
LINE
8
BLACK
6
CONTINUOUS
10
4.6884139370078737
20
-4.172040157480315
11
4.6889899999999995
21
-4.1720968897637798
0
LINE
8
BLACK
6
CONTINUOUS
10
4.7674456299212595
20
-4.1720688582677168
11
4.7675233858267712
21
-4.1720633464566932
0
LINE
8
BLACK
6
CONTINUOUS
10
4.7675233858267712
20
-4.1720633464566932
11
4.7676256299212598
21
-4.1720865748031493
0
LINE
8
BLACK
6
CONTINUOUS
10
4.7676256299212598
20
-4.1720865748031493
11
4.7677301574803153
21
-4.1720968897637798
0
LINE
8
BLACK
6
CONTINUOUS
10
4.7677301574803153
20
-4.1720968897637798
11
4.7678022440944883
21
-4.1721267322834645
0
LINE
8
BLACK
6
CONTINUOUS
10
4.7678022440944883
20
-4.1721267322834645
11
4.7680878346456694
21
-4.172191692913386
0
LINE
8
BLACK
6
CONTINUOUS
10
4.7680878346456694
20
-4.172191692913386
11
4.7737121259842521
21
-4.1740664566929135
0
LINE
8
BLACK
6
CONTINUOUS
10
4.7737121259842521
20
-4.1740664566929135
11
4.7742406692913386
21
-4.1743024409448815
0
LINE
8
BLACK
6
CONTINUOUS
10
4.7742406692913386
20
-4.1743024409448815
11
4.7751110236220473
21
-4.1750573228346459
0
LINE
8
BLACK
6
CONTINUOUS
10
4.7751110236220473
20
-4.1750573228346459
11
4.7756262598425199
21
-4.1760877559055114
0
LINE
8
BLACK
6
CONTINUOUS
10
4.7756262598425199
20
-4.1760877559055114
11
4.775707952755905
21
-4.1772369685039372
0
LINE
8
BLACK
6
CONTINUOUS
10
4.775707952755905
20
-4.1772369685039372
11
4.7753436220472443
21
-4.1783299606299211
0
LINE
8
BLACK
6
CONTINUOUS
10
4.7753436220472443
20
-4.1783299606299211
11
4.7745887401574798
21
-4.1792003543307086
0
LINE
8
BLACK
6
CONTINUOUS
10
4.7745887401574798
20
-4.1792003543307086
11
4.7735582677165356
21
-4.1797155511811024
0
LINE
8
BLACK
6
CONTINUOUS
10
4.7735582677165356
20
-4.1797155511811024
11
4.7724090551181098
21
-4.1797972440944884
0
LINE
8
BLACK
6
CONTINUOUS
10
4.7724090551181098
20
-4.1797972440944884
11
4.7718446062992124
21
-4.1796688976377956
0
LINE
8
BLACK
6
CONTINUOUS
10
4.7718446062992124
20
-4.1796688976377956
11
4.7666749606299215
21
-4.1779456692913381
0
LINE
8
BLACK
6
CONTINUOUS
10
4.7666749606299215
20
-4.1779456692913381
11
4.7584773228346453
21
-4.1779456692913381
0
LINE
8
BLACK
6
CONTINUOUS
10
4.7584773228346453
20
-4.1779456692913381
11
4.7557798425196847
21
-4.1792944094488185
0
LINE
8
BLACK
6
CONTINUOUS
10
4.7557798425196847
20
-4.1792944094488185
11
4.7545827165354329
21
-4.1804915354330712
0
LINE
8
BLACK
6
CONTINUOUS
10
4.7545827165354329
20
-4.1804915354330712
11
4.7532339763779525
21
-4.1831890157480318
0
LINE
8
BLACK
6
CONTINUOUS
10
4.7532339763779525
20
-4.1831890157480318
11
4.7532339763779525
21
-4.1855444488188978
0
LINE
8
BLACK
6
CONTINUOUS
10
4.7532339763779525
20
-4.1855444488188978
11
4.7545827165354329
21
-4.1882419291338584
0
LINE
8
BLACK
6
CONTINUOUS
10
4.7545827165354329
20
-4.1882419291338584
11
4.7557798425196847
21
-4.1894390551181102
0
LINE
8
BLACK
6
CONTINUOUS
10
4.7557798425196847
20
-4.1894390551181102
11
4.7588108267716533
21
-4.1909545275590547
0
LINE
8
BLACK
6
CONTINUOUS
10
4.7588108267716533
20
-4.1909545275590547
11
4.7659954724409443
21
-4.1927507086614169
0
LINE
8
BLACK
6
CONTINUOUS
10
4.7659954724409443
20
-4.1927507086614169
11
4.7660379527559051
21
-4.1927658661417322
0
LINE
8
BLACK
6
CONTINUOUS
10
4.7660379527559051
20
-4.1927658661417322
11
4.7660592125984254
21
-4.1927674015748027
0
LINE
8
BLACK
6
CONTINUOUS
10
4.7660592125984254
20
-4.1927674015748027
11
4.7662986220472439
21
-4.1928590157480317
0
LINE
8
BLACK
6
CONTINUOUS
10
4.7662986220472439
20
-4.1928590157480317
11
4.7665405905511813
21
-4.192945472440945
0
LINE
8
BLACK
6
CONTINUOUS
10
4.7665405905511813
20
-4.192945472440945
11
4.7665577165354334
21
-4.1929581496062989
0
LINE
8
BLACK
6
CONTINUOUS
10
4.7665577165354334
20
-4.1929581496062989
11
4.7665998425196845
21
-4.192974291338583
0
LINE
8
BLACK
6
CONTINUOUS
10
4.7665998425196845
20
-4.192974291338583
11
4.7703493700787405
21
-4.1948490551181106
0
LINE
8
BLACK
6
CONTINUOUS
10
4.7703493700787405
20
-4.1948490551181106
11
4.7705973622047244
21
-4.1950051181102364
0
LINE
8
BLACK
6
CONTINUOUS
10
4.7705973622047244
20
-4.1950051181102364
11
4.7706693307086612
21
-4.1950349606299211
0
LINE
8
BLACK
6
CONTINUOUS
10
4.7706693307086612
20
-4.1950349606299211
11
4.7707502755905509
21
-4.1951014173228343
0
LINE
8
BLACK
6
CONTINUOUS
10
4.7707502755905509
20
-4.1951014173228343
11
4.7708392519685034
21
-4.1951574015748028
0
LINE
8
BLACK
6
CONTINUOUS
10
4.7708392519685034
20
-4.1951574015748028
11
4.7708903937007872
21
-4.1952163779527556
0
LINE
8
BLACK
6
CONTINUOUS
10
4.7708903937007872
20
-4.1952163779527556
11
4.771116771653543
21
-4.1954021653543307
0
LINE
8
BLACK
6
CONTINUOUS
10
4.771116771653543
20
-4.1954021653543307
11
4.7729915354330705
21
-4.1972769291338583
0
LINE
8
BLACK
6
CONTINUOUS
10
4.7729915354330705
20
-4.1972769291338583
11
4.7731772834645669
21
-4.1975032677165354
0
LINE
8
BLACK
6
CONTINUOUS
10
4.7731772834645669
20
-4.1975032677165354
11
4.7732362992125985
21
-4.1975544488188978
0
LINE
8
BLACK
6
CONTINUOUS
10
4.7732362992125985
20
-4.1975544488188978
11
4.7732922440944883
21
-4.1976433858267717
0
LINE
8
BLACK
6
CONTINUOUS
10
4.7732922440944883
20
-4.1976433858267717
11
4.7733587401574802
21
-4.1977243700787401
0
LINE
8
BLACK
6
CONTINUOUS
10
4.7733587401574802
20
-4.1977243700787401
11
4.7733885433070862
21
-4.1977962992125981
0
LINE
8
BLACK
6
CONTINUOUS
10
4.7733885433070862
20
-4.1977962992125981
11
4.7735446456692916
21
-4.1980443307086617
0
LINE
8
BLACK
6
CONTINUOUS
10
4.7735446456692916
20
-4.1980443307086617
11
4.7754194094488192
21
-4.2017938582677168
0
LINE
8
BLACK
6
CONTINUOUS
10
4.7754194094488192
20
-4.2017938582677168
11
4.7756262992125986
21
-4.2023344488188972
0
LINE
8
BLACK
6
CONTINUOUS
10
4.7756262992125986
20
-4.2023344488188972
11
4.7756338188976377
21
-4.2024403149606302
0
LINE
8
BLACK
6
CONTINUOUS
10
4.7756338188976377
20
-4.2024403149606302
11
4.7756744094488184
21
-4.2025383070866145
0
LINE
8
BLACK
6
CONTINUOUS
10
4.7756744094488184
20
-4.2025383070866145
11
4.7757311417322832
21
-4.2031143700787403
0
LINE
8
BLACK
6
CONTINUOUS
10
4.7757311417322832
20
-4.2031143700787403
11
4.7757311417322832
21
-4.2068638976377954
0
LINE
8
BLACK
6
CONTINUOUS
10
4.7757311417322832
20
-4.2068638976377954
11
4.7756744094488184
21
-4.2074399606299213
0
LINE
8
BLACK
6
CONTINUOUS
10
4.7756744094488184
20
-4.2074399606299213
11
4.7756338188976377
21
-4.2075379133858268
0
LINE
8
BLACK
6
CONTINUOUS
10
4.7756338188976377
20
-4.2075379133858268
11
4.7756262992125986
21
-4.2076438188976377
0
LINE
8
BLACK
6
CONTINUOUS
10
4.7756262992125986
20
-4.2076438188976377
11
4.7754194094488192
21
-4.208184409448819
0
LINE
8
BLACK
6
CONTINUOUS
10
4.7754194094488192
20
-4.208184409448819
11
4.7735446456692916
21
-4.2119339370078741
0
LINE
8
BLACK
6
CONTINUOUS
10
4.7735446456692916
20
-4.2119339370078741
11
4.7733885826771649
21
-4.2121818110236218
0
LINE
8
BLACK
6
CONTINUOUS
10
4.7733885826771649
20
-4.2121818110236218
11
4.7733587795275589
21
-4.212253858267716
0
LINE
8
BLACK
6
CONTINUOUS
10
4.7733587795275589
20
-4.212253858267716
11
4.7732922440944883
21
-4.2123348818897641
0
LINE
8
BLACK
6
CONTINUOUS
10
4.7732922440944883
20
-4.2123348818897641
11
4.7732362992125985
21
-4.212423818897638
0
LINE
8
BLACK
6
CONTINUOUS
10
4.7732362992125985
20
-4.212423818897638
11
4.7731772834645669
21
-4.2124749606299208
0
LINE
8
BLACK
6
CONTINUOUS
10
4.7731772834645669
20
-4.2124749606299208
11
4.7729915354330705
21
-4.2127013385826775
0
LINE
8
BLACK
6
CONTINUOUS
10
4.7729915354330705
20
-4.2127013385826775
11
4.7711168110236217
21
-4.214576102362205
0
LINE
8
BLACK
6
CONTINUOUS
10
4.7711168110236217
20
-4.214576102362205
11
4.7708904330708659
21
-4.2147618503937005
0
LINE
8
BLACK
6
CONTINUOUS
10
4.7708904330708659
20
-4.2147618503937005
11
4.7708392519685034
21
-4.2148209055118109
0
LINE
8
BLACK
6
CONTINUOUS
10
4.7708392519685034
20
-4.2148209055118109
11
4.7707502755905509
21
-4.2148768897637794
0
LINE
8
BLACK
6
CONTINUOUS
10
4.7707502755905509
20
-4.2148768897637794
11
4.7706693307086612
21
-4.2149433464566926
0
LINE
8
BLACK
6
CONTINUOUS
10
4.7706693307086612
20
-4.2149433464566926
11
4.7705973622047244
21
-4.2149731496062994
0
LINE
8
BLACK
6
CONTINUOUS
10
4.7705973622047244
20
-4.2149731496062994
11
4.7703493700787405
21
-4.215129251968504
0
LINE
8
BLACK
6
CONTINUOUS
10
4.7703493700787405
20
-4.215129251968504
11
4.7665998425196845
21
-4.2170040157480315
0
LINE
8
BLACK
6
CONTINUOUS
10
4.7665998425196845
20
-4.2170040157480315
11
4.7660592125984254
21
-4.217210905511811
0
LINE
8
BLACK
6
CONTINUOUS
10
4.7660592125984254
20
-4.217210905511811
11
4.765953385826772
21
-4.2172183858267713
0
LINE
8
BLACK
6
CONTINUOUS
10
4.765953385826772
20
-4.2172183858267713
11
4.7658553937007877
21
-4.2172590157480316
0
LINE
8
BLACK
6
CONTINUOUS
10
4.7658553937007877
20
-4.2172590157480316
11
4.7652793307086609
21
-4.2173157480314956
0
LINE
8
BLACK
6
CONTINUOUS
10
4.7652793307086609
20
-4.2173157480314956
11
4.7559055118110232
21
-4.2173157480314956
0
LINE
8
BLACK
6
CONTINUOUS
10
4.7559055118110232
20
-4.2173157480314956
11
4.7556138976377955
21
-4.2172870078740159
0
LINE
8
BLACK
6
CONTINUOUS
10
4.7556138976377955
20
-4.2172870078740159
11
4.7555361811023618
21
-4.2172925590551182
0
LINE
8
BLACK
6
CONTINUOUS
10
4.7555361811023618
20
-4.2172925590551182
11
4.7554338976377952
21
-4.2172692913385825
0
LINE
8
BLACK
6
CONTINUOUS
10
4.7554338976377952
20
-4.2172692913385825
11
4.7553294488188973
21
-4.2172590157480316
0
LINE
8
BLACK
6
CONTINUOUS
10
4.7553294488188973
20
-4.2172590157480316
11
4.7552573622047243
21
-4.2172291338582673
0
LINE
8
BLACK
6
CONTINUOUS
10
4.7552573622047243
20
-4.2172291338582673
11
4.7549717322834644
21
-4.2171642125984254
0
LINE
8
BLACK
6
CONTINUOUS
10
4.7549717322834644
20
-4.2171642125984254
11
4.7493474803149605
21
-4.2152894488188979
0
LINE
8
BLACK
6
CONTINUOUS
10
4.7493474803149605
20
-4.2152894488188979
11
4.7488188976377952
21
-4.2150534645669291
0
LINE
8
BLACK
6
CONTINUOUS
10
4.7488188976377952
20
-4.2150534645669291
11
4.7479485433070865
21
-4.2142985826771655
0
LINE
8
BLACK
6
CONTINUOUS
10
4.7479485433070865
20
-4.2142985826771655
11
4.7474333464566927
21
-4.2132681496062991
0
LINE
8
BLACK
6
CONTINUOUS
10
4.7474333464566927
20
-4.2132681496062991
11
4.7473516535433067
21
-4.2121189370078742
0
LINE
8
BLACK
6
CONTINUOUS
10
4.7473516535433067
20
-4.2121189370078742
11
4.7477159842519683
21
-4.2110259055118107
0
LINE
8
BLACK
6
CONTINUOUS
10
4.7477159842519683
20
-4.2110259055118107
11
4.7484708661417319
21
-4.210155551181102
0
LINE
8
BLACK
6
CONTINUOUS
10
4.7484708661417319
20
-4.210155551181102
11
4.7495012992125982
21
-4.2096403543307082
0
LINE
8
BLACK
6
CONTINUOUS
10
4.7495012992125982
20
-4.2096403543307082
11
4.7506505118110232
21
-4.209558661417323
0
LINE
8
BLACK
6
CONTINUOUS
10
4.7506505118110232
20
-4.209558661417323
11
4.7512149606299214
21
-4.2096870078740158
0
LINE
8
BLACK
6
CONTINUOUS
10
4.7512149606299214
20
-4.2096870078740158
11
4.7563846456692911
21
-4.2114102362204724
0
LINE
8
BLACK
6
CONTINUOUS
10
4.7563846456692911
20
-4.2114102362204724
11
4.7645822834645672
21
-4.2114102362204724
0
LINE
8
BLACK
6
CONTINUOUS
10
4.7645822834645672
20
-4.2114102362204724
11
4.7672797244094491
21
-4.2100614960629921
0
LINE
8
BLACK
6
CONTINUOUS
10
4.7672797244094491
20
-4.2100614960629921
11
4.7684768503937009
21
-4.2088643307086615
0
LINE
8
BLACK
6
CONTINUOUS
10
4.7684768503937009
20
-4.2088643307086615
11
4.76982562992126
21
-4.2061668503937009
0
LINE
8
BLACK
6
CONTINUOUS
10
4.76982562992126
20
-4.2061668503937009
11
4.76982562992126
21
-4.2038114173228349
0
LINE
8
BLACK
6
CONTINUOUS
10
4.76982562992126
20
-4.2038114173228349
11
4.7684768897637797
21
-4.2011139370078743
0
LINE
8
BLACK
6
CONTINUOUS
10
4.7684768897637797
20
-4.2011139370078743
11
4.7672797637795279
21
-4.1999168110236216
0
LINE
8
BLACK
6
CONTINUOUS
10
4.7672797637795279
20
-4.1999168110236216
11
4.7642487795275592
21
-4.1984012992125983
0
LINE
8
BLACK
6
CONTINUOUS
10
4.7642487795275592
20
-4.1984012992125983
11
4.7570641338582673
21
-4.1966051574803149
0
LINE
8
BLACK
6
CONTINUOUS
10
4.7570641338582673
20
-4.1966051574803149
11
4.7570216141732287
21
-4.1965899606299208
0
LINE
8
BLACK
6
CONTINUOUS
10
4.7570216141732287
20
-4.1965899606299208
11
4.7570003543307084
21
-4.1965884645669291
0
LINE
8
BLACK
6
CONTINUOUS
10
4.7570003543307084
20
-4.1965884645669291
11
4.7567605905511812
21
-4.196496692913386
0
LINE
8
BLACK
6
CONTINUOUS
10
4.7567605905511812
20
-4.196496692913386
11
4.7565190157480313
21
-4.1964103937007877
0
LINE
8
BLACK
6
CONTINUOUS
10
4.7565190157480313
20
-4.1964103937007877
11
4.7565018503937004
21
-4.1963976771653542
0
LINE
8
BLACK
6
CONTINUOUS
10
4.7565018503937004
20
-4.1963976771653542
11
4.7564597637795272
21
-4.1963815748031497
0
LINE
8
BLACK
6
CONTINUOUS
10
4.7564597637795272
20
-4.1963815748031497
11
4.7527102362204721
21
-4.1945068110236221
0
LINE
8
BLACK
6
CONTINUOUS
10
4.7527102362204721
20
-4.1945068110236221
11
4.7524622047244094
21
-4.1943507086614176
0
LINE
8
BLACK
6
CONTINUOUS
10
4.7524622047244094
20
-4.1943507086614176
11
4.7523902755905514
21
-4.1943209055118107
0
LINE
8
BLACK
6
CONTINUOUS
10
4.7523902755905514
20
-4.1943209055118107
11
4.7523092913385829
21
-4.1942544094488188
0
LINE
8
BLACK
6
CONTINUOUS
10
4.7523092913385829
20
-4.1942544094488188
11
4.7522203543307082
21
-4.194198464566929
0
LINE
8
BLACK
6
CONTINUOUS
10
4.7522203543307082
20
-4.194198464566929
11
4.7521691732283466
21
-4.1941394488188974
0
LINE
8
BLACK
6
CONTINUOUS
10
4.7521691732283466
20
-4.1941394488188974
11
4.7519428346456696
21
-4.193953700787401
0
LINE
8
BLACK
6
CONTINUOUS
10
4.7519428346456696
20
-4.193953700787401
11
4.750068070866142
21
-4.1920789370078735
0
LINE
8
BLACK
6
CONTINUOUS
10
4.750068070866142
20
-4.1920789370078735
11
4.7498822834645669
21
-4.1918525590551177
0
LINE
8
BLACK
6
CONTINUOUS
10
4.7498822834645669
20
-4.1918525590551177
11
4.749823307086614
21
-4.1918014173228348
0
LINE
8
BLACK
6
CONTINUOUS
10
4.749823307086614
20
-4.1918014173228348
11
4.7497673228346455
21
-4.1917124409448814
0
LINE
8
BLACK
6
CONTINUOUS
10
4.7497673228346455
20
-4.1917124409448814
11
4.7497008661417324
21
-4.1916314960629917
0
LINE
8
BLACK
6
CONTINUOUS
10
4.7497008661417324
20
-4.1916314960629917
11
4.7496710236220467
21
-4.1915595275590549
0
LINE
8
BLACK
6
CONTINUOUS
10
4.7496710236220467
20
-4.1915595275590549
11
4.749514960629921
21
-4.191311535433071
0
LINE
8
BLACK
6
CONTINUOUS
10
4.749514960629921
20
-4.191311535433071
11
4.7476401968503934
21
-4.1875620078740159
0
LINE
8
BLACK
6
CONTINUOUS
10
4.7476401968503934
20
-4.1875620078740159
11
4.7474333070866139
21
-4.1870213779527559
0
LINE
8
BLACK
6
CONTINUOUS
10
4.7474333070866139
20
-4.1870213779527559
11
4.7474257874015748
21
-4.1869155511811025
0
LINE
8
BLACK
6
CONTINUOUS
10
4.7474257874015748
20
-4.1869155511811025
11
4.7473851968503933
21
-4.1868175590551182
0
LINE
8
BLACK
6
CONTINUOUS
10
4.7473851968503933
20
-4.1868175590551182
11
4.7473284645669294
21
-4.1862414960629923
0
LINE
8
BLACK
6
CONTINUOUS
10
4.7473284645669294
20
-4.1862414960629923
11
4.7473284645669294
21
-4.1824919685039372
0
LINE
8
BLACK
6
CONTINUOUS
10
4.7473284645669294
20
-4.1824919685039372
11
4.7473851968503933
21
-4.1819159055118114
0
LINE
8
BLACK
6
CONTINUOUS
10
4.7473851968503933
20
-4.1819159055118114
11
4.7474257874015748
21
-4.1818178740157483
0
LINE
8
BLACK
6
CONTINUOUS
10
4.7474257874015748
20
-4.1818178740157483
11
4.7474333070866139
21
-4.1817120866141728
0
LINE
8
BLACK
6
CONTINUOUS
10
4.7474333070866139
20
-4.1817120866141728
11
4.7476401968503934
21
-4.1811714566929137
0
LINE
8
BLACK
6
CONTINUOUS
10
4.7476401968503934
20
-4.1811714566929137
11
4.749514960629921
21
-4.1774219291338586
0
LINE
8
BLACK
6
CONTINUOUS
10
4.749514960629921
20
-4.1774219291338586
11
4.7496710236220467
21
-4.177173897637795
0
LINE
8
BLACK
6
CONTINUOUS
10
4.7496710236220467
20
-4.177173897637795
11
4.7497008661417324
21
-4.177101968503937
0
LINE
8
BLACK
6
CONTINUOUS
10
4.7497008661417324
20
-4.177101968503937
11
4.7497673228346455
21
-4.1770209842519685
0
LINE
8
BLACK
6
CONTINUOUS
10
4.7497673228346455
20
-4.1770209842519685
11
4.749823307086614
21
-4.1769320472440947
0
LINE
8
BLACK
6
CONTINUOUS
10
4.749823307086614
20
-4.1769320472440947
11
4.7498822834645669
21
-4.1768808661417323
0
LINE
8
BLACK
6
CONTINUOUS
10
4.7498822834645669
20
-4.1768808661417323
11
4.750068070866142
21
-4.1766545275590552
0
LINE
8
BLACK
6
CONTINUOUS
10
4.750068070866142
20
-4.1766545275590552
11
4.7519428346456696
21
-4.1747797637795276
0
LINE
8
BLACK
6
CONTINUOUS
10
4.7519428346456696
20
-4.1747797637795276
11
4.7521691732283466
21
-4.1745939763779525
0
LINE
8
BLACK
6
CONTINUOUS
10
4.7521691732283466
20
-4.1745939763779525
11
4.7522203543307082
21
-4.1745349999999997
0
LINE
8
BLACK
6
CONTINUOUS
10
4.7522203543307082
20
-4.1745349999999997
11
4.7523092913385829
21
-4.1744790157480312
0
LINE
8
BLACK
6
CONTINUOUS
10
4.7523092913385829
20
-4.1744790157480312
11
4.7523902755905514
21
-4.174412559055118
0
LINE
8
BLACK
6
CONTINUOUS
10
4.7523902755905514
20
-4.174412559055118
11
4.7524622047244094
21
-4.1743827165354332
0
LINE
8
BLACK
6
CONTINUOUS
10
4.7524622047244094
20
-4.1743827165354332
11
4.7527102362204721
21
-4.1742266535433066
0
LINE
8
BLACK
6
CONTINUOUS
10
4.7527102362204721
20
-4.1742266535433066
11
4.7564597637795272
21
-4.172351889763779
0
LINE
8
BLACK
6
CONTINUOUS
10
4.7564597637795272
20
-4.172351889763779
11
4.7570003543307084
21
-4.1721449999999995
0
LINE
8
BLACK
6
CONTINUOUS
10
4.7570003543307084
20
-4.1721449999999995
11
4.7571062204724406
21
-4.1721374409448817
0
LINE
8
BLACK
6
CONTINUOUS
10
4.7571062204724406
20
-4.1721374409448817
11
4.7572042125984249
21
-4.1720968897637798
0
LINE
8
BLACK
6
CONTINUOUS
10
4.7572042125984249
20
-4.1720968897637798
11
4.7577802755905507
21
-4.172040157480315
0
LINE
8
BLACK
6
CONTINUOUS
10
4.7577802755905507
20
-4.172040157480315
11
4.7671540944881885
21
-4.172040157480315
0
LINE
8
BLACK
6
CONTINUOUS
10
4.7671540944881885
20
-4.172040157480315
11
4.7674456299212595
21
-4.1720688582677168
0
LINE
8
BLACK
6
CONTINUOUS
10
4.8820908661417324
20
-4.1720968897637798
11
4.8821888582677166
21
-4.1721374803149605
0
LINE
8
BLACK
6
CONTINUOUS
10
4.8821888582677166
20
-4.1721374803149605
11
4.88229468503937
21
-4.1721449999999995
0
LINE
8
BLACK
6
CONTINUOUS
10
4.88229468503937
20
-4.1721449999999995
11
4.8828353149606301
21
-4.172351889763779
0
LINE
8
BLACK
6
CONTINUOUS
10
4.8828353149606301
20
-4.172351889763779
11
4.8865848425196852
21
-4.1742266535433066
0
LINE
8
BLACK
6
CONTINUOUS
10
4.8865848425196852
20
-4.1742266535433066
11
4.8868328346456691
21
-4.1743827165354332
0
LINE
8
BLACK
6
CONTINUOUS
10
4.8868328346456691
20
-4.1743827165354332
11
4.8869048031496058
21
-4.174412559055118
0
LINE
8
BLACK
6
CONTINUOUS
10
4.8869048031496058
20
-4.174412559055118
11
4.8869857480314955
21
-4.1744790157480312
0
LINE
8
BLACK
6
CONTINUOUS
10
4.8869857480314955
20
-4.1744790157480312
11
4.887074724409449
21
-4.1745349999999997
0
LINE
8
BLACK
6
CONTINUOUS
10
4.887074724409449
20
-4.1745349999999997
11
4.8871258661417318
21
-4.1745939763779525
0
LINE
8
BLACK
6
CONTINUOUS
10
4.8871258661417318
20
-4.1745939763779525
11
4.8873522440944877
21
-4.1747797637795276
0
LINE
8
BLACK
6
CONTINUOUS
10
4.8873522440944877
20
-4.1747797637795276
11
4.8892270078740152
21
-4.1766545275590552
0
LINE
8
BLACK
6
CONTINUOUS
10
4.8892270078740152
20
-4.1766545275590552
11
4.8894127559055116
21
-4.1768808661417323
0
LINE
8
BLACK
6
CONTINUOUS
10
4.8894127559055116
20
-4.1768808661417323
11
4.8894717716535432
21
-4.1769320472440947
0
LINE
8
BLACK
6
CONTINUOUS
10
4.8894717716535432
20
-4.1769320472440947
11
4.8895277165354329
21
-4.1770209842519685
0
LINE
8
BLACK
6
CONTINUOUS
10
4.8895277165354329
20
-4.1770209842519685
11
4.8895942125984249
21
-4.177101968503937
0
LINE
8
BLACK
6
CONTINUOUS
10
4.8895942125984249
20
-4.177101968503937
11
4.8896240157480317
21
-4.177173897637795
0
LINE
8
BLACK
6
CONTINUOUS
10
4.8896240157480317
20
-4.177173897637795
11
4.8897801181102363
21
-4.1774219291338586
0
LINE
8
BLACK
6
CONTINUOUS
10
4.8897801181102363
20
-4.1774219291338586
11
4.8916548818897638
21
-4.1811714566929137
0
LINE
8
BLACK
6
CONTINUOUS
10
4.8916548818897638
20
-4.1811714566929137
11
4.8918617716535433
21
-4.1817120472440941
0
LINE
8
BLACK
6
CONTINUOUS
10
4.8918617716535433
20
-4.1817120472440941
11
4.8918692913385824
21
-4.1818179133858271
0
LINE
8
BLACK
6
CONTINUOUS
10
4.8918692913385824
20
-4.1818179133858271
11
4.8919098818897639
21
-4.1819159055118114
0
LINE
8
BLACK
6
CONTINUOUS
10
4.8919098818897639
20
-4.1819159055118114
11
4.8919666141732279
21
-4.1824919685039372
0
LINE
8
BLACK
6
CONTINUOUS
10
4.8919666141732279
20
-4.1824919685039372
11
4.8919666141732279
21
-4.1862414960629923
0
LINE
8
BLACK
6
CONTINUOUS
10
4.8919666141732279
20
-4.1862414960629923
11
4.8919098818897639
21
-4.1868175590551182
0
LINE
8
BLACK
6
CONTINUOUS
10
4.8919098818897639
20
-4.1868175590551182
11
4.8918692913385824
21
-4.1869155118110237
0
LINE
8
BLACK
6
CONTINUOUS
10
4.8918692913385824
20
-4.1869155118110237
11
4.8918617716535433
21
-4.1870214173228346
0
LINE
8
BLACK
6
CONTINUOUS
10
4.8918617716535433
20
-4.1870214173228346
11
4.8916548818897638
21
-4.1875620078740159
0
LINE
8
BLACK
6
CONTINUOUS
10
4.8916548818897638
20
-4.1875620078740159
11
4.8897801181102363
21
-4.191311535433071
0
LINE
8
BLACK
6
CONTINUOUS
10
4.8897801181102363
20
-4.191311535433071
11
4.8896240157480317
21
-4.1915595275590549
0
LINE
8
BLACK
6
CONTINUOUS
10
4.8896240157480317
20
-4.1915595275590549
11
4.8895942125984249
21
-4.1916314960629917
0
LINE
8
BLACK
6
CONTINUOUS
10
4.8895942125984249
20
-4.1916314960629917
11
4.8895277165354329
21
-4.1917124409448814
0
LINE
8
BLACK
6
CONTINUOUS
10
4.8895277165354329
20
-4.1917124409448814
11
4.8894717716535432
21
-4.1918014173228348
0
LINE
8
BLACK
6
CONTINUOUS
10
4.8894717716535432
20
-4.1918014173228348
11
4.8894127559055116
21
-4.1918525590551177
0
LINE
8
BLACK
6
CONTINUOUS
10
4.8894127559055116
20
-4.1918525590551177
11
4.8892270078740152
21
-4.1920789370078735
0
LINE
8
BLACK
6
CONTINUOUS
10
4.8892270078740152
20
-4.1920789370078735
11
4.8883624803149601
21
-4.1929434251968507
0
LINE
8
BLACK
6
CONTINUOUS
10
4.8883624803149601
20
-4.1929434251968507
11
4.8886013779527557
21
-4.193050078740157
0
LINE
8
BLACK
6
CONTINUOUS
10
4.8886013779527557
20
-4.193050078740157
11
4.8886814960629916
21
-4.1931195669291341
0
LINE
8
BLACK
6
CONTINUOUS
10
4.8886814960629916
20
-4.1931195669291341
11
4.8887795669291334
21
-4.1931601968503935
0
LINE
8
BLACK
6
CONTINUOUS
10
4.8887795669291334
20
-4.1931601968503935
11
4.8892270078740152
21
-4.1935274015748032
0
LINE
8
BLACK
6
CONTINUOUS
10
4.8892270078740152
20
-4.1935274015748032
11
4.8911017716535428
21
-4.1954021653543307
0
LINE
8
BLACK
6
CONTINUOUS
10
4.8911017716535428
20
-4.1954021653543307
11
4.8912875196850392
21
-4.1956285039370078
0
LINE
8
BLACK
6
CONTINUOUS
10
4.8912875196850392
20
-4.1956285039370078
11
4.8913465354330707
21
-4.1956796850393703
0
LINE
8
BLACK
6
CONTINUOUS
10
4.8913465354330707
20
-4.1956796850393703
11
4.8914024803149605
21
-4.1957686220472441
0
LINE
8
BLACK
6
CONTINUOUS
10
4.8914024803149605
20
-4.1957686220472441
11
4.8914689763779524
21
-4.1958496062992126
0
LINE
8
BLACK
6
CONTINUOUS
10
4.8914689763779524
20
-4.1958496062992126
11
4.8914987795275593
21
-4.1959215354330706
0
LINE
8
BLACK
6
CONTINUOUS
10
4.8914987795275593
20
-4.1959215354330706
11
4.8916548818897638
21
-4.1961695669291341
0
LINE
8
BLACK
6
CONTINUOUS
10
4.8916548818897638
20
-4.1961695669291341
11
4.8935296456692914
21
-4.1999190944881892
0
LINE
8
BLACK
6
CONTINUOUS
10
4.8935296456692914
20
-4.1999190944881892
11
4.8937365354330709
21
-4.2004596850393696
0
LINE
8
BLACK
6
CONTINUOUS
10
4.8937365354330709
20
-4.2004596850393696
11
4.8937440551181099
21
-4.2005655511811026
0
LINE
8
BLACK
6
CONTINUOUS
10
4.8937440551181099
20
-4.2005655511811026
11
4.8937846456692915
21
-4.2006635433070869
0
LINE
8
BLACK
6
CONTINUOUS
10
4.8937846456692915
20
-4.2006635433070869
11
4.8938413779527554
21
-4.2012396062992128
0
LINE
8
BLACK
6
CONTINUOUS
10
4.8938413779527554
20
-4.2012396062992128
11
4.8938413779527554
21
-4.2068638976377954
0
LINE
8
BLACK
6
CONTINUOUS
10
4.8938413779527554
20
-4.2068638976377954
11
4.8937846456692915
21
-4.2074399606299213
0
LINE
8
BLACK
6
CONTINUOUS
10
4.8937846456692915
20
-4.2074399606299213
11
4.8937440551181099
21
-4.2075379133858268
0
LINE
8
BLACK
6
CONTINUOUS
10
4.8937440551181099
20
-4.2075379133858268
11
4.8937365354330709
21
-4.2076438188976377
0
LINE
8
BLACK
6
CONTINUOUS
10
4.8937365354330709
20
-4.2076438188976377
11
4.8935296456692914
21
-4.208184409448819
0
LINE
8
BLACK
6
CONTINUOUS
10
4.8935296456692914
20
-4.208184409448819
11
4.8916548818897638
21
-4.2119339370078741
0
LINE
8
BLACK
6
CONTINUOUS
10
4.8916548818897638
20
-4.2119339370078741
11
4.891498818897638
21
-4.2121818110236218
0
LINE
8
BLACK
6
CONTINUOUS
10
4.891498818897638
20
-4.2121818110236218
11
4.8914690157480312
21
-4.212253858267716
0
LINE
8
BLACK
6
CONTINUOUS
10
4.8914690157480312
20
-4.212253858267716
11
4.8914024803149605
21
-4.2123348818897641
0
LINE
8
BLACK
6
CONTINUOUS
10
4.8914024803149605
20
-4.2123348818897641
11
4.8913465354330707
21
-4.212423818897638
0
LINE
8
BLACK
6
CONTINUOUS
10
4.8913465354330707
20
-4.212423818897638
11
4.8912875196850392
21
-4.2124749606299208
0
LINE
8
BLACK
6
CONTINUOUS
10
4.8912875196850392
20
-4.2124749606299208
11
4.8911017716535428
21
-4.2127013385826775
0
LINE
8
BLACK
6
CONTINUOUS
10
4.8911017716535428
20
-4.2127013385826775
11
4.889227047244094
21
-4.214576102362205
0
LINE
8
BLACK
6
CONTINUOUS
10
4.889227047244094
20
-4.214576102362205
11
4.8890006692913381
21
-4.2147618503937005
0
LINE
8
BLACK
6
CONTINUOUS
10
4.8890006692913381
20
-4.2147618503937005
11
4.8889494881889766
21
-4.2148209055118109
0
LINE
8
BLACK
6
CONTINUOUS
10
4.8889494881889766
20
-4.2148209055118109
11
4.8888605118110231
21
-4.2148768897637794
0
LINE
8
BLACK
6
CONTINUOUS
10
4.8888605118110231
20
-4.2148768897637794
11
4.8887795669291334
21
-4.2149433464566926
0
LINE
8
BLACK
6
CONTINUOUS
10
4.8887795669291334
20
-4.2149433464566926
11
4.8887075984251966
21
-4.2149731496062994
0
LINE
8
BLACK
6
CONTINUOUS
10
4.8887075984251966
20
-4.2149731496062994
11
4.8884596062992127
21
-4.215129251968504
0
LINE
8
BLACK
6
CONTINUOUS
10
4.8884596062992127
20
-4.215129251968504
11
4.8847100787401576
21
-4.2170040157480315
0
LINE
8
BLACK
6
CONTINUOUS
10
4.8847100787401576
20
-4.2170040157480315
11
4.8841694488188976
21
-4.217210905511811
0
LINE
8
BLACK
6
CONTINUOUS
10
4.8841694488188976
20
-4.217210905511811
11
4.8840636220472442
21
-4.2172183858267713
0
LINE
8
BLACK
6
CONTINUOUS
10
4.8840636220472442
20
-4.2172183858267713
11
4.8839656299212599
21
-4.2172590157480316
0
LINE
8
BLACK
6
CONTINUOUS
10
4.8839656299212599
20
-4.2172590157480316
11
4.8833895669291341
21
-4.2173157480314956
0
LINE
8
BLACK
6
CONTINUOUS
10
4.8833895669291341
20
-4.2173157480314956
11
4.8683914566929136
21
-4.2173157480314956
0
LINE
8
BLACK
6
CONTINUOUS
10
4.8683914566929136
20
-4.2173157480314956
11
4.8678153937007869
21
-4.2172590157480316
0
LINE
8
BLACK
6
CONTINUOUS
10
4.8678153937007869
20
-4.2172590157480316
11
4.8667509842519685
21
-4.2168181102362201
0
LINE
8
BLACK
6
CONTINUOUS
10
4.8667509842519685
20
-4.2168181102362201
11
4.865936338582677
21
-4.2160034645669286
0
LINE
8
BLACK
6
CONTINUOUS
10
4.865936338582677
20
-4.2160034645669286
11
4.8654954330708664
21
-4.2149390551181103
0
LINE
8
BLACK
6
CONTINUOUS
10
4.8654954330708664
20
-4.2149390551181103
11
4.8654387007874016
21
-4.2143629921259844
0
LINE
8
BLACK
6
CONTINUOUS
10
4.8654387007874016
20
-4.2143629921259844
11
4.8654387007874016
21
-4.174992913385827
0
LINE
8
BLACK
6
CONTINUOUS
10
4.8654387007874016
20
-4.174992913385827
11
4.8654954330708664
21
-4.1744168503937003
0
LINE
8
BLACK
6
CONTINUOUS
10
4.8654954330708664
20
-4.1744168503937003
11
4.865936338582677
21
-4.1733524409448819
0
LINE
8
BLACK
6
CONTINUOUS
10
4.865936338582677
20
-4.1733524409448819
11
4.8667509842519685
21
-4.1725377952755904
0
LINE
8
BLACK
6
CONTINUOUS
10
4.8667509842519685
20
-4.1725377952755904
11
4.8678153937007869
21
-4.1720968897637798
0
LINE
8
BLACK
6
CONTINUOUS
10
4.8678153937007869
20
-4.1720968897637798
11
4.8683914566929136
21
-4.172040157480315
0
LINE
8
BLACK
6
CONTINUOUS
10
4.8683914566929136
20
-4.172040157480315
11
4.8815148031496065
21
-4.172040157480315
0
LINE
8
BLACK
6
CONTINUOUS
10
4.8815148031496065
20
-4.172040157480315
11
4.8820908661417324
21
-4.1720968897637798
0
LINE
8
BLACK
6
CONTINUOUS
10
4.8713442125984248
20
-4.2114102362204724
11
4.8826925196850395
21
-4.2114102362204724
0
LINE
8
BLACK
6
CONTINUOUS
10
4.8826925196850395
20
-4.2114102362204724
11
4.8853899606299214
21
-4.2100614960629921
0
LINE
8
BLACK
6
CONTINUOUS
10
4.8853899606299214
20
-4.2100614960629921
11
4.8865870866141732
21
-4.2088643307086615
0
LINE
8
BLACK
6
CONTINUOUS
10
4.8865870866141732
20
-4.2088643307086615
11
4.8879358661417323
21
-4.2061668503937009
0
LINE
8
BLACK
6
CONTINUOUS
10
4.8879358661417323
20
-4.2061668503937009
11
4.8879358661417323
21
-4.2019366535433074
0
LINE
8
BLACK
6
CONTINUOUS
10
4.8879358661417323
20
-4.2019366535433074
11
4.8865871259842519
21
-4.1992391732283467
0
LINE
8
BLACK
6
CONTINUOUS
10
4.8865871259842519
20
-4.1992391732283467
11
4.8855440551181104
21
-4.1981961023622043
0
LINE
8
BLACK
6
CONTINUOUS
10
4.8855440551181104
20
-4.1981961023622043
11
4.8810356692913386
21
-4.1966933070866137
0
LINE
8
BLACK
6
CONTINUOUS
10
4.8810356692913386
20
-4.1966933070866137
11
4.8713442125984248
21
-4.1966933070866137
0
LINE
8
BLACK
6
CONTINUOUS
10
4.8713442125984248
20
-4.1966933070866137
11
4.8713442125984248
21
-4.2114102362204724
0
LINE
8
BLACK
6
CONTINUOUS
10
4.8713442125984248
20
-4.1907877952755905
11
4.8808177559055119
21
-4.1907877952755905
0
LINE
8
BLACK
6
CONTINUOUS
10
4.8808177559055119
20
-4.1907877952755905
11
4.8835152362204726
21
-4.1894390551181102
0
LINE
8
BLACK
6
CONTINUOUS
10
4.8835152362204726
20
-4.1894390551181102
11
4.8847123622047244
21
-4.1882419291338584
0
LINE
8
BLACK
6
CONTINUOUS
10
4.8847123622047244
20
-4.1882419291338584
11
4.8860611023622047
21
-4.1855444488188978
0
LINE
8
BLACK
6
CONTINUOUS
10
4.8860611023622047
20
-4.1855444488188978
11
4.8860611023622047
21
-4.1831890157480318
0
LINE
8
BLACK
6
CONTINUOUS
10
4.8860611023622047
20
-4.1831890157480318
11
4.8847123622047244
21
-4.1804915354330712
0
LINE
8
BLACK
6
CONTINUOUS
10
4.8847123622047244
20
-4.1804915354330712
11
4.8835152362204726
21
-4.1792944094488185
0
LINE
8
BLACK
6
CONTINUOUS
10
4.8835152362204726
20
-4.1792944094488185
11
4.8808177559055119
21
-4.1779456692913381
0
LINE
8
BLACK
6
CONTINUOUS
10
4.8808177559055119
20
-4.1779456692913381
11
4.8713442125984248
21
-4.1779456692913381
0
LINE
8
BLACK
6
CONTINUOUS
10
4.8713442125984248
20
-4.1779456692913381
11
4.8713442125984248
21
-4.1907877952755905
0
LINE
8
BLACK
6
CONTINUOUS
10
5.0207836614173225
20
-4.1720688582677168
11
5.020861417322835
21
-4.1720633464566932
0
LINE
8
BLACK
6
CONTINUOUS
10
5.020861417322835
20
-4.1720633464566932
11
5.0209636614173228
21
-4.1720865748031493
0
LINE
8
BLACK
6
CONTINUOUS
10
5.0209636614173228
20
-4.1720865748031493
11
5.0210681889763782
21
-4.1720968897637798
0
LINE
8
BLACK
6
CONTINUOUS
10
5.0210681889763782
20
-4.1720968897637798
11
5.0211402755905512
21
-4.1721267322834645
0
LINE
8
BLACK
6
CONTINUOUS
10
5.0211402755905512
20
-4.1721267322834645
11
5.0214258661417324
21
-4.172191692913386
0
LINE
8
BLACK
6
CONTINUOUS
10
5.0214258661417324
20
-4.172191692913386
11
5.027050157480315
21
-4.1740664566929135
0
LINE
8
BLACK
6
CONTINUOUS
10
5.027050157480315
20
-4.1740664566929135
11
5.0275787007874015
21
-4.1743024409448815
0
LINE
8
BLACK
6
CONTINUOUS
10
5.0275787007874015
20
-4.1743024409448815
11
5.0284490551181102
21
-4.1750573228346459
0
LINE
8
BLACK
6
CONTINUOUS
10
5.0284490551181102
20
-4.1750573228346459
11
5.0289642913385828
21
-4.1760877559055114
0
LINE
8
BLACK
6
CONTINUOUS
10
5.0289642913385828
20
-4.1760877559055114
11
5.0290459842519688
21
-4.1772369685039372
0
LINE
8
BLACK
6
CONTINUOUS
10
5.0290459842519688
20
-4.1772369685039372
11
5.0286816535433072
21
-4.1783299606299211
0
LINE
8
BLACK
6
CONTINUOUS
10
5.0286816535433072
20
-4.1783299606299211
11
5.0279267716535436
21
-4.1792003543307086
0
LINE
8
BLACK
6
CONTINUOUS
10
5.0279267716535436
20
-4.1792003543307086
11
5.0268962992125985
21
-4.1797155511811024
0
LINE
8
BLACK
6
CONTINUOUS
10
5.0268962992125985
20
-4.1797155511811024
11
5.0257470866141727
21
-4.1797972440944884
0
LINE
8
BLACK
6
CONTINUOUS
10
5.0257470866141727
20
-4.1797972440944884
11
5.0251826377952753
21
-4.1796688976377956
0
LINE
8
BLACK
6
CONTINUOUS
10
5.0251826377952753
20
-4.1796688976377956
11
5.0200129921259844
21
-4.1779456692913381
0
LINE
8
BLACK
6
CONTINUOUS
10
5.0200129921259844
20
-4.1779456692913381
11
5.0118153543307082
21
-4.1779456692913381
0
LINE
8
BLACK
6
CONTINUOUS
10
5.0118153543307082
20
-4.1779456692913381
11
5.0091178740157476
21
-4.1792944094488185
0
LINE
8
BLACK
6
CONTINUOUS
10
5.0091178740157476
20
-4.1792944094488185
11
5.0079207480314958
21
-4.1804915354330712
0
LINE
8
BLACK
6
CONTINUOUS
10
5.0079207480314958
20
-4.1804915354330712
11
5.0065720078740155
21
-4.1831890157480318
0
LINE
8
BLACK
6
CONTINUOUS
10
5.0065720078740155
20
-4.1831890157480318
11
5.0065720078740155
21
-4.1855444488188978
0
LINE
8
BLACK
6
CONTINUOUS
10
5.0065720078740155
20
-4.1855444488188978
11
5.0079207480314958
21
-4.1882419291338584
0
LINE
8
BLACK
6
CONTINUOUS
10
5.0079207480314958
20
-4.1882419291338584
11
5.0091178740157476
21
-4.1894390551181102
0
LINE
8
BLACK
6
CONTINUOUS
10
5.0091178740157476
20
-4.1894390551181102
11
5.0121488582677163
21
-4.1909545275590547
0
LINE
8
BLACK
6
CONTINUOUS
10
5.0121488582677163
20
-4.1909545275590547
11
5.0193335039370082
21
-4.1927507086614169
0
LINE
8
BLACK
6
CONTINUOUS
10
5.0193335039370082
20
-4.1927507086614169
11
5.0193759842519681
21
-4.1927658661417322
0
LINE
8
BLACK
6
CONTINUOUS
10
5.0193759842519681
20
-4.1927658661417322
11
5.0193972440944883
21
-4.1927674015748027
0
LINE
8
BLACK
6
CONTINUOUS
10
5.0193972440944883
20
-4.1927674015748027
11
5.0196366535433068
21
-4.1928590157480317
0
LINE
8
BLACK
6
CONTINUOUS
10
5.0196366535433068
20
-4.1928590157480317
11
5.0198786220472442
21
-4.192945472440945
0
LINE
8
BLACK
6
CONTINUOUS
10
5.0198786220472442
20
-4.192945472440945
11
5.0198957480314963
21
-4.1929581496062989
0
LINE
8
BLACK
6
CONTINUOUS
10
5.0198957480314963
20
-4.1929581496062989
11
5.0199378740157483
21
-4.192974291338583
0
LINE
8
BLACK
6
CONTINUOUS
10
5.0199378740157483
20
-4.192974291338583
11
5.0236874015748034
21
-4.1948490551181106
0
LINE
8
BLACK
6
CONTINUOUS
10
5.0236874015748034
20
-4.1948490551181106
11
5.0239353937007873
21
-4.1950051181102364
0
LINE
8
BLACK
6
CONTINUOUS
10
5.0239353937007873
20
-4.1950051181102364
11
5.0240073622047241
21
-4.1950349606299211
0
LINE
8
BLACK
6
CONTINUOUS
10
5.0240073622047241
20
-4.1950349606299211
11
5.0240883070866138
21
-4.1951014173228343
0
LINE
8
BLACK
6
CONTINUOUS
10
5.0240883070866138
20
-4.1951014173228343
11
5.0241772834645664
21
-4.1951574015748028
0
LINE
8
BLACK
6
CONTINUOUS
10
5.0241772834645664
20
-4.1951574015748028
11
5.0242284251968501
21
-4.1952163779527556
0
LINE
8
BLACK
6
CONTINUOUS
10
5.0242284251968501
20
-4.1952163779527556
11
5.0244548031496059
21
-4.1954021653543307
0
LINE
8
BLACK
6
CONTINUOUS
10
5.0244548031496059
20
-4.1954021653543307
11
5.0263295669291335
21
-4.1972769291338583
0
LINE
8
BLACK
6
CONTINUOUS
10
5.0263295669291335
20
-4.1972769291338583
11
5.0265153149606299
21
-4.1975032677165354
0
LINE
8
BLACK
6
CONTINUOUS
10
5.0265153149606299
20
-4.1975032677165354
11
5.0265743307086614
21
-4.1975544488188978
0
LINE
8
BLACK
6
CONTINUOUS
10
5.0265743307086614
20
-4.1975544488188978
11
5.0266302755905512
21
-4.1976433858267717
0
LINE
8
BLACK
6
CONTINUOUS
10
5.0266302755905512
20
-4.1976433858267717
11
5.0266967716535431
21
-4.1977243700787401
0
LINE
8
BLACK
6
CONTINUOUS
10
5.0266967716535431
20
-4.1977243700787401
11
5.0267265748031491
21
-4.1977962992125981
0
LINE
8
BLACK
6
CONTINUOUS
10
5.0267265748031491
20
-4.1977962992125981
11
5.0268826771653545
21
-4.1980443307086617
0
LINE
8
BLACK
6
CONTINUOUS
10
5.0268826771653545
20
-4.1980443307086617
11
5.0287574409448821
21
-4.2017938582677168
0
LINE
8
BLACK
6
CONTINUOUS
10
5.0287574409448821
20
-4.2017938582677168
11
5.0289643307086616
21
-4.2023344488188972
0
LINE
8
BLACK
6
CONTINUOUS
10
5.0289643307086616
20
-4.2023344488188972
11
5.0289718503937006
21
-4.2024403149606302
0
LINE
8
BLACK
6
CONTINUOUS
10
5.0289718503937006
20
-4.2024403149606302
11
5.0290124409448822
21
-4.2025383070866145
0
LINE
8
BLACK
6
CONTINUOUS
10
5.0290124409448822
20
-4.2025383070866145
11
5.0290691732283461
21
-4.2031143700787403
0
LINE
8
BLACK
6
CONTINUOUS
10
5.0290691732283461
20
-4.2031143700787403
11
5.0290691732283461
21
-4.2068638976377954
0
LINE
8
BLACK
6
CONTINUOUS
10
5.0290691732283461
20
-4.2068638976377954
11
5.0290124409448822
21
-4.2074399606299213
0
LINE
8
BLACK
6
CONTINUOUS
10
5.0290124409448822
20
-4.2074399606299213
11
5.0289718503937006
21
-4.2075379133858268
0
LINE
8
BLACK
6
CONTINUOUS
10
5.0289718503937006
20
-4.2075379133858268
11
5.0289643307086616
21
-4.2076438188976377
0
LINE
8
BLACK
6
CONTINUOUS
10
5.0289643307086616
20
-4.2076438188976377
11
5.0287574409448821
21
-4.208184409448819
0
LINE
8
BLACK
6
CONTINUOUS
10
5.0287574409448821
20
-4.208184409448819
11
5.0268826771653545
21
-4.2119339370078741
0
LINE
8
BLACK
6
CONTINUOUS
10
5.0268826771653545
20
-4.2119339370078741
11
5.0267266141732279
21
-4.2121818110236218
0
LINE
8
BLACK
6
CONTINUOUS
10
5.0267266141732279
20
-4.2121818110236218
11
5.0266968110236219
21
-4.212253858267716
0
LINE
8
BLACK
6
CONTINUOUS
10
5.0266968110236219
20
-4.212253858267716
11
5.0266302755905512
21
-4.2123348818897641
0
LINE
8
BLACK
6
CONTINUOUS
10
5.0266302755905512
20
-4.2123348818897641
11
5.0265743307086614
21
-4.212423818897638
0
LINE
8
BLACK
6
CONTINUOUS
10
5.0265743307086614
20
-4.212423818897638
11
5.0265153149606299
21
-4.2124749606299208
0
LINE
8
BLACK
6
CONTINUOUS
10
5.0265153149606299
20
-4.2124749606299208
11
5.0263295669291335
21
-4.2127013385826775
0
LINE
8
BLACK
6
CONTINUOUS
10
5.0263295669291335
20
-4.2127013385826775
11
5.0244548425196847
21
-4.214576102362205
0
LINE
8
BLACK
6
CONTINUOUS
10
5.0244548425196847
20
-4.214576102362205
11
5.0242284645669288
21
-4.2147618503937005
0
LINE
8
BLACK
6
CONTINUOUS
10
5.0242284645669288
20
-4.2147618503937005
11
5.0241772834645664
21
-4.2148209055118109
0
LINE
8
BLACK
6
CONTINUOUS
10
5.0241772834645664
20
-4.2148209055118109
11
5.0240883070866138
21
-4.2148768897637794
0
LINE
8
BLACK
6
CONTINUOUS
10
5.0240883070866138
20
-4.2148768897637794
11
5.0240073622047241
21
-4.2149433464566926
0
LINE
8
BLACK
6
CONTINUOUS
10
5.0240073622047241
20
-4.2149433464566926
11
5.0239353937007873
21
-4.2149731496062994
0
LINE
8
BLACK
6
CONTINUOUS
10
5.0239353937007873
20
-4.2149731496062994
11
5.0236874015748034
21
-4.215129251968504
0
LINE
8
BLACK
6
CONTINUOUS
10
5.0236874015748034
20
-4.215129251968504
11
5.0199378740157483
21
-4.2170040157480315
0
LINE
8
BLACK
6
CONTINUOUS
10
5.0199378740157483
20
-4.2170040157480315
11
5.0193972440944883
21
-4.217210905511811
0
LINE
8
BLACK
6
CONTINUOUS
10
5.0193972440944883
20
-4.217210905511811
11
5.0192914173228349
21
-4.2172183858267713
0
LINE
8
BLACK
6
CONTINUOUS
10
5.0192914173228349
20
-4.2172183858267713
11
5.0191934251968506
21
-4.2172590157480316
0
LINE
8
BLACK
6
CONTINUOUS
10
5.0191934251968506
20
-4.2172590157480316
11
5.0186173622047239
21
-4.2173157480314956
0
LINE
8
BLACK
6
CONTINUOUS
10
5.0186173622047239
20
-4.2173157480314956
11
5.0092435433070861
21
-4.2173157480314956
0
LINE
8
BLACK
6
CONTINUOUS
10
5.0092435433070861
20
-4.2173157480314956
11
5.0089519291338584
21
-4.2172870078740159
0
LINE
8
BLACK
6
CONTINUOUS
10
5.0089519291338584
20
-4.2172870078740159
11
5.0088742125984247
21
-4.2172925590551182
0
LINE
8
BLACK
6
CONTINUOUS
10
5.0088742125984247
20
-4.2172925590551182
11
5.0087719291338582
21
-4.2172692913385825
0
LINE
8
BLACK
6
CONTINUOUS
10
5.0087719291338582
20
-4.2172692913385825
11
5.0086674803149602
21
-4.2172590157480316
0
LINE
8
BLACK
6
CONTINUOUS
10
5.0086674803149602
20
-4.2172590157480316
11
5.0085953937007872
21
-4.2172291338582673
0
LINE
8
BLACK
6
CONTINUOUS
10
5.0085953937007872
20
-4.2172291338582673
11
5.0083097637795273
21
-4.2171642125984254
0
LINE
8
BLACK
6
CONTINUOUS
10
5.0083097637795273
20
-4.2171642125984254
11
5.0026855118110234
21
-4.2152894488188979
0
LINE
8
BLACK
6
CONTINUOUS
10
5.0026855118110234
20
-4.2152894488188979
11
5.0021569291338581
21
-4.2150534645669291
0
LINE
8
BLACK
6
CONTINUOUS
10
5.0021569291338581
20
-4.2150534645669291
11
5.0012865748031494
21
-4.2142985826771655
0
LINE
8
BLACK
6
CONTINUOUS
10
5.0012865748031494
20
-4.2142985826771655
11
5.0007713779527556
21
-4.2132681496062991
0
LINE
8
BLACK
6
CONTINUOUS
10
5.0007713779527556
20
-4.2132681496062991
11
5.0006896850393696
21
-4.2121189370078742
0
LINE
8
BLACK
6
CONTINUOUS
10
5.0006896850393696
20
-4.2121189370078742
11
5.0010540157480312
21
-4.2110259055118107
0
LINE
8
BLACK
6
CONTINUOUS
10
5.0010540157480312
20
-4.2110259055118107
11
5.0018088976377948
21
-4.210155551181102
0
LINE
8
BLACK
6
CONTINUOUS
10
5.0018088976377948
20
-4.210155551181102
11
5.0028393307086612
21
-4.2096403543307082
0
LINE
8
BLACK
6
CONTINUOUS
10
5.0028393307086612
20
-4.2096403543307082
11
5.0039885433070861
21
-4.209558661417323
0
LINE
8
BLACK
6
CONTINUOUS
10
5.0039885433070861
20
-4.209558661417323
11
5.0045529921259844
21
-4.2096870078740158
0
LINE
8
BLACK
6
CONTINUOUS
10
5.0045529921259844
20
-4.2096870078740158
11
5.009722677165354
21
-4.2114102362204724
0
LINE
8
BLACK
6
CONTINUOUS
10
5.009722677165354
20
-4.2114102362204724
11
5.0179203149606302
21
-4.2114102362204724
0
LINE
8
BLACK
6
CONTINUOUS
10
5.0179203149606302
20
-4.2114102362204724
11
5.0206177559055121
21
-4.2100614960629921
0
LINE
8
BLACK
6
CONTINUOUS
10
5.0206177559055121
20
-4.2100614960629921
11
5.0218148818897639
21
-4.2088643307086615
0
LINE
8
BLACK
6
CONTINUOUS
10
5.0218148818897639
20
-4.2088643307086615
11
5.023163661417323
21
-4.2061668503937009
0
LINE
8
BLACK
6
CONTINUOUS
10
5.023163661417323
20
-4.2061668503937009
11
5.023163661417323
21
-4.2038114173228349
0
LINE
8
BLACK
6
CONTINUOUS
10
5.023163661417323
20
-4.2038114173228349
11
5.0218149212598426
21
-4.2011139370078743
0
LINE
8
BLACK
6
CONTINUOUS
10
5.0218149212598426
20
-4.2011139370078743
11
5.0206177952755908
21
-4.1999168110236216
0
LINE
8
BLACK
6
CONTINUOUS
10
5.0206177952755908
20
-4.1999168110236216
11
5.0175868110236221
21
-4.1984012992125983
0
LINE
8
BLACK
6
CONTINUOUS
10
5.0175868110236221
20
-4.1984012992125983
11
5.0104021653543303
21
-4.1966051574803149
0
LINE
8
BLACK
6
CONTINUOUS
10
5.0104021653543303
20
-4.1966051574803149
11
5.0103596456692916
21
-4.1965899606299208
0
LINE
8
BLACK
6
CONTINUOUS
10
5.0103596456692916
20
-4.1965899606299208
11
5.0103383858267714
21
-4.1965884645669291
0
LINE
8
BLACK
6
CONTINUOUS
10
5.0103383858267714
20
-4.1965884645669291
11
5.0100986220472441
21
-4.196496692913386
0
LINE
8
BLACK
6
CONTINUOUS
10
5.0100986220472441
20
-4.196496692913386
11
5.0098570472440942
21
-4.1964103937007877
0
LINE
8
BLACK
6
CONTINUOUS
10
5.0098570472440942
20
-4.1964103937007877
11
5.0098398818897634
21
-4.1963976771653542
0
LINE
8
BLACK
6
CONTINUOUS
10
5.0098398818897634
20
-4.1963976771653542
11
5.0097977952755901
21
-4.1963815748031497
0
LINE
8
BLACK
6
CONTINUOUS
10
5.0097977952755901
20
-4.1963815748031497
11
5.006048267716535
21
-4.1945068110236221
0
LINE
8
BLACK
6
CONTINUOUS
10
5.006048267716535
20
-4.1945068110236221
11
5.0058002362204723
21
-4.1943507086614176
0
LINE
8
BLACK
6
CONTINUOUS
10
5.0058002362204723
20
-4.1943507086614176
11
5.0057283070866143
21
-4.1943209055118107
0
LINE
8
BLACK
6
CONTINUOUS
10
5.0057283070866143
20
-4.1943209055118107
11
5.0056473228346459
21
-4.1942544094488188
0
LINE
8
BLACK
6
CONTINUOUS
10
5.0056473228346459
20
-4.1942544094488188
11
5.0055583858267712
21
-4.194198464566929
0
LINE
8
BLACK
6
CONTINUOUS
10
5.0055583858267712
20
-4.194198464566929
11
5.0055072047244096
21
-4.1941394488188974
0
LINE
8
BLACK
6
CONTINUOUS
10
5.0055072047244096
20
-4.1941394488188974
11
5.0052808661417325
21
-4.193953700787401
0
LINE
8
BLACK
6
CONTINUOUS
10
5.0052808661417325
20
-4.193953700787401
11
5.003406102362205
21
-4.1920789370078735
0
LINE
8
BLACK
6
CONTINUOUS
10
5.003406102362205
20
-4.1920789370078735
11
5.0032203149606298
21
-4.1918525590551177
0
LINE
8
BLACK
6
CONTINUOUS
10
5.0032203149606298
20
-4.1918525590551177
11
5.003161338582677
21
-4.1918014173228348
0
LINE
8
BLACK
6
CONTINUOUS
10
5.003161338582677
20
-4.1918014173228348
11
5.0031053543307085
21
-4.1917124409448814
0
LINE
8
BLACK
6
CONTINUOUS
10
5.0031053543307085
20
-4.1917124409448814
11
5.0030388976377953
21
-4.1916314960629917
0
LINE
8
BLACK
6
CONTINUOUS
10
5.0030388976377953
20
-4.1916314960629917
11
5.0030090551181106
21
-4.1915595275590549
0
LINE
8
BLACK
6
CONTINUOUS
10
5.0030090551181106
20
-4.1915595275590549
11
5.0028529921259839
21
-4.191311535433071
0
LINE
8
BLACK
6
CONTINUOUS
10
5.0028529921259839
20
-4.191311535433071
11
5.0009782283464563
21
-4.1875620078740159
0
LINE
8
BLACK
6
CONTINUOUS
10
5.0009782283464563
20
-4.1875620078740159
11
5.0007713385826769
21
-4.1870213779527559
0
LINE
8
BLACK
6
CONTINUOUS
10
5.0007713385826769
20
-4.1870213779527559
11
5.0007638188976378
21
-4.1869155511811025
0
LINE
8
BLACK
6
CONTINUOUS
10
5.0007638188976378
20
-4.1869155511811025
11
5.0007232283464562
21
-4.1868175590551182
0
LINE
8
BLACK
6
CONTINUOUS
10
5.0007232283464562
20
-4.1868175590551182
11
5.0006664960629923
21
-4.1862414960629923
0
LINE
8
BLACK
6
CONTINUOUS
10
5.0006664960629923
20
-4.1862414960629923
11
5.0006664960629923
21
-4.1824919685039372
0
LINE
8
BLACK
6
CONTINUOUS
10
5.0006664960629923
20
-4.1824919685039372
11
5.0007232283464562
21
-4.1819159055118114
0
LINE
8
BLACK
6
CONTINUOUS
10
5.0007232283464562
20
-4.1819159055118114
11
5.0007638188976378
21
-4.1818178740157483
0
LINE
8
BLACK
6
CONTINUOUS
10
5.0007638188976378
20
-4.1818178740157483
11
5.0007713385826769
21
-4.1817120866141728
0
LINE
8
BLACK
6
CONTINUOUS
10
5.0007713385826769
20
-4.1817120866141728
11
5.0009782283464563
21
-4.1811714566929137
0
LINE
8
BLACK
6
CONTINUOUS
10
5.0009782283464563
20
-4.1811714566929137
11
5.0028529921259839
21
-4.1774219291338586
0
LINE
8
BLACK
6
CONTINUOUS
10
5.0028529921259839
20
-4.1774219291338586
11
5.0030090551181106
21
-4.177173897637795
0
LINE
8
BLACK
6
CONTINUOUS
10
5.0030090551181106
20
-4.177173897637795
11
5.0030388976377953
21
-4.177101968503937
0
LINE
8
BLACK
6
CONTINUOUS
10
5.0030388976377953
20
-4.177101968503937
11
5.0031053543307085
21
-4.1770209842519685
0
LINE
8
BLACK
6
CONTINUOUS
10
5.0031053543307085
20
-4.1770209842519685
11
5.003161338582677
21
-4.1769320472440947
0
LINE
8
BLACK
6
CONTINUOUS
10
5.003161338582677
20
-4.1769320472440947
11
5.0032203149606298
21
-4.1768808661417323
0
LINE
8
BLACK
6
CONTINUOUS
10
5.0032203149606298
20
-4.1768808661417323
11
5.003406102362205
21
-4.1766545275590552
0
LINE
8
BLACK
6
CONTINUOUS
10
5.003406102362205
20
-4.1766545275590552
11
5.0052808661417325
21
-4.1747797637795276
0
LINE
8
BLACK
6
CONTINUOUS
10
5.0052808661417325
20
-4.1747797637795276
11
5.0055072047244096
21
-4.1745939763779525
0
LINE
8
BLACK
6
CONTINUOUS
10
5.0055072047244096
20
-4.1745939763779525
11
5.0055583858267712
21
-4.1745349999999997
0
LINE
8
BLACK
6
CONTINUOUS
10
5.0055583858267712
20
-4.1745349999999997
11
5.0056473228346459
21
-4.1744790157480312
0
LINE
8
BLACK
6
CONTINUOUS
10
5.0056473228346459
20
-4.1744790157480312
11
5.0057283070866143
21
-4.174412559055118
0
LINE
8
BLACK
6
CONTINUOUS
10
5.0057283070866143
20
-4.174412559055118
11
5.0058002362204723
21
-4.1743827165354332
0
LINE
8
BLACK
6
CONTINUOUS
10
5.0058002362204723
20
-4.1743827165354332
11
5.006048267716535
21
-4.1742266535433066
0
LINE
8
BLACK
6
CONTINUOUS
10
5.006048267716535
20
-4.1742266535433066
11
5.0097977952755901
21
-4.172351889763779
0
LINE
8
BLACK
6
CONTINUOUS
10
5.0097977952755901
20
-4.172351889763779
11
5.0103383858267714
21
-4.1721449999999995
0
LINE
8
BLACK
6
CONTINUOUS
10
5.0103383858267714
20
-4.1721449999999995
11
5.0104442519685035
21
-4.1721374409448817
0
LINE
8
BLACK
6
CONTINUOUS
10
5.0104442519685035
20
-4.1721374409448817
11
5.0105422440944878
21
-4.1720968897637798
0
LINE
8
BLACK
6
CONTINUOUS
10
5.0105422440944878
20
-4.1720968897637798
11
5.0111183070866137
21
-4.172040157480315
0
LINE
8
BLACK
6
CONTINUOUS
10
5.0111183070866137
20
-4.172040157480315
11
5.0204921259842514
21
-4.172040157480315
0
LINE
8
BLACK
6
CONTINUOUS
10
5.0204921259842514
20
-4.172040157480315
11
5.0207836614173225
21
-4.1720688582677168
0
LINE
8
BLACK
6
CONTINUOUS
10
5.099808346456693
20
-4.1720968897637798
11
5.0999063385826773
21
-4.1721374803149605
0
LINE
8
BLACK
6
CONTINUOUS
10
5.0999063385826773
20
-4.1721374803149605
11
5.1000121653543307
21
-4.1721449999999995
0
LINE
8
BLACK
6
CONTINUOUS
10
5.1000121653543307
20
-4.1721449999999995
11
5.1005527952755907
21
-4.172351889763779
0
LINE
8
BLACK
6
CONTINUOUS
10
5.1005527952755907
20
-4.172351889763779
11
5.1043023228346458
21
-4.1742266535433066
0
LINE
8
BLACK
6
CONTINUOUS
10
5.1043023228346458
20
-4.1742266535433066
11
5.1045503149606297
21
-4.1743827165354332
0
LINE
8
BLACK
6
CONTINUOUS
10
5.1045503149606297
20
-4.1743827165354332
11
5.1046222834645665
21
-4.174412559055118
0
LINE
8
BLACK
6
CONTINUOUS
10
5.1046222834645665
20
-4.174412559055118
11
5.1047032283464562
21
-4.1744790157480312
0
LINE
8
BLACK
6
CONTINUOUS
10
5.1047032283464562
20
-4.1744790157480312
11
5.1047922047244096
21
-4.1745349999999997
0
LINE
8
BLACK
6
CONTINUOUS
10
5.1047922047244096
20
-4.1745349999999997
11
5.1048433464566925
21
-4.1745939763779525
0
LINE
8
BLACK
6
CONTINUOUS
10
5.1048433464566925
20
-4.1745939763779525
11
5.1050697244094483
21
-4.1747797637795276
0
LINE
8
BLACK
6
CONTINUOUS
10
5.1050697244094483
20
-4.1747797637795276
11
5.1069444881889758
21
-4.1766545275590552
0
LINE
8
BLACK
6
CONTINUOUS
10
5.1069444881889758
20
-4.1766545275590552
11
5.1071302362204722
21
-4.1768808661417323
0
LINE
8
BLACK
6
CONTINUOUS
10
5.1071302362204722
20
-4.1768808661417323
11
5.1071892519685038
21
-4.1769320472440947
0
LINE
8
BLACK
6
CONTINUOUS
10
5.1071892519685038
20
-4.1769320472440947
11
5.1072451968503936
21
-4.1770209842519685
0
LINE
8
BLACK
6
CONTINUOUS
10
5.1072451968503936
20
-4.1770209842519685
11
5.1073116929133855
21
-4.177101968503937
0
LINE
8
BLACK
6
CONTINUOUS
10
5.1073116929133855
20
-4.177101968503937
11
5.1073414960629924
21
-4.177173897637795
0
LINE
8
BLACK
6
CONTINUOUS
10
5.1073414960629924
20
-4.177173897637795
11
5.1074975984251969
21
-4.1774219291338586
0
LINE
8
BLACK
6
CONTINUOUS
10
5.1074975984251969
20
-4.1774219291338586
11
5.1093723622047245
21
-4.1811714566929137
0
LINE
8
BLACK
6
CONTINUOUS
10
5.1093723622047245
20
-4.1811714566929137
11
5.109388464566929
21
-4.1812135433070869
0
LINE
8
BLACK
6
CONTINUOUS
10
5.109388464566929
20
-4.1812135433070869
11
5.1094011811023625
21
-4.1812307086614169
0
LINE
8
BLACK
6
CONTINUOUS
10
5.1094011811023625
20
-4.1812307086614169
11
5.1094874803149608
21
-4.1814722834645668
0
LINE
8
BLACK
6
CONTINUOUS
10
5.1094874803149608
20
-4.1814722834645668
11
5.1095792519685039
21
-4.1817120472440941
0
LINE
8
BLACK
6
CONTINUOUS
10
5.1095792519685039
20
-4.1817120472440941
11
5.1095807480314956
21
-4.1817333070866143
0
LINE
8
BLACK
6
CONTINUOUS
10
5.1095807480314956
20
-4.1817333070866143
11
5.1095959448818897
21
-4.1817758267716538
0
LINE
8
BLACK
6
CONTINUOUS
10
5.1095959448818897
20
-4.1817758267716538
11
5.1114707086614173
21
-4.189274881889764
0
LINE
8
BLACK
6
CONTINUOUS
10
5.1114707086614173
20
-4.189274881889764
11
5.1114854724409451
21
-4.1893747244094488
0
LINE
8
BLACK
6
CONTINUOUS
10
5.1114854724409451
20
-4.1893747244094488
11
5.1115021259842521
21
-4.1894149606299216
0
LINE
8
BLACK
6
CONTINUOUS
10
5.1115021259842521
20
-4.1894149606299216
11
5.111523464566929
21
-4.1896319685039369
0
LINE
8
BLACK
6
CONTINUOUS
10
5.111523464566929
20
-4.1896319685039369
11
5.1115553543307088
21
-4.1898474803149606
0
LINE
8
BLACK
6
CONTINUOUS
10
5.1115553543307088
20
-4.1898474803149606
11
5.1115489370078739
21
-4.1898904724409451
0
LINE
8
BLACK
6
CONTINUOUS
10
5.1115489370078739
20
-4.1898904724409451
11
5.1115588582677161
21
-4.1899910236220475
0
LINE
8
BLACK
6
CONTINUOUS
10
5.1115588582677161
20
-4.1899910236220475
11
5.1115588582677161
21
-4.1993648425196852
0
LINE
8
BLACK
6
CONTINUOUS
10
5.1115588582677161
20
-4.1993648425196852
11
5.1115489370078739
21
-4.1994653543307088
0
LINE
8
BLACK
6
CONTINUOUS
10
5.1115489370078739
20
-4.1994653543307088
11
5.1115553543307088
21
-4.1995083858267712
0
LINE
8
BLACK
6
CONTINUOUS
10
5.1115553543307088
20
-4.1995083858267712
11
5.111523464566929
21
-4.1997238582677161
0
LINE
8
BLACK
6
CONTINUOUS
10
5.111523464566929
20
-4.1997238582677161
11
5.1115021259842521
21
-4.1999409055118111
0
LINE
8
BLACK
6
CONTINUOUS
10
5.1115021259842521
20
-4.1999409055118111
11
5.1114854724409451
21
-4.1999811023622042
0
LINE
8
BLACK
6
CONTINUOUS
10
5.1114854724409451
20
-4.1999811023622042
11
5.1114707086614173
21
-4.2000809842519686
0
LINE
8
BLACK
6
CONTINUOUS
10
5.1114707086614173
20
-4.2000809842519686
11
5.1095959448818897
21
-4.2075800393700789
0
LINE
8
BLACK
6
CONTINUOUS
10
5.1095959448818897
20
-4.2075800393700789
11
5.1095807480314956
21
-4.2076225196850396
0
LINE
8
BLACK
6
CONTINUOUS
10
5.1095807480314956
20
-4.2076225196850396
11
5.1095792519685039
21
-4.2076438188976377
0
LINE
8
BLACK
6
CONTINUOUS
10
5.1095792519685039
20
-4.2076438188976377
11
5.1094874803149608
21
-4.2078835433070862
0
LINE
8
BLACK
6
CONTINUOUS
10
5.1094874803149608
20
-4.2078835433070862
11
5.1094011811023625
21
-4.2081251574803149
0
LINE
8
BLACK
6
CONTINUOUS
10
5.1094011811023625
20
-4.2081251574803149
11
5.109388464566929
21
-4.208142283464567
0
LINE
8
BLACK
6
CONTINUOUS
10
5.109388464566929
20
-4.208142283464567
11
5.1093723622047245
21
-4.208184409448819
0
LINE
8
BLACK
6
CONTINUOUS
10
5.1093723622047245
20
-4.208184409448819
11
5.1074975984251969
21
-4.2119339370078741
0
LINE
8
BLACK
6
CONTINUOUS
10
5.1074975984251969
20
-4.2119339370078741
11
5.1073415354330711
21
-4.2121818110236218
0
LINE
8
BLACK
6
CONTINUOUS
10
5.1073415354330711
20
-4.2121818110236218
11
5.1073117322834642
21
-4.212253858267716
0
LINE
8
BLACK
6
CONTINUOUS
10
5.1073117322834642
20
-4.212253858267716
11
5.1072451968503936
21
-4.2123348818897641
0
LINE
8
BLACK
6
CONTINUOUS
10
5.1072451968503936
20
-4.2123348818897641
11
5.1071892519685038
21
-4.212423818897638
0
LINE
8
BLACK
6
CONTINUOUS
10
5.1071892519685038
20
-4.212423818897638
11
5.1071302362204722
21
-4.2124749606299208
0
LINE
8
BLACK
6
CONTINUOUS
10
5.1071302362204722
20
-4.2124749606299208
11
5.1069444881889758
21
-4.2127013385826775
0
LINE
8
BLACK
6
CONTINUOUS
10
5.1069444881889758
20
-4.2127013385826775
11
5.105069763779527
21
-4.214576102362205
0
LINE
8
BLACK
6
CONTINUOUS
10
5.105069763779527
20
-4.214576102362205
11
5.1048433858267712
21
-4.2147618503937005
0
LINE
8
BLACK
6
CONTINUOUS
10
5.1048433858267712
20
-4.2147618503937005
11
5.1047922047244096
21
-4.2148209055118109
0
LINE
8
BLACK
6
CONTINUOUS
10
5.1047922047244096
20
-4.2148209055118109
11
5.1047032283464562
21
-4.2148768897637794
0
LINE
8
BLACK
6
CONTINUOUS
10
5.1047032283464562
20
-4.2148768897637794
11
5.1046222834645665
21
-4.2149433464566926
0
LINE
8
BLACK
6
CONTINUOUS
10
5.1046222834645665
20
-4.2149433464566926
11
5.1045503149606297
21
-4.2149731496062994
0
LINE
8
BLACK
6
CONTINUOUS
10
5.1045503149606297
20
-4.2149731496062994
11
5.1043023228346458
21
-4.215129251968504
0
LINE
8
BLACK
6
CONTINUOUS
10
5.1043023228346458
20
-4.215129251968504
11
5.1005527952755907
21
-4.2170040157480315
0
LINE
8
BLACK
6
CONTINUOUS
10
5.1005527952755907
20
-4.2170040157480315
11
5.1000121653543307
21
-4.217210905511811
0
LINE
8
BLACK
6
CONTINUOUS
10
5.1000121653543307
20
-4.217210905511811
11
5.0999063385826773
21
-4.2172183858267713
0
LINE
8
BLACK
6
CONTINUOUS
10
5.0999063385826773
20
-4.2172183858267713
11
5.099808346456693
21
-4.2172590157480316
0
LINE
8
BLACK
6
CONTINUOUS
10
5.099808346456693
20
-4.2172590157480316
11
5.0992322834645671
21
-4.2173157480314956
0
LINE
8
BLACK
6
CONTINUOUS
10
5.0992322834645671
20
-4.2173157480314956
11
5.095482755905512
21
-4.2173157480314956
0
LINE
8
BLACK
6
CONTINUOUS
10
5.095482755905512
20
-4.2173157480314956
11
5.0949066929133853
21
-4.2172590157480316
0
LINE
8
BLACK
6
CONTINUOUS
10
5.0949066929133853
20
-4.2172590157480316
11
5.0948087007874019
21
-4.2172184251968501
0
LINE
8
BLACK
6
CONTINUOUS
10
5.0948087007874019
20
-4.2172184251968501
11
5.0947028346456689
21
-4.217210905511811
0
LINE
8
BLACK
6
CONTINUOUS
10
5.0947028346456689
20
-4.217210905511811
11
5.0941622440944885
21
-4.2170040157480315
0
LINE
8
BLACK
6
CONTINUOUS
10
5.0941622440944885
20
-4.2170040157480315
11
5.0904127165354334
21
-4.215129251968504
0
LINE
8
BLACK
6
CONTINUOUS
10
5.0904127165354334
20
-4.215129251968504
11
5.0901646850393698
21
-4.2149731496062994
0
LINE
8
BLACK
6
CONTINUOUS
10
5.0901646850393698
20
-4.2149731496062994
11
5.0900927559055118
21
-4.2149433464566926
0
LINE
8
BLACK
6
CONTINUOUS
10
5.0900927559055118
20
-4.2149433464566926
11
5.0900117716535433
21
-4.2148768897637794
0
LINE
8
BLACK
6
CONTINUOUS
10
5.0900117716535433
20
-4.2148768897637794
11
5.0899228346456695
21
-4.2148209055118109
0
LINE
8
BLACK
6
CONTINUOUS
10
5.0899228346456695
20
-4.2148209055118109
11
5.0898716141732283
21
-4.2147618503937005
0
LINE
8
BLACK
6
CONTINUOUS
10
5.0898716141732283
20
-4.2147618503937005
11
5.0896452755905512
21
-4.214576102362205
0
LINE
8
BLACK
6
CONTINUOUS
10
5.0896452755905512
20
-4.214576102362205
11
5.0877705118110237
21
-4.2127012992125987
0
LINE
8
BLACK
6
CONTINUOUS
10
5.0877705118110237
20
-4.2127012992125987
11
5.0875847637795273
21
-4.2124749606299208
0
LINE
8
BLACK
6
CONTINUOUS
10
5.0875847637795273
20
-4.2124749606299208
11
5.0875257874015745
21
-4.212423818897638
0
LINE
8
BLACK
6
CONTINUOUS
10
5.0875257874015745
20
-4.212423818897638
11
5.087469803149606
21
-4.2123348818897641
0
LINE
8
BLACK
6
CONTINUOUS
10
5.087469803149606
20
-4.2123348818897641
11
5.087403307086614
21
-4.212253858267716
0
LINE
8
BLACK
6
CONTINUOUS
10
5.087403307086614
20
-4.212253858267716
11
5.0873734645669293
21
-4.2121818110236218
0
LINE
8
BLACK
6
CONTINUOUS
10
5.0873734645669293
20
-4.2121818110236218
11
5.0872174409448814
21
-4.2119339370078741
0
LINE
8
BLACK
6
CONTINUOUS
10
5.0872174409448814
20
-4.2119339370078741
11
5.0853426771653538
21
-4.208184409448819
0
LINE
8
BLACK
6
CONTINUOUS
10
5.0853426771653538
20
-4.208184409448819
11
5.0853265354330706
21
-4.208142283464567
0
LINE
8
BLACK
6
CONTINUOUS
10
5.0853265354330706
20
-4.208142283464567
11
5.0853138582677166
21
-4.2081251574803149
0
LINE
8
BLACK
6
CONTINUOUS
10
5.0853138582677166
20
-4.2081251574803149
11
5.0852274015748034
21
-4.2078831889763775
0
LINE
8
BLACK
6
CONTINUOUS
10
5.0852274015748034
20
-4.2078831889763775
11
5.0851357874015743
21
-4.207643779527559
0
LINE
8
BLACK
6
CONTINUOUS
10
5.0851357874015743
20
-4.207643779527559
11
5.0851342519685039
21
-4.2076225196850396
0
LINE
8
BLACK
6
CONTINUOUS
10
5.0851342519685039
20
-4.2076225196850396
11
5.0851190944881886
21
-4.2075800393700789
0
LINE
8
BLACK
6
CONTINUOUS
10
5.0851190944881886
20
-4.2075800393700789
11
5.083244330708661
21
-4.2000809842519686
0
LINE
8
BLACK
6
CONTINUOUS
10
5.083244330708661
20
-4.2000809842519686
11
5.0832295275590553
21
-4.1999811023622042
0
LINE
8
BLACK
6
CONTINUOUS
10
5.0832295275590553
20
-4.1999811023622042
11
5.083212913385827
21
-4.1999409055118111
0
LINE
8
BLACK
6
CONTINUOUS
10
5.083212913385827
20
-4.1999409055118111
11
5.0831915354330706
21
-4.1997238582677161
0
LINE
8
BLACK
6
CONTINUOUS
10
5.0831915354330706
20
-4.1997238582677161
11
5.0831596850393703
21
-4.1995083858267712
0
LINE
8
BLACK
6
CONTINUOUS
10
5.0831596850393703
20
-4.1995083858267712
11
5.0831660629921256
21
-4.1994653543307088
0
LINE
8
BLACK
6
CONTINUOUS
10
5.0831660629921256
20
-4.1994653543307088
11
5.0831561811023622
21
-4.1993648425196852
0
LINE
8
BLACK
6
CONTINUOUS
10
5.0831561811023622
20
-4.1993648425196852
11
5.0831561811023622
21
-4.1899910236220475
0
LINE
8
BLACK
6
CONTINUOUS
10
5.0831561811023622
20
-4.1899910236220475
11
5.0831660629921256
21
-4.1898904724409451
0
LINE
8
BLACK
6
CONTINUOUS
10
5.0831660629921256
20
-4.1898904724409451
11
5.0831596850393703
21
-4.1898474803149606
0
LINE
8
BLACK
6
CONTINUOUS
10
5.0831596850393703
20
-4.1898474803149606
11
5.0831915354330706
21
-4.1896319685039369
0
LINE
8
BLACK
6
CONTINUOUS
10
5.0831915354330706
20
-4.1896319685039369
11
5.083212913385827
21
-4.1894149606299216
0
LINE
8
BLACK
6
CONTINUOUS
10
5.083212913385827
20
-4.1894149606299216
11
5.0832295275590553
21
-4.1893747244094488
0
LINE
8
BLACK
6
CONTINUOUS
10
5.0832295275590553
20
-4.1893747244094488
11
5.083244330708661
21
-4.189274881889764
0
LINE
8
BLACK
6
CONTINUOUS
10
5.083244330708661
20
-4.189274881889764
11
5.0851190944881886
21
-4.1817758267716538
0
LINE
8
BLACK
6
CONTINUOUS
10
5.0851190944881886
20
-4.1817758267716538
11
5.0851342519685039
21
-4.1817333070866143
0
LINE
8
BLACK
6
CONTINUOUS
10
5.0851342519685039
20
-4.1817333070866143
11
5.0851357874015743
21
-4.1817120866141728
0
LINE
8
BLACK
6
CONTINUOUS
10
5.0851357874015743
20
-4.1817120866141728
11
5.0852274015748034
21
-4.1814726377952756
0
LINE
8
BLACK
6
CONTINUOUS
10
5.0852274015748034
20
-4.1814726377952756
11
5.0853138582677166
21
-4.1812307086614169
0
LINE
8
BLACK
6
CONTINUOUS
10
5.0853138582677166
20
-4.1812307086614169
11
5.0853265354330706
21
-4.1812135433070869
0
LINE
8
BLACK
6
CONTINUOUS
10
5.0853265354330706
20
-4.1812135433070869
11
5.0853426771653538
21
-4.1811714566929137
0
LINE
8
BLACK
6
CONTINUOUS
10
5.0853426771653538
20
-4.1811714566929137
11
5.0872174409448814
21
-4.1774219291338586
0
LINE
8
BLACK
6
CONTINUOUS
10
5.0872174409448814
20
-4.1774219291338586
11
5.087373503937008
21
-4.177173897637795
0
LINE
8
BLACK
6
CONTINUOUS
10
5.087373503937008
20
-4.177173897637795
11
5.0874033464566928
21
-4.177101968503937
0
LINE
8
BLACK
6
CONTINUOUS
10
5.0874033464566928
20
-4.177101968503937
11
5.087469803149606
21
-4.1770209842519685
0
LINE
8
BLACK
6
CONTINUOUS
10
5.087469803149606
20
-4.1770209842519685
11
5.0875257874015745
21
-4.1769320472440947
0
LINE
8
BLACK
6
CONTINUOUS
10
5.0875257874015745
20
-4.1769320472440947
11
5.0875847637795273
21
-4.1768808661417323
0
LINE
8
BLACK
6
CONTINUOUS
10
5.0875847637795273
20
-4.1768808661417323
11
5.0877705511811024
21
-4.1766545275590552
0
LINE
8
BLACK
6
CONTINUOUS
10
5.0877705511811024
20
-4.1766545275590552
11
5.08964531496063
21
-4.1747797637795276
0
LINE
8
BLACK
6
CONTINUOUS
10
5.08964531496063
20
-4.1747797637795276
11
5.0898716535433071
21
-4.1745939763779525
0
LINE
8
BLACK
6
CONTINUOUS
10
5.0898716535433071
20
-4.1745939763779525
11
5.0899228346456695
21
-4.1745349999999997
0
LINE
8
BLACK
6
CONTINUOUS
10
5.0899228346456695
20
-4.1745349999999997
11
5.0900117716535433
21
-4.1744790157480312
0
LINE
8
BLACK
6
CONTINUOUS
10
5.0900117716535433
20
-4.1744790157480312
11
5.0900927559055118
21
-4.174412559055118
0
LINE
8
BLACK
6
CONTINUOUS
10
5.0900927559055118
20
-4.174412559055118
11
5.0901646850393698
21
-4.1743827165354332
0
LINE
8
BLACK
6
CONTINUOUS
10
5.0901646850393698
20
-4.1743827165354332
11
5.0904127165354334
21
-4.1742266535433066
0
LINE
8
BLACK
6
CONTINUOUS
10
5.0904127165354334
20
-4.1742266535433066
11
5.0941622440944885
21
-4.172351889763779
0
LINE
8
BLACK
6
CONTINUOUS
10
5.0941622440944885
20
-4.172351889763779
11
5.0947028346456689
21
-4.1721449999999995
0
LINE
8
BLACK
6
CONTINUOUS
10
5.0947028346456689
20
-4.1721449999999995
11
5.0948087007874019
21
-4.1721374409448817
0
LINE
8
BLACK
6
CONTINUOUS
10
5.0948087007874019
20
-4.1721374409448817
11
5.0949066929133853
21
-4.1720968897637798
0
LINE
8
BLACK
6
CONTINUOUS
10
5.0949066929133853
20
-4.1720968897637798
11
5.095482755905512
21
-4.172040157480315
0
LINE
8
BLACK
6
CONTINUOUS
10
5.095482755905512
20
-4.172040157480315
11
5.0992322834645671
21
-4.172040157480315
0
LINE
8
BLACK
6
CONTINUOUS
10
5.0992322834645671
20
-4.172040157480315
11
5.099808346456693
21
-4.1720968897637798
0
LINE
8
BLACK
6
CONTINUOUS
10
5.093482322834646
20
-4.1792944094488185
11
5.0922851968503933
21
-4.1804915354330712
0
LINE
8
BLACK
6
CONTINUOUS
10
5.0922851968503933
20
-4.1804915354330712
11
5.09076968503937
21
-4.183522519685039
0
LINE
8
BLACK
6
CONTINUOUS
10
5.09076968503937
20
-4.183522519685039
11
5.0890616929133854
21
-4.190354566929134
0
LINE
8
BLACK
6
CONTINUOUS
10
5.0890616929133854
20
-4.190354566929134
11
5.0890616929133854
21
-4.1990012992125987
0
LINE
8
BLACK
6
CONTINUOUS
10
5.0890616929133854
20
-4.1990012992125987
11
5.09076968503937
21
-4.2058333464566928
0
LINE
8
BLACK
6
CONTINUOUS
10
5.09076968503937
20
-4.2058333464566928
11
5.0922851968503933
21
-4.2088643307086615
0
LINE
8
BLACK
6
CONTINUOUS
10
5.0922851968503933
20
-4.2088643307086615
11
5.093482322834646
21
-4.2100614960629921
0
LINE
8
BLACK
6
CONTINUOUS
10
5.093482322834646
20
-4.2100614960629921
11
5.0961798031496066
21
-4.2114102362204724
0
LINE
8
BLACK
6
CONTINUOUS
10
5.0961798031496066
20
-4.2114102362204724
11
5.0985352362204726
21
-4.2114102362204724
0
LINE
8
BLACK
6
CONTINUOUS
10
5.0985352362204726
20
-4.2114102362204724
11
5.1012326771653544
21
-4.2100614960629921
0
LINE
8
BLACK
6
CONTINUOUS
10
5.1012326771653544
20
-4.2100614960629921
11
5.1024298031496063
21
-4.2088643307086615
0
LINE
8
BLACK
6
CONTINUOUS
10
5.1024298031496063
20
-4.2088643307086615
11
5.1039453149606295
21
-4.2058333464566928
0
LINE
8
BLACK
6
CONTINUOUS
10
5.1039453149606295
20
-4.2058333464566928
11
5.1056533464566929
21
-4.1990012992125987
0
LINE
8
BLACK
6
CONTINUOUS
10
5.1056533464566929
20
-4.1990012992125987
11
5.1056533464566929
21
-4.190354566929134
0
LINE
8
BLACK
6
CONTINUOUS
10
5.1056533464566929
20
-4.190354566929134
11
5.1039453149606295
21
-4.183522519685039
0
LINE
8
BLACK
6
CONTINUOUS
10
5.1039453149606295
20
-4.183522519685039
11
5.102429842519685
21
-4.1804915354330712
0
LINE
8
BLACK
6
CONTINUOUS
10
5.102429842519685
20
-4.1804915354330712
11
5.1012327165354332
21
-4.1792944094488185
0
LINE
8
BLACK
6
CONTINUOUS
10
5.1012327165354332
20
-4.1792944094488185
11
5.0985352362204726
21
-4.1779456692913381
0
LINE
8
BLACK
6
CONTINUOUS
10
5.0985352362204726
20
-4.1779456692913381
11
5.0961798031496066
21
-4.1779456692913381
0
LINE
8
BLACK
6
CONTINUOUS
10
5.0961798031496066
20
-4.1779456692913381
11
5.093482322834646
21
-4.1792944094488185
0
LINE
8
BLACK
6
CONTINUOUS
10
5.1429279527559055
20
-4.1720968897637798
11
5.1439923622047239
21
-4.1725377952755904
0
LINE
8
BLACK
6
CONTINUOUS
10
5.1439923622047239
20
-4.1725377952755904
11
5.1448070078740153
21
-4.1733524409448819
0
LINE
8
BLACK
6
CONTINUOUS
10
5.1448070078740153
20
-4.1733524409448819
11
5.1452479133858269
21
-4.1744168503937003
0
LINE
8
BLACK
6
CONTINUOUS
10
5.1452479133858269
20
-4.1744168503937003
11
5.1452479133858269
21
-4.1755689763779529
0
LINE
8
BLACK
6
CONTINUOUS
10
5.1452479133858269
20
-4.1755689763779529
11
5.1448070078740153
21
-4.1766333858267712
0
LINE
8
BLACK
6
CONTINUOUS
10
5.1448070078740153
20
-4.1766333858267712
11
5.1439923622047239
21
-4.1774480314960627
0
LINE
8
BLACK
6
CONTINUOUS
10
5.1439923622047239
20
-4.1774480314960627
11
5.1429279527559055
21
-4.1778889370078742
0
LINE
8
BLACK
6
CONTINUOUS
10
5.1429279527559055
20
-4.1778889370078742
11
5.1423518897637797
21
-4.1779456692913381
0
LINE
8
BLACK
6
CONTINUOUS
10
5.1423518897637797
20
-4.1779456692913381
11
5.135549881889764
21
-4.1779456692913381
0
LINE
8
BLACK
6
CONTINUOUS
10
5.135549881889764
20
-4.1779456692913381
11
5.1328524015748034
21
-4.1792944094488185
0
LINE
8
BLACK
6
CONTINUOUS
10
5.1328524015748034
20
-4.1792944094488185
11
5.1315231889763782
21
-4.1806235826771649
0
LINE
8
BLACK
6
CONTINUOUS
10
5.1315231889763782
20
-4.1806235826771649
11
5.1282195669291335
21
-4.1855790551181098
0
LINE
8
BLACK
6
CONTINUOUS
10
5.1282195669291335
20
-4.1855790551181098
11
5.1274902755905511
21
-4.1884962598425197
0
LINE
8
BLACK
6
CONTINUOUS
10
5.1274902755905511
20
-4.1884962598425197
11
5.1297827952755908
21
-4.1873499999999995
0
LINE
8
BLACK
6
CONTINUOUS
10
5.1297827952755908
20
-4.1873499999999995
11
5.1303233858267712
21
-4.18714311023622
0
LINE
8
BLACK
6
CONTINUOUS
10
5.1303233858267712
20
-4.18714311023622
11
5.1304292519685042
21
-4.1871355511811021
0
LINE
8
BLACK
6
CONTINUOUS
10
5.1304292519685042
20
-4.1871355511811021
11
5.1305272440944885
21
-4.1870950000000002
0
LINE
8
BLACK
6
CONTINUOUS
10
5.1305272440944885
20
-4.1870950000000002
11
5.1311033070866143
21
-4.1870382677165354
0
LINE
8
BLACK
6
CONTINUOUS
10
5.1311033070866143
20
-4.1870382677165354
11
5.1386023622047245
21
-4.1870382677165354
0
LINE
8
BLACK
6
CONTINUOUS
10
5.1386023622047245
20
-4.1870382677165354
11
5.1391784251968504
21
-4.1870950000000002
0
LINE
8
BLACK
6
CONTINUOUS
10
5.1391784251968504
20
-4.1870950000000002
11
5.1392764173228347
21
-4.1871355905511809
0
LINE
8
BLACK
6
CONTINUOUS
10
5.1392764173228347
20
-4.1871355905511809
11
5.1393822440944881
21
-4.18714311023622
0
LINE
8
BLACK
6
CONTINUOUS
10
5.1393822440944881
20
-4.18714311023622
11
5.1399228740157481
21
-4.1873499999999995
0
LINE
8
BLACK
6
CONTINUOUS
10
5.1399228740157481
20
-4.1873499999999995
11
5.1436724015748032
21
-4.1892247637795279
0
LINE
8
BLACK
6
CONTINUOUS
10
5.1436724015748032
20
-4.1892247637795279
11
5.1439203937007871
21
-4.1893808267716537
0
LINE
8
BLACK
6
CONTINUOUS
10
5.1439203937007871
20
-4.1893808267716537
11
5.1439923622047239
21
-4.1894106692913384
0
LINE
8
BLACK
6
CONTINUOUS
10
5.1439923622047239
20
-4.1894106692913384
11
5.1440733070866145
21
-4.1894771259842516
0
LINE
8
BLACK
6
CONTINUOUS
10
5.1440733070866145
20
-4.1894771259842516
11
5.1441622834645671
21
-4.1895331102362201
0
LINE
8
BLACK
6
CONTINUOUS
10
5.1441622834645671
20
-4.1895331102362201
11
5.1442134251968499
21
-4.1895920866141729
0
LINE
8
BLACK
6
CONTINUOUS
10
5.1442134251968499
20
-4.1895920866141729
11
5.1444398031496066
21
-4.1897778740157481
0
LINE
8
BLACK
6
CONTINUOUS
10
5.1444398031496066
20
-4.1897778740157481
11
5.1463145669291341
21
-4.1916526377952756
0
LINE
8
BLACK
6
CONTINUOUS
10
5.1463145669291341
20
-4.1916526377952756
11
5.1465003149606297
21
-4.1918789763779527
0
LINE
8
BLACK
6
CONTINUOUS
10
5.1465003149606297
20
-4.1918789763779527
11
5.1465593307086612
21
-4.1919301574803152
0
LINE
8
BLACK
6
CONTINUOUS
10
5.1465593307086612
20
-4.1919301574803152
11
5.146615275590551
21
-4.192019094488189
0
LINE
8
BLACK
6
CONTINUOUS
10
5.146615275590551
20
-4.192019094488189
11
5.1466817716535429
21
-4.1921000787401574
0
LINE
8
BLACK
6
CONTINUOUS
10
5.1466817716535429
20
-4.1921000787401574
11
5.1467115748031498
21
-4.1921720078740154
0
LINE
8
BLACK
6
CONTINUOUS
10
5.1467115748031498
20
-4.1921720078740154
11
5.1468676771653543
21
-4.192420039370079
0
LINE
8
BLACK
6
CONTINUOUS
10
5.1468676771653543
20
-4.192420039370079
11
5.1487424409448819
21
-4.1961695669291341
0
LINE
8
BLACK
6
CONTINUOUS
10
5.1487424409448819
20
-4.1961695669291341
11
5.1489493307086613
21
-4.1967101574803145
0
LINE
8
BLACK
6
CONTINUOUS
10
5.1489493307086613
20
-4.1967101574803145
11
5.1489568503937004
21
-4.1968160236220475
0
LINE
8
BLACK
6
CONTINUOUS
10
5.1489568503937004
20
-4.1968160236220475
11
5.148997440944882
21
-4.1969140157480318
0
LINE
8
BLACK
6
CONTINUOUS
10
5.148997440944882
20
-4.1969140157480318
11
5.1490541732283459
21
-4.1974900787401577
0
LINE
8
BLACK
6
CONTINUOUS
10
5.1490541732283459
20
-4.1974900787401577
11
5.1490541732283459
21
-4.2068638976377954
0
LINE
8
BLACK
6
CONTINUOUS
10
5.1490541732283459
20
-4.2068638976377954
11
5.148997440944882
21
-4.2074399606299213
0
LINE
8
BLACK
6
CONTINUOUS
10
5.148997440944882
20
-4.2074399606299213
11
5.1489568503937004
21
-4.2075379133858268
0
LINE
8
BLACK
6
CONTINUOUS
10
5.1489568503937004
20
-4.2075379133858268
11
5.1489493307086613
21
-4.2076438188976377
0
LINE
8
BLACK
6
CONTINUOUS
10
5.1489493307086613
20
-4.2076438188976377
11
5.1487424409448819
21
-4.208184409448819
0
LINE
8
BLACK
6
CONTINUOUS
10
5.1487424409448819
20
-4.208184409448819
11
5.1468676771653543
21
-4.2119339370078741
0
LINE
8
BLACK
6
CONTINUOUS
10
5.1468676771653543
20
-4.2119339370078741
11
5.1467116141732285
21
-4.2121818110236218
0
LINE
8
BLACK
6
CONTINUOUS
10
5.1467116141732285
20
-4.2121818110236218
11
5.1466818110236217
21
-4.212253858267716
0
LINE
8
BLACK
6
CONTINUOUS
10
5.1466818110236217
20
-4.212253858267716
11
5.146615275590551
21
-4.2123348818897641
0
LINE
8
BLACK
6
CONTINUOUS
10
5.146615275590551
20
-4.2123348818897641
11
5.1465593307086612
21
-4.212423818897638
0
LINE
8
BLACK
6
CONTINUOUS
10
5.1465593307086612
20
-4.212423818897638
11
5.1465003149606297
21
-4.2124749606299208
0
LINE
8
BLACK
6
CONTINUOUS
10
5.1465003149606297
20
-4.2124749606299208
11
5.1463145669291341
21
-4.2127013385826775
0
LINE
8
BLACK
6
CONTINUOUS
10
5.1463145669291341
20
-4.2127013385826775
11
5.1444398425196853
21
-4.214576102362205
0
LINE
8
BLACK
6
CONTINUOUS
10
5.1444398425196853
20
-4.214576102362205
11
5.1442134645669286
21
-4.2147618503937005
0
LINE
8
BLACK
6
CONTINUOUS
10
5.1442134645669286
20
-4.2147618503937005
11
5.1441622834645671
21
-4.2148209055118109
0
LINE
8
BLACK
6
CONTINUOUS
10
5.1441622834645671
20
-4.2148209055118109
11
5.1440733070866145
21
-4.2148768897637794
0
LINE
8
BLACK
6
CONTINUOUS
10
5.1440733070866145
20
-4.2148768897637794
11
5.1439923622047239
21
-4.2149433464566926
0
LINE
8
BLACK
6
CONTINUOUS
10
5.1439923622047239
20
-4.2149433464566926
11
5.1439203937007871
21
-4.2149731496062994
0
LINE
8
BLACK
6
CONTINUOUS
10
5.1439203937007871
20
-4.2149731496062994
11
5.1436724015748032
21
-4.215129251968504
0
LINE
8
BLACK
6
CONTINUOUS
10
5.1436724015748032
20
-4.215129251968504
11
5.1399228740157481
21
-4.2170040157480315
0
LINE
8
BLACK
6
CONTINUOUS
10
5.1399228740157481
20
-4.2170040157480315
11
5.1393822440944881
21
-4.217210905511811
0
LINE
8
BLACK
6
CONTINUOUS
10
5.1393822440944881
20
-4.217210905511811
11
5.1392764173228347
21
-4.2172183858267713
0
LINE
8
BLACK
6
CONTINUOUS
10
5.1392764173228347
20
-4.2172183858267713
11
5.1391784251968504
21
-4.2172590157480316
0
LINE
8
BLACK
6
CONTINUOUS
10
5.1391784251968504
20
-4.2172590157480316
11
5.1386023622047245
21
-4.2173157480314956
0
LINE
8
BLACK
6
CONTINUOUS
10
5.1386023622047245
20
-4.2173157480314956
11
5.1311033070866143
21
-4.2173157480314956
0
LINE
8
BLACK
6
CONTINUOUS
10
5.1311033070866143
20
-4.2173157480314956
11
5.1305272440944885
21
-4.2172590157480316
0
LINE
8
BLACK
6
CONTINUOUS
10
5.1305272440944885
20
-4.2172590157480316
11
5.1304292519685042
21
-4.2172184251968501
0
LINE
8
BLACK
6
CONTINUOUS
10
5.1304292519685042
20
-4.2172184251968501
11
5.1303233858267712
21
-4.217210905511811
0
LINE
8
BLACK
6
CONTINUOUS
10
5.1303233858267712
20
-4.217210905511811
11
5.1297827952755908
21
-4.2170040157480315
0
LINE
8
BLACK
6
CONTINUOUS
10
5.1297827952755908
20
-4.2170040157480315
11
5.1260332677165357
21
-4.215129251968504
0
LINE
8
BLACK
6
CONTINUOUS
10
5.1260332677165357
20
-4.215129251968504
11
5.1257852362204721
21
-4.2149731496062994
0
LINE
8
BLACK
6
CONTINUOUS
10
5.1257852362204721
20
-4.2149731496062994
11
5.1257133070866141
21
-4.2149433464566926
0
LINE
8
BLACK
6
CONTINUOUS
10
5.1257133070866141
20
-4.2149433464566926
11
5.1256323228346456
21
-4.2148768897637794
0
LINE
8
BLACK
6
CONTINUOUS
10
5.1256323228346456
20
-4.2148768897637794
11
5.1255433858267718
21
-4.2148209055118109
0
LINE
8
BLACK
6
CONTINUOUS
10
5.1255433858267718
20
-4.2148209055118109
11
5.1254921653543306
21
-4.2147618503937005
0
LINE
8
BLACK
6
CONTINUOUS
10
5.1254921653543306
20
-4.2147618503937005
11
5.1252658267716535
21
-4.214576102362205
0
LINE
8
BLACK
6
CONTINUOUS
10
5.1252658267716535
20
-4.214576102362205
11
5.123391062992126
21
-4.2127012992125987
0
LINE
8
BLACK
6
CONTINUOUS
10
5.123391062992126
20
-4.2127012992125987
11
5.1232053149606296
21
-4.2124749606299208
0
LINE
8
BLACK
6
CONTINUOUS
10
5.1232053149606296
20
-4.2124749606299208
11
5.1231463385826768
21
-4.212423818897638
0
LINE
8
BLACK
6
CONTINUOUS
10
5.1231463385826768
20
-4.212423818897638
11
5.1230903543307083
21
-4.2123348818897641
0
LINE
8
BLACK
6
CONTINUOUS
10
5.1230903543307083
20
-4.2123348818897641
11
5.1230238582677163
21
-4.212253858267716
0
LINE
8
BLACK
6
CONTINUOUS
10
5.1230238582677163
20
-4.212253858267716
11
5.1229940157480316
21
-4.2121818110236218
0
LINE
8
BLACK
6
CONTINUOUS
10
5.1229940157480316
20
-4.2121818110236218
11
5.1228379921259846
21
-4.2119339370078741
0
LINE
8
BLACK
6
CONTINUOUS
10
5.1228379921259846
20
-4.2119339370078741
11
5.120963228346457
21
-4.208184409448819
0
LINE
8
BLACK
6
CONTINUOUS
10
5.120963228346457
20
-4.208184409448819
11
5.1207563385826766
21
-4.207643779527559
0
LINE
8
BLACK
6
CONTINUOUS
10
5.1207563385826766
20
-4.207643779527559
11
5.1207488188976376
21
-4.2075379527559056
0
LINE
8
BLACK
6
CONTINUOUS
10
5.1207488188976376
20
-4.2075379527559056
11
5.1207082283464569
21
-4.2074399606299213
0
LINE
8
BLACK
6
CONTINUOUS
10
5.1207082283464569
20
-4.2074399606299213
11
5.1206514960629921
21
-4.2068638976377954
0
LINE
8
BLACK
6
CONTINUOUS
10
5.1206514960629921
20
-4.2068638976377954
11
5.1206514960629921
21
-4.191865787401575
0
LINE
8
BLACK
6
CONTINUOUS
10
5.1206514960629921
20
-4.191865787401575
11
5.1206613779527554
21
-4.1917652362204727
0
LINE
8
BLACK
6
CONTINUOUS
10
5.1206613779527554
20
-4.1917652362204727
11
5.1206550000000002
21
-4.1917222440944881
0
LINE
8
BLACK
6
CONTINUOUS
10
5.1206550000000002
20
-4.1917222440944881
11
5.1206868503937004
21
-4.1915067322834645
0
LINE
8
BLACK
6
CONTINUOUS
10
5.1206868503937004
20
-4.1915067322834645
11
5.1207082283464569
21
-4.1912897244094491
0
LINE
8
BLACK
6
CONTINUOUS
10
5.1207082283464569
20
-4.1912897244094491
11
5.1207248425196852
21
-4.1912494881889764
0
LINE
8
BLACK
6
CONTINUOUS
10
5.1207248425196852
20
-4.1912494881889764
11
5.1207396456692909
21
-4.1911496456692916
0
LINE
8
BLACK
6
CONTINUOUS
10
5.1207396456692909
20
-4.1911496456692916
11
5.1226144094488184
21
-4.1836505905511814
0
LINE
8
BLACK
6
CONTINUOUS
10
5.1226144094488184
20
-4.1836505905511814
11
5.1227356692913384
21
-4.1833111023622047
0
LINE
8
BLACK
6
CONTINUOUS
10
5.1227356692913384
20
-4.1833111023622047
11
5.1227498425196849
21
-4.1832396062992121
0
LINE
8
BLACK
6
CONTINUOUS
10
5.1227498425196849
20
-4.1832396062992121
11
5.1227844094488191
21
-4.183174724409449
0
LINE
8
BLACK
6
CONTINUOUS
10
5.1227844094488191
20
-4.183174724409449
11
5.1228091732283465
21
-4.1831054724409444
0
LINE
8
BLACK
6
CONTINUOUS
10
5.1228091732283465
20
-4.1831054724409444
11
5.1228525984251965
21
-4.1830468503937004
0
LINE
8
BLACK
6
CONTINUOUS
10
5.1228525984251965
20
-4.1830468503937004
11
5.1230221653543309
21
-4.1827288188976377
0
LINE
8
BLACK
6
CONTINUOUS
10
5.1230221653543309
20
-4.1827288188976377
11
5.126771692913386
21
-4.177104527559055
0
LINE
8
BLACK
6
CONTINUOUS
10
5.126771692913386
20
-4.177104527559055
11
5.1267730314960627
21
-4.1771028346456696
0
LINE
8
BLACK
6
CONTINUOUS
10
5.1267730314960627
20
-4.1771028346456696
11
5.1267734251968502
21
-4.177101968503937
0
LINE
8
BLACK
6
CONTINUOUS
10
5.1267734251968502
20
-4.177101968503937
11
5.1269501181102362
21
-4.1768866535433071
0
LINE
8
BLACK
6
CONTINUOUS
10
5.1269501181102362
20
-4.1768866535433071
11
5.1271384645669293
21
-4.1766566929133857
0
LINE
8
BLACK
6
CONTINUOUS
10
5.1271384645669293
20
-4.1766566929133857
11
5.1271392913385823
21
-4.1766561023622044
0
LINE
8
BLACK
6
CONTINUOUS
10
5.1271392913385823
20
-4.1766561023622044
11
5.1271406299212599
21
-4.1766545275590552
0
LINE
8
BLACK
6
CONTINUOUS
10
5.1271406299212599
20
-4.1766545275590552
11
5.1290153937007874
21
-4.1747797637795276
0
LINE
8
BLACK
6
CONTINUOUS
10
5.1290153937007874
20
-4.1747797637795276
11
5.1292417322834645
21
-4.1745939763779525
0
LINE
8
BLACK
6
CONTINUOUS
10
5.1292417322834645
20
-4.1745939763779525
11
5.1292929133858269
21
-4.1745349999999997
0
LINE
8
BLACK
6
CONTINUOUS
10
5.1292929133858269
20
-4.1745349999999997
11
5.1293818503937008
21
-4.1744790157480312
0
LINE
8
BLACK
6
CONTINUOUS
10
5.1293818503937008
20
-4.1744790157480312
11
5.1294628346456692
21
-4.174412559055118
0
LINE
8
BLACK
6
CONTINUOUS
10
5.1294628346456692
20
-4.174412559055118
11
5.1295347637795272
21
-4.1743827165354332
0
LINE
8
BLACK
6
CONTINUOUS
10
5.1295347637795272
20
-4.1743827165354332
11
5.1297827952755908
21
-4.1742266535433066
0
LINE
8
BLACK
6
CONTINUOUS
10
5.1297827952755908
20
-4.1742266535433066
11
5.1335323228346459
21
-4.172351889763779
0
LINE
8
BLACK
6
CONTINUOUS
10
5.1335323228346459
20
-4.172351889763779
11
5.1340729133858263
21
-4.1721449999999995
0
LINE
8
BLACK
6
CONTINUOUS
10
5.1340729133858263
20
-4.1721449999999995
11
5.1341787795275593
21
-4.1721374409448817
0
LINE
8
BLACK
6
CONTINUOUS
10
5.1341787795275593
20
-4.1721374409448817
11
5.1342767716535436
21
-4.1720968897637798
0
LINE
8
BLACK
6
CONTINUOUS
10
5.1342767716535436
20
-4.1720968897637798
11
5.1348528346456694
21
-4.172040157480315
0
LINE
8
BLACK
6
CONTINUOUS
10
5.1348528346456694
20
-4.172040157480315
11
5.1423518897637797
21
-4.172040157480315
0
LINE
8
BLACK
6
CONTINUOUS
10
5.1423518897637797
20
-4.172040157480315
11
5.1429279527559055
21
-4.1720968897637798
0
LINE
8
BLACK
6
CONTINUOUS
10
5.1291028740157483
20
-4.1942925196850389
11
5.1279057480314956
21
-4.1954896456692916
0
LINE
8
BLACK
6
CONTINUOUS
10
5.1279057480314956
20
-4.1954896456692916
11
5.1265570078740152
21
-4.1981871259842523
0
LINE
8
BLACK
6
CONTINUOUS
10
5.1265570078740152
20
-4.1981871259842523
11
5.1265570078740152
21
-4.2061668503937009
0
LINE
8
BLACK
6
CONTINUOUS
10
5.1265570078740152
20
-4.2061668503937009
11
5.1279057480314956
21
-4.2088643307086615
0
LINE
8
BLACK
6
CONTINUOUS
10
5.1279057480314956
20
-4.2088643307086615
11
5.1291028740157483
21
-4.2100614960629921
0
LINE
8
BLACK
6
CONTINUOUS
10
5.1291028740157483
20
-4.2100614960629921
11
5.1318003543307089
21
-4.2114102362204724
0
LINE
8
BLACK
6
CONTINUOUS
10
5.1318003543307089
20
-4.2114102362204724
11
5.13790531496063
21
-4.2114102362204724
0
LINE
8
BLACK
6
CONTINUOUS
10
5.13790531496063
20
-4.2114102362204724
11
5.1406027559055119
21
-4.2100614960629921
0
LINE
8
BLACK
6
CONTINUOUS
10
5.1406027559055119
20
-4.2100614960629921
11
5.1417998818897637
21
-4.2088643307086615
0
LINE
8
BLACK
6
CONTINUOUS
10
5.1417998818897637
20
-4.2088643307086615
11
5.1431486614173227
21
-4.2061668503937009
0
LINE
8
BLACK
6
CONTINUOUS
10
5.1431486614173227
20
-4.2061668503937009
11
5.1431486614173227
21
-4.1981871259842523
0
LINE
8
BLACK
6
CONTINUOUS
10
5.1431486614173227
20
-4.1981871259842523
11
5.1417999212598424
21
-4.1954896456692916
0
LINE
8
BLACK
6
CONTINUOUS
10
5.1417999212598424
20
-4.1954896456692916
11
5.1406027952755906
21
-4.1942925196850389
0
LINE
8
BLACK
6
CONTINUOUS
10
5.1406027952755906
20
-4.1942925196850389
11
5.13790531496063
21
-4.1929437795275586
0
LINE
8
BLACK
6
CONTINUOUS
10
5.13790531496063
20
-4.1929437795275586
11
5.1318003543307089
21
-4.1929437795275586
0
LINE
8
BLACK
6
CONTINUOUS
10
5.1318003543307089
20
-4.1929437795275586
11
5.1291028740157483
21
-4.1942925196850389
0
LINE
8
BLACK
6
CONTINUOUS
10
5.1766737401574803
20
-4.1720968897637798
11
5.1767717322834645
21
-4.1721374803149605
0
LINE
8
BLACK
6
CONTINUOUS
10
5.1767717322834645
20
-4.1721374803149605
11
5.1768775590551179
21
-4.1721449999999995
0
LINE
8
BLACK
6
CONTINUOUS
10
5.1768775590551179
20
-4.1721449999999995
11
5.177418188976378
21
-4.172351889763779
0
LINE
8
BLACK
6
CONTINUOUS
10
5.177418188976378
20
-4.172351889763779
11
5.1811677165354331
21
-4.1742266535433066
0
LINE
8
BLACK
6
CONTINUOUS
10
5.1811677165354331
20
-4.1742266535433066
11
5.181415708661417
21
-4.1743827165354332
0
LINE
8
BLACK
6
CONTINUOUS
10
5.181415708661417
20
-4.1743827165354332
11
5.1814876771653546
21
-4.174412559055118
0
LINE
8
BLACK
6
CONTINUOUS
10
5.1814876771653546
20
-4.174412559055118
11
5.1815686220472443
21
-4.1744790157480312
0
LINE
8
BLACK
6
CONTINUOUS
10
5.1815686220472443
20
-4.1744790157480312
11
5.1816575984251969
21
-4.1745349999999997
0
LINE
8
BLACK
6
CONTINUOUS
10
5.1816575984251969
20
-4.1745349999999997
11
5.1817087401574806
21
-4.1745939763779525
0
LINE
8
BLACK
6
CONTINUOUS
10
5.1817087401574806
20
-4.1745939763779525
11
5.1819351181102364
21
-4.1747797637795276
0
LINE
8
BLACK
6
CONTINUOUS
10
5.1819351181102364
20
-4.1747797637795276
11
5.183809881889764
21
-4.1766545275590552
0
LINE
8
BLACK
6
CONTINUOUS
10
5.183809881889764
20
-4.1766545275590552
11
5.1839956299212595
21
-4.1768808661417323
0
LINE
8
BLACK
6
CONTINUOUS
10
5.1839956299212595
20
-4.1768808661417323
11
5.1840546456692911
21
-4.1769320472440947
0
LINE
8
BLACK
6
CONTINUOUS
10
5.1840546456692911
20
-4.1769320472440947
11
5.1841105905511808
21
-4.1770209842519685
0
LINE
8
BLACK
6
CONTINUOUS
10
5.1841105905511808
20
-4.1770209842519685
11
5.1841770866141728
21
-4.177101968503937
0
LINE
8
BLACK
6
CONTINUOUS
10
5.1841770866141728
20
-4.177101968503937
11
5.1842068897637796
21
-4.177173897637795
0
LINE
8
BLACK
6
CONTINUOUS
10
5.1842068897637796
20
-4.177173897637795
11
5.1843629921259842
21
-4.1774219291338586
0
LINE
8
BLACK
6
CONTINUOUS
10
5.1843629921259842
20
-4.1774219291338586
11
5.1862377559055117
21
-4.1811714566929137
0
LINE
8
BLACK
6
CONTINUOUS
10
5.1862377559055117
20
-4.1811714566929137
11
5.1864446456692912
21
-4.1817120472440941
0
LINE
8
BLACK
6
CONTINUOUS
10
5.1864446456692912
20
-4.1817120472440941
11
5.1864521653543303
21
-4.1818179133858271
0
LINE
8
BLACK
6
CONTINUOUS
10
5.1864521653543303
20
-4.1818179133858271
11
5.1864927559055118
21
-4.1819159055118114
0
LINE
8
BLACK
6
CONTINUOUS
10
5.1864927559055118
20
-4.1819159055118114
11
5.1865494881889767
21
-4.1824919685039372
0
LINE
8
BLACK
6
CONTINUOUS
10
5.1865494881889767
20
-4.1824919685039372
11
5.1865494881889767
21
-4.1862414960629923
0
LINE
8
BLACK
6
CONTINUOUS
10
5.1865494881889767
20
-4.1862414960629923
11
5.1864927559055118
21
-4.1868175590551182
0
LINE
8
BLACK
6
CONTINUOUS
10
5.1864927559055118
20
-4.1868175590551182
11
5.1864521653543303
21
-4.1869155118110237
0
LINE
8
BLACK
6
CONTINUOUS
10
5.1864521653543303
20
-4.1869155118110237
11
5.1864446456692912
21
-4.1870214173228346
0
LINE
8
BLACK
6
CONTINUOUS
10
5.1864446456692912
20
-4.1870214173228346
11
5.1862377559055117
21
-4.1875620078740159
0
LINE
8
BLACK
6
CONTINUOUS
10
5.1862377559055117
20
-4.1875620078740159
11
5.1843629921259842
21
-4.191311535433071
0
LINE
8
BLACK
6
CONTINUOUS
10
5.1843629921259842
20
-4.191311535433071
11
5.1842068897637796
21
-4.1915595275590549
0
LINE
8
BLACK
6
CONTINUOUS
10
5.1842068897637796
20
-4.1915595275590549
11
5.1841770866141728
21
-4.1916314960629917
0
LINE
8
BLACK
6
CONTINUOUS
10
5.1841770866141728
20
-4.1916314960629917
11
5.1841105905511808
21
-4.1917124409448814
0
LINE
8
BLACK
6
CONTINUOUS
10
5.1841105905511808
20
-4.1917124409448814
11
5.1840546456692911
21
-4.1918014173228348
0
LINE
8
BLACK
6
CONTINUOUS
10
5.1840546456692911
20
-4.1918014173228348
11
5.1839956299212595
21
-4.1918525590551177
0
LINE
8
BLACK
6
CONTINUOUS
10
5.1839956299212595
20
-4.1918525590551177
11
5.183809881889764
21
-4.1920789370078735
0
LINE
8
BLACK
6
CONTINUOUS
10
5.183809881889764
20
-4.1920789370078735
11
5.1829453543307089
21
-4.1929434251968507
0
LINE
8
BLACK
6
CONTINUOUS
10
5.1829453543307089
20
-4.1929434251968507
11
5.1831842519685036
21
-4.193050078740157
0
LINE
8
BLACK
6
CONTINUOUS
10
5.1831842519685036
20
-4.193050078740157
11
5.1832643700787404
21
-4.1931195669291341
0
LINE
8
BLACK
6
CONTINUOUS
10
5.1832643700787404
20
-4.1931195669291341
11
5.1833624409448822
21
-4.1931601968503935
0
LINE
8
BLACK
6
CONTINUOUS
10
5.1833624409448822
20
-4.1931601968503935
11
5.183809881889764
21
-4.1935274015748032
0
LINE
8
BLACK
6
CONTINUOUS
10
5.183809881889764
20
-4.1935274015748032
11
5.1856846456692915
21
-4.1954021653543307
0
LINE
8
BLACK
6
CONTINUOUS
10
5.1856846456692915
20
-4.1954021653543307
11
5.1858703937007871
21
-4.1956285039370078
0
LINE
8
BLACK
6
CONTINUOUS
10
5.1858703937007871
20
-4.1956285039370078
11
5.1859294094488186
21
-4.1956796850393703
0
LINE
8
BLACK
6
CONTINUOUS
10
5.1859294094488186
20
-4.1956796850393703
11
5.1859853543307084
21
-4.1957686220472441
0
LINE
8
BLACK
6
CONTINUOUS
10
5.1859853543307084
20
-4.1957686220472441
11
5.1860518503937003
21
-4.1958496062992126
0
LINE
8
BLACK
6
CONTINUOUS
10
5.1860518503937003
20
-4.1958496062992126
11
5.1860816535433072
21
-4.1959215354330706
0
LINE
8
BLACK
6
CONTINUOUS
10
5.1860816535433072
20
-4.1959215354330706
11
5.1862377559055117
21
-4.1961695669291341
0
LINE
8
BLACK
6
CONTINUOUS
10
5.1862377559055117
20
-4.1961695669291341
11
5.1881125196850393
21
-4.1999190944881892
0
LINE
8
BLACK
6
CONTINUOUS
10
5.1881125196850393
20
-4.1999190944881892
11
5.1883194094488188
21
-4.2004596850393696
0
LINE
8
BLACK
6
CONTINUOUS
10
5.1883194094488188
20
-4.2004596850393696
11
5.1883269291338578
21
-4.2005655511811026
0
LINE
8
BLACK
6
CONTINUOUS
10
5.1883269291338578
20
-4.2005655511811026
11
5.1883675196850394
21
-4.2006635433070869
0
LINE
8
BLACK
6
CONTINUOUS
10
5.1883675196850394
20
-4.2006635433070869
11
5.1884242519685042
21
-4.2012396062992128
0
LINE
8
BLACK
6
CONTINUOUS
10
5.1884242519685042
20
-4.2012396062992128
11
5.1884242519685042
21
-4.2068638976377954
0
LINE
8
BLACK
6
CONTINUOUS
10
5.1884242519685042
20
-4.2068638976377954
11
5.1883675196850394
21
-4.2074399606299213
0
LINE
8
BLACK
6
CONTINUOUS
10
5.1883675196850394
20
-4.2074399606299213
11
5.1883269291338578
21
-4.2075379133858268
0
LINE
8
BLACK
6
CONTINUOUS
10
5.1883269291338578
20
-4.2075379133858268
11
5.1883194094488188
21
-4.2076438188976377
0
LINE
8
BLACK
6
CONTINUOUS
10
5.1883194094488188
20
-4.2076438188976377
11
5.1881125196850393
21
-4.208184409448819
0
LINE
8
BLACK
6
CONTINUOUS
10
5.1881125196850393
20
-4.208184409448819
11
5.1862377559055117
21
-4.2119339370078741
0
LINE
8
BLACK
6
CONTINUOUS
10
5.1862377559055117
20
-4.2119339370078741
11
5.1860816929133859
21
-4.2121818110236218
0
LINE
8
BLACK
6
CONTINUOUS
10
5.1860816929133859
20
-4.2121818110236218
11
5.1860518897637791
21
-4.212253858267716
0
LINE
8
BLACK
6
CONTINUOUS
10
5.1860518897637791
20
-4.212253858267716
11
5.1859853543307084
21
-4.2123348818897641
0
LINE
8
BLACK
6
CONTINUOUS
10
5.1859853543307084
20
-4.2123348818897641
11
5.1859294094488186
21
-4.212423818897638
0
LINE
8
BLACK
6
CONTINUOUS
10
5.1859294094488186
20
-4.212423818897638
11
5.1858703937007871
21
-4.2124749606299208
0
LINE
8
BLACK
6
CONTINUOUS
10
5.1858703937007871
20
-4.2124749606299208
11
5.1856846456692915
21
-4.2127013385826775
0
LINE
8
BLACK
6
CONTINUOUS
10
5.1856846456692915
20
-4.2127013385826775
11
5.1838099212598427
21
-4.214576102362205
0
LINE
8
BLACK
6
CONTINUOUS
10
5.1838099212598427
20
-4.214576102362205
11
5.1835835433070869
21
-4.2147618503937005
0
LINE
8
BLACK
6
CONTINUOUS
10
5.1835835433070869
20
-4.2147618503937005
11
5.1835323622047245
21
-4.2148209055118109
0
LINE
8
BLACK
6
CONTINUOUS
10
5.1835323622047245
20
-4.2148209055118109
11
5.1834433858267719
21
-4.2148768897637794
0
LINE
8
BLACK
6
CONTINUOUS
10
5.1834433858267719
20
-4.2148768897637794
11
5.1833624409448822
21
-4.2149433464566926
0
LINE
8
BLACK
6
CONTINUOUS
10
5.1833624409448822
20
-4.2149433464566926
11
5.1832904724409445
21
-4.2149731496062994
0
LINE
8
BLACK
6
CONTINUOUS
10
5.1832904724409445
20
-4.2149731496062994
11
5.1830424803149606
21
-4.215129251968504
0
LINE
8
BLACK
6
CONTINUOUS
10
5.1830424803149606
20
-4.215129251968504
11
5.1792929527559055
21
-4.2170040157480315
0
LINE
8
BLACK
6
CONTINUOUS
10
5.1792929527559055
20
-4.2170040157480315
11
5.1787523228346455
21
-4.217210905511811
0
LINE
8
BLACK
6
CONTINUOUS
10
5.1787523228346455
20
-4.217210905511811
11
5.1786464960629921
21
-4.2172183858267713
0
LINE
8
BLACK
6
CONTINUOUS
10
5.1786464960629921
20
-4.2172183858267713
11
5.1785485039370078
21
-4.2172590157480316
0
LINE
8
BLACK
6
CONTINUOUS
10
5.1785485039370078
20
-4.2172590157480316
11
5.177972440944882
21
-4.2173157480314956
0
LINE
8
BLACK
6
CONTINUOUS
10
5.177972440944882
20
-4.2173157480314956
11
5.1629743307086615
21
-4.2173157480314956
0
LINE
8
BLACK
6
CONTINUOUS
10
5.1629743307086615
20
-4.2173157480314956
11
5.1623982677165356
21
-4.2172590157480316
0
LINE
8
BLACK
6
CONTINUOUS
10
5.1623982677165356
20
-4.2172590157480316
11
5.1613338582677164
21
-4.2168181102362201
0
LINE
8
BLACK
6
CONTINUOUS
10
5.1613338582677164
20
-4.2168181102362201
11
5.1605192125984249
21
-4.2160034645669286
0
LINE
8
BLACK
6
CONTINUOUS
10
5.1605192125984249
20
-4.2160034645669286
11
5.1600783070866143
21
-4.2149390551181103
0
LINE
8
BLACK
6
CONTINUOUS
10
5.1600783070866143
20
-4.2149390551181103
11
5.1600215748031495
21
-4.2143629921259844
0
LINE
8
BLACK
6
CONTINUOUS
10
5.1600215748031495
20
-4.2143629921259844
11
5.1600215748031495
21
-4.174992913385827
0
LINE
8
BLACK
6
CONTINUOUS
10
5.1600215748031495
20
-4.174992913385827
11
5.1600783070866143
21
-4.1744168503937003
0
LINE
8
BLACK
6
CONTINUOUS
10
5.1600783070866143
20
-4.1744168503937003
11
5.1605192125984249
21
-4.1733524409448819
0
LINE
8
BLACK
6
CONTINUOUS
10
5.1605192125984249
20
-4.1733524409448819
11
5.1613338582677164
21
-4.1725377952755904
0
LINE
8
BLACK
6
CONTINUOUS
10
5.1613338582677164
20
-4.1725377952755904
11
5.1623982677165356
21
-4.1720968897637798
0
LINE
8
BLACK
6
CONTINUOUS
10
5.1623982677165356
20
-4.1720968897637798
11
5.1629743307086615
21
-4.172040157480315
0
LINE
8
BLACK
6
CONTINUOUS
10
5.1629743307086615
20
-4.172040157480315
11
5.1760976771653544
21
-4.172040157480315
0
LINE
8
BLACK
6
CONTINUOUS
10
5.1760976771653544
20
-4.172040157480315
11
5.1766737401574803
21
-4.1720968897637798
0
LINE
8
BLACK
6
CONTINUOUS
10
5.1659270866141735
20
-4.2114102362204724
11
5.1772753937007874
21
-4.2114102362204724
0
LINE
8
BLACK
6
CONTINUOUS
10
5.1772753937007874
20
-4.2114102362204724
11
5.1799728346456693
21
-4.2100614960629921
0
LINE
8
BLACK
6
CONTINUOUS
10
5.1799728346456693
20
-4.2100614960629921
11
5.1811699606299211
21
-4.2088643307086615
0
LINE
8
BLACK
6
CONTINUOUS
10
5.1811699606299211
20
-4.2088643307086615
11
5.1825187401574802
21
-4.2061668503937009
0
LINE
8
BLACK
6
CONTINUOUS
10
5.1825187401574802
20
-4.2061668503937009
11
5.1825187401574802
21
-4.2019366535433074
0
LINE
8
BLACK
6
CONTINUOUS
10
5.1825187401574802
20
-4.2019366535433074
11
5.1811699999999998
21
-4.1992391732283467
0
LINE
8
BLACK
6
CONTINUOUS
10
5.1811699999999998
20
-4.1992391732283467
11
5.1801269291338583
21
-4.1981961023622043
0
LINE
8
BLACK
6
CONTINUOUS
10
5.1801269291338583
20
-4.1981961023622043
11
5.1756185433070865
21
-4.1966933070866137
0
LINE
8
BLACK
6
CONTINUOUS
10
5.1756185433070865
20
-4.1966933070866137
11
5.1659270866141735
21
-4.1966933070866137
0
LINE
8
BLACK
6
CONTINUOUS
10
5.1659270866141735
20
-4.1966933070866137
11
5.1659270866141735
21
-4.2114102362204724
0
LINE
8
BLACK
6
CONTINUOUS
10
5.1659270866141735
20
-4.1907877952755905
11
5.1754006299212598
21
-4.1907877952755905
0
LINE
8
BLACK
6
CONTINUOUS
10
5.1754006299212598
20
-4.1907877952755905
11
5.1780981102362205
21
-4.1894390551181102
0
LINE
8
BLACK
6
CONTINUOUS
10
5.1780981102362205
20
-4.1894390551181102
11
5.1792952362204723
21
-4.1882419291338584
0
LINE
8
BLACK
6
CONTINUOUS
10
5.1792952362204723
20
-4.1882419291338584
11
5.1806439763779526
21
-4.1855444488188978
0
LINE
8
BLACK
6
CONTINUOUS
10
5.1806439763779526
20
-4.1855444488188978
11
5.1806439763779526
21
-4.1831890157480318
0
LINE
8
BLACK
6
CONTINUOUS
10
5.1806439763779526
20
-4.1831890157480318
11
5.1792952362204723
21
-4.1804915354330712
0
LINE
8
BLACK
6
CONTINUOUS
10
5.1792952362204723
20
-4.1804915354330712
11
5.1780981102362205
21
-4.1792944094488185
0
LINE
8
BLACK
6
CONTINUOUS
10
5.1780981102362205
20
-4.1792944094488185
11
5.1754006299212598
21
-4.1779456692913381
0
LINE
8
BLACK
6
CONTINUOUS
10
5.1754006299212598
20
-4.1779456692913381
11
5.1659270866141735
21
-4.1779456692913381
0
LINE
8
BLACK
6
CONTINUOUS
10
5.1659270866141735
20
-4.1779456692913381
11
5.1659270866141735
21
-4.1907877952755905
0
LINE
8
BLACK
6
CONTINUOUS
10
5.268537244094488
20
-4.1720968897637798
11
5.2686352362204723
21
-4.1721374803149605
0
LINE
8
BLACK
6
CONTINUOUS
10
5.2686352362204723
20
-4.1721374803149605
11
5.2687410629921256
21
-4.1721449999999995
0
LINE
8
BLACK
6
CONTINUOUS
10
5.2687410629921256
20
-4.1721449999999995
11
5.2692816929133857
21
-4.172351889763779
0
LINE
8
BLACK
6
CONTINUOUS
10
5.2692816929133857
20
-4.172351889763779
11
5.2730312204724408
21
-4.1742266535433066
0
LINE
8
BLACK
6
CONTINUOUS
10
5.2730312204724408
20
-4.1742266535433066
11
5.2735211023622046
21
-4.1745349999999997
0
LINE
8
BLACK
6
CONTINUOUS
10
5.2735211023622046
20
-4.1745349999999997
11
5.2742759448818894
21
-4.1754053937007871
0
LINE
8
BLACK
6
CONTINUOUS
10
5.2742759448818894
20
-4.1754053937007871
11
5.274640275590551
21
-4.1764983464566932
0
LINE
8
BLACK
6
CONTINUOUS
10
5.274640275590551
20
-4.1764983464566932
11
5.2745586220472438
21
-4.1776475590551181
0
LINE
8
BLACK
6
CONTINUOUS
10
5.2745586220472438
20
-4.1776475590551181
11
5.2740433464566925
21
-4.178678070866142
0
LINE
8
BLACK
6
CONTINUOUS
10
5.2740433464566925
20
-4.178678070866142
11
5.2731729921259838
21
-4.1794329133858268
0
LINE
8
BLACK
6
CONTINUOUS
10
5.2731729921259838
20
-4.1794329133858268
11
5.2720799999999999
21
-4.1797972440944884
0
LINE
8
BLACK
6
CONTINUOUS
10
5.2720799999999999
20
-4.1797972440944884
11
5.2709307874015749
21
-4.1797155905511811
0
LINE
8
BLACK
6
CONTINUOUS
10
5.2709307874015749
20
-4.1797155905511811
11
5.2703901968503937
21
-4.1795087007874017
0
LINE
8
BLACK
6
CONTINUOUS
10
5.2703901968503937
20
-4.1795087007874017
11
5.2672641338582675
21
-4.1779456692913381
0
LINE
8
BLACK
6
CONTINUOUS
10
5.2672641338582675
20
-4.1779456692913381
11
5.2628160236220474
21
-4.1779456692913381
0
LINE
8
BLACK
6
CONTINUOUS
10
5.2628160236220474
20
-4.1779456692913381
11
5.2583076377952755
21
-4.1794484645669288
0
LINE
8
BLACK
6
CONTINUOUS
10
5.2583076377952755
20
-4.1794484645669288
11
5.2553898031496065
21
-4.1823662992125987
0
LINE
8
BLACK
6
CONTINUOUS
10
5.2553898031496065
20
-4.1823662992125987
11
5.2538742913385823
21
-4.1853972834645665
0
LINE
8
BLACK
6
CONTINUOUS
10
5.2538742913385823
20
-4.1853972834645665
11
5.2521662992125986
21
-4.1922293307086615
0
LINE
8
BLACK
6
CONTINUOUS
10
5.2521662992125986
20
-4.1922293307086615
11
5.2521662992125986
21
-4.1971265354330711
0
LINE
8
BLACK
6
CONTINUOUS
10
5.2521662992125986
20
-4.1971265354330711
11
5.2538742913385823
21
-4.2039585826771653
0
LINE
8
BLACK
6
CONTINUOUS
10
5.2538742913385823
20
-4.2039585826771653
11
5.2553898031496065
21
-4.206989566929134
0
LINE
8
BLACK
6
CONTINUOUS
10
5.2553898031496065
20
-4.206989566929134
11
5.2583076377952755
21
-4.2099074409448818
0
LINE
8
BLACK
6
CONTINUOUS
10
5.2583076377952755
20
-4.2099074409448818
11
5.2628160236220474
21
-4.2114102362204724
0
LINE
8
BLACK
6
CONTINUOUS
10
5.2628160236220474
20
-4.2114102362204724
11
5.2656072834645666
21
-4.2114102362204724
0
LINE
8
BLACK
6
CONTINUOUS
10
5.2656072834645666
20
-4.2114102362204724
11
5.2701156692913385
21
-4.209907401574803
0
LINE
8
BLACK
6
CONTINUOUS
10
5.2701156692913385
20
-4.209907401574803
11
5.2706327165354327
21
-4.2093903543307087
0
LINE
8
BLACK
6
CONTINUOUS
10
5.2706327165354327
20
-4.2093903543307087
11
5.2706327165354327
21
-4.2004428346456688
0
LINE
8
BLACK
6
CONTINUOUS
10
5.2706327165354327
20
-4.2004428346456688
11
5.2660864173228346
21
-4.2004428346456688
0
LINE
8
BLACK
6
CONTINUOUS
10
5.2660864173228346
20
-4.2004428346456688
11
5.2655103543307087
21
-4.2003861023622049
0
LINE
8
BLACK
6
CONTINUOUS
10
5.2655103543307087
20
-4.2003861023622049
11
5.2644459448818894
21
-4.1999451968503934
0
LINE
8
BLACK
6
CONTINUOUS
10
5.2644459448818894
20
-4.1999451968503934
11
5.263631299212598
21
-4.1991305511811019
0
LINE
8
BLACK
6
CONTINUOUS
10
5.263631299212598
20
-4.1991305511811019
11
5.2631903937007873
21
-4.1980661417322835
0
LINE
8
BLACK
6
CONTINUOUS
10
5.2631903937007873
20
-4.1980661417322835
11
5.2631903937007873
21
-4.1969140157480318
0
LINE
8
BLACK
6
CONTINUOUS
10
5.2631903937007873
20
-4.1969140157480318
11
5.263631299212598
21
-4.1958496062992126
0
LINE
8
BLACK
6
CONTINUOUS
10
5.263631299212598
20
-4.1958496062992126
11
5.2644459448818894
21
-4.1950349606299211
0
LINE
8
BLACK
6
CONTINUOUS
10
5.2644459448818894
20
-4.1950349606299211
11
5.2655103543307087
21
-4.1945940551181105
0
LINE
8
BLACK
6
CONTINUOUS
10
5.2655103543307087
20
-4.1945940551181105
11
5.2660864173228346
21
-4.1945373228346456
0
LINE
8
BLACK
6
CONTINUOUS
10
5.2660864173228346
20
-4.1945373228346456
11
5.2735854724409448
21
-4.1945373228346456
0
LINE
8
BLACK
6
CONTINUOUS
10
5.2735854724409448
20
-4.1945373228346456
11
5.2741615354330706
21
-4.1945940551181105
0
LINE
8
BLACK
6
CONTINUOUS
10
5.2741615354330706
20
-4.1945940551181105
11
5.2752259448818899
21
-4.1950349606299211
0
LINE
8
BLACK
6
CONTINUOUS
10
5.2752259448818899
20
-4.1950349606299211
11
5.2760405905511814
21
-4.1958496062992126
0
LINE
8
BLACK
6
CONTINUOUS
10
5.2760405905511814
20
-4.1958496062992126
11
5.276481496062992
21
-4.1969140157480318
0
LINE
8
BLACK
6
CONTINUOUS
10
5.276481496062992
20
-4.1969140157480318
11
5.2765382283464568
21
-4.1974900787401577
0
LINE
8
BLACK
6
CONTINUOUS
10
5.2765382283464568
20
-4.1974900787401577
11
5.2765382283464568
21
-4.2106134251968506
0
LINE
8
BLACK
6
CONTINUOUS
10
5.2765382283464568
20
-4.2106134251968506
11
5.276481496062992
21
-4.2111894881889764
0
LINE
8
BLACK
6
CONTINUOUS
10
5.276481496062992
20
-4.2111894881889764
11
5.2763272834645667
21
-4.2115617716535434
0
LINE
8
BLACK
6
CONTINUOUS
10
5.2763272834645667
20
-4.2115617716535434
11
5.2760406299212601
21
-4.212253858267716
0
LINE
8
BLACK
6
CONTINUOUS
10
5.2760406299212601
20
-4.212253858267716
11
5.2756733858267717
21
-4.2127013385826775
0
LINE
8
BLACK
6
CONTINUOUS
10
5.2756733858267717
20
-4.2127013385826775
11
5.2737986614173229
21
-4.214576102362205
0
LINE
8
BLACK
6
CONTINUOUS
10
5.2737986614173229
20
-4.214576102362205
11
5.2733511811023623
21
-4.2149433464566926
0
LINE
8
BLACK
6
CONTINUOUS
10
5.2733511811023623
20
-4.2149433464566926
11
5.2732531102362206
21
-4.2149839370078741
0
LINE
8
BLACK
6
CONTINUOUS
10
5.2732531102362206
20
-4.2149839370078741
11
5.2731729921259838
21
-4.2150534645669291
0
LINE
8
BLACK
6
CONTINUOUS
10
5.2731729921259838
20
-4.2150534645669291
11
5.2726444488188973
21
-4.2152894488188979
0
LINE
8
BLACK
6
CONTINUOUS
10
5.2726444488188973
20
-4.2152894488188979
11
5.2670201574803146
21
-4.2171642125984254
0
LINE
8
BLACK
6
CONTINUOUS
10
5.2670201574803146
20
-4.2171642125984254
11
5.2667345669291334
21
-4.2172291338582673
0
LINE
8
BLACK
6
CONTINUOUS
10
5.2667345669291334
20
-4.2172291338582673
11
5.2666624803149604
21
-4.2172590157480316
0
LINE
8
BLACK
6
CONTINUOUS
10
5.2666624803149604
20
-4.2172590157480316
11
5.266557952755905
21
-4.2172692913385825
0
LINE
8
BLACK
6
CONTINUOUS
10
5.266557952755905
20
-4.2172692913385825
11
5.2664557086614172
21
-4.2172925590551182
0
LINE
8
BLACK
6
CONTINUOUS
10
5.2664557086614172
20
-4.2172925590551182
11
5.2663779527559056
21
-4.2172870078740159
0
LINE
8
BLACK
6
CONTINUOUS
10
5.2663779527559056
20
-4.2172870078740159
11
5.2660864173228346
21
-4.2173157480314956
0
LINE
8
BLACK
6
CONTINUOUS
10
5.2660864173228346
20
-4.2173157480314956
11
5.2623368897637794
21
-4.2173157480314956
0
LINE
8
BLACK
6
CONTINUOUS
10
5.2623368897637794
20
-4.2173157480314956
11
5.2620452755905509
21
-4.2172870078740159
0
LINE
8
BLACK
6
CONTINUOUS
10
5.2620452755905509
20
-4.2172870078740159
11
5.261967559055118
21
-4.2172925590551182
0
LINE
8
BLACK
6
CONTINUOUS
10
5.261967559055118
20
-4.2172925590551182
11
5.2618652755905515
21
-4.2172692913385825
0
LINE
8
BLACK
6
CONTINUOUS
10
5.2618652755905515
20
-4.2172692913385825
11
5.2617608267716536
21
-4.2172590157480316
0
LINE
8
BLACK
6
CONTINUOUS
10
5.2617608267716536
20
-4.2172590157480316
11
5.2616887401574806
21
-4.2172291338582673
0
LINE
8
BLACK
6
CONTINUOUS
10
5.2616887401574806
20
-4.2172291338582673
11
5.2614031102362206
21
-4.2171642125984254
0
LINE
8
BLACK
6
CONTINUOUS
10
5.2614031102362206
20
-4.2171642125984254
11
5.2557788582677167
21
-4.2152894488188979
0
LINE
8
BLACK
6
CONTINUOUS
10
5.2557788582677167
20
-4.2152894488188979
11
5.2552502755905515
21
-4.2150534645669291
0
LINE
8
BLACK
6
CONTINUOUS
10
5.2552502755905515
20
-4.2150534645669291
11
5.2551701574803147
21
-4.2149839763779529
0
LINE
8
BLACK
6
CONTINUOUS
10
5.2551701574803147
20
-4.2149839763779529
11
5.2550721259842517
21
-4.2149433858267713
0
LINE
8
BLACK
6
CONTINUOUS
10
5.2550721259842517
20
-4.2149433858267713
11
5.2546246850393699
21
-4.2145761417322838
0
LINE
8
BLACK
6
CONTINUOUS
10
5.2546246850393699
20
-4.2145761417322838
11
5.2508751574803147
21
-4.2108265748031499
0
LINE
8
BLACK
6
CONTINUOUS
10
5.2508751574803147
20
-4.2108265748031499
11
5.2506893700787405
21
-4.2106001968503932
0
LINE
8
BLACK
6
CONTINUOUS
10
5.2506893700787405
20
-4.2106001968503932
11
5.2506303937007877
21
-4.2105490551181104
0
LINE
8
BLACK
6
CONTINUOUS
10
5.2506303937007877
20
-4.2105490551181104
11
5.2505744094488191
21
-4.2104601181102357
0
LINE
8
BLACK
6
CONTINUOUS
10
5.2505744094488191
20
-4.2104601181102357
11
5.2505079133858263
21
-4.2103790944881885
0
LINE
8
BLACK
6
CONTINUOUS
10
5.2505079133858263
20
-4.2103790944881885
11
5.2504780708661416
21
-4.2103070472440942
0
LINE
8
BLACK
6
CONTINUOUS
10
5.2504780708661416
20
-4.2103070472440942
11
5.2503220472440946
21
-4.2100591732283466
0
LINE
8
BLACK
6
CONTINUOUS
10
5.2503220472440946
20
-4.2100591732283466
11
5.248447283464567
21
-4.2063096456692914
0
LINE
8
BLACK
6
CONTINUOUS
10
5.248447283464567
20
-4.2063096456692914
11
5.2484311417322838
21
-4.2062675196850394
0
LINE
8
BLACK
6
CONTINUOUS
10
5.2484311417322838
20
-4.2062675196850394
11
5.248418464566929
21
-4.2062503937007873
0
LINE
8
BLACK
6
CONTINUOUS
10
5.248418464566929
20
-4.2062503937007873
11
5.2483320078740157
21
-4.2060084251968499
0
LINE
8
BLACK
6
CONTINUOUS
10
5.2483320078740157
20
-4.2060084251968499
11
5.2482403937007875
21
-4.2057690157480314
0
LINE
8
BLACK
6
CONTINUOUS
10
5.2482403937007875
20
-4.2057690157480314
11
5.2482388582677162
21
-4.2057477559055121
0
LINE
8
BLACK
6
CONTINUOUS
10
5.2482388582677162
20
-4.2057477559055121
11
5.2482237007874017
21
-4.2057052755905513
0
LINE
8
BLACK
6
CONTINUOUS
10
5.2482237007874017
20
-4.2057052755905513
11
5.2463489370078742
21
-4.1982062204724411
0
LINE
8
BLACK
6
CONTINUOUS
10
5.2463489370078742
20
-4.1982062204724411
11
5.2463341338582676
21
-4.1981063385826767
0
LINE
8
BLACK
6
CONTINUOUS
10
5.2463341338582676
20
-4.1981063385826767
11
5.2463175196850393
21
-4.1980661417322835
0
LINE
8
BLACK
6
CONTINUOUS
10
5.2463175196850393
20
-4.1980661417322835
11
5.2462961417322838
21
-4.1978490944881885
0
LINE
8
BLACK
6
CONTINUOUS
10
5.2462961417322838
20
-4.1978490944881885
11
5.2462642913385826
21
-4.1976336220472437
0
LINE
8
BLACK
6
CONTINUOUS
10
5.2462642913385826
20
-4.1976336220472437
11
5.2462706692913388
21
-4.1975905905511812
0
LINE
8
BLACK
6
CONTINUOUS
10
5.2462706692913388
20
-4.1975905905511812
11
5.2462607874015745
21
-4.1974900787401577
0
LINE
8
BLACK
6
CONTINUOUS
10
5.2462607874015745
20
-4.1974900787401577
11
5.2462607874015745
21
-4.191865787401575
0
LINE
8
BLACK
6
CONTINUOUS
10
5.2462607874015745
20
-4.191865787401575
11
5.2462706692913388
21
-4.1917652362204727
0
LINE
8
BLACK
6
CONTINUOUS
10
5.2462706692913388
20
-4.1917652362204727
11
5.2462642913385826
21
-4.1917222440944881
0
LINE
8
BLACK
6
CONTINUOUS
10
5.2462642913385826
20
-4.1917222440944881
11
5.2462961417322838
21
-4.1915067322834645
0
LINE
8
BLACK
6
CONTINUOUS
10
5.2462961417322838
20
-4.1915067322834645
11
5.2463175196850393
21
-4.1912897244094491
0
LINE
8
BLACK
6
CONTINUOUS
10
5.2463175196850393
20
-4.1912897244094491
11
5.2463341338582676
21
-4.1912494881889764
0
LINE
8
BLACK
6
CONTINUOUS
10
5.2463341338582676
20
-4.1912494881889764
11
5.2463489370078742
21
-4.1911496456692916
0
LINE
8
BLACK
6
CONTINUOUS
10
5.2463489370078742
20
-4.1911496456692916
11
5.2482237007874017
21
-4.1836505905511814
0
LINE
8
BLACK
6
CONTINUOUS
10
5.2482237007874017
20
-4.1836505905511814
11
5.2482388582677162
21
-4.1836080708661418
0
LINE
8
BLACK
6
CONTINUOUS
10
5.2482388582677162
20
-4.1836080708661418
11
5.2482403937007875
21
-4.1835868503937004
0
LINE
8
BLACK
6
CONTINUOUS
10
5.2482403937007875
20
-4.1835868503937004
11
5.2483320078740157
21
-4.1833474015748031
0
LINE
8
BLACK
6
CONTINUOUS
10
5.2483320078740157
20
-4.1833474015748031
11
5.248418464566929
21
-4.1831054724409444
0
LINE
8
BLACK
6
CONTINUOUS
10
5.248418464566929
20
-4.1831054724409444
11
5.2484311417322838
21
-4.1830883070866145
0
LINE
8
BLACK
6
CONTINUOUS
10
5.2484311417322838
20
-4.1830883070866145
11
5.248447283464567
21
-4.1830462204724412
0
LINE
8
BLACK
6
CONTINUOUS
10
5.248447283464567
20
-4.1830462204724412
11
5.2503220472440946
21
-4.1792966929133861
0
LINE
8
BLACK
6
CONTINUOUS
10
5.2503220472440946
20
-4.1792966929133861
11
5.2504781102362204
21
-4.1790486614173226
0
LINE
8
BLACK
6
CONTINUOUS
10
5.2504781102362204
20
-4.1790486614173226
11
5.2505079527559051
21
-4.1789767322834646
0
LINE
8
BLACK
6
CONTINUOUS
10
5.2505079527559051
20
-4.1789767322834646
11
5.2505744094488191
21
-4.1788957480314961
0
LINE
8
BLACK
6
CONTINUOUS
10
5.2505744094488191
20
-4.1788957480314961
11
5.2506303937007877
21
-4.1788068110236223
0
LINE
8
BLACK
6
CONTINUOUS
10
5.2506303937007877
20
-4.1788068110236223
11
5.2506893700787405
21
-4.1787556299212598
0
LINE
8
BLACK
6
CONTINUOUS
10
5.2506893700787405
20
-4.1787556299212598
11
5.2508751574803147
21
-4.1785292913385828
0
LINE
8
BLACK
6
CONTINUOUS
10
5.2508751574803147
20
-4.1785292913385828
11
5.2546246850393699
21
-4.1747797637795276
0
LINE
8
BLACK
6
CONTINUOUS
10
5.2546246850393699
20
-4.1747797637795276
11
5.2550721259842517
21
-4.1744125196850392
0
LINE
8
BLACK
6
CONTINUOUS
10
5.2550721259842517
20
-4.1744125196850392
11
5.2551701574803147
21
-4.1743718897637798
0
LINE
8
BLACK
6
CONTINUOUS
10
5.2551701574803147
20
-4.1743718897637798
11
5.2552502755905515
21
-4.1743024409448815
0
LINE
8
BLACK
6
CONTINUOUS
10
5.2552502755905515
20
-4.1743024409448815
11
5.2557788582677167
21
-4.1740664566929135
0
LINE
8
BLACK
6
CONTINUOUS
10
5.2557788582677167
20
-4.1740664566929135
11
5.2614031102362206
21
-4.172191692913386
0
LINE
8
BLACK
6
CONTINUOUS
10
5.2614031102362206
20
-4.172191692913386
11
5.2616887401574806
21
-4.1721267322834645
0
LINE
8
BLACK
6
CONTINUOUS
10
5.2616887401574806
20
-4.1721267322834645
11
5.2617608267716536
21
-4.1720968897637798
0
LINE
8
BLACK
6
CONTINUOUS
10
5.2617608267716536
20
-4.1720968897637798
11
5.2618652755905515
21
-4.1720865748031493
0
LINE
8
BLACK
6
CONTINUOUS
10
5.2618652755905515
20
-4.1720865748031493
11
5.261967559055118
21
-4.1720633464566932
0
LINE
8
BLACK
6
CONTINUOUS
10
5.261967559055118
20
-4.1720633464566932
11
5.2620452755905509
21
-4.1720688582677168
0
LINE
8
BLACK
6
CONTINUOUS
10
5.2620452755905509
20
-4.1720688582677168
11
5.2623368897637794
21
-4.172040157480315
0
LINE
8
BLACK
6
CONTINUOUS
10
5.2623368897637794
20
-4.172040157480315
11
5.2679611811023621
21
-4.172040157480315
0
LINE
8
BLACK
6
CONTINUOUS
10
5.2679611811023621
20
-4.172040157480315
11
5.268537244094488
21
-4.1720968897637798
0
LINE
8
BLACK
6
CONTINUOUS
10
5.346992874015748
20
-4.1720688582677168
11
5.3470706299212596
21
-4.1720633464566932
0
LINE
8
BLACK
6
CONTINUOUS
10
5.3470706299212596
20
-4.1720633464566932
11
5.3471728740157483
21
-4.1720865748031493
0
LINE
8
BLACK
6
CONTINUOUS
10
5.3471728740157483
20
-4.1720865748031493
11
5.3472774015748028
21
-4.1720968897637798
0
LINE
8
BLACK
6
CONTINUOUS
10
5.3472774015748028
20
-4.1720968897637798
11
5.3473494881889758
21
-4.1721267322834645
0
LINE
8
BLACK
6
CONTINUOUS
10
5.3473494881889758
20
-4.1721267322834645
11
5.347635078740157
21
-4.172191692913386
0
LINE
8
BLACK
6
CONTINUOUS
10
5.347635078740157
20
-4.172191692913386
11
5.3532593700787396
21
-4.1740664566929135
0
LINE
8
BLACK
6
CONTINUOUS
10
5.3532593700787396
20
-4.1740664566929135
11
5.353787913385827
21
-4.1743024409448815
0
LINE
8
BLACK
6
CONTINUOUS
10
5.353787913385827
20
-4.1743024409448815
11
5.3546582677165357
21
-4.1750573228346459
0
LINE
8
BLACK
6
CONTINUOUS
10
5.3546582677165357
20
-4.1750573228346459
11
5.3551735039370074
21
-4.1760877559055114
0
LINE
8
BLACK
6
CONTINUOUS
10
5.3551735039370074
20
-4.1760877559055114
11
5.3552551968503934
21
-4.1772369685039372
0
LINE
8
BLACK
6
CONTINUOUS
10
5.3552551968503934
20
-4.1772369685039372
11
5.3548908661417318
21
-4.1783299606299211
0
LINE
8
BLACK
6
CONTINUOUS
10
5.3548908661417318
20
-4.1783299606299211
11
5.3541359842519682
21
-4.1792003543307086
0
LINE
8
BLACK
6
CONTINUOUS
10
5.3541359842519682
20
-4.1792003543307086
11
5.3531055118110231
21
-4.1797155511811024
0
LINE
8
BLACK
6
CONTINUOUS
10
5.3531055118110231
20
-4.1797155511811024
11
5.3519562992125982
21
-4.1797972440944884
0
LINE
8
BLACK
6
CONTINUOUS
10
5.3519562992125982
20
-4.1797972440944884
11
5.3513918503937008
21
-4.1796688976377956
0
LINE
8
BLACK
6
CONTINUOUS
10
5.3513918503937008
20
-4.1796688976377956
11
5.346222204724409
21
-4.1779456692913381
0
LINE
8
BLACK
6
CONTINUOUS
10
5.346222204724409
20
-4.1779456692913381
11
5.3380245669291337
21
-4.1779456692913381
0
LINE
8
BLACK
6
CONTINUOUS
10
5.3380245669291337
20
-4.1779456692913381
11
5.3353270866141731
21
-4.1792944094488185
0
LINE
8
BLACK
6
CONTINUOUS
10
5.3353270866141731
20
-4.1792944094488185
11
5.3341299606299213
21
-4.1804915354330712
0
LINE
8
BLACK
6
CONTINUOUS
10
5.3341299606299213
20
-4.1804915354330712
11
5.332781220472441
21
-4.1831890157480318
0
LINE
8
BLACK
6
CONTINUOUS
10
5.332781220472441
20
-4.1831890157480318
11
5.332781220472441
21
-4.1855444488188978
0
LINE
8
BLACK
6
CONTINUOUS
10
5.332781220472441
20
-4.1855444488188978
11
5.3341299606299213
21
-4.1882419291338584
0
LINE
8
BLACK
6
CONTINUOUS
10
5.3341299606299213
20
-4.1882419291338584
11
5.3353270866141731
21
-4.1894390551181102
0
LINE
8
BLACK
6
CONTINUOUS
10
5.3353270866141731
20
-4.1894390551181102
11
5.3383580708661418
21
-4.1909545275590547
0
LINE
8
BLACK
6
CONTINUOUS
10
5.3383580708661418
20
-4.1909545275590547
11
5.3455427165354328
21
-4.1927507086614169
0
LINE
8
BLACK
6
CONTINUOUS
10
5.3455427165354328
20
-4.1927507086614169
11
5.3455851968503936
21
-4.1927658661417322
0
LINE
8
BLACK
6
CONTINUOUS
10
5.3455851968503936
20
-4.1927658661417322
11
5.3456064566929129
21
-4.1927674015748027
0
LINE
8
BLACK
6
CONTINUOUS
10
5.3456064566929129
20
-4.1927674015748027
11
5.3458458661417323
21
-4.1928590157480317
0
LINE
8
BLACK
6
CONTINUOUS
10
5.3458458661417323
20
-4.1928590157480317
11
5.3460878346456688
21
-4.192945472440945
0
LINE
8
BLACK
6
CONTINUOUS
10
5.3460878346456688
20
-4.192945472440945
11
5.3461049606299209
21
-4.1929581496062989
0
LINE
8
BLACK
6
CONTINUOUS
10
5.3461049606299209
20
-4.1929581496062989
11
5.3461470866141729
21
-4.192974291338583
0
LINE
8
BLACK
6
CONTINUOUS
10
5.3461470866141729
20
-4.192974291338583
11
5.349896614173228
21
-4.1948490551181106
0
LINE
8
BLACK
6
CONTINUOUS
10
5.349896614173228
20
-4.1948490551181106
11
5.3501446062992128
21
-4.1950051181102364
0
LINE
8
BLACK
6
CONTINUOUS
10
5.3501446062992128
20
-4.1950051181102364
11
5.3502165748031496
21
-4.1950349606299211
0
LINE
8
BLACK
6
CONTINUOUS
10
5.3502165748031496
20
-4.1950349606299211
11
5.3502975196850393
21
-4.1951014173228343
0
LINE
8
BLACK
6
CONTINUOUS
10
5.3502975196850393
20
-4.1951014173228343
11
5.3503864960629919
21
-4.1951574015748028
0
LINE
8
BLACK
6
CONTINUOUS
10
5.3503864960629919
20
-4.1951574015748028
11
5.3504376377952756
21
-4.1952163779527556
0
LINE
8
BLACK
6
CONTINUOUS
10
5.3504376377952756
20
-4.1952163779527556
11
5.3506640157480314
21
-4.1954021653543307
0
LINE
8
BLACK
6
CONTINUOUS
10
5.3506640157480314
20
-4.1954021653543307
11
5.352538779527559
21
-4.1972769291338583
0
LINE
8
BLACK
6
CONTINUOUS
10
5.352538779527559
20
-4.1972769291338583
11
5.3527245275590554
21
-4.1975032677165354
0
LINE
8
BLACK
6
CONTINUOUS
10
5.3527245275590554
20
-4.1975032677165354
11
5.3527835433070861
21
-4.1975544488188978
0
LINE
8
BLACK
6
CONTINUOUS
10
5.3527835433070861
20
-4.1975544488188978
11
5.3528394881889758
21
-4.1976433858267717
0
LINE
8
BLACK
6
CONTINUOUS
10
5.3528394881889758
20
-4.1976433858267717
11
5.3529059842519686
21
-4.1977243700787401
0
LINE
8
BLACK
6
CONTINUOUS
10
5.3529059842519686
20
-4.1977243700787401
11
5.3529357874015746
21
-4.1977962992125981
0
LINE
8
BLACK
6
CONTINUOUS
10
5.3529357874015746
20
-4.1977962992125981
11
5.3530918897637791
21
-4.1980443307086617
0
LINE
8
BLACK
6
CONTINUOUS
10
5.3530918897637791
20
-4.1980443307086617
11
5.3549666535433067
21
-4.2017938582677168
0
LINE
8
BLACK
6
CONTINUOUS
10
5.3549666535433067
20
-4.2017938582677168
11
5.3551735433070862
21
-4.2023344488188972
0
LINE
8
BLACK
6
CONTINUOUS
10
5.3551735433070862
20
-4.2023344488188972
11
5.3551810629921262
21
-4.2024403149606302
0
LINE
8
BLACK
6
CONTINUOUS
10
5.3551810629921262
20
-4.2024403149606302
11
5.3552216535433068
21
-4.2025383070866145
0
LINE
8
BLACK
6
CONTINUOUS
10
5.3552216535433068
20
-4.2025383070866145
11
5.3552783858267716
21
-4.2031143700787403
0
LINE
8
BLACK
6
CONTINUOUS
10
5.3552783858267716
20
-4.2031143700787403
11
5.3552783858267716
21
-4.2068638976377954
0
LINE
8
BLACK
6
CONTINUOUS
10
5.3552783858267716
20
-4.2068638976377954
11
5.3552216535433068
21
-4.2074399606299213
0
LINE
8
BLACK
6
CONTINUOUS
10
5.3552216535433068
20
-4.2074399606299213
11
5.3551810629921262
21
-4.2075379133858268
0
LINE
8
BLACK
6
CONTINUOUS
10
5.3551810629921262
20
-4.2075379133858268
11
5.3551735433070862
21
-4.2076438188976377
0
LINE
8
BLACK
6
CONTINUOUS
10
5.3551735433070862
20
-4.2076438188976377
11
5.3549666535433067
21
-4.208184409448819
0
LINE
8
BLACK
6
CONTINUOUS
10
5.3549666535433067
20
-4.208184409448819
11
5.3530918897637791
21
-4.2119339370078741
0
LINE
8
BLACK
6
CONTINUOUS
10
5.3530918897637791
20
-4.2119339370078741
11
5.3529358267716534
21
-4.2121818110236218
0
LINE
8
BLACK
6
CONTINUOUS
10
5.3529358267716534
20
-4.2121818110236218
11
5.3529060236220474
21
-4.212253858267716
0
LINE
8
BLACK
6
CONTINUOUS
10
5.3529060236220474
20
-4.212253858267716
11
5.3528394881889758
21
-4.2123348818897641
0
LINE
8
BLACK
6
CONTINUOUS
10
5.3528394881889758
20
-4.2123348818897641
11
5.3527835433070861
21
-4.212423818897638
0
LINE
8
BLACK
6
CONTINUOUS
10
5.3527835433070861
20
-4.212423818897638
11
5.3527245275590554
21
-4.2124749606299208
0
LINE
8
BLACK
6
CONTINUOUS
10
5.3527245275590554
20
-4.2124749606299208
11
5.352538779527559
21
-4.2127013385826775
0
LINE
8
BLACK
6
CONTINUOUS
10
5.352538779527559
20
-4.2127013385826775
11
5.3506640551181102
21
-4.214576102362205
0
LINE
8
BLACK
6
CONTINUOUS
10
5.3506640551181102
20
-4.214576102362205
11
5.3504376771653543
21
-4.2147618503937005
0
LINE
8
BLACK
6
CONTINUOUS
10
5.3504376771653543
20
-4.2147618503937005
11
5.3503864960629919
21
-4.2148209055118109
0
LINE
8
BLACK
6
CONTINUOUS
10
5.3503864960629919
20
-4.2148209055118109
11
5.3502975196850393
21
-4.2148768897637794
0
LINE
8
BLACK
6
CONTINUOUS
10
5.3502975196850393
20
-4.2148768897637794
11
5.3502165748031496
21
-4.2149433464566926
0
LINE
8
BLACK
6
CONTINUOUS
10
5.3502165748031496
20
-4.2149433464566926
11
5.3501446062992128
21
-4.2149731496062994
0
LINE
8
BLACK
6
CONTINUOUS
10
5.3501446062992128
20
-4.2149731496062994
11
5.349896614173228
21
-4.215129251968504
0
LINE
8
BLACK
6
CONTINUOUS
10
5.349896614173228
20
-4.215129251968504
11
5.3461470866141729
21
-4.2170040157480315
0
LINE
8
BLACK
6
CONTINUOUS
10
5.3461470866141729
20
-4.2170040157480315
11
5.3456064566929129
21
-4.217210905511811
0
LINE
8
BLACK
6
CONTINUOUS
10
5.3456064566929129
20
-4.217210905511811
11
5.3455006299212595
21
-4.2172183858267713
0
LINE
8
BLACK
6
CONTINUOUS
10
5.3455006299212595
20
-4.2172183858267713
11
5.3454026377952752
21
-4.2172590157480316
0
LINE
8
BLACK
6
CONTINUOUS
10
5.3454026377952752
20
-4.2172590157480316
11
5.3448265748031494
21
-4.2173157480314956
0
LINE
8
BLACK
6
CONTINUOUS
10
5.3448265748031494
20
-4.2173157480314956
11
5.3354527559055116
21
-4.2173157480314956
0
LINE
8
BLACK
6
CONTINUOUS
10
5.3354527559055116
20
-4.2173157480314956
11
5.3351611417322831
21
-4.2172870078740159
0
LINE
8
BLACK
6
CONTINUOUS
10
5.3351611417322831
20
-4.2172870078740159
11
5.3350834251968502
21
-4.2172925590551182
0
LINE
8
BLACK
6
CONTINUOUS
10
5.3350834251968502
20
-4.2172925590551182
11
5.3349811417322837
21
-4.2172692913385825
0
LINE
8
BLACK
6
CONTINUOUS
10
5.3349811417322837
20
-4.2172692913385825
11
5.3348766929133857
21
-4.2172590157480316
0
LINE
8
BLACK
6
CONTINUOUS
10
5.3348766929133857
20
-4.2172590157480316
11
5.3348046062992127
21
-4.2172291338582673
0
LINE
8
BLACK
6
CONTINUOUS
10
5.3348046062992127
20
-4.2172291338582673
11
5.3345189763779528
21
-4.2171642125984254
0
LINE
8
BLACK
6
CONTINUOUS
10
5.3345189763779528
20
-4.2171642125984254
11
5.3288947244094489
21
-4.2152894488188979
0
LINE
8
BLACK
6
CONTINUOUS
10
5.3288947244094489
20
-4.2152894488188979
11
5.3283661417322836
21
-4.2150534645669291
0
LINE
8
BLACK
6
CONTINUOUS
10
5.3283661417322836
20
-4.2150534645669291
11
5.3274957874015749
21
-4.2142985826771655
0
LINE
8
BLACK
6
CONTINUOUS
10
5.3274957874015749
20
-4.2142985826771655
11
5.3269805905511811
21
-4.2132681496062991
0
LINE
8
BLACK
6
CONTINUOUS
10
5.3269805905511811
20
-4.2132681496062991
11
5.3268988976377951
21
-4.2121189370078742
0
LINE
8
BLACK
6
CONTINUOUS
10
5.3268988976377951
20
-4.2121189370078742
11
5.3272632283464567
21
-4.2110259055118107
0
LINE
8
BLACK
6
CONTINUOUS
10
5.3272632283464567
20
-4.2110259055118107
11
5.3280181102362203
21
-4.210155551181102
0
LINE
8
BLACK
6
CONTINUOUS
10
5.3280181102362203
20
-4.210155551181102
11
5.3290485433070867
21
-4.2096403543307082
0
LINE
8
BLACK
6
CONTINUOUS
10
5.3290485433070867
20
-4.2096403543307082
11
5.3301977559055116
21
-4.209558661417323
0
LINE
8
BLACK
6
CONTINUOUS
10
5.3301977559055116
20
-4.209558661417323
11
5.330762204724409
21
-4.2096870078740158
0
LINE
8
BLACK
6
CONTINUOUS
10
5.330762204724409
20
-4.2096870078740158
11
5.3359318897637795
21
-4.2114102362204724
0
LINE
8
BLACK
6
CONTINUOUS
10
5.3359318897637795
20
-4.2114102362204724
11
5.3441295275590548
21
-4.2114102362204724
0
LINE
8
BLACK
6
CONTINUOUS
10
5.3441295275590548
20
-4.2114102362204724
11
5.3468269685039367
21
-4.2100614960629921
0
LINE
8
BLACK
6
CONTINUOUS
10
5.3468269685039367
20
-4.2100614960629921
11
5.3480240944881885
21
-4.2088643307086615
0
LINE
8
BLACK
6
CONTINUOUS
10
5.3480240944881885
20
-4.2088643307086615
11
5.3493728740157476
21
-4.2061668503937009
0
LINE
8
BLACK
6
CONTINUOUS
10
5.3493728740157476
20
-4.2061668503937009
11
5.3493728740157476
21
-4.2038114173228349
0
LINE
8
BLACK
6
CONTINUOUS
10
5.3493728740157476
20
-4.2038114173228349
11
5.3480241338582672
21
-4.2011139370078743
0
LINE
8
BLACK
6
CONTINUOUS
10
5.3480241338582672
20
-4.2011139370078743
11
5.3468270078740154
21
-4.1999168110236216
0
LINE
8
BLACK
6
CONTINUOUS
10
5.3468270078740154
20
-4.1999168110236216
11
5.3437960236220468
21
-4.1984012992125983
0
LINE
8
BLACK
6
CONTINUOUS
10
5.3437960236220468
20
-4.1984012992125983
11
5.3366113779527558
21
-4.1966051574803149
0
LINE
8
BLACK
6
CONTINUOUS
10
5.3366113779527558
20
-4.1966051574803149
11
5.3365688582677162
21
-4.1965899606299208
0
LINE
8
BLACK
6
CONTINUOUS
10
5.3365688582677162
20
-4.1965899606299208
11
5.3365475984251969
21
-4.1965884645669291
0
LINE
8
BLACK
6
CONTINUOUS
10
5.3365475984251969
20
-4.1965884645669291
11
5.3363078346456696
21
-4.196496692913386
0
LINE
8
BLACK
6
CONTINUOUS
10
5.3363078346456696
20
-4.196496692913386
11
5.3360662598425197
21
-4.1964103937007877
0
LINE
8
BLACK
6
CONTINUOUS
10
5.3360662598425197
20
-4.1964103937007877
11
5.3360490944881889
21
-4.1963976771653542
0
LINE
8
BLACK
6
CONTINUOUS
10
5.3360490944881889
20
-4.1963976771653542
11
5.3360070078740156
21
-4.1963815748031497
0
LINE
8
BLACK
6
CONTINUOUS
10
5.3360070078740156
20
-4.1963815748031497
11
5.3322574803149605
21
-4.1945068110236221
0
LINE
8
BLACK
6
CONTINUOUS
10
5.3322574803149605
20
-4.1945068110236221
11
5.3320094488188978
21
-4.1943507086614176
0
LINE
8
BLACK
6
CONTINUOUS
10
5.3320094488188978
20
-4.1943507086614176
11
5.3319375196850389
21
-4.1943209055118107
0
LINE
8
BLACK
6
CONTINUOUS
10
5.3319375196850389
20
-4.1943209055118107
11
5.3318565354330705
21
-4.1942544094488188
0
LINE
8
BLACK
6
CONTINUOUS
10
5.3318565354330705
20
-4.1942544094488188
11
5.3317675984251967
21
-4.194198464566929
0
LINE
8
BLACK
6
CONTINUOUS
10
5.3317675984251967
20
-4.194198464566929
11
5.3317164173228342
21
-4.1941394488188974
0
LINE
8
BLACK
6
CONTINUOUS
10
5.3317164173228342
20
-4.1941394488188974
11
5.3314900787401571
21
-4.193953700787401
0
LINE
8
BLACK
6
CONTINUOUS
10
5.3314900787401571
20
-4.193953700787401
11
5.3296153149606296
21
-4.1920789370078735
0
LINE
8
BLACK
6
CONTINUOUS
10
5.3296153149606296
20
-4.1920789370078735
11
5.3294295275590553
21
-4.1918525590551177
0
LINE
8
BLACK
6
CONTINUOUS
10
5.3294295275590553
20
-4.1918525590551177
11
5.3293705511811025
21
-4.1918014173228348
0
LINE
8
BLACK
6
CONTINUOUS
10
5.3293705511811025
20
-4.1918014173228348
11
5.329314566929134
21
-4.1917124409448814
0
LINE
8
BLACK
6
CONTINUOUS
10
5.329314566929134
20
-4.1917124409448814
11
5.3292481102362199
21
-4.1916314960629917
0
LINE
8
BLACK
6
CONTINUOUS
10
5.3292481102362199
20
-4.1916314960629917
11
5.3292182677165352
21
-4.1915595275590549
0
LINE
8
BLACK
6
CONTINUOUS
10
5.3292182677165352
20
-4.1915595275590549
11
5.3290622047244094
21
-4.191311535433071
0
LINE
8
BLACK
6
CONTINUOUS
10
5.3290622047244094
20
-4.191311535433071
11
5.3271874409448818
21
-4.1875620078740159
0
LINE
8
BLACK
6
CONTINUOUS
10
5.3271874409448818
20
-4.1875620078740159
11
5.3269805511811024
21
-4.1870213779527559
0
LINE
8
BLACK
6
CONTINUOUS
10
5.3269805511811024
20
-4.1870213779527559
11
5.3269730314960633
21
-4.1869155511811025
0
LINE
8
BLACK
6
CONTINUOUS
10
5.3269730314960633
20
-4.1869155511811025
11
5.3269324409448817
21
-4.1868175590551182
0
LINE
8
BLACK
6
CONTINUOUS
10
5.3269324409448817
20
-4.1868175590551182
11
5.3268757086614169
21
-4.1862414960629923
0
LINE
8
BLACK
6
CONTINUOUS
10
5.3268757086614169
20
-4.1862414960629923
11
5.3268757086614169
21
-4.1824919685039372
0
LINE
8
BLACK
6
CONTINUOUS
10
5.3268757086614169
20
-4.1824919685039372
11
5.3269324409448817
21
-4.1819159055118114
0
LINE
8
BLACK
6
CONTINUOUS
10
5.3269324409448817
20
-4.1819159055118114
11
5.3269730314960633
21
-4.1818178740157483
0
LINE
8
BLACK
6
CONTINUOUS
10
5.3269730314960633
20
-4.1818178740157483
11
5.3269805511811024
21
-4.1817120866141728
0
LINE
8
BLACK
6
CONTINUOUS
10
5.3269805511811024
20
-4.1817120866141728
11
5.3271874409448818
21
-4.1811714566929137
0
LINE
8
BLACK
6
CONTINUOUS
10
5.3271874409448818
20
-4.1811714566929137
11
5.3290622047244094
21
-4.1774219291338586
0
LINE
8
BLACK
6
CONTINUOUS
10
5.3290622047244094
20
-4.1774219291338586
11
5.3292182677165352
21
-4.177173897637795
0
LINE
8
BLACK
6
CONTINUOUS
10
5.3292182677165352
20
-4.177173897637795
11
5.3292481102362199
21
-4.177101968503937
0
LINE
8
BLACK
6
CONTINUOUS
10
5.3292481102362199
20
-4.177101968503937
11
5.329314566929134
21
-4.1770209842519685
0
LINE
8
BLACK
6
CONTINUOUS
10
5.329314566929134
20
-4.1770209842519685
11
5.3293705511811025
21
-4.1769320472440947
0
LINE
8
BLACK
6
CONTINUOUS
10
5.3293705511811025
20
-4.1769320472440947
11
5.3294295275590553
21
-4.1768808661417323
0
LINE
8
BLACK
6
CONTINUOUS
10
5.3294295275590553
20
-4.1768808661417323
11
5.3296153149606296
21
-4.1766545275590552
0
LINE
8
BLACK
6
CONTINUOUS
10
5.3296153149606296
20
-4.1766545275590552
11
5.3314900787401571
21
-4.1747797637795276
0
LINE
8
BLACK
6
CONTINUOUS
10
5.3314900787401571
20
-4.1747797637795276
11
5.3317164173228342
21
-4.1745939763779525
0
LINE
8
BLACK
6
CONTINUOUS
10
5.3317164173228342
20
-4.1745939763779525
11
5.3317675984251967
21
-4.1745349999999997
0
LINE
8
BLACK
6
CONTINUOUS
10
5.3317675984251967
20
-4.1745349999999997
11
5.3318565354330705
21
-4.1744790157480312
0
LINE
8
BLACK
6
CONTINUOUS
10
5.3318565354330705
20
-4.1744790157480312
11
5.3319375196850389
21
-4.174412559055118
0
LINE
8
BLACK
6
CONTINUOUS
10
5.3319375196850389
20
-4.174412559055118
11
5.3320094488188978
21
-4.1743827165354332
0
LINE
8
BLACK
6
CONTINUOUS
10
5.3320094488188978
20
-4.1743827165354332
11
5.3322574803149605
21
-4.1742266535433066
0
LINE
8
BLACK
6
CONTINUOUS
10
5.3322574803149605
20
-4.1742266535433066
11
5.3360070078740156
21
-4.172351889763779
0
LINE
8
BLACK
6
CONTINUOUS
10
5.3360070078740156
20
-4.172351889763779
11
5.3365475984251969
21
-4.1721449999999995
0
LINE
8
BLACK
6
CONTINUOUS
10
5.3365475984251969
20
-4.1721449999999995
11
5.336653464566929
21
-4.1721374409448817
0
LINE
8
BLACK
6
CONTINUOUS
10
5.336653464566929
20
-4.1721374409448817
11
5.3367514566929133
21
-4.1720968897637798
0
LINE
8
BLACK
6
CONTINUOUS
10
5.3367514566929133
20
-4.1720968897637798
11
5.3373275196850392
21
-4.172040157480315
0
LINE
8
BLACK
6
CONTINUOUS
10
5.3373275196850392
20
-4.172040157480315
11
5.3467013385826769
21
-4.172040157480315
0
LINE
8
BLACK
6
CONTINUOUS
10
5.3467013385826769
20
-4.172040157480315
11
5.346992874015748
21
-4.1720688582677168
0
LINE
8
BLACK
6
CONTINUOUS
10
5.4616381102362199
20
-4.1720968897637798
11
5.4617361023622042
21
-4.1721374803149605
0
LINE
8
BLACK
6
CONTINUOUS
10
5.4617361023622042
20
-4.1721374803149605
11
5.4618419291338585
21
-4.1721449999999995
0
LINE
8
BLACK
6
CONTINUOUS
10
5.4618419291338585
20
-4.1721449999999995
11
5.4623825590551176
21
-4.172351889763779
0
LINE
8
BLACK
6
CONTINUOUS
10
5.4623825590551176
20
-4.172351889763779
11
5.4661320866141727
21
-4.1742266535433066
0
LINE
8
BLACK
6
CONTINUOUS
10
5.4661320866141727
20
-4.1742266535433066
11
5.4663800787401575
21
-4.1743827165354332
0
LINE
8
BLACK
6
CONTINUOUS
10
5.4663800787401575
20
-4.1743827165354332
11
5.4664520472440943
21
-4.174412559055118
0
LINE
8
BLACK
6
CONTINUOUS
10
5.4664520472440943
20
-4.174412559055118
11
5.466532992125984
21
-4.1744790157480312
0
LINE
8
BLACK
6
CONTINUOUS
10
5.466532992125984
20
-4.1744790157480312
11
5.4666219685039366
21
-4.1745349999999997
0
LINE
8
BLACK
6
CONTINUOUS
10
5.4666219685039366
20
-4.1745349999999997
11
5.4666731102362203
21
-4.1745939763779525
0
LINE
8
BLACK
6
CONTINUOUS
10
5.4666731102362203
20
-4.1745939763779525
11
5.4668994881889761
21
-4.1747797637795276
0
LINE
8
BLACK
6
CONTINUOUS
10
5.4668994881889761
20
-4.1747797637795276
11
5.4687742519685036
21
-4.1766545275590552
0
LINE
8
BLACK
6
CONTINUOUS
10
5.4687742519685036
20
-4.1766545275590552
11
5.46896
21
-4.1768808661417323
0
LINE
8
BLACK
6
CONTINUOUS
10
5.46896
20
-4.1768808661417323
11
5.4690190157480316
21
-4.1769320472440947
0
LINE
8
BLACK
6
CONTINUOUS
10
5.4690190157480316
20
-4.1769320472440947
11
5.4690749606299214
21
-4.1770209842519685
0
LINE
8
BLACK
6
CONTINUOUS
10
5.4690749606299214
20
-4.1770209842519685
11
5.4691414566929133
21
-4.177101968503937
0
LINE
8
BLACK
6
CONTINUOUS
10
5.4691414566929133
20
-4.177101968503937
11
5.4691712598425193
21
-4.177173897637795
0
LINE
8
BLACK
6
CONTINUOUS
10
5.4691712598425193
20
-4.177173897637795
11
5.4693273622047247
21
-4.1774219291338586
0
LINE
8
BLACK
6
CONTINUOUS
10
5.4693273622047247
20
-4.1774219291338586
11
5.4712021259842523
21
-4.1811714566929137
0
LINE
8
BLACK
6
CONTINUOUS
10
5.4712021259842523
20
-4.1811714566929137
11
5.4714090157480317
21
-4.1817120472440941
0
LINE
8
BLACK
6
CONTINUOUS
10
5.4714090157480317
20
-4.1817120472440941
11
5.4714165354330708
21
-4.1818179133858271
0
LINE
8
BLACK
6
CONTINUOUS
10
5.4714165354330708
20
-4.1818179133858271
11
5.4714571259842515
21
-4.1819159055118114
0
LINE
8
BLACK
6
CONTINUOUS
10
5.4714571259842515
20
-4.1819159055118114
11
5.4715138582677163
21
-4.1824919685039372
0
LINE
8
BLACK
6
CONTINUOUS
10
5.4715138582677163
20
-4.1824919685039372
11
5.4715138582677163
21
-4.1862414960629923
0
LINE
8
BLACK
6
CONTINUOUS
10
5.4715138582677163
20
-4.1862414960629923
11
5.4714571259842515
21
-4.1868175590551182
0
LINE
8
BLACK
6
CONTINUOUS
10
5.4714571259842515
20
-4.1868175590551182
11
5.4714165354330708
21
-4.1869155118110237
0
LINE
8
BLACK
6
CONTINUOUS
10
5.4714165354330708
20
-4.1869155118110237
11
5.4714090157480317
21
-4.1870214173228346
0
LINE
8
BLACK
6
CONTINUOUS
10
5.4714090157480317
20
-4.1870214173228346
11
5.4712021259842523
21
-4.1875620078740159
0
LINE
8
BLACK
6
CONTINUOUS
10
5.4712021259842523
20
-4.1875620078740159
11
5.4693273622047247
21
-4.191311535433071
0
LINE
8
BLACK
6
CONTINUOUS
10
5.4693273622047247
20
-4.191311535433071
11
5.4691712598425193
21
-4.1915595275590549
0
LINE
8
BLACK
6
CONTINUOUS
10
5.4691712598425193
20
-4.1915595275590549
11
5.4691414566929133
21
-4.1916314960629917
0
LINE
8
BLACK
6
CONTINUOUS
10
5.4691414566929133
20
-4.1916314960629917
11
5.4690749606299214
21
-4.1917124409448814
0
LINE
8
BLACK
6
CONTINUOUS
10
5.4690749606299214
20
-4.1917124409448814
11
5.4690190157480316
21
-4.1918014173228348
0
LINE
8
BLACK
6
CONTINUOUS
10
5.4690190157480316
20
-4.1918014173228348
11
5.46896
21
-4.1918525590551177
0
LINE
8
BLACK
6
CONTINUOUS
10
5.46896
20
-4.1918525590551177
11
5.4687742519685036
21
-4.1920789370078735
0
LINE
8
BLACK
6
CONTINUOUS
10
5.4687742519685036
20
-4.1920789370078735
11
5.4679097244094486
21
-4.1929434251968507
0
LINE
8
BLACK
6
CONTINUOUS
10
5.4679097244094486
20
-4.1929434251968507
11
5.4681486220472442
21
-4.193050078740157
0
LINE
8
BLACK
6
CONTINUOUS
10
5.4681486220472442
20
-4.193050078740157
11
5.4682287401574801
21
-4.1931195669291341
0
LINE
8
BLACK
6
CONTINUOUS
10
5.4682287401574801
20
-4.1931195669291341
11
5.4683268110236218
21
-4.1931601968503935
0
LINE
8
BLACK
6
CONTINUOUS
10
5.4683268110236218
20
-4.1931601968503935
11
5.4687742519685036
21
-4.1935274015748032
0
LINE
8
BLACK
6
CONTINUOUS
10
5.4687742519685036
20
-4.1935274015748032
11
5.4706490157480312
21
-4.1954021653543307
0
LINE
8
BLACK
6
CONTINUOUS
10
5.4706490157480312
20
-4.1954021653543307
11
5.4708347637795276
21
-4.1956285039370078
0
LINE
8
BLACK
6
CONTINUOUS
10
5.4708347637795276
20
-4.1956285039370078
11
5.4708937795275592
21
-4.1956796850393703
0
LINE
8
BLACK
6
CONTINUOUS
10
5.4708937795275592
20
-4.1956796850393703
11
5.4709497244094489
21
-4.1957686220472441
0
LINE
8
BLACK
6
CONTINUOUS
10
5.4709497244094489
20
-4.1957686220472441
11
5.4710162204724408
21
-4.1958496062992126
0
LINE
8
BLACK
6
CONTINUOUS
10
5.4710162204724408
20
-4.1958496062992126
11
5.4710460236220468
21
-4.1959215354330706
0
LINE
8
BLACK
6
CONTINUOUS
10
5.4710460236220468
20
-4.1959215354330706
11
5.4712021259842523
21
-4.1961695669291341
0
LINE
8
BLACK
6
CONTINUOUS
10
5.4712021259842523
20
-4.1961695669291341
11
5.4730768897637798
21
-4.1999190944881892
0
LINE
8
BLACK
6
CONTINUOUS
10
5.4730768897637798
20
-4.1999190944881892
11
5.4732837795275593
21
-4.2004596850393696
0
LINE
8
BLACK
6
CONTINUOUS
10
5.4732837795275593
20
-4.2004596850393696
11
5.4732912992125984
21
-4.2005655511811026
0
LINE
8
BLACK
6
CONTINUOUS
10
5.4732912992125984
20
-4.2005655511811026
11
5.473331889763779
21
-4.2006635433070869
0
LINE
8
BLACK
6
CONTINUOUS
10
5.473331889763779
20
-4.2006635433070869
11
5.4733886220472439
21
-4.2012396062992128
0
LINE
8
BLACK
6
CONTINUOUS
10
5.4733886220472439
20
-4.2012396062992128
11
5.4733886220472439
21
-4.2068638976377954
0
LINE
8
BLACK
6
CONTINUOUS
10
5.4733886220472439
20
-4.2068638976377954
11
5.473331889763779
21
-4.2074399606299213
0
LINE
8
BLACK
6
CONTINUOUS
10
5.473331889763779
20
-4.2074399606299213
11
5.4732912992125984
21
-4.2075379133858268
0
LINE
8
BLACK
6
CONTINUOUS
10
5.4732912992125984
20
-4.2075379133858268
11
5.4732837795275593
21
-4.2076438188976377
0
LINE
8
BLACK
6
CONTINUOUS
10
5.4732837795275593
20
-4.2076438188976377
11
5.4730768897637798
21
-4.208184409448819
0
LINE
8
BLACK
6
CONTINUOUS
10
5.4730768897637798
20
-4.208184409448819
11
5.4712021259842523
21
-4.2119339370078741
0
LINE
8
BLACK
6
CONTINUOUS
10
5.4712021259842523
20
-4.2119339370078741
11
5.4710460629921256
21
-4.2121818110236218
0
LINE
8
BLACK
6
CONTINUOUS
10
5.4710460629921256
20
-4.2121818110236218
11
5.4710162598425196
21
-4.212253858267716
0
LINE
8
BLACK
6
CONTINUOUS
10
5.4710162598425196
20
-4.212253858267716
11
5.4709497244094489
21
-4.2123348818897641
0
LINE
8
BLACK
6
CONTINUOUS
10
5.4709497244094489
20
-4.2123348818897641
11
5.4708937795275592
21
-4.212423818897638
0
LINE
8
BLACK
6
CONTINUOUS
10
5.4708937795275592
20
-4.212423818897638
11
5.4708347637795276
21
-4.2124749606299208
0
LINE
8
BLACK
6
CONTINUOUS
10
5.4708347637795276
20
-4.2124749606299208
11
5.4706490157480312
21
-4.2127013385826775
0
LINE
8
BLACK
6
CONTINUOUS
10
5.4706490157480312
20
-4.2127013385826775
11
5.4687742913385824
21
-4.214576102362205
0
LINE
8
BLACK
6
CONTINUOUS
10
5.4687742913385824
20
-4.214576102362205
11
5.4685479133858266
21
-4.2147618503937005
0
LINE
8
BLACK
6
CONTINUOUS
10
5.4685479133858266
20
-4.2147618503937005
11
5.4684967322834641
21
-4.2148209055118109
0
LINE
8
BLACK
6
CONTINUOUS
10
5.4684967322834641
20
-4.2148209055118109
11
5.4684077559055115
21
-4.2148768897637794
0
LINE
8
BLACK
6
CONTINUOUS
10
5.4684077559055115
20
-4.2148768897637794
11
5.4683268110236218
21
-4.2149433464566926
0
LINE
8
BLACK
6
CONTINUOUS
10
5.4683268110236218
20
-4.2149433464566926
11
5.4682548425196851
21
-4.2149731496062994
0
LINE
8
BLACK
6
CONTINUOUS
10
5.4682548425196851
20
-4.2149731496062994
11
5.4680068503937003
21
-4.215129251968504
0
LINE
8
BLACK
6
CONTINUOUS
10
5.4680068503937003
20
-4.215129251968504
11
5.4642573228346452
21
-4.2170040157480315
0
LINE
8
BLACK
6
CONTINUOUS
10
5.4642573228346452
20
-4.2170040157480315
11
5.463716692913386
21
-4.217210905511811
0
LINE
8
BLACK
6
CONTINUOUS
10
5.463716692913386
20
-4.217210905511811
11
5.4636108661417317
21
-4.2172183858267713
0
LINE
8
BLACK
6
CONTINUOUS
10
5.4636108661417317
20
-4.2172183858267713
11
5.4635128740157475
21
-4.2172590157480316
0
LINE
8
BLACK
6
CONTINUOUS
10
5.4635128740157475
20
-4.2172590157480316
11
5.4629368110236216
21
-4.2173157480314956
0
LINE
8
BLACK
6
CONTINUOUS
10
5.4629368110236216
20
-4.2173157480314956
11
5.4479387007874012
21
-4.2173157480314956
0
LINE
8
BLACK
6
CONTINUOUS
10
5.4479387007874012
20
-4.2173157480314956
11
5.4473626377952753
21
-4.2172590157480316
0
LINE
8
BLACK
6
CONTINUOUS
10
5.4473626377952753
20
-4.2172590157480316
11
5.4462982283464569
21
-4.2168181102362201
0
LINE
8
BLACK
6
CONTINUOUS
10
5.4462982283464569
20
-4.2168181102362201
11
5.4454835826771655
21
-4.2160034645669286
0
LINE
8
BLACK
6
CONTINUOUS
10
5.4454835826771655
20
-4.2160034645669286
11
5.445042677165354
21
-4.2149390551181103
0
LINE
8
BLACK
6
CONTINUOUS
10
5.445042677165354
20
-4.2149390551181103
11
5.44498594488189
21
-4.2143629921259844
0
LINE
8
BLACK
6
CONTINUOUS
10
5.44498594488189
20
-4.2143629921259844
11
5.44498594488189
21
-4.174992913385827
0
LINE
8
BLACK
6
CONTINUOUS
10
5.44498594488189
20
-4.174992913385827
11
5.445042677165354
21
-4.1744168503937003
0
LINE
8
BLACK
6
CONTINUOUS
10
5.445042677165354
20
-4.1744168503937003
11
5.4454835826771655
21
-4.1733524409448819
0
LINE
8
BLACK
6
CONTINUOUS
10
5.4454835826771655
20
-4.1733524409448819
11
5.4462982283464569
21
-4.1725377952755904
0
LINE
8
BLACK
6
CONTINUOUS
10
5.4462982283464569
20
-4.1725377952755904
11
5.4473626377952753
21
-4.1720968897637798
0
LINE
8
BLACK
6
CONTINUOUS
10
5.4473626377952753
20
-4.1720968897637798
11
5.4479387007874012
21
-4.172040157480315
0
LINE
8
BLACK
6
CONTINUOUS
10
5.4479387007874012
20
-4.172040157480315
11
5.4610620472440941
21
-4.172040157480315
0
LINE
8
BLACK
6
CONTINUOUS
10
5.4610620472440941
20
-4.172040157480315
11
5.4616381102362199
21
-4.1720968897637798
0
LINE
8
BLACK
6
CONTINUOUS
10
5.4508914566929132
20
-4.2114102362204724
11
5.462239763779527
21
-4.2114102362204724
0
LINE
8
BLACK
6
CONTINUOUS
10
5.462239763779527
20
-4.2114102362204724
11
5.4649372047244089
21
-4.2100614960629921
0
LINE
8
BLACK
6
CONTINUOUS
10
5.4649372047244089
20
-4.2100614960629921
11
5.4661343307086616
21
-4.2088643307086615
0
LINE
8
BLACK
6
CONTINUOUS
10
5.4661343307086616
20
-4.2088643307086615
11
5.4674831102362207
21
-4.2061668503937009
0
LINE
8
BLACK
6
CONTINUOUS
10
5.4674831102362207
20
-4.2061668503937009
11
5.4674831102362207
21
-4.2019366535433074
0
LINE
8
BLACK
6
CONTINUOUS
10
5.4674831102362207
20
-4.2019366535433074
11
5.4661343700787404
21
-4.1992391732283467
0
LINE
8
BLACK
6
CONTINUOUS
10
5.4661343700787404
20
-4.1992391732283467
11
5.465091299212598
21
-4.1981961023622043
0
LINE
8
BLACK
6
CONTINUOUS
10
5.465091299212598
20
-4.1981961023622043
11
5.460582913385827
21
-4.1966933070866137
0
LINE
8
BLACK
6
CONTINUOUS
10
5.460582913385827
20
-4.1966933070866137
11
5.4508914566929132
21
-4.1966933070866137
0
LINE
8
BLACK
6
CONTINUOUS
10
5.4508914566929132
20
-4.1966933070866137
11
5.4508914566929132
21
-4.2114102362204724
0
LINE
8
BLACK
6
CONTINUOUS
10
5.4508914566929132
20
-4.1907877952755905
11
5.4603649999999995
21
-4.1907877952755905
0
LINE
8
BLACK
6
CONTINUOUS
10
5.4603649999999995
20
-4.1907877952755905
11
5.4630624803149601
21
-4.1894390551181102
0
LINE
8
BLACK
6
CONTINUOUS
10
5.4630624803149601
20
-4.1894390551181102
11
5.4642596062992128
21
-4.1882419291338584
0
LINE
8
BLACK
6
CONTINUOUS
10
5.4642596062992128
20
-4.1882419291338584
11
5.4656083464566931
21
-4.1855444488188978
0
LINE
8
BLACK
6
CONTINUOUS
10
5.4656083464566931
20
-4.1855444488188978
11
5.4656083464566931
21
-4.1831890157480318
0
LINE
8
BLACK
6
CONTINUOUS
10
5.4656083464566931
20
-4.1831890157480318
11
5.4642596062992128
21
-4.1804915354330712
0
LINE
8
BLACK
6
CONTINUOUS
10
5.4642596062992128
20
-4.1804915354330712
11
5.4630624803149601
21
-4.1792944094488185
0
LINE
8
BLACK
6
CONTINUOUS
10
5.4630624803149601
20
-4.1792944094488185
11
5.4603649999999995
21
-4.1779456692913381
0
LINE
8
BLACK
6
CONTINUOUS
10
5.4603649999999995
20
-4.1779456692913381
11
5.4508914566929132
21
-4.1779456692913381
0
LINE
8
BLACK
6
CONTINUOUS
10
5.4508914566929132
20
-4.1779456692913381
11
5.4508914566929132
21
-4.1907877952755905
0
LINE
8
BLACK
6
CONTINUOUS
10
5.5263151574803144
20
-4.1720688582677168
11
5.5263929133858269
21
-4.1720633464566932
0
LINE
8
BLACK
6
CONTINUOUS
10
5.5263929133858269
20
-4.1720633464566932
11
5.5264951574803147
21
-4.1720865748031493
0
LINE
8
BLACK
6
CONTINUOUS
10
5.5264951574803147
20
-4.1720865748031493
11
5.5265996850393702
21
-4.1720968897637798
0
LINE
8
BLACK
6
CONTINUOUS
10
5.5265996850393702
20
-4.1720968897637798
11
5.5266717716535432
21
-4.1721267322834645
0
LINE
8
BLACK
6
CONTINUOUS
10
5.5266717716535432
20
-4.1721267322834645
11
5.5269573622047243
21
-4.172191692913386
0
LINE
8
BLACK
6
CONTINUOUS
10
5.5269573622047243
20
-4.172191692913386
11
5.532581653543307
21
-4.1740664566929135
0
LINE
8
BLACK
6
CONTINUOUS
10
5.532581653543307
20
-4.1740664566929135
11
5.5331101968503935
21
-4.1743024409448815
0
LINE
8
BLACK
6
CONTINUOUS
10
5.5331101968503935
20
-4.1743024409448815
11
5.5339805511811022
21
-4.1750573228346459
0
LINE
8
BLACK
6
CONTINUOUS
10
5.5339805511811022
20
-4.1750573228346459
11
5.5344957874015748
21
-4.1760877559055114
0
LINE
8
BLACK
6
CONTINUOUS
10
5.5344957874015748
20
-4.1760877559055114
11
5.5345774803149608
21
-4.1772369685039372
0
LINE
8
BLACK
6
CONTINUOUS
10
5.5345774803149608
20
-4.1772369685039372
11
5.5342131496062992
21
-4.1783299606299211
0
LINE
8
BLACK
6
CONTINUOUS
10
5.5342131496062992
20
-4.1783299606299211
11
5.5334582677165356
21
-4.1792003543307086
0
LINE
8
BLACK
6
CONTINUOUS
10
5.5334582677165356
20
-4.1792003543307086
11
5.5324277952755905
21
-4.1797155511811024
0
LINE
8
BLACK
6
CONTINUOUS
10
5.5324277952755905
20
-4.1797155511811024
11
5.5312785826771655
21
-4.1797972440944884
0
LINE
8
BLACK
6
CONTINUOUS
10
5.5312785826771655
20
-4.1797972440944884
11
5.5307141338582673
21
-4.1796688976377956
0
LINE
8
BLACK
6
CONTINUOUS
10
5.5307141338582673
20
-4.1796688976377956
11
5.5255444881889764
21
-4.1779456692913381
0
LINE
8
BLACK
6
CONTINUOUS
10
5.5255444881889764
20
-4.1779456692913381
11
5.5173468503937011
21
-4.1779456692913381
0
LINE
8
BLACK
6
CONTINUOUS
10
5.5173468503937011
20
-4.1779456692913381
11
5.5146493700787405
21
-4.1792944094488185
0
LINE
8
BLACK
6
CONTINUOUS
10
5.5146493700787405
20
-4.1792944094488185
11
5.5134522440944878
21
-4.1804915354330712
0
LINE
8
BLACK
6
CONTINUOUS
10
5.5134522440944878
20
-4.1804915354330712
11
5.5121035039370074
21
-4.1831890157480318
0
LINE
8
BLACK
6
CONTINUOUS
10
5.5121035039370074
20
-4.1831890157480318
11
5.5121035039370074
21
-4.1855444488188978
0
LINE
8
BLACK
6
CONTINUOUS
10
5.5121035039370074
20
-4.1855444488188978
11
5.5134522440944878
21
-4.1882419291338584
0
LINE
8
BLACK
6
CONTINUOUS
10
5.5134522440944878
20
-4.1882419291338584
11
5.5146493700787405
21
-4.1894390551181102
0
LINE
8
BLACK
6
CONTINUOUS
10
5.5146493700787405
20
-4.1894390551181102
11
5.5176803543307082
21
-4.1909545275590547
0
LINE
8
BLACK
6
CONTINUOUS
10
5.5176803543307082
20
-4.1909545275590547
11
5.5248650000000001
21
-4.1927507086614169
0
LINE
8
BLACK
6
CONTINUOUS
10
5.5248650000000001
20
-4.1927507086614169
11
5.5249074803149609
21
-4.1927658661417322
0
LINE
8
BLACK
6
CONTINUOUS
10
5.5249074803149609
20
-4.1927658661417322
11
5.5249287401574803
21
-4.1927674015748027
0
LINE
8
BLACK
6
CONTINUOUS
10
5.5249287401574803
20
-4.1927674015748027
11
5.5251681496062988
21
-4.1928590157480317
0
LINE
8
BLACK
6
CONTINUOUS
10
5.5251681496062988
20
-4.1928590157480317
11
5.5254101181102362
21
-4.192945472440945
0
LINE
8
BLACK
6
CONTINUOUS
10
5.5254101181102362
20
-4.192945472440945
11
5.5254272440944883
21
-4.1929581496062989
0
LINE
8
BLACK
6
CONTINUOUS
10
5.5254272440944883
20
-4.1929581496062989
11
5.5254693700787403
21
-4.192974291338583
0
LINE
8
BLACK
6
CONTINUOUS
10
5.5254693700787403
20
-4.192974291338583
11
5.5292188976377954
21
-4.1948490551181106
0
LINE
8
BLACK
6
CONTINUOUS
10
5.5292188976377954
20
-4.1948490551181106
11
5.5294668897637793
21
-4.1950051181102364
0
LINE
8
BLACK
6
CONTINUOUS
10
5.5294668897637793
20
-4.1950051181102364
11
5.5295388582677161
21
-4.1950349606299211
0
LINE
8
BLACK
6
CONTINUOUS
10
5.5295388582677161
20
-4.1950349606299211
11
5.5296198031496058
21
-4.1951014173228343
0
LINE
8
BLACK
6
CONTINUOUS
10
5.5296198031496058
20
-4.1951014173228343
11
5.5297087795275592
21
-4.1951574015748028
0
LINE
8
BLACK
6
CONTINUOUS
10
5.5297087795275592
20
-4.1951574015748028
11
5.5297599212598421
21
-4.1952163779527556
0
LINE
8
BLACK
6
CONTINUOUS
10
5.5297599212598421
20
-4.1952163779527556
11
5.5299862992125979
21
-4.1954021653543307
0
LINE
8
BLACK
6
CONTINUOUS
10
5.5299862992125979
20
-4.1954021653543307
11
5.5318610629921254
21
-4.1972769291338583
0
LINE
8
BLACK
6
CONTINUOUS
10
5.5318610629921254
20
-4.1972769291338583
11
5.5320468110236218
21
-4.1975032677165354
0
LINE
8
BLACK
6
CONTINUOUS
10
5.5320468110236218
20
-4.1975032677165354
11
5.5321058267716534
21
-4.1975544488188978
0
LINE
8
BLACK
6
CONTINUOUS
10
5.5321058267716534
20
-4.1975544488188978
11
5.5321617716535432
21
-4.1976433858267717
0
LINE
8
BLACK
6
CONTINUOUS
10
5.5321617716535432
20
-4.1976433858267717
11
5.5322282677165351
21
-4.1977243700787401
0
LINE
8
BLACK
6
CONTINUOUS
10
5.5322282677165351
20
-4.1977243700787401
11
5.532258070866142
21
-4.1977962992125981
0
LINE
8
BLACK
6
CONTINUOUS
10
5.532258070866142
20
-4.1977962992125981
11
5.5324141732283465
21
-4.1980443307086617
0
LINE
8
BLACK
6
CONTINUOUS
10
5.5324141732283465
20
-4.1980443307086617
11
5.5342889370078741
21
-4.2017938582677168
0
LINE
8
BLACK
6
CONTINUOUS
10
5.5342889370078741
20
-4.2017938582677168
11
5.5344958267716535
21
-4.2023344488188972
0
LINE
8
BLACK
6
CONTINUOUS
10
5.5344958267716535
20
-4.2023344488188972
11
5.5345033464566926
21
-4.2024403149606302
0
LINE
8
BLACK
6
CONTINUOUS
10
5.5345033464566926
20
-4.2024403149606302
11
5.5345439370078742
21
-4.2025383070866145
0
LINE
8
BLACK
6
CONTINUOUS
10
5.5345439370078742
20
-4.2025383070866145
11
5.5346006692913381
21
-4.2031143700787403
0
LINE
8
BLACK
6
CONTINUOUS
10
5.5346006692913381
20
-4.2031143700787403
11
5.5346006692913381
21
-4.2068638976377954
0
LINE
8
BLACK
6
CONTINUOUS
10
5.5346006692913381
20
-4.2068638976377954
11
5.5345439370078742
21
-4.2074399606299213
0
LINE
8
BLACK
6
CONTINUOUS
10
5.5345439370078742
20
-4.2074399606299213
11
5.5345033464566926
21
-4.2075379133858268
0
LINE
8
BLACK
6
CONTINUOUS
10
5.5345033464566926
20
-4.2075379133858268
11
5.5344958267716535
21
-4.2076438188976377
0
LINE
8
BLACK
6
CONTINUOUS
10
5.5344958267716535
20
-4.2076438188976377
11
5.5342889370078741
21
-4.208184409448819
0
LINE
8
BLACK
6
CONTINUOUS
10
5.5342889370078741
20
-4.208184409448819
11
5.5324141732283465
21
-4.2119339370078741
0
LINE
8
BLACK
6
CONTINUOUS
10
5.5324141732283465
20
-4.2119339370078741
11
5.5322581102362207
21
-4.2121818110236218
0
LINE
8
BLACK
6
CONTINUOUS
10
5.5322581102362207
20
-4.2121818110236218
11
5.5322283070866138
21
-4.212253858267716
0
LINE
8
BLACK
6
CONTINUOUS
10
5.5322283070866138
20
-4.212253858267716
11
5.5321617716535432
21
-4.2123348818897641
0
LINE
8
BLACK
6
CONTINUOUS
10
5.5321617716535432
20
-4.2123348818897641
11
5.5321058267716534
21
-4.212423818897638
0
LINE
8
BLACK
6
CONTINUOUS
10
5.5321058267716534
20
-4.212423818897638
11
5.5320468110236218
21
-4.2124749606299208
0
LINE
8
BLACK
6
CONTINUOUS
10
5.5320468110236218
20
-4.2124749606299208
11
5.5318610629921254
21
-4.2127013385826775
0
LINE
8
BLACK
6
CONTINUOUS
10
5.5318610629921254
20
-4.2127013385826775
11
5.5299863385826766
21
-4.214576102362205
0
LINE
8
BLACK
6
CONTINUOUS
10
5.5299863385826766
20
-4.214576102362205
11
5.5297599606299208
21
-4.2147618503937005
0
LINE
8
BLACK
6
CONTINUOUS
10
5.5297599606299208
20
-4.2147618503937005
11
5.5297087795275592
21
-4.2148209055118109
0
LINE
8
BLACK
6
CONTINUOUS
10
5.5297087795275592
20
-4.2148209055118109
11
5.5296198031496058
21
-4.2148768897637794
0
LINE
8
BLACK
6
CONTINUOUS
10
5.5296198031496058
20
-4.2148768897637794
11
5.5295388582677161
21
-4.2149433464566926
0
LINE
8
BLACK
6
CONTINUOUS
10
5.5295388582677161
20
-4.2149433464566926
11
5.5294668897637793
21
-4.2149731496062994
0
LINE
8
BLACK
6
CONTINUOUS
10
5.5294668897637793
20
-4.2149731496062994
11
5.5292188976377954
21
-4.215129251968504
0
LINE
8
BLACK
6
CONTINUOUS
10
5.5292188976377954
20
-4.215129251968504
11
5.5254693700787403
21
-4.2170040157480315
0
LINE
8
BLACK
6
CONTINUOUS
10
5.5254693700787403
20
-4.2170040157480315
11
5.5249287401574803
21
-4.217210905511811
0
LINE
8
BLACK
6
CONTINUOUS
10
5.5249287401574803
20
-4.217210905511811
11
5.5248229133858269
21
-4.2172183858267713
0
LINE
8
BLACK
6
CONTINUOUS
10
5.5248229133858269
20
-4.2172183858267713
11
5.5247249212598426
21
-4.2172590157480316
0
LINE
8
BLACK
6
CONTINUOUS
10
5.5247249212598426
20
-4.2172590157480316
11
5.5241488582677167
21
-4.2173157480314956
0
LINE
8
BLACK
6
CONTINUOUS
10
5.5241488582677167
20
-4.2173157480314956
11
5.514775039370079
21
-4.2173157480314956
0
LINE
8
BLACK
6
CONTINUOUS
10
5.514775039370079
20
-4.2173157480314956
11
5.5144834251968504
21
-4.2172870078740159
0
LINE
8
BLACK
6
CONTINUOUS
10
5.5144834251968504
20
-4.2172870078740159
11
5.5144057086614175
21
-4.2172925590551182
0
LINE
8
BLACK
6
CONTINUOUS
10
5.5144057086614175
20
-4.2172925590551182
11
5.5143034251968501
21
-4.2172692913385825
0
LINE
8
BLACK
6
CONTINUOUS
10
5.5143034251968501
20
-4.2172692913385825
11
5.5141989763779522
21
-4.2172590157480316
0
LINE
8
BLACK
6
CONTINUOUS
10
5.5141989763779522
20
-4.2172590157480316
11
5.5141268897637792
21
-4.2172291338582673
0
LINE
8
BLACK
6
CONTINUOUS
10
5.5141268897637792
20
-4.2172291338582673
11
5.5138412598425193
21
-4.2171642125984254
0
LINE
8
BLACK
6
CONTINUOUS
10
5.5138412598425193
20
-4.2171642125984254
11
5.5082170078740154
21
-4.2152894488188979
0
LINE
8
BLACK
6
CONTINUOUS
10
5.5082170078740154
20
-4.2152894488188979
11
5.5076884251968501
21
-4.2150534645669291
0
LINE
8
BLACK
6
CONTINUOUS
10
5.5076884251968501
20
-4.2150534645669291
11
5.5068180708661414
21
-4.2142985826771655
0
LINE
8
BLACK
6
CONTINUOUS
10
5.5068180708661414
20
-4.2142985826771655
11
5.5063028740157476
21
-4.2132681496062991
0
LINE
8
BLACK
6
CONTINUOUS
10
5.5063028740157476
20
-4.2132681496062991
11
5.5062211811023625
21
-4.2121189370078742
0
LINE
8
BLACK
6
CONTINUOUS
10
5.5062211811023625
20
-4.2121189370078742
11
5.5065855118110232
21
-4.2110259055118107
0
LINE
8
BLACK
6
CONTINUOUS
10
5.5065855118110232
20
-4.2110259055118107
11
5.5073403937007877
21
-4.210155551181102
0
LINE
8
BLACK
6
CONTINUOUS
10
5.5073403937007877
20
-4.210155551181102
11
5.5083708267716531
21
-4.2096403543307082
0
LINE
8
BLACK
6
CONTINUOUS
10
5.5083708267716531
20
-4.2096403543307082
11
5.5095200393700789
21
-4.209558661417323
0
LINE
8
BLACK
6
CONTINUOUS
10
5.5095200393700789
20
-4.209558661417323
11
5.5100844881889763
21
-4.2096870078740158
0
LINE
8
BLACK
6
CONTINUOUS
10
5.5100844881889763
20
-4.2096870078740158
11
5.515254173228346
21
-4.2114102362204724
0
LINE
8
BLACK
6
CONTINUOUS
10
5.515254173228346
20
-4.2114102362204724
11
5.5234518110236221
21
-4.2114102362204724
0
LINE
8
BLACK
6
CONTINUOUS
10
5.5234518110236221
20
-4.2114102362204724
11
5.526149251968504
21
-4.2100614960629921
0
LINE
8
BLACK
6
CONTINUOUS
10
5.526149251968504
20
-4.2100614960629921
11
5.5273463779527559
21
-4.2088643307086615
0
LINE
8
BLACK
6
CONTINUOUS
10
5.5273463779527559
20
-4.2088643307086615
11
5.5286951574803149
21
-4.2061668503937009
0
LINE
8
BLACK
6
CONTINUOUS
10
5.5286951574803149
20
-4.2061668503937009
11
5.5286951574803149
21
-4.2038114173228349
0
LINE
8
BLACK
6
CONTINUOUS
10
5.5286951574803149
20
-4.2038114173228349
11
5.5273464173228346
21
-4.2011139370078743
0
LINE
8
BLACK
6
CONTINUOUS
10
5.5273464173228346
20
-4.2011139370078743
11
5.5261492913385828
21
-4.1999168110236216
0
LINE
8
BLACK
6
CONTINUOUS
10
5.5261492913385828
20
-4.1999168110236216
11
5.5231183070866141
21
-4.1984012992125983
0
LINE
8
BLACK
6
CONTINUOUS
10
5.5231183070866141
20
-4.1984012992125983
11
5.5159336614173231
21
-4.1966051574803149
0
LINE
8
BLACK
6
CONTINUOUS
10
5.5159336614173231
20
-4.1966051574803149
11
5.5158911417322836
21
-4.1965899606299208
0
LINE
8
BLACK
6
CONTINUOUS
10
5.5158911417322836
20
-4.1965899606299208
11
5.5158698818897633
21
-4.1965884645669291
0
LINE
8
BLACK
6
CONTINUOUS
10
5.5158698818897633
20
-4.1965884645669291
11
5.5156301181102361
21
-4.196496692913386
0
LINE
8
BLACK
6
CONTINUOUS
10
5.5156301181102361
20
-4.196496692913386
11
5.5153885433070862
21
-4.1964103937007877
0
LINE
8
BLACK
6
CONTINUOUS
10
5.5153885433070862
20
-4.1964103937007877
11
5.5153713779527553
21
-4.1963976771653542
0
LINE
8
BLACK
6
CONTINUOUS
10
5.5153713779527553
20
-4.1963976771653542
11
5.515329291338583
21
-4.1963815748031497
0
LINE
8
BLACK
6
CONTINUOUS
10
5.515329291338583
20
-4.1963815748031497
11
5.5115797637795279
21
-4.1945068110236221
0
LINE
8
BLACK
6
CONTINUOUS
10
5.5115797637795279
20
-4.1945068110236221
11
5.5113317322834643
21
-4.1943507086614176
0
LINE
8
BLACK
6
CONTINUOUS
10
5.5113317322834643
20
-4.1943507086614176
11
5.5112598031496063
21
-4.1943209055118107
0
LINE
8
BLACK
6
CONTINUOUS
10
5.5112598031496063
20
-4.1943209055118107
11
5.5111788188976378
21
-4.1942544094488188
0
LINE
8
BLACK
6
CONTINUOUS
10
5.5111788188976378
20
-4.1942544094488188
11
5.511089881889764
21
-4.194198464566929
0
LINE
8
BLACK
6
CONTINUOUS
10
5.511089881889764
20
-4.194198464566929
11
5.5110387007874015
21
-4.1941394488188974
0
LINE
8
BLACK
6
CONTINUOUS
10
5.5110387007874015
20
-4.1941394488188974
11
5.5108123622047245
21
-4.193953700787401
0
LINE
8
BLACK
6
CONTINUOUS
10
5.5108123622047245
20
-4.193953700787401
11
5.5089375984251969
21
-4.1920789370078735
0
LINE
8
BLACK
6
CONTINUOUS
10
5.5089375984251969
20
-4.1920789370078735
11
5.5087518110236218
21
-4.1918525590551177
0
LINE
8
BLACK
6
CONTINUOUS
10
5.5087518110236218
20
-4.1918525590551177
11
5.5086928346456689
21
-4.1918014173228348
0
LINE
8
BLACK
6
CONTINUOUS
10
5.5086928346456689
20
-4.1918014173228348
11
5.5086368503937004
21
-4.1917124409448814
0
LINE
8
BLACK
6
CONTINUOUS
10
5.5086368503937004
20
-4.1917124409448814
11
5.5085703937007873
21
-4.1916314960629917
0
LINE
8
BLACK
6
CONTINUOUS
10
5.5085703937007873
20
-4.1916314960629917
11
5.5085405511811025
21
-4.1915595275590549
0
LINE
8
BLACK
6
CONTINUOUS
10
5.5085405511811025
20
-4.1915595275590549
11
5.5083844881889759
21
-4.191311535433071
0
LINE
8
BLACK
6
CONTINUOUS
10
5.5083844881889759
20
-4.191311535433071
11
5.5065097244094483
21
-4.1875620078740159
0
LINE
8
BLACK
6
CONTINUOUS
10
5.5065097244094483
20
-4.1875620078740159
11
5.5063028346456688
21
-4.1870213779527559
0
LINE
8
BLACK
6
CONTINUOUS
10
5.5063028346456688
20
-4.1870213779527559
11
5.5062953149606297
21
-4.1869155511811025
0
LINE
8
BLACK
6
CONTINUOUS
10
5.5062953149606297
20
-4.1869155511811025
11
5.5062547244094491
21
-4.1868175590551182
0
LINE
8
BLACK
6
CONTINUOUS
10
5.5062547244094491
20
-4.1868175590551182
11
5.5061979921259843
21
-4.1862414960629923
0
LINE
8
BLACK
6
CONTINUOUS
10
5.5061979921259843
20
-4.1862414960629923
11
5.5061979921259843
21
-4.1824919685039372
0
LINE
8
BLACK
6
CONTINUOUS
10
5.5061979921259843
20
-4.1824919685039372
11
5.5062547244094491
21
-4.1819159055118114
0
LINE
8
BLACK
6
CONTINUOUS
10
5.5062547244094491
20
-4.1819159055118114
11
5.5062953149606297
21
-4.1818178740157483
0
LINE
8
BLACK
6
CONTINUOUS
10
5.5062953149606297
20
-4.1818178740157483
11
5.5063028346456688
21
-4.1817120866141728
0
LINE
8
BLACK
6
CONTINUOUS
10
5.5063028346456688
20
-4.1817120866141728
11
5.5065097244094483
21
-4.1811714566929137
0
LINE
8
BLACK
6
CONTINUOUS
10
5.5065097244094483
20
-4.1811714566929137
11
5.5083844881889759
21
-4.1774219291338586
0
LINE
8
BLACK
6
CONTINUOUS
10
5.5083844881889759
20
-4.1774219291338586
11
5.5085405511811025
21
-4.177173897637795
0
LINE
8
BLACK
6
CONTINUOUS
10
5.5085405511811025
20
-4.177173897637795
11
5.5085703937007873
21
-4.177101968503937
0
LINE
8
BLACK
6
CONTINUOUS
10
5.5085703937007873
20
-4.177101968503937
11
5.5086368503937004
21
-4.1770209842519685
0
LINE
8
BLACK
6
CONTINUOUS
10
5.5086368503937004
20
-4.1770209842519685
11
5.5086928346456689
21
-4.1769320472440947
0
LINE
8
BLACK
6
CONTINUOUS
10
5.5086928346456689
20
-4.1769320472440947
11
5.5087518110236218
21
-4.1768808661417323
0
LINE
8
BLACK
6
CONTINUOUS
10
5.5087518110236218
20
-4.1768808661417323
11
5.5089375984251969
21
-4.1766545275590552
0
LINE
8
BLACK
6
CONTINUOUS
10
5.5089375984251969
20
-4.1766545275590552
11
5.5108123622047245
21
-4.1747797637795276
0
LINE
8
BLACK
6
CONTINUOUS
10
5.5108123622047245
20
-4.1747797637795276
11
5.5110387007874015
21
-4.1745939763779525
0
LINE
8
BLACK
6
CONTINUOUS
10
5.5110387007874015
20
-4.1745939763779525
11
5.511089881889764
21
-4.1745349999999997
0
LINE
8
BLACK
6
CONTINUOUS
10
5.511089881889764
20
-4.1745349999999997
11
5.5111788188976378
21
-4.1744790157480312
0
LINE
8
BLACK
6
CONTINUOUS
10
5.5111788188976378
20
-4.1744790157480312
11
5.5112598031496063
21
-4.174412559055118
0
LINE
8
BLACK
6
CONTINUOUS
10
5.5112598031496063
20
-4.174412559055118
11
5.5113317322834643
21
-4.1743827165354332
0
LINE
8
BLACK
6
CONTINUOUS
10
5.5113317322834643
20
-4.1743827165354332
11
5.5115797637795279
21
-4.1742266535433066
0
LINE
8
BLACK
6
CONTINUOUS
10
5.5115797637795279
20
-4.1742266535433066
11
5.515329291338583
21
-4.172351889763779
0
LINE
8
BLACK
6
CONTINUOUS
10
5.515329291338583
20
-4.172351889763779
11
5.5158698818897633
21
-4.1721449999999995
0
LINE
8
BLACK
6
CONTINUOUS
10
5.5158698818897633
20
-4.1721449999999995
11
5.5159757480314964
21
-4.1721374409448817
0
LINE
8
BLACK
6
CONTINUOUS
10
5.5159757480314964
20
-4.1721374409448817
11
5.5160737401574798
21
-4.1720968897637798
0
LINE
8
BLACK
6
CONTINUOUS
10
5.5160737401574798
20
-4.1720968897637798
11
5.5166498031496065
21
-4.172040157480315
0
LINE
8
BLACK
6
CONTINUOUS
10
5.5166498031496065
20
-4.172040157480315
11
5.5260236220472443
21
-4.172040157480315
0
LINE
8
BLACK
6
CONTINUOUS
10
5.5260236220472443
20
-4.172040157480315
11
5.5263151574803144
21
-4.1720688582677168
0
LINE
8
BLACK
6
CONTINUOUS
10
5.605339842519685
20
-4.1720968897637798
11
5.6054378346456692
21
-4.1721374803149605
0
LINE
8
BLACK
6
CONTINUOUS
10
5.6054378346456692
20
-4.1721374803149605
11
5.6055436614173226
21
-4.1721449999999995
0
LINE
8
BLACK
6
CONTINUOUS
10
5.6055436614173226
20
-4.1721449999999995
11
5.6060842913385827
21
-4.172351889763779
0
LINE
8
BLACK
6
CONTINUOUS
10
5.6060842913385827
20
-4.172351889763779
11
5.6098338188976378
21
-4.1742266535433066
0
LINE
8
BLACK
6
CONTINUOUS
10
5.6098338188976378
20
-4.1742266535433066
11
5.6100818110236217
21
-4.1743827165354332
0
LINE
8
BLACK
6
CONTINUOUS
10
5.6100818110236217
20
-4.1743827165354332
11
5.6101537795275593
21
-4.174412559055118
0
LINE
8
BLACK
6
CONTINUOUS
10
5.6101537795275593
20
-4.174412559055118
11
5.610234724409449
21
-4.1744790157480312
0
LINE
8
BLACK
6
CONTINUOUS
10
5.610234724409449
20
-4.1744790157480312
11
5.6103237007874016
21
-4.1745349999999997
0
LINE
8
BLACK
6
CONTINUOUS
10
5.6103237007874016
20
-4.1745349999999997
11
5.6103748425196853
21
-4.1745939763779525
0
LINE
8
BLACK
6
CONTINUOUS
10
5.6103748425196853
20
-4.1745939763779525
11
5.6106012204724411
21
-4.1747797637795276
0
LINE
8
BLACK
6
CONTINUOUS
10
5.6106012204724411
20
-4.1747797637795276
11
5.6124759842519687
21
-4.1766545275590552
0
LINE
8
BLACK
6
CONTINUOUS
10
5.6124759842519687
20
-4.1766545275590552
11
5.6126617322834642
21
-4.1768808661417323
0
LINE
8
BLACK
6
CONTINUOUS
10
5.6126617322834642
20
-4.1768808661417323
11
5.6127207480314958
21
-4.1769320472440947
0
LINE
8
BLACK
6
CONTINUOUS
10
5.6127207480314958
20
-4.1769320472440947
11
5.6127766929133855
21
-4.1770209842519685
0
LINE
8
BLACK
6
CONTINUOUS
10
5.6127766929133855
20
-4.1770209842519685
11
5.6128431889763775
21
-4.177101968503937
0
LINE
8
BLACK
6
CONTINUOUS
10
5.6128431889763775
20
-4.177101968503937
11
5.6128729921259843
21
-4.177173897637795
0
LINE
8
BLACK
6
CONTINUOUS
10
5.6128729921259843
20
-4.177173897637795
11
5.6130290944881889
21
-4.1774219291338586
0
LINE
8
BLACK
6
CONTINUOUS
10
5.6130290944881889
20
-4.1774219291338586
11
5.6149038582677164
21
-4.1811714566929137
0
LINE
8
BLACK
6
CONTINUOUS
10
5.6149038582677164
20
-4.1811714566929137
11
5.6149199606299209
21
-4.1812135433070869
0
LINE
8
BLACK
6
CONTINUOUS
10
5.6149199606299209
20
-4.1812135433070869
11
5.6149326771653545
21
-4.1812307086614169
0
LINE
8
BLACK
6
CONTINUOUS
10
5.6149326771653545
20
-4.1812307086614169
11
5.6150189763779528
21
-4.1814722834645668
0
LINE
8
BLACK
6
CONTINUOUS
10
5.6150189763779528
20
-4.1814722834645668
11
5.6151107480314959
21
-4.1817120472440941
0
LINE
8
BLACK
6
CONTINUOUS
10
5.6151107480314959
20
-4.1817120472440941
11
5.6151122440944885
21
-4.1817333070866143
0
LINE
8
BLACK
6
CONTINUOUS
10
5.6151122440944885
20
-4.1817333070866143
11
5.6151274409448817
21
-4.1817758267716538
0
LINE
8
BLACK
6
CONTINUOUS
10
5.6151274409448817
20
-4.1817758267716538
11
5.6170022047244093
21
-4.189274881889764
0
LINE
8
BLACK
6
CONTINUOUS
10
5.6170022047244093
20
-4.189274881889764
11
5.6170169685039371
21
-4.1893747244094488
0
LINE
8
BLACK
6
CONTINUOUS
10
5.6170169685039371
20
-4.1893747244094488
11
5.6170336220472441
21
-4.1894149606299216
0
LINE
8
BLACK
6
CONTINUOUS
10
5.6170336220472441
20
-4.1894149606299216
11
5.6170549606299209
21
-4.1896319685039369
0
LINE
8
BLACK
6
CONTINUOUS
10
5.6170549606299209
20
-4.1896319685039369
11
5.6170868503937008
21
-4.1898474803149606
0
LINE
8
BLACK
6
CONTINUOUS
10
5.6170868503937008
20
-4.1898474803149606
11
5.6170804330708659
21
-4.1898904724409451
0
LINE
8
BLACK
6
CONTINUOUS
10
5.6170804330708659
20
-4.1898904724409451
11
5.6170903543307089
21
-4.1899910236220475
0
LINE
8
BLACK
6
CONTINUOUS
10
5.6170903543307089
20
-4.1899910236220475
11
5.6170903543307089
21
-4.1993648425196852
0
LINE
8
BLACK
6
CONTINUOUS
10
5.6170903543307089
20
-4.1993648425196852
11
5.6170804330708659
21
-4.1994653543307088
0
LINE
8
BLACK
6
CONTINUOUS
10
5.6170804330708659
20
-4.1994653543307088
11
5.6170868503937008
21
-4.1995083858267712
0
LINE
8
BLACK
6
CONTINUOUS
10
5.6170868503937008
20
-4.1995083858267712
11
5.6170549606299209
21
-4.1997238582677161
0
LINE
8
BLACK
6
CONTINUOUS
10
5.6170549606299209
20
-4.1997238582677161
11
5.6170336220472441
21
-4.1999409055118111
0
LINE
8
BLACK
6
CONTINUOUS
10
5.6170336220472441
20
-4.1999409055118111
11
5.6170169685039371
21
-4.1999811023622042
0
LINE
8
BLACK
6
CONTINUOUS
10
5.6170169685039371
20
-4.1999811023622042
11
5.6170022047244093
21
-4.2000809842519686
0
LINE
8
BLACK
6
CONTINUOUS
10
5.6170022047244093
20
-4.2000809842519686
11
5.6151274409448817
21
-4.2075800393700789
0
LINE
8
BLACK
6
CONTINUOUS
10
5.6151274409448817
20
-4.2075800393700789
11
5.6151122440944885
21
-4.2076225196850396
0
LINE
8
BLACK
6
CONTINUOUS
10
5.6151122440944885
20
-4.2076225196850396
11
5.6151107480314959
21
-4.2076438188976377
0
LINE
8
BLACK
6
CONTINUOUS
10
5.6151107480314959
20
-4.2076438188976377
11
5.6150189763779528
21
-4.2078835433070862
0
LINE
8
BLACK
6
CONTINUOUS
10
5.6150189763779528
20
-4.2078835433070862
11
5.6149326771653545
21
-4.2081251574803149
0
LINE
8
BLACK
6
CONTINUOUS
10
5.6149326771653545
20
-4.2081251574803149
11
5.6149199606299209
21
-4.208142283464567
0
LINE
8
BLACK
6
CONTINUOUS
10
5.6149199606299209
20
-4.208142283464567
11
5.6149038582677164
21
-4.208184409448819
0
LINE
8
BLACK
6
CONTINUOUS
10
5.6149038582677164
20
-4.208184409448819
11
5.6130290944881889
21
-4.2119339370078741
0
LINE
8
BLACK
6
CONTINUOUS
10
5.6130290944881889
20
-4.2119339370078741
11
5.6128730314960631
21
-4.2121818110236218
0
LINE
8
BLACK
6
CONTINUOUS
10
5.6128730314960631
20
-4.2121818110236218
11
5.6128432283464562
21
-4.212253858267716
0
LINE
8
BLACK
6
CONTINUOUS
10
5.6128432283464562
20
-4.212253858267716
11
5.6127766929133855
21
-4.2123348818897641
0
LINE
8
BLACK
6
CONTINUOUS
10
5.6127766929133855
20
-4.2123348818897641
11
5.6127207480314958
21
-4.212423818897638
0
LINE
8
BLACK
6
CONTINUOUS
10
5.6127207480314958
20
-4.212423818897638
11
5.6126617322834642
21
-4.2124749606299208
0
LINE
8
BLACK
6
CONTINUOUS
10
5.6126617322834642
20
-4.2124749606299208
11
5.6124759842519687
21
-4.2127013385826775
0
LINE
8
BLACK
6
CONTINUOUS
10
5.6124759842519687
20
-4.2127013385826775
11
5.6106012598425199
21
-4.214576102362205
0
LINE
8
BLACK
6
CONTINUOUS
10
5.6106012598425199
20
-4.214576102362205
11
5.6103748818897641
21
-4.2147618503937005
0
LINE
8
BLACK
6
CONTINUOUS
10
5.6103748818897641
20
-4.2147618503937005
11
5.6103237007874016
21
-4.2148209055118109
0
LINE
8
BLACK
6
CONTINUOUS
10
5.6103237007874016
20
-4.2148209055118109
11
5.610234724409449
21
-4.2148768897637794
0
LINE
8
BLACK
6
CONTINUOUS
10
5.610234724409449
20
-4.2148768897637794
11
5.6101537795275593
21
-4.2149433464566926
0
LINE
8
BLACK
6
CONTINUOUS
10
5.6101537795275593
20
-4.2149433464566926
11
5.6100818110236217
21
-4.2149731496062994
0
LINE
8
BLACK
6
CONTINUOUS
10
5.6100818110236217
20
-4.2149731496062994
11
5.6098338188976378
21
-4.215129251968504
0
LINE
8
BLACK
6
CONTINUOUS
10
5.6098338188976378
20
-4.215129251968504
11
5.6060842913385827
21
-4.2170040157480315
0
LINE
8
BLACK
6
CONTINUOUS
10
5.6060842913385827
20
-4.2170040157480315
11
5.6055436614173226
21
-4.217210905511811
0
LINE
8
BLACK
6
CONTINUOUS
10
5.6055436614173226
20
-4.217210905511811
11
5.6054378346456692
21
-4.2172183858267713
0
LINE
8
BLACK
6
CONTINUOUS
10
5.6054378346456692
20
-4.2172183858267713
11
5.605339842519685
21
-4.2172590157480316
0
LINE
8
BLACK
6
CONTINUOUS
10
5.605339842519685
20
-4.2172590157480316
11
5.6047637795275591
21
-4.2173157480314956
0
LINE
8
BLACK
6
CONTINUOUS
10
5.6047637795275591
20
-4.2173157480314956
11
5.601014251968504
21
-4.2173157480314956
0
LINE
8
BLACK
6
CONTINUOUS
10
5.601014251968504
20
-4.2173157480314956
11
5.6004381889763781
21
-4.2172590157480316
0
LINE
8
BLACK
6
CONTINUOUS
10
5.6004381889763781
20
-4.2172590157480316
11
5.6003401968503939
21
-4.2172184251968501
0
LINE
8
BLACK
6
CONTINUOUS
10
5.6003401968503939
20
-4.2172184251968501
11
5.6002343307086617
21
-4.217210905511811
0
LINE
8
BLACK
6
CONTINUOUS
10
5.6002343307086617
20
-4.217210905511811
11
5.5996937401574804
21
-4.2170040157480315
0
LINE
8
BLACK
6
CONTINUOUS
10
5.5996937401574804
20
-4.2170040157480315
11
5.5959442125984253
21
-4.215129251968504
0
LINE
8
BLACK
6
CONTINUOUS
10
5.5959442125984253
20
-4.215129251968504
11
5.5956961811023618
21
-4.2149731496062994
0
LINE
8
BLACK
6
CONTINUOUS
10
5.5956961811023618
20
-4.2149731496062994
11
5.5956242519685038
21
-4.2149433464566926
0
LINE
8
BLACK
6
CONTINUOUS
10
5.5956242519685038
20
-4.2149433464566926
11
5.5955432677165353
21
-4.2148768897637794
0
LINE
8
BLACK
6
CONTINUOUS
10
5.5955432677165353
20
-4.2148768897637794
11
5.5954543307086615
21
-4.2148209055118109
0
LINE
8
BLACK
6
CONTINUOUS
10
5.5954543307086615
20
-4.2148209055118109
11
5.5954031102362203
21
-4.2147618503937005
0
LINE
8
BLACK
6
CONTINUOUS
10
5.5954031102362203
20
-4.2147618503937005
11
5.5951767716535432
21
-4.214576102362205
0
LINE
8
BLACK
6
CONTINUOUS
10
5.5951767716535432
20
-4.214576102362205
11
5.5933020078740157
21
-4.2127012992125987
0
LINE
8
BLACK
6
CONTINUOUS
10
5.5933020078740157
20
-4.2127012992125987
11
5.5931162598425193
21
-4.2124749606299208
0
LINE
8
BLACK
6
CONTINUOUS
10
5.5931162598425193
20
-4.2124749606299208
11
5.5930572834645664
21
-4.212423818897638
0
LINE
8
BLACK
6
CONTINUOUS
10
5.5930572834645664
20
-4.212423818897638
11
5.5930012992125979
21
-4.2123348818897641
0
LINE
8
BLACK
6
CONTINUOUS
10
5.5930012992125979
20
-4.2123348818897641
11
5.592934803149606
21
-4.212253858267716
0
LINE
8
BLACK
6
CONTINUOUS
10
5.592934803149606
20
-4.212253858267716
11
5.5929049606299213
21
-4.2121818110236218
0
LINE
8
BLACK
6
CONTINUOUS
10
5.5929049606299213
20
-4.2121818110236218
11
5.5927489370078742
21
-4.2119339370078741
0
LINE
8
BLACK
6
CONTINUOUS
10
5.5927489370078742
20
-4.2119339370078741
11
5.5908741732283467
21
-4.208184409448819
0
LINE
8
BLACK
6
CONTINUOUS
10
5.5908741732283467
20
-4.208184409448819
11
5.5908580314960625
21
-4.208142283464567
0
LINE
8
BLACK
6
CONTINUOUS
10
5.5908580314960625
20
-4.208142283464567
11
5.5908453543307086
21
-4.2081251574803149
0
LINE
8
BLACK
6
CONTINUOUS
10
5.5908453543307086
20
-4.2081251574803149
11
5.5907588976377953
21
-4.2078831889763775
0
LINE
8
BLACK
6
CONTINUOUS
10
5.5907588976377953
20
-4.2078831889763775
11
5.5906672834645672
21
-4.207643779527559
0
LINE
8
BLACK
6
CONTINUOUS
10
5.5906672834645672
20
-4.207643779527559
11
5.5906657480314959
21
-4.2076225196850396
0
LINE
8
BLACK
6
CONTINUOUS
10
5.5906657480314959
20
-4.2076225196850396
11
5.5906505905511814
21
-4.2075800393700789
0
LINE
8
BLACK
6
CONTINUOUS
10
5.5906505905511814
20
-4.2075800393700789
11
5.5887758267716539
21
-4.2000809842519686
0
LINE
8
BLACK
6
CONTINUOUS
10
5.5887758267716539
20
-4.2000809842519686
11
5.5887610236220473
21
-4.1999811023622042
0
LINE
8
BLACK
6
CONTINUOUS
10
5.5887610236220473
20
-4.1999811023622042
11
5.588744409448819
21
-4.1999409055118111
0
LINE
8
BLACK
6
CONTINUOUS
10
5.588744409448819
20
-4.1999409055118111
11
5.5887230314960625
21
-4.1997238582677161
0
LINE
8
BLACK
6
CONTINUOUS
10
5.5887230314960625
20
-4.1997238582677161
11
5.5886911811023623
21
-4.1995083858267712
0
LINE
8
BLACK
6
CONTINUOUS
10
5.5886911811023623
20
-4.1995083858267712
11
5.5886975590551176
21
-4.1994653543307088
0
LINE
8
BLACK
6
CONTINUOUS
10
5.5886975590551176
20
-4.1994653543307088
11
5.5886876771653542
21
-4.1993648425196852
0
LINE
8
BLACK
6
CONTINUOUS
10
5.5886876771653542
20
-4.1993648425196852
11
5.5886876771653542
21
-4.1899910236220475
0
LINE
8
BLACK
6
CONTINUOUS
10
5.5886876771653542
20
-4.1899910236220475
11
5.5886975590551176
21
-4.1898904724409451
0
LINE
8
BLACK
6
CONTINUOUS
10
5.5886975590551176
20
-4.1898904724409451
11
5.5886911811023623
21
-4.1898474803149606
0
LINE
8
BLACK
6
CONTINUOUS
10
5.5886911811023623
20
-4.1898474803149606
11
5.5887230314960625
21
-4.1896319685039369
0
LINE
8
BLACK
6
CONTINUOUS
10
5.5887230314960625
20
-4.1896319685039369
11
5.588744409448819
21
-4.1894149606299216
0
LINE
8
BLACK
6
CONTINUOUS
10
5.588744409448819
20
-4.1894149606299216
11
5.5887610236220473
21
-4.1893747244094488
0
LINE
8
BLACK
6
CONTINUOUS
10
5.5887610236220473
20
-4.1893747244094488
11
5.5887758267716539
21
-4.189274881889764
0
LINE
8
BLACK
6
CONTINUOUS
10
5.5887758267716539
20
-4.189274881889764
11
5.5906505905511814
21
-4.1817758267716538
0
LINE
8
BLACK
6
CONTINUOUS
10
5.5906505905511814
20
-4.1817758267716538
11
5.5906657480314959
21
-4.1817333070866143
0
LINE
8
BLACK
6
CONTINUOUS
10
5.5906657480314959
20
-4.1817333070866143
11
5.5906672834645672
21
-4.1817120866141728
0
LINE
8
BLACK
6
CONTINUOUS
10
5.5906672834645672
20
-4.1817120866141728
11
5.5907588976377953
21
-4.1814726377952756
0
LINE
8
BLACK
6
CONTINUOUS
10
5.5907588976377953
20
-4.1814726377952756
11
5.5908453543307086
21
-4.1812307086614169
0
LINE
8
BLACK
6
CONTINUOUS
10
5.5908453543307086
20
-4.1812307086614169
11
5.5908580314960625
21
-4.1812135433070869
0
LINE
8
BLACK
6
CONTINUOUS
10
5.5908580314960625
20
-4.1812135433070869
11
5.5908741732283467
21
-4.1811714566929137
0
LINE
8
BLACK
6
CONTINUOUS
10
5.5908741732283467
20
-4.1811714566929137
11
5.5927489370078742
21
-4.1774219291338586
0
LINE
8
BLACK
6
CONTINUOUS
10
5.5927489370078742
20
-4.1774219291338586
11
5.592905
21
-4.177173897637795
0
LINE
8
BLACK
6
CONTINUOUS
10
5.592905
20
-4.177173897637795
11
5.5929348425196848
21
-4.177101968503937
0
LINE
8
BLACK
6
CONTINUOUS
10
5.5929348425196848
20
-4.177101968503937
11
5.5930012992125979
21
-4.1770209842519685
0
LINE
8
BLACK
6
CONTINUOUS
10
5.5930012992125979
20
-4.1770209842519685
11
5.5930572834645664
21
-4.1769320472440947
0
LINE
8
BLACK
6
CONTINUOUS
10
5.5930572834645664
20
-4.1769320472440947
11
5.5931162598425193
21
-4.1768808661417323
0
LINE
8
BLACK
6
CONTINUOUS
10
5.5931162598425193
20
-4.1768808661417323
11
5.5933020472440944
21
-4.1766545275590552
0
LINE
8
BLACK
6
CONTINUOUS
10
5.5933020472440944
20
-4.1766545275590552
11
5.595176811023622
21
-4.1747797637795276
0
LINE
8
BLACK
6
CONTINUOUS
10
5.595176811023622
20
-4.1747797637795276
11
5.595403149606299
21
-4.1745939763779525
0
LINE
8
BLACK
6
CONTINUOUS
10
5.595403149606299
20
-4.1745939763779525
11
5.5954543307086615
21
-4.1745349999999997
0
LINE
8
BLACK
6
CONTINUOUS
10
5.5954543307086615
20
-4.1745349999999997
11
5.5955432677165353
21
-4.1744790157480312
0
LINE
8
BLACK
6
CONTINUOUS
10
5.5955432677165353
20
-4.1744790157480312
11
5.5956242519685038
21
-4.174412559055118
0
LINE
8
BLACK
6
CONTINUOUS
10
5.5956242519685038
20
-4.174412559055118
11
5.5956961811023618
21
-4.1743827165354332
0
LINE
8
BLACK
6
CONTINUOUS
10
5.5956961811023618
20
-4.1743827165354332
11
5.5959442125984253
21
-4.1742266535433066
0
LINE
8
BLACK
6
CONTINUOUS
10
5.5959442125984253
20
-4.1742266535433066
11
5.5996937401574804
21
-4.172351889763779
0
LINE
8
BLACK
6
CONTINUOUS
10
5.5996937401574804
20
-4.172351889763779
11
5.6002343307086617
21
-4.1721449999999995
0
LINE
8
BLACK
6
CONTINUOUS
10
5.6002343307086617
20
-4.1721449999999995
11
5.6003401968503939
21
-4.1721374409448817
0
LINE
8
BLACK
6
CONTINUOUS
10
5.6003401968503939
20
-4.1721374409448817
11
5.6004381889763781
21
-4.1720968897637798
0
LINE
8
BLACK
6
CONTINUOUS
10
5.6004381889763781
20
-4.1720968897637798
11
5.601014251968504
21
-4.172040157480315
0
LINE
8
BLACK
6
CONTINUOUS
10
5.601014251968504
20
-4.172040157480315
11
5.6047637795275591
21
-4.172040157480315
0
LINE
8
BLACK
6
CONTINUOUS
10
5.6047637795275591
20
-4.172040157480315
11
5.605339842519685
21
-4.1720968897637798
0
LINE
8
BLACK
6
CONTINUOUS
10
5.5990138188976379
20
-4.1792944094488185
11
5.5978166929133861
21
-4.1804915354330712
0
LINE
8
BLACK
6
CONTINUOUS
10
5.5978166929133861
20
-4.1804915354330712
11
5.596301181102362
21
-4.183522519685039
0
LINE
8
BLACK
6
CONTINUOUS
10
5.596301181102362
20
-4.183522519685039
11
5.5945931889763783
21
-4.190354566929134
0
LINE
8
BLACK
6
CONTINUOUS
10
5.5945931889763783
20
-4.190354566929134
11
5.5945931889763783
21
-4.1990012992125987
0
LINE
8
BLACK
6
CONTINUOUS
10
5.5945931889763783
20
-4.1990012992125987
11
5.596301181102362
21
-4.2058333464566928
0
LINE
8
BLACK
6
CONTINUOUS
10
5.596301181102362
20
-4.2058333464566928
11
5.5978166929133861
21
-4.2088643307086615
0
LINE
8
BLACK
6
CONTINUOUS
10
5.5978166929133861
20
-4.2088643307086615
11
5.5990138188976379
21
-4.2100614960629921
0
LINE
8
BLACK
6
CONTINUOUS
10
5.5990138188976379
20
-4.2100614960629921
11
5.6017112992125986
21
-4.2114102362204724
0
LINE
8
BLACK
6
CONTINUOUS
10
5.6017112992125986
20
-4.2114102362204724
11
5.6040667322834645
21
-4.2114102362204724
0
LINE
8
BLACK
6
CONTINUOUS
10
5.6040667322834645
20
-4.2114102362204724
11
5.6067641732283464
21
-4.2100614960629921
0
LINE
8
BLACK
6
CONTINUOUS
10
5.6067641732283464
20
-4.2100614960629921
11
5.6079612992125982
21
-4.2088643307086615
0
LINE
8
BLACK
6
CONTINUOUS
10
5.6079612992125982
20
-4.2088643307086615
11
5.6094768110236215
21
-4.2058333464566928
0
LINE
8
BLACK
6
CONTINUOUS
10
5.6094768110236215
20
-4.2058333464566928
11
5.6111848425196849
21
-4.1990012992125987
0
LINE
8
BLACK
6
CONTINUOUS
10
5.6111848425196849
20
-4.1990012992125987
11
5.6111848425196849
21
-4.190354566929134
0
LINE
8
BLACK
6
CONTINUOUS
10
5.6111848425196849
20
-4.190354566929134
11
5.6094768110236215
21
-4.183522519685039
0
LINE
8
BLACK
6
CONTINUOUS
10
5.6094768110236215
20
-4.183522519685039
11
5.607961338582677
21
-4.1804915354330712
0
LINE
8
BLACK
6
CONTINUOUS
10
5.607961338582677
20
-4.1804915354330712
11
5.6067642125984252
21
-4.1792944094488185
0
LINE
8
BLACK
6
CONTINUOUS
10
5.6067642125984252
20
-4.1792944094488185
11
5.6040667322834645
21
-4.1779456692913381
0
LINE
8
BLACK
6
CONTINUOUS
10
5.6040667322834645
20
-4.1779456692913381
11
5.6017112992125986
21
-4.1779456692913381
0
LINE
8
BLACK
6
CONTINUOUS
10
5.6017112992125986
20
-4.1779456692913381
11
5.5990138188976379
21
-4.1792944094488185
0
LINE
8
BLACK
6
CONTINUOUS
10
5.6822052362204722
20
-4.1720968897637798
11
5.6823032283464565
21
-4.1721374803149605
0
LINE
8
BLACK
6
CONTINUOUS
10
5.6823032283464565
20
-4.1721374803149605
11
5.6824090551181099
21
-4.1721449999999995
0
LINE
8
BLACK
6
CONTINUOUS
10
5.6824090551181099
20
-4.1721449999999995
11
5.6829496850393699
21
-4.172351889763779
0
LINE
8
BLACK
6
CONTINUOUS
10
5.6829496850393699
20
-4.172351889763779
11
5.686699212598425
21
-4.1742266535433066
0
LINE
8
BLACK
6
CONTINUOUS
10
5.686699212598425
20
-4.1742266535433066
11
5.686947204724409
21
-4.1743827165354332
0
LINE
8
BLACK
6
CONTINUOUS
10
5.686947204724409
20
-4.1743827165354332
11
5.6870191732283466
21
-4.174412559055118
0
LINE
8
BLACK
6
CONTINUOUS
10
5.6870191732283466
20
-4.174412559055118
11
5.6871001181102363
21
-4.1744790157480312
0
LINE
8
BLACK
6
CONTINUOUS
10
5.6871001181102363
20
-4.1744790157480312
11
5.6871890944881889
21
-4.1745349999999997
0
LINE
8
BLACK
6
CONTINUOUS
10
5.6871890944881889
20
-4.1745349999999997
11
5.6872402362204726
21
-4.1745939763779525
0
LINE
8
BLACK
6
CONTINUOUS
10
5.6872402362204726
20
-4.1745939763779525
11
5.6874666141732284
21
-4.1747797637795276
0
LINE
8
BLACK
6
CONTINUOUS
10
5.6874666141732284
20
-4.1747797637795276
11
5.689341377952756
21
-4.1766545275590552
0
LINE
8
BLACK
6
CONTINUOUS
10
5.689341377952756
20
-4.1766545275590552
11
5.6895271259842515
21
-4.1768808661417323
0
LINE
8
BLACK
6
CONTINUOUS
10
5.6895271259842515
20
-4.1768808661417323
11
5.6895861417322831
21
-4.1769320472440947
0
LINE
8
BLACK
6
CONTINUOUS
10
5.6895861417322831
20
-4.1769320472440947
11
5.6896420866141728
21
-4.1770209842519685
0
LINE
8
BLACK
6
CONTINUOUS
10
5.6896420866141728
20
-4.1770209842519685
11
5.6897085826771656
21
-4.177101968503937
0
LINE
8
BLACK
6
CONTINUOUS
10
5.6897085826771656
20
-4.177101968503937
11
5.6897383858267716
21
-4.177173897637795
0
LINE
8
BLACK
6
CONTINUOUS
10
5.6897383858267716
20
-4.177173897637795
11
5.6898944881889761
21
-4.1774219291338586
0
LINE
8
BLACK
6
CONTINUOUS
10
5.6898944881889761
20
-4.1774219291338586
11
5.6917692519685037
21
-4.1811714566929137
0
LINE
8
BLACK
6
CONTINUOUS
10
5.6917692519685037
20
-4.1811714566929137
11
5.6919761417322832
21
-4.1817120472440941
0
LINE
8
BLACK
6
CONTINUOUS
10
5.6919761417322832
20
-4.1817120472440941
11
5.6919836614173231
21
-4.1818179133858271
0
LINE
8
BLACK
6
CONTINUOUS
10
5.6919836614173231
20
-4.1818179133858271
11
5.6920242519685038
21
-4.1819159055118114
0
LINE
8
BLACK
6
CONTINUOUS
10
5.6920242519685038
20
-4.1819159055118114
11
5.6920809842519686
21
-4.1824919685039372
0
LINE
8
BLACK
6
CONTINUOUS
10
5.6920809842519686
20
-4.1824919685039372
11
5.6920809842519686
21
-4.1862414960629923
0
LINE
8
BLACK
6
CONTINUOUS
10
5.6920809842519686
20
-4.1862414960629923
11
5.6920242519685038
21
-4.1868175590551182
0
LINE
8
BLACK
6
CONTINUOUS
10
5.6920242519685038
20
-4.1868175590551182
11
5.6919836614173231
21
-4.1869155118110237
0
LINE
8
BLACK
6
CONTINUOUS
10
5.6919836614173231
20
-4.1869155118110237
11
5.6919761417322832
21
-4.1870214173228346
0
LINE
8
BLACK
6
CONTINUOUS
10
5.6919761417322832
20
-4.1870214173228346
11
5.6917692519685037
21
-4.1875620078740159
0
LINE
8
BLACK
6
CONTINUOUS
10
5.6917692519685037
20
-4.1875620078740159
11
5.6898944881889761
21
-4.191311535433071
0
LINE
8
BLACK
6
CONTINUOUS
10
5.6898944881889761
20
-4.191311535433071
11
5.6897383858267716
21
-4.1915595275590549
0
LINE
8
BLACK
6
CONTINUOUS
10
5.6897383858267716
20
-4.1915595275590549
11
5.6897085826771656
21
-4.1916314960629917
0
LINE
8
BLACK
6
CONTINUOUS
10
5.6897085826771656
20
-4.1916314960629917
11
5.6896420866141728
21
-4.1917124409448814
0
LINE
8
BLACK
6
CONTINUOUS
10
5.6896420866141728
20
-4.1917124409448814
11
5.6895861417322831
21
-4.1918014173228348
0
LINE
8
BLACK
6
CONTINUOUS
10
5.6895861417322831
20
-4.1918014173228348
11
5.6895271259842515
21
-4.1918525590551177
0
LINE
8
BLACK
6
CONTINUOUS
10
5.6895271259842515
20
-4.1918525590551177
11
5.689341377952756
21
-4.1920789370078735
0
LINE
8
BLACK
6
CONTINUOUS
10
5.689341377952756
20
-4.1920789370078735
11
5.6884768503937009
21
-4.1929434251968507
0
LINE
8
BLACK
6
CONTINUOUS
10
5.6884768503937009
20
-4.1929434251968507
11
5.6887157480314956
21
-4.193050078740157
0
LINE
8
BLACK
6
CONTINUOUS
10
5.6887157480314956
20
-4.193050078740157
11
5.6887958661417324
21
-4.1931195669291341
0
LINE
8
BLACK
6
CONTINUOUS
10
5.6887958661417324
20
-4.1931195669291341
11
5.6888939370078742
21
-4.1931601968503935
0
LINE
8
BLACK
6
CONTINUOUS
10
5.6888939370078742
20
-4.1931601968503935
11
5.689341377952756
21
-4.1935274015748032
0
LINE
8
BLACK
6
CONTINUOUS
10
5.689341377952756
20
-4.1935274015748032
11
5.6912161417322835
21
-4.1954021653543307
0
LINE
8
BLACK
6
CONTINUOUS
10
5.6912161417322835
20
-4.1954021653543307
11
5.691401889763779
21
-4.1956285039370078
0
LINE
8
BLACK
6
CONTINUOUS
10
5.691401889763779
20
-4.1956285039370078
11
5.6914609055118106
21
-4.1956796850393703
0
LINE
8
BLACK
6
CONTINUOUS
10
5.6914609055118106
20
-4.1956796850393703
11
5.6915168503937004
21
-4.1957686220472441
0
LINE
8
BLACK
6
CONTINUOUS
10
5.6915168503937004
20
-4.1957686220472441
11
5.6915833464566932
21
-4.1958496062992126
0
LINE
8
BLACK
6
CONTINUOUS
10
5.6915833464566932
20
-4.1958496062992126
11
5.6916131496062992
21
-4.1959215354330706
0
LINE
8
BLACK
6
CONTINUOUS
10
5.6916131496062992
20
-4.1959215354330706
11
5.6917692519685037
21
-4.1961695669291341
0
LINE
8
BLACK
6
CONTINUOUS
10
5.6917692519685037
20
-4.1961695669291341
11
5.6936440157480313
21
-4.1999190944881892
0
LINE
8
BLACK
6
CONTINUOUS
10
5.6936440157480313
20
-4.1999190944881892
11
5.6938509055118107
21
-4.2004596850393696
0
LINE
8
BLACK
6
CONTINUOUS
10
5.6938509055118107
20
-4.2004596850393696
11
5.6938584251968507
21
-4.2005655511811026
0
LINE
8
BLACK
6
CONTINUOUS
10
5.6938584251968507
20
-4.2005655511811026
11
5.6938990157480314
21
-4.2006635433070869
0
LINE
8
BLACK
6
CONTINUOUS
10
5.6938990157480314
20
-4.2006635433070869
11
5.6939557480314962
21
-4.2012396062992128
0
LINE
8
BLACK
6
CONTINUOUS
10
5.6939557480314962
20
-4.2012396062992128
11
5.6939557480314962
21
-4.2068638976377954
0
LINE
8
BLACK
6
CONTINUOUS
10
5.6939557480314962
20
-4.2068638976377954
11
5.6938990157480314
21
-4.2074399606299213
0
LINE
8
BLACK
6
CONTINUOUS
10
5.6938990157480314
20
-4.2074399606299213
11
5.6938584251968507
21
-4.2075379133858268
0
LINE
8
BLACK
6
CONTINUOUS
10
5.6938584251968507
20
-4.2075379133858268
11
5.6938509055118107
21
-4.2076438188976377
0
LINE
8
BLACK
6
CONTINUOUS
10
5.6938509055118107
20
-4.2076438188976377
11
5.6936440157480313
21
-4.208184409448819
0
LINE
8
BLACK
6
CONTINUOUS
10
5.6936440157480313
20
-4.208184409448819
11
5.6917692519685037
21
-4.2119339370078741
0
LINE
8
BLACK
6
CONTINUOUS
10
5.6917692519685037
20
-4.2119339370078741
11
5.6916131889763779
21
-4.2121818110236218
0
LINE
8
BLACK
6
CONTINUOUS
10
5.6916131889763779
20
-4.2121818110236218
11
5.6915833858267719
21
-4.212253858267716
0
LINE
8
BLACK
6
CONTINUOUS
10
5.6915833858267719
20
-4.212253858267716
11
5.6915168503937004
21
-4.2123348818897641
0
LINE
8
BLACK
6
CONTINUOUS
10
5.6915168503937004
20
-4.2123348818897641
11
5.6914609055118106
21
-4.212423818897638
0
LINE
8
BLACK
6
CONTINUOUS
10
5.6914609055118106
20
-4.212423818897638
11
5.691401889763779
21
-4.2124749606299208
0
LINE
8
BLACK
6
CONTINUOUS
10
5.691401889763779
20
-4.2124749606299208
11
5.6912161417322835
21
-4.2127013385826775
0
LINE
8
BLACK
6
CONTINUOUS
10
5.6912161417322835
20
-4.2127013385826775
11
5.6893414173228347
21
-4.214576102362205
0
LINE
8
BLACK
6
CONTINUOUS
10
5.6893414173228347
20
-4.214576102362205
11
5.6891150393700789
21
-4.2147618503937005
0
LINE
8
BLACK
6
CONTINUOUS
10
5.6891150393700789
20
-4.2147618503937005
11
5.6890638582677164
21
-4.2148209055118109
0
LINE
8
BLACK
6
CONTINUOUS
10
5.6890638582677164
20
-4.2148209055118109
11
5.6889748818897639
21
-4.2148768897637794
0
LINE
8
BLACK
6
CONTINUOUS
10
5.6889748818897639
20
-4.2148768897637794
11
5.6888939370078742
21
-4.2149433464566926
0
LINE
8
BLACK
6
CONTINUOUS
10
5.6888939370078742
20
-4.2149433464566926
11
5.6888219685039365
21
-4.2149731496062994
0
LINE
8
BLACK
6
CONTINUOUS
10
5.6888219685039365
20
-4.2149731496062994
11
5.6885739763779526
21
-4.215129251968504
0
LINE
8
BLACK
6
CONTINUOUS
10
5.6885739763779526
20
-4.215129251968504
11
5.6848244488188975
21
-4.2170040157480315
0
LINE
8
BLACK
6
CONTINUOUS
10
5.6848244488188975
20
-4.2170040157480315
11
5.6842838188976375
21
-4.217210905511811
0
LINE
8
BLACK
6
CONTINUOUS
10
5.6842838188976375
20
-4.217210905511811
11
5.6841779921259841
21
-4.2172183858267713
0
LINE
8
BLACK
6
CONTINUOUS
10
5.6841779921259841
20
-4.2172183858267713
11
5.6840799999999998
21
-4.2172590157480316
0
LINE
8
BLACK
6
CONTINUOUS
10
5.6840799999999998
20
-4.2172590157480316
11
5.6835039370078739
21
-4.2173157480314956
0
LINE
8
BLACK
6
CONTINUOUS
10
5.6835039370078739
20
-4.2173157480314956
11
5.6685058267716535
21
-4.2173157480314956
0
LINE
8
BLACK
6
CONTINUOUS
10
5.6685058267716535
20
-4.2173157480314956
11
5.6679297637795276
21
-4.2172590157480316
0
LINE
8
BLACK
6
CONTINUOUS
10
5.6679297637795276
20
-4.2172590157480316
11
5.6668653543307084
21
-4.2168181102362201
0
LINE
8
BLACK
6
CONTINUOUS
10
5.6668653543307084
20
-4.2168181102362201
11
5.6660507086614169
21
-4.2160034645669286
0
LINE
8
BLACK
6
CONTINUOUS
10
5.6660507086614169
20
-4.2160034645669286
11
5.6656098031496063
21
-4.2149390551181103
0
LINE
8
BLACK
6
CONTINUOUS
10
5.6656098031496063
20
-4.2149390551181103
11
5.6655530708661415
21
-4.2143629921259844
0
LINE
8
BLACK
6
CONTINUOUS
10
5.6655530708661415
20
-4.2143629921259844
11
5.6655530708661415
21
-4.174992913385827
0
LINE
8
BLACK
6
CONTINUOUS
10
5.6655530708661415
20
-4.174992913385827
11
5.6656098031496063
21
-4.1744168503937003
0
LINE
8
BLACK
6
CONTINUOUS
10
5.6656098031496063
20
-4.1744168503937003
11
5.6660507086614169
21
-4.1733524409448819
0
LINE
8
BLACK
6
CONTINUOUS
10
5.6660507086614169
20
-4.1733524409448819
11
5.6668653543307084
21
-4.1725377952755904
0
LINE
8
BLACK
6
CONTINUOUS
10
5.6668653543307084
20
-4.1725377952755904
11
5.6679297637795276
21
-4.1720968897637798
0
LINE
8
BLACK
6
CONTINUOUS
10
5.6679297637795276
20
-4.1720968897637798
11
5.6685058267716535
21
-4.172040157480315
0
LINE
8
BLACK
6
CONTINUOUS
10
5.6685058267716535
20
-4.172040157480315
11
5.6816291732283464
21
-4.172040157480315
0
LINE
8
BLACK
6
CONTINUOUS
10
5.6816291732283464
20
-4.172040157480315
11
5.6822052362204722
21
-4.1720968897637798
0
LINE
8
BLACK
6
CONTINUOUS
10
5.6714585826771655
20
-4.2114102362204724
11
5.6828068897637793
21
-4.2114102362204724
0
LINE
8
BLACK
6
CONTINUOUS
10
5.6828068897637793
20
-4.2114102362204724
11
5.6855043307086612
21
-4.2100614960629921
0
LINE
8
BLACK
6
CONTINUOUS
10
5.6855043307086612
20
-4.2100614960629921
11
5.686701456692913
21
-4.2088643307086615
0
LINE
8
BLACK
6
CONTINUOUS
10
5.686701456692913
20
-4.2088643307086615
11
5.6880502362204721
21
-4.2061668503937009
0
LINE
8
BLACK
6
CONTINUOUS
10
5.6880502362204721
20
-4.2061668503937009
11
5.6880502362204721
21
-4.2019366535433074
0
LINE
8
BLACK
6
CONTINUOUS
10
5.6880502362204721
20
-4.2019366535433074
11
5.6867014960629918
21
-4.1992391732283467
0
LINE
8
BLACK
6
CONTINUOUS
10
5.6867014960629918
20
-4.1992391732283467
11
5.6856584251968503
21
-4.1981961023622043
0
LINE
8
BLACK
6
CONTINUOUS
10
5.6856584251968503
20
-4.1981961023622043
11
5.6811500393700785
21
-4.1966933070866137
0
LINE
8
BLACK
6
CONTINUOUS
10
5.6811500393700785
20
-4.1966933070866137
11
5.6714585826771655
21
-4.1966933070866137
0
LINE
8
BLACK
6
CONTINUOUS
10
5.6714585826771655
20
-4.1966933070866137
11
5.6714585826771655
21
-4.2114102362204724
0
LINE
8
BLACK
6
CONTINUOUS
10
5.6714585826771655
20
-4.1907877952755905
11
5.6809321259842518
21
-4.1907877952755905
0
LINE
8
BLACK
6
CONTINUOUS
10
5.6809321259842518
20
-4.1907877952755905
11
5.6836296062992124
21
-4.1894390551181102
0
LINE
8
BLACK
6
CONTINUOUS
10
5.6836296062992124
20
-4.1894390551181102
11
5.6848267322834642
21
-4.1882419291338584
0
LINE
8
BLACK
6
CONTINUOUS
10
5.6848267322834642
20
-4.1882419291338584
11
5.6861754724409446
21
-4.1855444488188978
0
LINE
8
BLACK
6
CONTINUOUS
10
5.6861754724409446
20
-4.1855444488188978
11
5.6861754724409446
21
-4.1831890157480318
0
LINE
8
BLACK
6
CONTINUOUS
10
5.6861754724409446
20
-4.1831890157480318
11
5.6848267322834642
21
-4.1804915354330712
0
LINE
8
BLACK
6
CONTINUOUS
10
5.6848267322834642
20
-4.1804915354330712
11
5.6836296062992124
21
-4.1792944094488185
0
LINE
8
BLACK
6
CONTINUOUS
10
5.6836296062992124
20
-4.1792944094488185
11
5.6809321259842518
21
-4.1779456692913381
0
LINE
8
BLACK
6
CONTINUOUS
10
5.6809321259842518
20
-4.1779456692913381
11
5.6714585826771655
21
-4.1779456692913381
0
LINE
8
BLACK
6
CONTINUOUS
10
5.6714585826771655
20
-4.1779456692913381
11
5.6714585826771655
21
-4.1907877952755905
0
LINE
8
BLACK
6
CONTINUOUS
10
5.77406874015748
20
-4.1720968897637798
11
5.7741667322834642
21
-4.1721374803149605
0
LINE
8
BLACK
6
CONTINUOUS
10
5.7741667322834642
20
-4.1721374803149605
11
5.7742725590551176
21
-4.1721449999999995
0
LINE
8
BLACK
6
CONTINUOUS
10
5.7742725590551176
20
-4.1721449999999995
11
5.7748131889763776
21
-4.172351889763779
0
LINE
8
BLACK
6
CONTINUOUS
10
5.7748131889763776
20
-4.172351889763779
11
5.7785627165354327
21
-4.1742266535433066
0
LINE
8
BLACK
6
CONTINUOUS
10
5.7785627165354327
20
-4.1742266535433066
11
5.7790525984251966
21
-4.1745349999999997
0
LINE
8
BLACK
6
CONTINUOUS
10
5.7790525984251966
20
-4.1745349999999997
11
5.7798074409448814
21
-4.1754053937007871
0
LINE
8
BLACK
6
CONTINUOUS
10
5.7798074409448814
20
-4.1754053937007871
11
5.780171771653543
21
-4.1764983464566932
0
LINE
8
BLACK
6
CONTINUOUS
10
5.780171771653543
20
-4.1764983464566932
11
5.7800901181102358
21
-4.1776475590551181
0
LINE
8
BLACK
6
CONTINUOUS
10
5.7800901181102358
20
-4.1776475590551181
11
5.7795748425196853
21
-4.178678070866142
0
LINE
8
BLACK
6
CONTINUOUS
10
5.7795748425196853
20
-4.178678070866142
11
5.7787044881889766
21
-4.1794329133858268
0
LINE
8
BLACK
6
CONTINUOUS
10
5.7787044881889766
20
-4.1794329133858268
11
5.7776114960629918
21
-4.1797972440944884
0
LINE
8
BLACK
6
CONTINUOUS
10
5.7776114960629918
20
-4.1797972440944884
11
5.7764622834645669
21
-4.1797155905511811
0
LINE
8
BLACK
6
CONTINUOUS
10
5.7764622834645669
20
-4.1797155905511811
11
5.7759216929133856
21
-4.1795087007874017
0
LINE
8
BLACK
6
CONTINUOUS
10
5.7759216929133856
20
-4.1795087007874017
11
5.7727956299212595
21
-4.1779456692913381
0
LINE
8
BLACK
6
CONTINUOUS
10
5.7727956299212595
20
-4.1779456692913381
11
5.7683475196850393
21
-4.1779456692913381
0
LINE
8
BLACK
6
CONTINUOUS
10
5.7683475196850393
20
-4.1779456692913381
11
5.7638391338582675
21
-4.1794484645669288
0
LINE
8
BLACK
6
CONTINUOUS
10
5.7638391338582675
20
-4.1794484645669288
11
5.7609212992125984
21
-4.1823662992125987
0
LINE
8
BLACK
6
CONTINUOUS
10
5.7609212992125984
20
-4.1823662992125987
11
5.7594057874015743
21
-4.1853972834645665
0
LINE
8
BLACK
6
CONTINUOUS
10
5.7594057874015743
20
-4.1853972834645665
11
5.7576977952755906
21
-4.1922293307086615
0
LINE
8
BLACK
6
CONTINUOUS
10
5.7576977952755906
20
-4.1922293307086615
11
5.7576977952755906
21
-4.1971265354330711
0
LINE
8
BLACK
6
CONTINUOUS
10
5.7576977952755906
20
-4.1971265354330711
11
5.7594057874015743
21
-4.2039585826771653
0
LINE
8
BLACK
6
CONTINUOUS
10
5.7594057874015743
20
-4.2039585826771653
11
5.7609212992125984
21
-4.206989566929134
0
LINE
8
BLACK
6
CONTINUOUS
10
5.7609212992125984
20
-4.206989566929134
11
5.7638391338582675
21
-4.2099074409448818
0
LINE
8
BLACK
6
CONTINUOUS
10
5.7638391338582675
20
-4.2099074409448818
11
5.7683475196850393
21
-4.2114102362204724
0
LINE
8
BLACK
6
CONTINUOUS
10
5.7683475196850393
20
-4.2114102362204724
11
5.7711387795275586
21
-4.2114102362204724
0
LINE
8
BLACK
6
CONTINUOUS
10
5.7711387795275586
20
-4.2114102362204724
11
5.7756471653543304
21
-4.209907401574803
0
LINE
8
BLACK
6
CONTINUOUS
10
5.7756471653543304
20
-4.209907401574803
11
5.7761642125984247
21
-4.2093903543307087
0
LINE
8
BLACK
6
CONTINUOUS
10
5.7761642125984247
20
-4.2093903543307087
11
5.7761642125984247
21
-4.2004428346456688
0
LINE
8
BLACK
6
CONTINUOUS
10
5.7761642125984247
20
-4.2004428346456688
11
5.7716179133858265
21
-4.2004428346456688
0
LINE
8
BLACK
6
CONTINUOUS
10
5.7716179133858265
20
-4.2004428346456688
11
5.7710418503937007
21
-4.2003861023622049
0
LINE
8
BLACK
6
CONTINUOUS
10
5.7710418503937007
20
-4.2003861023622049
11
5.7699774409448814
21
-4.1999451968503934
0
LINE
8
BLACK
6
CONTINUOUS
10
5.7699774409448814
20
-4.1999451968503934
11
5.7691627952755908
21
-4.1991305511811019
0
LINE
8
BLACK
6
CONTINUOUS
10
5.7691627952755908
20
-4.1991305511811019
11
5.7687218897637793
21
-4.1980661417322835
0
LINE
8
BLACK
6
CONTINUOUS
10
5.7687218897637793
20
-4.1980661417322835
11
5.7687218897637793
21
-4.1969140157480318
0
LINE
8
BLACK
6
CONTINUOUS
10
5.7687218897637793
20
-4.1969140157480318
11
5.7691627952755908
21
-4.1958496062992126
0
LINE
8
BLACK
6
CONTINUOUS
10
5.7691627952755908
20
-4.1958496062992126
11
5.7699774409448814
21
-4.1950349606299211
0
LINE
8
BLACK
6
CONTINUOUS
10
5.7699774409448814
20
-4.1950349606299211
11
5.7710418503937007
21
-4.1945940551181105
0
LINE
8
BLACK
6
CONTINUOUS
10
5.7710418503937007
20
-4.1945940551181105
11
5.7716179133858265
21
-4.1945373228346456
0
LINE
8
BLACK
6
CONTINUOUS
10
5.7716179133858265
20
-4.1945373228346456
11
5.7791169685039367
21
-4.1945373228346456
0
LINE
8
BLACK
6
CONTINUOUS
10
5.7791169685039367
20
-4.1945373228346456
11
5.7796930314960626
21
-4.1945940551181105
0
LINE
8
BLACK
6
CONTINUOUS
10
5.7796930314960626
20
-4.1945940551181105
11
5.7807574409448819
21
-4.1950349606299211
0
LINE
8
BLACK
6
CONTINUOUS
10
5.7807574409448819
20
-4.1950349606299211
11
5.7815720866141733
21
-4.1958496062992126
0
LINE
8
BLACK
6
CONTINUOUS
10
5.7815720866141733
20
-4.1958496062992126
11
5.782012992125984
21
-4.1969140157480318
0
LINE
8
BLACK
6
CONTINUOUS
10
5.782012992125984
20
-4.1969140157480318
11
5.7820697244094488
21
-4.1974900787401577
0
LINE
8
BLACK
6
CONTINUOUS
10
5.7820697244094488
20
-4.1974900787401577
11
5.7820697244094488
21
-4.2106134251968506
0
LINE
8
BLACK
6
CONTINUOUS
10
5.7820697244094488
20
-4.2106134251968506
11
5.782012992125984
21
-4.2111894881889764
0
LINE
8
BLACK
6
CONTINUOUS
10
5.782012992125984
20
-4.2111894881889764
11
5.7818587795275587
21
-4.2115617716535434
0
LINE
8
BLACK
6
CONTINUOUS
10
5.7818587795275587
20
-4.2115617716535434
11
5.7815721259842521
21
-4.212253858267716
0
LINE
8
BLACK
6
CONTINUOUS
10
5.7815721259842521
20
-4.212253858267716
11
5.7812048818897637
21
-4.2127013385826775
0
LINE
8
BLACK
6
CONTINUOUS
10
5.7812048818897637
20
-4.2127013385826775
11
5.7793301574803149
21
-4.214576102362205
0
LINE
8
BLACK
6
CONTINUOUS
10
5.7793301574803149
20
-4.214576102362205
11
5.7788826771653543
21
-4.2149433464566926
0
LINE
8
BLACK
6
CONTINUOUS
10
5.7788826771653543
20
-4.2149433464566926
11
5.7787846062992125
21
-4.2149839370078741
0
LINE
8
BLACK
6
CONTINUOUS
10
5.7787846062992125
20
-4.2149839370078741
11
5.7787044881889766
21
-4.2150534645669291
0
LINE
8
BLACK
6
CONTINUOUS
10
5.7787044881889766
20
-4.2150534645669291
11
5.7781759448818892
21
-4.2152894488188979
0
LINE
8
BLACK
6
CONTINUOUS
10
5.7781759448818892
20
-4.2152894488188979
11
5.7725516535433066
21
-4.2171642125984254
0
LINE
8
BLACK
6
CONTINUOUS
10
5.7725516535433066
20
-4.2171642125984254
11
5.7722660629921254
21
-4.2172291338582673
0
LINE
8
BLACK
6
CONTINUOUS
10
5.7722660629921254
20
-4.2172291338582673
11
5.7721939763779524
21
-4.2172590157480316
0
LINE
8
BLACK
6
CONTINUOUS
10
5.7721939763779524
20
-4.2172590157480316
11
5.7720894488188978
21
-4.2172692913385825
0
LINE
8
BLACK
6
CONTINUOUS
10
5.7720894488188978
20
-4.2172692913385825
11
5.7719872047244092
21
-4.2172925590551182
0
LINE
8
BLACK
6
CONTINUOUS
10
5.7719872047244092
20
-4.2172925590551182
11
5.7719094488188976
21
-4.2172870078740159
0
LINE
8
BLACK
6
CONTINUOUS
10
5.7719094488188976
20
-4.2172870078740159
11
5.7716179133858265
21
-4.2173157480314956
0
LINE
8
BLACK
6
CONTINUOUS
10
5.7716179133858265
20
-4.2173157480314956
11
5.7678683858267714
21
-4.2173157480314956
0
LINE
8
BLACK
6
CONTINUOUS
10
5.7678683858267714
20
-4.2173157480314956
11
5.7675767716535429
21
-4.2172870078740159
0
LINE
8
BLACK
6
CONTINUOUS
10
5.7675767716535429
20
-4.2172870078740159
11
5.76749905511811
21
-4.2172925590551182
0
LINE
8
BLACK
6
CONTINUOUS
10
5.76749905511811
20
-4.2172925590551182
11
5.7673967716535435
21
-4.2172692913385825
0
LINE
8
BLACK
6
CONTINUOUS
10
5.7673967716535435
20
-4.2172692913385825
11
5.7672923228346455
21
-4.2172590157480316
0
LINE
8
BLACK
6
CONTINUOUS
10
5.7672923228346455
20
-4.2172590157480316
11
5.7672202362204725
21
-4.2172291338582673
0
LINE
8
BLACK
6
CONTINUOUS
10
5.7672202362204725
20
-4.2172291338582673
11
5.7669346062992126
21
-4.2171642125984254
0
LINE
8
BLACK
6
CONTINUOUS
10
5.7669346062992126
20
-4.2171642125984254
11
5.7613103543307087
21
-4.2152894488188979
0
LINE
8
BLACK
6
CONTINUOUS
10
5.7613103543307087
20
-4.2152894488188979
11
5.7607817716535434
21
-4.2150534645669291
0
LINE
8
BLACK
6
CONTINUOUS
10
5.7607817716535434
20
-4.2150534645669291
11
5.7607016535433067
21
-4.2149839763779529
0
LINE
8
BLACK
6
CONTINUOUS
10
5.7607016535433067
20
-4.2149839763779529
11
5.7606036220472436
21
-4.2149433858267713
0
LINE
8
BLACK
6
CONTINUOUS
10
5.7606036220472436
20
-4.2149433858267713
11
5.7601561811023618
21
-4.2145761417322838
0
LINE
8
BLACK
6
CONTINUOUS
10
5.7601561811023618
20
-4.2145761417322838
11
5.7564066535433067
21
-4.2108265748031499
0
LINE
8
BLACK
6
CONTINUOUS
10
5.7564066535433067
20
-4.2108265748031499
11
5.7562208661417325
21
-4.2106001968503932
0
LINE
8
BLACK
6
CONTINUOUS
10
5.7562208661417325
20
-4.2106001968503932
11
5.7561618897637796
21
-4.2105490551181104
0
LINE
8
BLACK
6
CONTINUOUS
10
5.7561618897637796
20
-4.2105490551181104
11
5.7561059055118111
21
-4.2104601181102357
0
LINE
8
BLACK
6
CONTINUOUS
10
5.7561059055118111
20
-4.2104601181102357
11
5.7560394094488192
21
-4.2103790944881885
0
LINE
8
BLACK
6
CONTINUOUS
10
5.7560394094488192
20
-4.2103790944881885
11
5.7560095669291336
21
-4.2103070472440942
0
LINE
8
BLACK
6
CONTINUOUS
10
5.7560095669291336
20
-4.2103070472440942
11
5.7558535433070865
21
-4.2100591732283466
0
LINE
8
BLACK
6
CONTINUOUS
10
5.7558535433070865
20
-4.2100591732283466
11
5.753978779527559
21
-4.2063096456692914
0
LINE
8
BLACK
6
CONTINUOUS
10
5.753978779527559
20
-4.2063096456692914
11
5.7539626377952757
21
-4.2062675196850394
0
LINE
8
BLACK
6
CONTINUOUS
10
5.7539626377952757
20
-4.2062675196850394
11
5.7539499606299209
21
-4.2062503937007873
0
LINE
8
BLACK
6
CONTINUOUS
10
5.7539499606299209
20
-4.2062503937007873
11
5.7538635039370076
21
-4.2060084251968499
0
LINE
8
BLACK
6
CONTINUOUS
10
5.7538635039370076
20
-4.2060084251968499
11
5.7537718897637795
21
-4.2057690157480314
0
LINE
8
BLACK
6
CONTINUOUS
10
5.7537718897637795
20
-4.2057690157480314
11
5.7537703543307082
21
-4.2057477559055121
0
LINE
8
BLACK
6
CONTINUOUS
10
5.7537703543307082
20
-4.2057477559055121
11
5.7537551968503937
21
-4.2057052755905513
0
LINE
8
BLACK
6
CONTINUOUS
10
5.7537551968503937
20
-4.2057052755905513
11
5.7518804330708662
21
-4.1982062204724411
0
LINE
8
BLACK
6
CONTINUOUS
10
5.7518804330708662
20
-4.1982062204724411
11
5.7518656299212596
21
-4.1981063385826767
0
LINE
8
BLACK
6
CONTINUOUS
10
5.7518656299212596
20
-4.1981063385826767
11
5.7518490157480313
21
-4.1980661417322835
0
LINE
8
BLACK
6
CONTINUOUS
10
5.7518490157480313
20
-4.1980661417322835
11
5.7518276377952757
21
-4.1978490944881885
0
LINE
8
BLACK
6
CONTINUOUS
10
5.7518276377952757
20
-4.1978490944881885
11
5.7517957874015746
21
-4.1976336220472437
0
LINE
8
BLACK
6
CONTINUOUS
10
5.7517957874015746
20
-4.1976336220472437
11
5.7518021653543308
21
-4.1975905905511812
0
LINE
8
BLACK
6
CONTINUOUS
10
5.7518021653543308
20
-4.1975905905511812
11
5.7517922834645665
21
-4.1974900787401577
0
LINE
8
BLACK
6
CONTINUOUS
10
5.7517922834645665
20
-4.1974900787401577
11
5.7517922834645665
21
-4.191865787401575
0
LINE
8
BLACK
6
CONTINUOUS
10
5.7517922834645665
20
-4.191865787401575
11
5.7518021653543308
21
-4.1917652362204727
0
LINE
8
BLACK
6
CONTINUOUS
10
5.7518021653543308
20
-4.1917652362204727
11
5.7517957874015746
21
-4.1917222440944881
0
LINE
8
BLACK
6
CONTINUOUS
10
5.7517957874015746
20
-4.1917222440944881
11
5.7518276377952757
21
-4.1915067322834645
0
LINE
8
BLACK
6
CONTINUOUS
10
5.7518276377952757
20
-4.1915067322834645
11
5.7518490157480313
21
-4.1912897244094491
0
LINE
8
BLACK
6
CONTINUOUS
10
5.7518490157480313
20
-4.1912897244094491
11
5.7518656299212596
21
-4.1912494881889764
0
LINE
8
BLACK
6
CONTINUOUS
10
5.7518656299212596
20
-4.1912494881889764
11
5.7518804330708662
21
-4.1911496456692916
0
LINE
8
BLACK
6
CONTINUOUS
10
5.7518804330708662
20
-4.1911496456692916
11
5.7537551968503937
21
-4.1836505905511814
0
LINE
8
BLACK
6
CONTINUOUS
10
5.7537551968503937
20
-4.1836505905511814
11
5.7537703543307082
21
-4.1836080708661418
0
LINE
8
BLACK
6
CONTINUOUS
10
5.7537703543307082
20
-4.1836080708661418
11
5.7537718897637795
21
-4.1835868503937004
0
LINE
8
BLACK
6
CONTINUOUS
10
5.7537718897637795
20
-4.1835868503937004
11
5.7538635039370076
21
-4.1833474015748031
0
LINE
8
BLACK
6
CONTINUOUS
10
5.7538635039370076
20
-4.1833474015748031
11
5.7539499606299209
21
-4.1831054724409444
0
LINE
8
BLACK
6
CONTINUOUS
10
5.7539499606299209
20
-4.1831054724409444
11
5.7539626377952757
21
-4.1830883070866145
0
LINE
8
BLACK
6
CONTINUOUS
10
5.7539626377952757
20
-4.1830883070866145
11
5.753978779527559
21
-4.1830462204724412
0
LINE
8
BLACK
6
CONTINUOUS
10
5.753978779527559
20
-4.1830462204724412
11
5.7558535433070865
21
-4.1792966929133861
0
LINE
8
BLACK
6
CONTINUOUS
10
5.7558535433070865
20
-4.1792966929133861
11
5.7560096062992123
21
-4.1790486614173226
0
LINE
8
BLACK
6
CONTINUOUS
10
5.7560096062992123
20
-4.1790486614173226
11
5.7560394488188971
21
-4.1789767322834646
0
LINE
8
BLACK
6
CONTINUOUS
10
5.7560394488188971
20
-4.1789767322834646
11
5.7561059055118111
21
-4.1788957480314961
0
LINE
8
BLACK
6
CONTINUOUS
10
5.7561059055118111
20
-4.1788957480314961
11
5.7561618897637796
21
-4.1788068110236223
0
LINE
8
BLACK
6
CONTINUOUS
10
5.7561618897637796
20
-4.1788068110236223
11
5.7562208661417325
21
-4.1787556299212598
0
LINE
8
BLACK
6
CONTINUOUS
10
5.7562208661417325
20
-4.1787556299212598
11
5.7564066535433067
21
-4.1785292913385828
0
LINE
8
BLACK
6
CONTINUOUS
10
5.7564066535433067
20
-4.1785292913385828
11
5.7601561811023618
21
-4.1747797637795276
0
LINE
8
BLACK
6
CONTINUOUS
10
5.7601561811023618
20
-4.1747797637795276
11
5.7606036220472436
21
-4.1744125196850392
0
LINE
8
BLACK
6
CONTINUOUS
10
5.7606036220472436
20
-4.1744125196850392
11
5.7607016535433067
21
-4.1743718897637798
0
LINE
8
BLACK
6
CONTINUOUS
10
5.7607016535433067
20
-4.1743718897637798
11
5.7607817716535434
21
-4.1743024409448815
0
LINE
8
BLACK
6
CONTINUOUS
10
5.7607817716535434
20
-4.1743024409448815
11
5.7613103543307087
21
-4.1740664566929135
0
LINE
8
BLACK
6
CONTINUOUS
10
5.7613103543307087
20
-4.1740664566929135
11
5.7669346062992126
21
-4.172191692913386
0
LINE
8
BLACK
6
CONTINUOUS
10
5.7669346062992126
20
-4.172191692913386
11
5.7672202362204725
21
-4.1721267322834645
0
LINE
8
BLACK
6
CONTINUOUS
10
5.7672202362204725
20
-4.1721267322834645
11
5.7672923228346455
21
-4.1720968897637798
0
LINE
8
BLACK
6
CONTINUOUS
10
5.7672923228346455
20
-4.1720968897637798
11
5.7673967716535435
21
-4.1720865748031493
0
LINE
8
BLACK
6
CONTINUOUS
10
5.7673967716535435
20
-4.1720865748031493
11
5.76749905511811
21
-4.1720633464566932
0
LINE
8
BLACK
6
CONTINUOUS
10
5.76749905511811
20
-4.1720633464566932
11
5.7675767716535429
21
-4.1720688582677168
0
LINE
8
BLACK
6
CONTINUOUS
10
5.7675767716535429
20
-4.1720688582677168
11
5.7678683858267714
21
-4.172040157480315
0
LINE
8
BLACK
6
CONTINUOUS
10
5.7678683858267714
20
-4.172040157480315
11
5.7734926771653541
21
-4.172040157480315
0
LINE
8
BLACK
6
CONTINUOUS
10
5.7734926771653541
20
-4.172040157480315
11
5.77406874015748
21
-4.1720968897637798
0
LINE
8
BLACK
6
CONTINUOUS
10
5.8525243700787399
20
-4.1720688582677168
11
5.8526021259842516
21
-4.1720633464566932
0
LINE
8
BLACK
6
CONTINUOUS
10
5.8526021259842516
20
-4.1720633464566932
11
5.8527043700787402
21
-4.1720865748031493
0
LINE
8
BLACK
6
CONTINUOUS
10
5.8527043700787402
20
-4.1720865748031493
11
5.8528088976377948
21
-4.1720968897637798
0
LINE
8
BLACK
6
CONTINUOUS
10
5.8528088976377948
20
-4.1720968897637798
11
5.8528809842519687
21
-4.1721267322834645
0
LINE
8
BLACK
6
CONTINUOUS
10
5.8528809842519687
20
-4.1721267322834645
11
5.8531665748031498
21
-4.172191692913386
0
LINE
8
BLACK
6
CONTINUOUS
10
5.8531665748031498
20
-4.172191692913386
11
5.8587908661417325
21
-4.1740664566929135
0
LINE
8
BLACK
6
CONTINUOUS
10
5.8587908661417325
20
-4.1740664566929135
11
5.859319409448819
21
-4.1743024409448815
0
LINE
8
BLACK
6
CONTINUOUS
10
5.859319409448819
20
-4.1743024409448815
11
5.8601897637795277
21
-4.1750573228346459
0
LINE
8
BLACK
6
CONTINUOUS
10
5.8601897637795277
20
-4.1750573228346459
11
5.8607050000000003
21
-4.1760877559055114
0
LINE
8
BLACK
6
CONTINUOUS
10
5.8607050000000003
20
-4.1760877559055114
11
5.8607866929133854
21
-4.1772369685039372
0
LINE
8
BLACK
6
CONTINUOUS
10
5.8607866929133854
20
-4.1772369685039372
11
5.8604223622047247
21
-4.1783299606299211
0
LINE
8
BLACK
6
CONTINUOUS
10
5.8604223622047247
20
-4.1783299606299211
11
5.8596674803149602
21
-4.1792003543307086
0
LINE
8
BLACK
6
CONTINUOUS
10
5.8596674803149602
20
-4.1792003543307086
11
5.858637007874016
21
-4.1797155511811024
0
LINE
8
BLACK
6
CONTINUOUS
10
5.858637007874016
20
-4.1797155511811024
11
5.8574877952755902
21
-4.1797972440944884
0
LINE
8
BLACK
6
CONTINUOUS
10
5.8574877952755902
20
-4.1797972440944884
11
5.8569233464566928
21
-4.1796688976377956
0
LINE
8
BLACK
6
CONTINUOUS
10
5.8569233464566928
20
-4.1796688976377956
11
5.8517537007874019
21
-4.1779456692913381
0
LINE
8
BLACK
6
CONTINUOUS
10
5.8517537007874019
20
-4.1779456692913381
11
5.8435560629921257
21
-4.1779456692913381
0
LINE
8
BLACK
6
CONTINUOUS
10
5.8435560629921257
20
-4.1779456692913381
11
5.8408585826771651
21
-4.1792944094488185
0
LINE
8
BLACK
6
CONTINUOUS
10
5.8408585826771651
20
-4.1792944094488185
11
5.8396614566929133
21
-4.1804915354330712
0
LINE
8
BLACK
6
CONTINUOUS
10
5.8396614566929133
20
-4.1804915354330712
11
5.8383127165354329
21
-4.1831890157480318
0
LINE
8
BLACK
6
CONTINUOUS
10
5.8383127165354329
20
-4.1831890157480318
11
5.8383127165354329
21
-4.1855444488188978
0
LINE
8
BLACK
6
CONTINUOUS
10
5.8383127165354329
20
-4.1855444488188978
11
5.8396614566929133
21
-4.1882419291338584
0
LINE
8
BLACK
6
CONTINUOUS
10
5.8396614566929133
20
-4.1882419291338584
11
5.8408585826771651
21
-4.1894390551181102
0
LINE
8
BLACK
6
CONTINUOUS
10
5.8408585826771651
20
-4.1894390551181102
11
5.8438895669291337
21
-4.1909545275590547
0
LINE
8
BLACK
6
CONTINUOUS
10
5.8438895669291337
20
-4.1909545275590547
11
5.8510742125984248
21
-4.1927507086614169
0
LINE
8
BLACK
6
CONTINUOUS
10
5.8510742125984248
20
-4.1927507086614169
11
5.8511166929133855
21
-4.1927658661417322
0
LINE
8
BLACK
6
CONTINUOUS
10
5.8511166929133855
20
-4.1927658661417322
11
5.8511379527559058
21
-4.1927674015748027
0
LINE
8
BLACK
6
CONTINUOUS
10
5.8511379527559058
20
-4.1927674015748027
11
5.8513773622047243
21
-4.1928590157480317
0
LINE
8
BLACK
6
CONTINUOUS
10
5.8513773622047243
20
-4.1928590157480317
11
5.8516193307086617
21
-4.192945472440945
0
LINE
8
BLACK
6
CONTINUOUS
10
5.8516193307086617
20
-4.192945472440945
11
5.8516364566929129
21
-4.1929581496062989
0
LINE
8
BLACK
6
CONTINUOUS
10
5.8516364566929129
20
-4.1929581496062989
11
5.8516785826771649
21
-4.192974291338583
0
LINE
8
BLACK
6
CONTINUOUS
10
5.8516785826771649
20
-4.192974291338583
11
5.85542811023622
21
-4.1948490551181106
0
LINE
8
BLACK
6
CONTINUOUS
10
5.85542811023622
20
-4.1948490551181106
11
5.8556761023622048
21
-4.1950051181102364
0
LINE
8
BLACK
6
CONTINUOUS
10
5.8556761023622048
20
-4.1950051181102364
11
5.8557480708661416
21
-4.1950349606299211
0
LINE
8
BLACK
6
CONTINUOUS
10
5.8557480708661416
20
-4.1950349606299211
11
5.8558290157480313
21
-4.1951014173228343
0
LINE
8
BLACK
6
CONTINUOUS
10
5.8558290157480313
20
-4.1951014173228343
11
5.8559179921259839
21
-4.1951574015748028
0
LINE
8
BLACK
6
CONTINUOUS
10
5.8559179921259839
20
-4.1951574015748028
11
5.8559691338582676
21
-4.1952163779527556
0
LINE
8
BLACK
6
CONTINUOUS
10
5.8559691338582676
20
-4.1952163779527556
11
5.8561955118110234
21
-4.1954021653543307
0
LINE
8
BLACK
6
CONTINUOUS
10
5.8561955118110234
20
-4.1954021653543307
11
5.8580702755905509
21
-4.1972769291338583
0
LINE
8
BLACK
6
CONTINUOUS
10
5.8580702755905509
20
-4.1972769291338583
11
5.8582560236220473
21
-4.1975032677165354
0
LINE
8
BLACK
6
CONTINUOUS
10
5.8582560236220473
20
-4.1975032677165354
11
5.8583150393700789
21
-4.1975544488188978
0
LINE
8
BLACK
6
CONTINUOUS
10
5.8583150393700789
20
-4.1975544488188978
11
5.8583709842519687
21
-4.1976433858267717
0
LINE
8
BLACK
6
CONTINUOUS
10
5.8583709842519687
20
-4.1976433858267717
11
5.8584374803149606
21
-4.1977243700787401
0
LINE
8
BLACK
6
CONTINUOUS
10
5.8584374803149606
20
-4.1977243700787401
11
5.8584672834645666
21
-4.1977962992125981
0
LINE
8
BLACK
6
CONTINUOUS
10
5.8584672834645666
20
-4.1977962992125981
11
5.8586233858267711
21
-4.1980443307086617
0
LINE
8
BLACK
6
CONTINUOUS
10
5.8586233858267711
20
-4.1980443307086617
11
5.8604981496062987
21
-4.2017938582677168
0
LINE
8
BLACK
6
CONTINUOUS
10
5.8604981496062987
20
-4.2017938582677168
11
5.860705039370079
21
-4.2023344488188972
0
LINE
8
BLACK
6
CONTINUOUS
10
5.860705039370079
20
-4.2023344488188972
11
5.8607125590551181
21
-4.2024403149606302
0
LINE
8
BLACK
6
CONTINUOUS
10
5.8607125590551181
20
-4.2024403149606302
11
5.8607531496062988
21
-4.2025383070866145
0
LINE
8
BLACK
6
CONTINUOUS
10
5.8607531496062988
20
-4.2025383070866145
11
5.8608098818897636
21
-4.2031143700787403
0
LINE
8
BLACK
6
CONTINUOUS
10
5.8608098818897636
20
-4.2031143700787403
11
5.8608098818897636
21
-4.2068638976377954
0
LINE
8
BLACK
6
CONTINUOUS
10
5.8608098818897636
20
-4.2068638976377954
11
5.8607531496062988
21
-4.2074399606299213
0
LINE
8
BLACK
6
CONTINUOUS
10
5.8607531496062988
20
-4.2074399606299213
11
5.8607125590551181
21
-4.2075379133858268
0
LINE
8
BLACK
6
CONTINUOUS
10
5.8607125590551181
20
-4.2075379133858268
11
5.860705039370079
21
-4.2076438188976377
0
LINE
8
BLACK
6
CONTINUOUS
10
5.860705039370079
20
-4.2076438188976377
11
5.8604981496062987
21
-4.208184409448819
0
LINE
8
BLACK
6
CONTINUOUS
10
5.8604981496062987
20
-4.208184409448819
11
5.8586233858267711
21
-4.2119339370078741
0
LINE
8
BLACK
6
CONTINUOUS
10
5.8586233858267711
20
-4.2119339370078741
11
5.8584673228346453
21
-4.2121818110236218
0
LINE
8
BLACK
6
CONTINUOUS
10
5.8584673228346453
20
-4.2121818110236218
11
5.8584375196850393
21
-4.212253858267716
0
LINE
8
BLACK
6
CONTINUOUS
10
5.8584375196850393
20
-4.212253858267716
11
5.8583709842519687
21
-4.2123348818897641
0
LINE
8
BLACK
6
CONTINUOUS
10
5.8583709842519687
20
-4.2123348818897641
11
5.8583150393700789
21
-4.212423818897638
0
LINE
8
BLACK
6
CONTINUOUS
10
5.8583150393700789
20
-4.212423818897638
11
5.8582560236220473
21
-4.2124749606299208
0
LINE
8
BLACK
6
CONTINUOUS
10
5.8582560236220473
20
-4.2124749606299208
11
5.8580702755905509
21
-4.2127013385826775
0
LINE
8
BLACK
6
CONTINUOUS
10
5.8580702755905509
20
-4.2127013385826775
11
5.8561955511811021
21
-4.214576102362205
0
LINE
8
BLACK
6
CONTINUOUS
10
5.8561955511811021
20
-4.214576102362205
11
5.8559691732283463
21
-4.2147618503937005
0
LINE
8
BLACK
6
CONTINUOUS
10
5.8559691732283463
20
-4.2147618503937005
11
5.8559179921259839
21
-4.2148209055118109
0
LINE
8
BLACK
6
CONTINUOUS
10
5.8559179921259839
20
-4.2148209055118109
11
5.8558290157480313
21
-4.2148768897637794
0
LINE
8
BLACK
6
CONTINUOUS
10
5.8558290157480313
20
-4.2148768897637794
11
5.8557480708661416
21
-4.2149433464566926
0
LINE
8
BLACK
6
CONTINUOUS
10
5.8557480708661416
20
-4.2149433464566926
11
5.8556761023622048
21
-4.2149731496062994
0
LINE
8
BLACK
6
CONTINUOUS
10
5.8556761023622048
20
-4.2149731496062994
11
5.85542811023622
21
-4.215129251968504
0
LINE
8
BLACK
6
CONTINUOUS
10
5.85542811023622
20
-4.215129251968504
11
5.8516785826771649
21
-4.2170040157480315
0
LINE
8
BLACK
6
CONTINUOUS
10
5.8516785826771649
20
-4.2170040157480315
11
5.8511379527559058
21
-4.217210905511811
0
LINE
8
BLACK
6
CONTINUOUS
10
5.8511379527559058
20
-4.217210905511811
11
5.8510321259842515
21
-4.2172183858267713
0
LINE
8
BLACK
6
CONTINUOUS
10
5.8510321259842515
20
-4.2172183858267713
11
5.8509341338582672
21
-4.2172590157480316
0
LINE
8
BLACK
6
CONTINUOUS
10
5.8509341338582672
20
-4.2172590157480316
11
5.8503580708661413
21
-4.2173157480314956
0
LINE
8
BLACK
6
CONTINUOUS
10
5.8503580708661413
20
-4.2173157480314956
11
5.8409842519685036
21
-4.2173157480314956
0
LINE
8
BLACK
6
CONTINUOUS
10
5.8409842519685036
20
-4.2173157480314956
11
5.840692637795275
21
-4.2172870078740159
0
LINE
8
BLACK
6
CONTINUOUS
10
5.840692637795275
20
-4.2172870078740159
11
5.8406149212598422
21
-4.2172925590551182
0
LINE
8
BLACK
6
CONTINUOUS
10
5.8406149212598422
20
-4.2172925590551182
11
5.8405126377952756
21
-4.2172692913385825
0
LINE
8
BLACK
6
CONTINUOUS
10
5.8405126377952756
20
-4.2172692913385825
11
5.8404081889763777
21
-4.2172590157480316
0
LINE
8
BLACK
6
CONTINUOUS
10
5.8404081889763777
20
-4.2172590157480316
11
5.8403361023622047
21
-4.2172291338582673
0
LINE
8
BLACK
6
CONTINUOUS
10
5.8403361023622047
20
-4.2172291338582673
11
5.8400504724409448
21
-4.2171642125984254
0
LINE
8
BLACK
6
CONTINUOUS
10
5.8400504724409448
20
-4.2171642125984254
11
5.8344262204724409
21
-4.2152894488188979
0
LINE
8
BLACK
6
CONTINUOUS
10
5.8344262204724409
20
-4.2152894488188979
11
5.8338976377952756
21
-4.2150534645669291
0
LINE
8
BLACK
6
CONTINUOUS
10
5.8338976377952756
20
-4.2150534645669291
11
5.8330272834645669
21
-4.2142985826771655
0
LINE
8
BLACK
6
CONTINUOUS
10
5.8330272834645669
20
-4.2142985826771655
11
5.8325120866141731
21
-4.2132681496062991
0
LINE
8
BLACK
6
CONTINUOUS
10
5.8325120866141731
20
-4.2132681496062991
11
5.8324303937007871
21
-4.2121189370078742
0
LINE
8
BLACK
6
CONTINUOUS
10
5.8324303937007871
20
-4.2121189370078742
11
5.8327947244094487
21
-4.2110259055118107
0
LINE
8
BLACK
6
CONTINUOUS
10
5.8327947244094487
20
-4.2110259055118107
11
5.8335496062992123
21
-4.210155551181102
0
LINE
8
BLACK
6
CONTINUOUS
10
5.8335496062992123
20
-4.210155551181102
11
5.8345800393700786
21
-4.2096403543307082
0
LINE
8
BLACK
6
CONTINUOUS
10
5.8345800393700786
20
-4.2096403543307082
11
5.8357292519685036
21
-4.209558661417323
0
LINE
8
BLACK
6
CONTINUOUS
10
5.8357292519685036
20
-4.209558661417323
11
5.8362937007874018
21
-4.2096870078740158
0
LINE
8
BLACK
6
CONTINUOUS
10
5.8362937007874018
20
-4.2096870078740158
11
5.8414633858267715
21
-4.2114102362204724
0
LINE
8
BLACK
6
CONTINUOUS
10
5.8414633858267715
20
-4.2114102362204724
11
5.8496610236220468
21
-4.2114102362204724
0
LINE
8
BLACK
6
CONTINUOUS
10
5.8496610236220468
20
-4.2114102362204724
11
5.8523584645669287
21
-4.2100614960629921
0
LINE
8
BLACK
6
CONTINUOUS
10
5.8523584645669287
20
-4.2100614960629921
11
5.8535555905511814
21
-4.2088643307086615
0
LINE
8
BLACK
6
CONTINUOUS
10
5.8535555905511814
20
-4.2088643307086615
11
5.8549043700787404
21
-4.2061668503937009
0
LINE
8
BLACK
6
CONTINUOUS
10
5.8549043700787404
20
-4.2061668503937009
11
5.8549043700787404
21
-4.2038114173228349
0
LINE
8
BLACK
6
CONTINUOUS
10
5.8549043700787404
20
-4.2038114173228349
11
5.8535556299212601
21
-4.2011139370078743
0
LINE
8
BLACK
6
CONTINUOUS
10
5.8535556299212601
20
-4.2011139370078743
11
5.8523585039370074
21
-4.1999168110236216
0
LINE
8
BLACK
6
CONTINUOUS
10
5.8523585039370074
20
-4.1999168110236216
11
5.8493275196850396
21
-4.1984012992125983
0
LINE
8
BLACK
6
CONTINUOUS
10
5.8493275196850396
20
-4.1984012992125983
11
5.8421428740157477
21
-4.1966051574803149
0
LINE
8
BLACK
6
CONTINUOUS
10
5.8421428740157477
20
-4.1966051574803149
11
5.8421003543307082
21
-4.1965899606299208
0
LINE
8
BLACK
6
CONTINUOUS
10
5.8421003543307082
20
-4.1965899606299208
11
5.8420790944881889
21
-4.1965884645669291
0
LINE
8
BLACK
6
CONTINUOUS
10
5.8420790944881889
20
-4.1965884645669291
11
5.8418393307086616
21
-4.196496692913386
0
LINE
8
BLACK
6
CONTINUOUS
10
5.8418393307086616
20
-4.196496692913386
11
5.8415977559055117
21
-4.1964103937007877
0
LINE
8
BLACK
6
CONTINUOUS
10
5.8415977559055117
20
-4.1964103937007877
11
5.8415805905511808
21
-4.1963976771653542
0
LINE
8
BLACK
6
CONTINUOUS
10
5.8415805905511808
20
-4.1963976771653542
11
5.8415385039370076
21
-4.1963815748031497
0
LINE
8
BLACK
6
CONTINUOUS
10
5.8415385039370076
20
-4.1963815748031497
11
5.8377889763779525
21
-4.1945068110236221
0
LINE
8
BLACK
6
CONTINUOUS
10
5.8377889763779525
20
-4.1945068110236221
11
5.8375409448818898
21
-4.1943507086614176
0
LINE
8
BLACK
6
CONTINUOUS
10
5.8375409448818898
20
-4.1943507086614176
11
5.8374690157480318
21
-4.1943209055118107
0
LINE
8
BLACK
6
CONTINUOUS
10
5.8374690157480318
20
-4.1943209055118107
11
5.8373880314960624
21
-4.1942544094488188
0
LINE
8
BLACK
6
CONTINUOUS
10
5.8373880314960624
20
-4.1942544094488188
11
5.8372990944881886
21
-4.194198464566929
0
LINE
8
BLACK
6
CONTINUOUS
10
5.8372990944881886
20
-4.194198464566929
11
5.837247913385827
21
-4.1941394488188974
0
LINE
8
BLACK
6
CONTINUOUS
10
5.837247913385827
20
-4.1941394488188974
11
5.8370215748031491
21
-4.193953700787401
0
LINE
8
BLACK
6
CONTINUOUS
10
5.8370215748031491
20
-4.193953700787401
11
5.8351468110236215
21
-4.1920789370078735
0
LINE
8
BLACK
6
CONTINUOUS
10
5.8351468110236215
20
-4.1920789370078735
11
5.8349610236220473
21
-4.1918525590551177
0
LINE
8
BLACK
6
CONTINUOUS
10
5.8349610236220473
20
-4.1918525590551177
11
5.8349020472440944
21
-4.1918014173228348
0
LINE
8
BLACK
6
CONTINUOUS
10
5.8349020472440944
20
-4.1918014173228348
11
5.8348460629921259
21
-4.1917124409448814
0
LINE
8
BLACK
6
CONTINUOUS
10
5.8348460629921259
20
-4.1917124409448814
11
5.8347796062992128
21
-4.1916314960629917
0
LINE
8
BLACK
6
CONTINUOUS
10
5.8347796062992128
20
-4.1916314960629917
11
5.8347497637795271
21
-4.1915595275590549
0
LINE
8
BLACK
6
CONTINUOUS
10
5.8347497637795271
20
-4.1915595275590549
11
5.8345937007874014
21
-4.191311535433071
0
LINE
8
BLACK
6
CONTINUOUS
10
5.8345937007874014
20
-4.191311535433071
11
5.8327189370078738
21
-4.1875620078740159
0
LINE
8
BLACK
6
CONTINUOUS
10
5.8327189370078738
20
-4.1875620078740159
11
5.8325120472440943
21
-4.1870213779527559
0
LINE
8
BLACK
6
CONTINUOUS
10
5.8325120472440943
20
-4.1870213779527559
11
5.8325045275590552
21
-4.1869155511811025
0
LINE
8
BLACK
6
CONTINUOUS
10
5.8325045275590552
20
-4.1869155511811025
11
5.8324639370078737
21
-4.1868175590551182
0
LINE
8
BLACK
6
CONTINUOUS
10
5.8324639370078737
20
-4.1868175590551182
11
5.8324072047244089
21
-4.1862414960629923
0
LINE
8
BLACK
6
CONTINUOUS
10
5.8324072047244089
20
-4.1862414960629923
11
5.8324072047244089
21
-4.1824919685039372
0
LINE
8
BLACK
6
CONTINUOUS
10
5.8324072047244089
20
-4.1824919685039372
11
5.8324639370078737
21
-4.1819159055118114
0
LINE
8
BLACK
6
CONTINUOUS
10
5.8324639370078737
20
-4.1819159055118114
11
5.8325045275590552
21
-4.1818178740157483
0
LINE
8
BLACK
6
CONTINUOUS
10
5.8325045275590552
20
-4.1818178740157483
11
5.8325120472440943
21
-4.1817120866141728
0
LINE
8
BLACK
6
CONTINUOUS
10
5.8325120472440943
20
-4.1817120866141728
11
5.8327189370078738
21
-4.1811714566929137
0
LINE
8
BLACK
6
CONTINUOUS
10
5.8327189370078738
20
-4.1811714566929137
11
5.8345937007874014
21
-4.1774219291338586
0
LINE
8
BLACK
6
CONTINUOUS
10
5.8345937007874014
20
-4.1774219291338586
11
5.8347497637795271
21
-4.177173897637795
0
LINE
8
BLACK
6
CONTINUOUS
10
5.8347497637795271
20
-4.177173897637795
11
5.8347796062992128
21
-4.177101968503937
0
LINE
8
BLACK
6
CONTINUOUS
10
5.8347796062992128
20
-4.177101968503937
11
5.8348460629921259
21
-4.1770209842519685
0
LINE
8
BLACK
6
CONTINUOUS
10
5.8348460629921259
20
-4.1770209842519685
11
5.8349020472440944
21
-4.1769320472440947
0
LINE
8
BLACK
6
CONTINUOUS
10
5.8349020472440944
20
-4.1769320472440947
11
5.8349610236220473
21
-4.1768808661417323
0
LINE
8
BLACK
6
CONTINUOUS
10
5.8349610236220473
20
-4.1768808661417323
11
5.8351468110236215
21
-4.1766545275590552
0
LINE
8
BLACK
6
CONTINUOUS
10
5.8351468110236215
20
-4.1766545275590552
11
5.8370215748031491
21
-4.1747797637795276
0
LINE
8
BLACK
6
CONTINUOUS
10
5.8370215748031491
20
-4.1747797637795276
11
5.837247913385827
21
-4.1745939763779525
0
LINE
8
BLACK
6
CONTINUOUS
10
5.837247913385827
20
-4.1745939763779525
11
5.8372990944881886
21
-4.1745349999999997
0
LINE
8
BLACK
6
CONTINUOUS
10
5.8372990944881886
20
-4.1745349999999997
11
5.8373880314960624
21
-4.1744790157480312
0
LINE
8
BLACK
6
CONTINUOUS
10
5.8373880314960624
20
-4.1744790157480312
11
5.8374690157480318
21
-4.174412559055118
0
LINE
8
BLACK
6
CONTINUOUS
10
5.8374690157480318
20
-4.174412559055118
11
5.8375409448818898
21
-4.1743827165354332
0
LINE
8
BLACK
6
CONTINUOUS
10
5.8375409448818898
20
-4.1743827165354332
11
5.8377889763779525
21
-4.1742266535433066
0
LINE
8
BLACK
6
CONTINUOUS
10
5.8377889763779525
20
-4.1742266535433066
11
5.8415385039370076
21
-4.172351889763779
0
LINE
8
BLACK
6
CONTINUOUS
10
5.8415385039370076
20
-4.172351889763779
11
5.8420790944881889
21
-4.1721449999999995
0
LINE
8
BLACK
6
CONTINUOUS
10
5.8420790944881889
20
-4.1721449999999995
11
5.842184960629921
21
-4.1721374409448817
0
LINE
8
BLACK
6
CONTINUOUS
10
5.842184960629921
20
-4.1721374409448817
11
5.8422829527559053
21
-4.1720968897637798
0
LINE
8
BLACK
6
CONTINUOUS
10
5.8422829527559053
20
-4.1720968897637798
11
5.8428590157480311
21
-4.172040157480315
0
LINE
8
BLACK
6
CONTINUOUS
10
5.8428590157480311
20
-4.172040157480315
11
5.8522328346456689
21
-4.172040157480315
0
LINE
8
BLACK
6
CONTINUOUS
10
5.8522328346456689
20
-4.172040157480315
11
5.8525243700787399
21
-4.1720688582677168
0
LINE
8
BLACK
6
CONTINUOUS
10
5.9671696062992128
20
-4.1720968897637798
11
5.9672675984251971
21
-4.1721374803149605
0
LINE
8
BLACK
6
CONTINUOUS
10
5.9672675984251971
20
-4.1721374803149605
11
5.9673734251968504
21
-4.1721449999999995
0
LINE
8
BLACK
6
CONTINUOUS
10
5.9673734251968504
20
-4.1721449999999995
11
5.9679140551181105
21
-4.172351889763779
0
LINE
8
BLACK
6
CONTINUOUS
10
5.9679140551181105
20
-4.172351889763779
11
5.9716635826771656
21
-4.1742266535433066
0
LINE
8
BLACK
6
CONTINUOUS
10
5.9716635826771656
20
-4.1742266535433066
11
5.9719115748031495
21
-4.1743827165354332
0
LINE
8
BLACK
6
CONTINUOUS
10
5.9719115748031495
20
-4.1743827165354332
11
5.9719835433070863
21
-4.174412559055118
0
LINE
8
BLACK
6
CONTINUOUS
10
5.9719835433070863
20
-4.174412559055118
11
5.972064488188976
21
-4.1744790157480312
0
LINE
8
BLACK
6
CONTINUOUS
10
5.972064488188976
20
-4.1744790157480312
11
5.9721534645669294
21
-4.1745349999999997
0
LINE
8
BLACK
6
CONTINUOUS
10
5.9721534645669294
20
-4.1745349999999997
11
5.9722046062992122
21
-4.1745939763779525
0
LINE
8
BLACK
6
CONTINUOUS
10
5.9722046062992122
20
-4.1745939763779525
11
5.9724309842519681
21
-4.1747797637795276
0
LINE
8
BLACK
6
CONTINUOUS
10
5.9724309842519681
20
-4.1747797637795276
11
5.9743057480314956
21
-4.1766545275590552
0
LINE
8
BLACK
6
CONTINUOUS
10
5.9743057480314956
20
-4.1766545275590552
11
5.974491496062992
21
-4.1768808661417323
0
LINE
8
BLACK
6
CONTINUOUS
10
5.974491496062992
20
-4.1768808661417323
11
5.9745505118110236
21
-4.1769320472440947
0
LINE
8
BLACK
6
CONTINUOUS
10
5.9745505118110236
20
-4.1769320472440947
11
5.9746064566929133
21
-4.1770209842519685
0
LINE
8
BLACK
6
CONTINUOUS
10
5.9746064566929133
20
-4.1770209842519685
11
5.9746729527559053
21
-4.177101968503937
0
LINE
8
BLACK
6
CONTINUOUS
10
5.9746729527559053
20
-4.177101968503937
11
5.9747027559055113
21
-4.177173897637795
0
LINE
8
BLACK
6
CONTINUOUS
10
5.9747027559055113
20
-4.177173897637795
11
5.9748588582677167
21
-4.1774219291338586
0
LINE
8
BLACK
6
CONTINUOUS
10
5.9748588582677167
20
-4.1774219291338586
11
5.9767336220472442
21
-4.1811714566929137
0
LINE
8
BLACK
6
CONTINUOUS
10
5.9767336220472442
20
-4.1811714566929137
11
5.9769405118110237
21
-4.1817120472440941
0
LINE
8
BLACK
6
CONTINUOUS
10
5.9769405118110237
20
-4.1817120472440941
11
5.9769480314960628
21
-4.1818179133858271
0
LINE
8
BLACK
6
CONTINUOUS
10
5.9769480314960628
20
-4.1818179133858271
11
5.9769886220472443
21
-4.1819159055118114
0
LINE
8
BLACK
6
CONTINUOUS
10
5.9769886220472443
20
-4.1819159055118114
11
5.9770453543307083
21
-4.1824919685039372
0
LINE
8
BLACK
6
CONTINUOUS
10
5.9770453543307083
20
-4.1824919685039372
11
5.9770453543307083
21
-4.1862414960629923
0
LINE
8
BLACK
6
CONTINUOUS
10
5.9770453543307083
20
-4.1862414960629923
11
5.9769886220472443
21
-4.1868175590551182
0
LINE
8
BLACK
6
CONTINUOUS
10
5.9769886220472443
20
-4.1868175590551182
11
5.9769480314960628
21
-4.1869155118110237
0
LINE
8
BLACK
6
CONTINUOUS
10
5.9769480314960628
20
-4.1869155118110237
11
5.9769405118110237
21
-4.1870214173228346
0
LINE
8
BLACK
6
CONTINUOUS
10
5.9769405118110237
20
-4.1870214173228346
11
5.9767336220472442
21
-4.1875620078740159
0
LINE
8
BLACK
6
CONTINUOUS
10
5.9767336220472442
20
-4.1875620078740159
11
5.9748588582677167
21
-4.191311535433071
0
LINE
8
BLACK
6
CONTINUOUS
10
5.9748588582677167
20
-4.191311535433071
11
5.9747027559055113
21
-4.1915595275590549
0
LINE
8
BLACK
6
CONTINUOUS
10
5.9747027559055113
20
-4.1915595275590549
11
5.9746729527559053
21
-4.1916314960629917
0
LINE
8
BLACK
6
CONTINUOUS
10
5.9746729527559053
20
-4.1916314960629917
11
5.9746064566929133
21
-4.1917124409448814
0
LINE
8
BLACK
6
CONTINUOUS
10
5.9746064566929133
20
-4.1917124409448814
11
5.9745505118110236
21
-4.1918014173228348
0
LINE
8
BLACK
6
CONTINUOUS
10
5.9745505118110236
20
-4.1918014173228348
11
5.974491496062992
21
-4.1918525590551177
0
LINE
8
BLACK
6
CONTINUOUS
10
5.974491496062992
20
-4.1918525590551177
11
5.9743057480314956
21
-4.1920789370078735
0
LINE
8
BLACK
6
CONTINUOUS
10
5.9743057480314956
20
-4.1920789370078735
11
5.9734412204724405
21
-4.1929434251968507
0
LINE
8
BLACK
6
CONTINUOUS
10
5.9734412204724405
20
-4.1929434251968507
11
5.9736801181102361
21
-4.193050078740157
0
LINE
8
BLACK
6
CONTINUOUS
10
5.9736801181102361
20
-4.193050078740157
11
5.973760236220472
21
-4.1931195669291341
0
LINE
8
BLACK
6
CONTINUOUS
10
5.973760236220472
20
-4.1931195669291341
11
5.9738583070866138
21
-4.1931601968503935
0
LINE
8
BLACK
6
CONTINUOUS
10
5.9738583070866138
20
-4.1931601968503935
11
5.9743057480314956
21
-4.1935274015748032
0
LINE
8
BLACK
6
CONTINUOUS
10
5.9743057480314956
20
-4.1935274015748032
11
5.9761805118110232
21
-4.1954021653543307
0
LINE
8
BLACK
6
CONTINUOUS
10
5.9761805118110232
20
-4.1954021653543307
11
5.9763662598425196
21
-4.1956285039370078
0
LINE
8
BLACK
6
CONTINUOUS
10
5.9763662598425196
20
-4.1956285039370078
11
5.9764252755905511
21
-4.1956796850393703
0
LINE
8
BLACK
6
CONTINUOUS
10
5.9764252755905511
20
-4.1956796850393703
11
5.9764812204724409
21
-4.1957686220472441
0
LINE
8
BLACK
6
CONTINUOUS
10
5.9764812204724409
20
-4.1957686220472441
11
5.9765477165354328
21
-4.1958496062992126
0
LINE
8
BLACK
6
CONTINUOUS
10
5.9765477165354328
20
-4.1958496062992126
11
5.9765775196850388
21
-4.1959215354330706
0
LINE
8
BLACK
6
CONTINUOUS
10
5.9765775196850388
20
-4.1959215354330706
11
5.9767336220472442
21
-4.1961695669291341
0
LINE
8
BLACK
6
CONTINUOUS
10
5.9767336220472442
20
-4.1961695669291341
11
5.9786083858267718
21
-4.1999190944881892
0
LINE
8
BLACK
6
CONTINUOUS
10
5.9786083858267718
20
-4.1999190944881892
11
5.9788152755905513
21
-4.2004596850393696
0
LINE
8
BLACK
6
CONTINUOUS
10
5.9788152755905513
20
-4.2004596850393696
11
5.9788227952755904
21
-4.2005655511811026
0
LINE
8
BLACK
6
CONTINUOUS
10
5.9788227952755904
20
-4.2005655511811026
11
5.9788633858267719
21
-4.2006635433070869
0
LINE
8
BLACK
6
CONTINUOUS
10
5.9788633858267719
20
-4.2006635433070869
11
5.9789201181102358
21
-4.2012396062992128
0
LINE
8
BLACK
6
CONTINUOUS
10
5.9789201181102358
20
-4.2012396062992128
11
5.9789201181102358
21
-4.2068638976377954
0
LINE
8
BLACK
6
CONTINUOUS
10
5.9789201181102358
20
-4.2068638976377954
11
5.9788633858267719
21
-4.2074399606299213
0
LINE
8
BLACK
6
CONTINUOUS
10
5.9788633858267719
20
-4.2074399606299213
11
5.9788227952755904
21
-4.2075379133858268
0
LINE
8
BLACK
6
CONTINUOUS
10
5.9788227952755904
20
-4.2075379133858268
11
5.9788152755905513
21
-4.2076438188976377
0
LINE
8
BLACK
6
CONTINUOUS
10
5.9788152755905513
20
-4.2076438188976377
11
5.9786083858267718
21
-4.208184409448819
0
LINE
8
BLACK
6
CONTINUOUS
10
5.9786083858267718
20
-4.208184409448819
11
5.9767336220472442
21
-4.2119339370078741
0
LINE
8
BLACK
6
CONTINUOUS
10
5.9767336220472442
20
-4.2119339370078741
11
5.9765775590551176
21
-4.2121818110236218
0
LINE
8
BLACK
6
CONTINUOUS
10
5.9765775590551176
20
-4.2121818110236218
11
5.9765477559055116
21
-4.212253858267716
0
LINE
8
BLACK
6
CONTINUOUS
10
5.9765477559055116
20
-4.212253858267716
11
5.9764812204724409
21
-4.2123348818897641
0
LINE
8
BLACK
6
CONTINUOUS
10
5.9764812204724409
20
-4.2123348818897641
11
5.9764252755905511
21
-4.212423818897638
0
LINE
8
BLACK
6
CONTINUOUS
10
5.9764252755905511
20
-4.212423818897638
11
5.9763662598425196
21
-4.2124749606299208
0
LINE
8
BLACK
6
CONTINUOUS
10
5.9763662598425196
20
-4.2124749606299208
11
5.9761805118110232
21
-4.2127013385826775
0
LINE
8
BLACK
6
CONTINUOUS
10
5.9761805118110232
20
-4.2127013385826775
11
5.9743057874015744
21
-4.214576102362205
0
LINE
8
BLACK
6
CONTINUOUS
10
5.9743057874015744
20
-4.214576102362205
11
5.9740794094488185
21
-4.2147618503937005
0
LINE
8
BLACK
6
CONTINUOUS
10
5.9740794094488185
20
-4.2147618503937005
11
5.974028228346457
21
-4.2148209055118109
0
LINE
8
BLACK
6
CONTINUOUS
10
5.974028228346457
20
-4.2148209055118109
11
5.9739392519685035
21
-4.2148768897637794
0
LINE
8
BLACK
6
CONTINUOUS
10
5.9739392519685035
20
-4.2148768897637794
11
5.9738583070866138
21
-4.2149433464566926
0
LINE
8
BLACK
6
CONTINUOUS
10
5.9738583070866138
20
-4.2149433464566926
11
5.973786338582677
21
-4.2149731496062994
0
LINE
8
BLACK
6
CONTINUOUS
10
5.973786338582677
20
-4.2149731496062994
11
5.9735383464566931
21
-4.215129251968504
0
LINE
8
BLACK
6
CONTINUOUS
10
5.9735383464566931
20
-4.215129251968504
11
5.969788818897638
21
-4.2170040157480315
0
LINE
8
BLACK
6
CONTINUOUS
10
5.969788818897638
20
-4.2170040157480315
11
5.969248188976378
21
-4.217210905511811
0
LINE
8
BLACK
6
CONTINUOUS
10
5.969248188976378
20
-4.217210905511811
11
5.9691423622047246
21
-4.2172183858267713
0
LINE
8
BLACK
6
CONTINUOUS
10
5.9691423622047246
20
-4.2172183858267713
11
5.9690443700787403
21
-4.2172590157480316
0
LINE
8
BLACK
6
CONTINUOUS
10
5.9690443700787403
20
-4.2172590157480316
11
5.9684683070866145
21
-4.2173157480314956
0
LINE
8
BLACK
6
CONTINUOUS
10
5.9684683070866145
20
-4.2173157480314956
11
5.9534701968503931
21
-4.2173157480314956
0
LINE
8
BLACK
6
CONTINUOUS
10
5.9534701968503931
20
-4.2173157480314956
11
5.9528941338582673
21
-4.2172590157480316
0
LINE
8
BLACK
6
CONTINUOUS
10
5.9528941338582673
20
-4.2172590157480316
11
5.9518297244094489
21
-4.2168181102362201
0
LINE
8
BLACK
6
CONTINUOUS
10
5.9518297244094489
20
-4.2168181102362201
11
5.9510150787401574
21
-4.2160034645669286
0
LINE
8
BLACK
6
CONTINUOUS
10
5.9510150787401574
20
-4.2160034645669286
11
5.9505741732283459
21
-4.2149390551181103
0
LINE
8
BLACK
6
CONTINUOUS
10
5.9505741732283459
20
-4.2149390551181103
11
5.950517440944882
21
-4.2143629921259844
0
LINE
8
BLACK
6
CONTINUOUS
10
5.950517440944882
20
-4.2143629921259844
11
5.950517440944882
21
-4.174992913385827
0
LINE
8
BLACK
6
CONTINUOUS
10
5.950517440944882
20
-4.174992913385827
11
5.9505741732283459
21
-4.1744168503937003
0
LINE
8
BLACK
6
CONTINUOUS
10
5.9505741732283459
20
-4.1744168503937003
11
5.9510150787401574
21
-4.1733524409448819
0
LINE
8
BLACK
6
CONTINUOUS
10
5.9510150787401574
20
-4.1733524409448819
11
5.9518297244094489
21
-4.1725377952755904
0
LINE
8
BLACK
6
CONTINUOUS
10
5.9518297244094489
20
-4.1725377952755904
11
5.9528941338582673
21
-4.1720968897637798
0
LINE
8
BLACK
6
CONTINUOUS
10
5.9528941338582673
20
-4.1720968897637798
11
5.9534701968503931
21
-4.172040157480315
0
LINE
8
BLACK
6
CONTINUOUS
10
5.9534701968503931
20
-4.172040157480315
11
5.9665935433070869
21
-4.172040157480315
0
LINE
8
BLACK
6
CONTINUOUS
10
5.9665935433070869
20
-4.172040157480315
11
5.9671696062992128
21
-4.1720968897637798
0
LINE
8
BLACK
6
CONTINUOUS
10
5.9564229527559052
20
-4.2114102362204724
11
5.9677712598425199
21
-4.2114102362204724
0
LINE
8
BLACK
6
CONTINUOUS
10
5.9677712598425199
20
-4.2114102362204724
11
5.9704687007874018
21
-4.2100614960629921
0
LINE
8
BLACK
6
CONTINUOUS
10
5.9704687007874018
20
-4.2100614960629921
11
5.9716658267716536
21
-4.2088643307086615
0
LINE
8
BLACK
6
CONTINUOUS
10
5.9716658267716536
20
-4.2088643307086615
11
5.9730146062992127
21
-4.2061668503937009
0
LINE
8
BLACK
6
CONTINUOUS
10
5.9730146062992127
20
-4.2061668503937009
11
5.9730146062992127
21
-4.2019366535433074
0
LINE
8
BLACK
6
CONTINUOUS
10
5.9730146062992127
20
-4.2019366535433074
11
5.9716658661417323
21
-4.1992391732283467
0
LINE
8
BLACK
6
CONTINUOUS
10
5.9716658661417323
20
-4.1992391732283467
11
5.9706227952755908
21
-4.1981961023622043
0
LINE
8
BLACK
6
CONTINUOUS
10
5.9706227952755908
20
-4.1981961023622043
11
5.966114409448819
21
-4.1966933070866137
0
LINE
8
BLACK
6
CONTINUOUS
10
5.966114409448819
20
-4.1966933070866137
11
5.9564229527559052
21
-4.1966933070866137
0
LINE
8
BLACK
6
CONTINUOUS
10
5.9564229527559052
20
-4.1966933070866137
11
5.9564229527559052
21
-4.2114102362204724
0
LINE
8
BLACK
6
CONTINUOUS
10
5.9564229527559052
20
-4.1907877952755905
11
5.9658964960629923
21
-4.1907877952755905
0
LINE
8
BLACK
6
CONTINUOUS
10
5.9658964960629923
20
-4.1907877952755905
11
5.968593976377953
21
-4.1894390551181102
0
LINE
8
BLACK
6
CONTINUOUS
10
5.968593976377953
20
-4.1894390551181102
11
5.9697911023622048
21
-4.1882419291338584
0
LINE
8
BLACK
6
CONTINUOUS
10
5.9697911023622048
20
-4.1882419291338584
11
5.9711398425196851
21
-4.1855444488188978
0
LINE
8
BLACK
6
CONTINUOUS
10
5.9711398425196851
20
-4.1855444488188978
11
5.9711398425196851
21
-4.1831890157480318
0
LINE
8
BLACK
6
CONTINUOUS
10
5.9711398425196851
20
-4.1831890157480318
11
5.9697911023622048
21
-4.1804915354330712
0
LINE
8
BLACK
6
CONTINUOUS
10
5.9697911023622048
20
-4.1804915354330712
11
5.968593976377953
21
-4.1792944094488185
0
LINE
8
BLACK
6
CONTINUOUS
10
5.968593976377953
20
-4.1792944094488185
11
5.9658964960629923
21
-4.1779456692913381
0
LINE
8
BLACK
6
CONTINUOUS
10
5.9658964960629923
20
-4.1779456692913381
11
5.9564229527559052
21
-4.1779456692913381
0
LINE
8
BLACK
6
CONTINUOUS
10
5.9564229527559052
20
-4.1779456692913381
11
5.9564229527559052
21
-4.1907877952755905
0
LINE
8
BLACK
6
CONTINUOUS
10
6.0318466535433073
20
-4.1720688582677168
11
6.0319244094488189
21
-4.1720633464566932
0
LINE
8
BLACK
6
CONTINUOUS
10
6.0319244094488189
20
-4.1720633464566932
11
6.0320266535433067
21
-4.1720865748031493
0
LINE
8
BLACK
6
CONTINUOUS
10
6.0320266535433067
20
-4.1720865748031493
11
6.0321311811023621
21
-4.1720968897637798
0
LINE
8
BLACK
6
CONTINUOUS
10
6.0321311811023621
20
-4.1720968897637798
11
6.0322032677165351
21
-4.1721267322834645
0
LINE
8
BLACK
6
CONTINUOUS
10
6.0322032677165351
20
-4.1721267322834645
11
6.0324888582677163
21
-4.172191692913386
0
LINE
8
BLACK
6
CONTINUOUS
10
6.0324888582677163
20
-4.172191692913386
11
6.038113149606299
21
-4.1740664566929135
0
LINE
8
BLACK
6
CONTINUOUS
10
6.038113149606299
20
-4.1740664566929135
11
6.0386416929133855
21
-4.1743024409448815
0
LINE
8
BLACK
6
CONTINUOUS
10
6.0386416929133855
20
-4.1743024409448815
11
6.0395120472440942
21
-4.1750573228346459
0
LINE
8
BLACK
6
CONTINUOUS
10
6.0395120472440942
20
-4.1750573228346459
11
6.0400272834645667
21
-4.1760877559055114
0
LINE
8
BLACK
6
CONTINUOUS
10
6.0400272834645667
20
-4.1760877559055114
11
6.0401089763779527
21
-4.1772369685039372
0
LINE
8
BLACK
6
CONTINUOUS
10
6.0401089763779527
20
-4.1772369685039372
11
6.0397446456692911
21
-4.1783299606299211
0
LINE
8
BLACK
6
CONTINUOUS
10
6.0397446456692911
20
-4.1783299606299211
11
6.0389897637795276
21
-4.1792003543307086
0
LINE
8
BLACK
6
CONTINUOUS
10
6.0389897637795276
20
-4.1792003543307086
11
6.0379592913385824
21
-4.1797155511811024
0
LINE
8
BLACK
6
CONTINUOUS
10
6.0379592913385824
20
-4.1797155511811024
11
6.0368100787401575
21
-4.1797972440944884
0
LINE
8
BLACK
6
CONTINUOUS
10
6.0368100787401575
20
-4.1797972440944884
11
6.0362456299212601
21
-4.1796688976377956
0
LINE
8
BLACK
6
CONTINUOUS
10
6.0362456299212601
20
-4.1796688976377956
11
6.0310759842519683
21
-4.1779456692913381
0
LINE
8
BLACK
6
CONTINUOUS
10
6.0310759842519683
20
-4.1779456692913381
11
6.0228783464566931
21
-4.1779456692913381
0
LINE
8
BLACK
6
CONTINUOUS
10
6.0228783464566931
20
-4.1779456692913381
11
6.0201808661417324
21
-4.1792944094488185
0
LINE
8
BLACK
6
CONTINUOUS
10
6.0201808661417324
20
-4.1792944094488185
11
6.0189837401574806
21
-4.1804915354330712
0
LINE
8
BLACK
6
CONTINUOUS
10
6.0189837401574806
20
-4.1804915354330712
11
6.0176350000000003
21
-4.1831890157480318
0
LINE
8
BLACK
6
CONTINUOUS
10
6.0176350000000003
20
-4.1831890157480318
11
6.0176350000000003
21
-4.1855444488188978
0
LINE
8
BLACK
6
CONTINUOUS
10
6.0176350000000003
20
-4.1855444488188978
11
6.0189837401574806
21
-4.1882419291338584
0
LINE
8
BLACK
6
CONTINUOUS
10
6.0189837401574806
20
-4.1882419291338584
11
6.0201808661417324
21
-4.1894390551181102
0
LINE
8
BLACK
6
CONTINUOUS
10
6.0201808661417324
20
-4.1894390551181102
11
6.0232118503937002
21
-4.1909545275590547
0
LINE
8
BLACK
6
CONTINUOUS
10
6.0232118503937002
20
-4.1909545275590547
11
6.0303964960629921
21
-4.1927507086614169
0
LINE
8
BLACK
6
CONTINUOUS
10
6.0303964960629921
20
-4.1927507086614169
11
6.0304389763779529
21
-4.1927658661417322
0
LINE
8
BLACK
6
CONTINUOUS
10
6.0304389763779529
20
-4.1927658661417322
11
6.0304602362204722
21
-4.1927674015748027
0
LINE
8
BLACK
6
CONTINUOUS
10
6.0304602362204722
20
-4.1927674015748027
11
6.0306996456692916
21
-4.1928590157480317
0
LINE
8
BLACK
6
CONTINUOUS
10
6.0306996456692916
20
-4.1928590157480317
11
6.0309416141732282
21
-4.192945472440945
0
LINE
8
BLACK
6
CONTINUOUS
10
6.0309416141732282
20
-4.192945472440945
11
6.0309587401574802
21
-4.1929581496062989
0
LINE
8
BLACK
6
CONTINUOUS
10
6.0309587401574802
20
-4.1929581496062989
11
6.0310008661417323
21
-4.192974291338583
0
LINE
8
BLACK
6
CONTINUOUS
10
6.0310008661417323
20
-4.192974291338583
11
6.0347503937007874
21
-4.1948490551181106
0
LINE
8
BLACK
6
CONTINUOUS
10
6.0347503937007874
20
-4.1948490551181106
11
6.0349983858267713
21
-4.1950051181102364
0
LINE
8
BLACK
6
CONTINUOUS
10
6.0349983858267713
20
-4.1950051181102364
11
6.0350703543307089
21
-4.1950349606299211
0
LINE
8
BLACK
6
CONTINUOUS
10
6.0350703543307089
20
-4.1950349606299211
11
6.0351512992125986
21
-4.1951014173228343
0
LINE
8
BLACK
6
CONTINUOUS
10
6.0351512992125986
20
-4.1951014173228343
11
6.0352402755905512
21
-4.1951574015748028
0
LINE
8
BLACK
6
CONTINUOUS
10
6.0352402755905512
20
-4.1951574015748028
11
6.0352914173228349
21
-4.1952163779527556
0
LINE
8
BLACK
6
CONTINUOUS
10
6.0352914173228349
20
-4.1952163779527556
11
6.0355177952755907
21
-4.1954021653543307
0
LINE
8
BLACK
6
CONTINUOUS
10
6.0355177952755907
20
-4.1954021653543307
11
6.0373925590551183
21
-4.1972769291338583
0
LINE
8
BLACK
6
CONTINUOUS
10
6.0373925590551183
20
-4.1972769291338583
11
6.0375783070866138
21
-4.1975032677165354
0
LINE
8
BLACK
6
CONTINUOUS
10
6.0375783070866138
20
-4.1975032677165354
11
6.0376373228346454
21
-4.1975544488188978
0
LINE
8
BLACK
6
CONTINUOUS
10
6.0376373228346454
20
-4.1975544488188978
11
6.0376932677165351
21
-4.1976433858267717
0
LINE
8
BLACK
6
CONTINUOUS
10
6.0376932677165351
20
-4.1976433858267717
11
6.0377597637795271
21
-4.1977243700787401
0
LINE
8
BLACK
6
CONTINUOUS
10
6.0377597637795271
20
-4.1977243700787401
11
6.0377895669291339
21
-4.1977962992125981
0
LINE
8
BLACK
6
CONTINUOUS
10
6.0377895669291339
20
-4.1977962992125981
11
6.0379456692913385
21
-4.1980443307086617
0
LINE
8
BLACK
6
CONTINUOUS
10
6.0379456692913385
20
-4.1980443307086617
11
6.039820433070866
21
-4.2017938582677168
0
LINE
8
BLACK
6
CONTINUOUS
10
6.039820433070866
20
-4.2017938582677168
11
6.0400273228346455
21
-4.2023344488188972
0
LINE
8
BLACK
6
CONTINUOUS
10
6.0400273228346455
20
-4.2023344488188972
11
6.0400348425196846
21
-4.2024403149606302
0
LINE
8
BLACK
6
CONTINUOUS
10
6.0400348425196846
20
-4.2024403149606302
11
6.0400754330708661
21
-4.2025383070866145
0
LINE
8
BLACK
6
CONTINUOUS
10
6.0400754330708661
20
-4.2025383070866145
11
6.040132165354331
21
-4.2031143700787403
0
LINE
8
BLACK
6
CONTINUOUS
10
6.040132165354331
20
-4.2031143700787403
11
6.040132165354331
21
-4.2068638976377954
0
LINE
8
BLACK
6
CONTINUOUS
10
6.040132165354331
20
-4.2068638976377954
11
6.0400754330708661
21
-4.2074399606299213
0
LINE
8
BLACK
6
CONTINUOUS
10
6.0400754330708661
20
-4.2074399606299213
11
6.0400348425196846
21
-4.2075379133858268
0
LINE
8
BLACK
6
CONTINUOUS
10
6.0400348425196846
20
-4.2075379133858268
11
6.0400273228346455
21
-4.2076438188976377
0
LINE
8
BLACK
6
CONTINUOUS
10
6.0400273228346455
20
-4.2076438188976377
11
6.039820433070866
21
-4.208184409448819
0
LINE
8
BLACK
6
CONTINUOUS
10
6.039820433070866
20
-4.208184409448819
11
6.0379456692913385
21
-4.2119339370078741
0
LINE
8
BLACK
6
CONTINUOUS
10
6.0379456692913385
20
-4.2119339370078741
11
6.0377896062992127
21
-4.2121818110236218
0
LINE
8
BLACK
6
CONTINUOUS
10
6.0377896062992127
20
-4.2121818110236218
11
6.0377598031496058
21
-4.212253858267716
0
LINE
8
BLACK
6
CONTINUOUS
10
6.0377598031496058
20
-4.212253858267716
11
6.0376932677165351
21
-4.2123348818897641
0
LINE
8
BLACK
6
CONTINUOUS
10
6.0376932677165351
20
-4.2123348818897641
11
6.0376373228346454
21
-4.212423818897638
0
LINE
8
BLACK
6
CONTINUOUS
10
6.0376373228346454
20
-4.212423818897638
11
6.0375783070866138
21
-4.2124749606299208
0
LINE
8
BLACK
6
CONTINUOUS
10
6.0375783070866138
20
-4.2124749606299208
11
6.0373925590551183
21
-4.2127013385826775
0
LINE
8
BLACK
6
CONTINUOUS
10
6.0373925590551183
20
-4.2127013385826775
11
6.0355178346456695
21
-4.214576102362205
0
LINE
8
BLACK
6
CONTINUOUS
10
6.0355178346456695
20
-4.214576102362205
11
6.0352914566929137
21
-4.2147618503937005
0
LINE
8
BLACK
6
CONTINUOUS
10
6.0352914566929137
20
-4.2147618503937005
11
6.0352402755905512
21
-4.2148209055118109
0
LINE
8
BLACK
6
CONTINUOUS
10
6.0352402755905512
20
-4.2148209055118109
11
6.0351512992125986
21
-4.2148768897637794
0
LINE
8
BLACK
6
CONTINUOUS
10
6.0351512992125986
20
-4.2148768897637794
11
6.0350703543307089
21
-4.2149433464566926
0
LINE
8
BLACK
6
CONTINUOUS
10
6.0350703543307089
20
-4.2149433464566926
11
6.0349983858267713
21
-4.2149731496062994
0
LINE
8
BLACK
6
CONTINUOUS
10
6.0349983858267713
20
-4.2149731496062994
11
6.0347503937007874
21
-4.215129251968504
0
LINE
8
BLACK
6
CONTINUOUS
10
6.0347503937007874
20
-4.215129251968504
11
6.0310008661417323
21
-4.2170040157480315
0
LINE
8
BLACK
6
CONTINUOUS
10
6.0310008661417323
20
-4.2170040157480315
11
6.0304602362204722
21
-4.217210905511811
0
LINE
8
BLACK
6
CONTINUOUS
10
6.0304602362204722
20
-4.217210905511811
11
6.0303544094488188
21
-4.2172183858267713
0
LINE
8
BLACK
6
CONTINUOUS
10
6.0303544094488188
20
-4.2172183858267713
11
6.0302564173228346
21
-4.2172590157480316
0
LINE
8
BLACK
6
CONTINUOUS
10
6.0302564173228346
20
-4.2172590157480316
11
6.0296803543307087
21
-4.2173157480314956
0
LINE
8
BLACK
6
CONTINUOUS
10
6.0296803543307087
20
-4.2173157480314956
11
6.0203065354330709
21
-4.2173157480314956
0
LINE
8
BLACK
6
CONTINUOUS
10
6.0203065354330709
20
-4.2173157480314956
11
6.0200149212598424
21
-4.2172870078740159
0
LINE
8
BLACK
6
CONTINUOUS
10
6.0200149212598424
20
-4.2172870078740159
11
6.0199372047244095
21
-4.2172925590551182
0
LINE
8
BLACK
6
CONTINUOUS
10
6.0199372047244095
20
-4.2172925590551182
11
6.0198349212598421
21
-4.2172692913385825
0
LINE
8
BLACK
6
CONTINUOUS
10
6.0198349212598421
20
-4.2172692913385825
11
6.0197304724409451
21
-4.2172590157480316
0
LINE
8
BLACK
6
CONTINUOUS
10
6.0197304724409451
20
-4.2172590157480316
11
6.0196583858267712
21
-4.2172291338582673
0
LINE
8
BLACK
6
CONTINUOUS
10
6.0196583858267712
20
-4.2172291338582673
11
6.0193727559055112
21
-4.2171642125984254
0
LINE
8
BLACK
6
CONTINUOUS
10
6.0193727559055112
20
-4.2171642125984254
11
6.0137485039370073
21
-4.2152894488188979
0
LINE
8
BLACK
6
CONTINUOUS
10
6.0137485039370073
20
-4.2152894488188979
11
6.0132199212598421
21
-4.2150534645669291
0
LINE
8
BLACK
6
CONTINUOUS
10
6.0132199212598421
20
-4.2150534645669291
11
6.0123495669291334
21
-4.2142985826771655
0
LINE
8
BLACK
6
CONTINUOUS
10
6.0123495669291334
20
-4.2142985826771655
11
6.0118343700787404
21
-4.2132681496062991
0
LINE
8
BLACK
6
CONTINUOUS
10
6.0118343700787404
20
-4.2132681496062991
11
6.0117526771653544
21
-4.2121189370078742
0
LINE
8
BLACK
6
CONTINUOUS
10
6.0117526771653544
20
-4.2121189370078742
11
6.012117007874016
21
-4.2110259055118107
0
LINE
8
BLACK
6
CONTINUOUS
10
6.012117007874016
20
-4.2110259055118107
11
6.0128718897637796
21
-4.210155551181102
0
LINE
8
BLACK
6
CONTINUOUS
10
6.0128718897637796
20
-4.210155551181102
11
6.0139023228346451
21
-4.2096403543307082
0
LINE
8
BLACK
6
CONTINUOUS
10
6.0139023228346451
20
-4.2096403543307082
11
6.0150515354330709
21
-4.209558661417323
0
LINE
8
BLACK
6
CONTINUOUS
10
6.0150515354330709
20
-4.209558661417323
11
6.0156159842519683
21
-4.2096870078740158
0
LINE
8
BLACK
6
CONTINUOUS
10
6.0156159842519683
20
-4.2096870078740158
11
6.0207856692913388
21
-4.2114102362204724
0
LINE
8
BLACK
6
CONTINUOUS
10
6.0207856692913388
20
-4.2114102362204724
11
6.0289833070866141
21
-4.2114102362204724
0
LINE
8
BLACK
6
CONTINUOUS
10
6.0289833070866141
20
-4.2114102362204724
11
6.031680748031496
21
-4.2100614960629921
0
LINE
8
BLACK
6
CONTINUOUS
10
6.031680748031496
20
-4.2100614960629921
11
6.0328778740157478
21
-4.2088643307086615
0
LINE
8
BLACK
6
CONTINUOUS
10
6.0328778740157478
20
-4.2088643307086615
11
6.0342266535433069
21
-4.2061668503937009
0
LINE
8
BLACK
6
CONTINUOUS
10
6.0342266535433069
20
-4.2061668503937009
11
6.0342266535433069
21
-4.2038114173228349
0
LINE
8
BLACK
6
CONTINUOUS
10
6.0342266535433069
20
-4.2038114173228349
11
6.0328779133858266
21
-4.2011139370078743
0
LINE
8
BLACK
6
CONTINUOUS
10
6.0328779133858266
20
-4.2011139370078743
11
6.0316807874015748
21
-4.1999168110236216
0
LINE
8
BLACK
6
CONTINUOUS
10
6.0316807874015748
20
-4.1999168110236216
11
6.0286498031496061
21
-4.1984012992125983
0
LINE
8
BLACK
6
CONTINUOUS
10
6.0286498031496061
20
-4.1984012992125983
11
6.0214651574803151
21
-4.1966051574803149
0
LINE
8
BLACK
6
CONTINUOUS
10
6.0214651574803151
20
-4.1966051574803149
11
6.0214226377952755
21
-4.1965899606299208
0
LINE
8
BLACK
6
CONTINUOUS
10
6.0214226377952755
20
-4.1965899606299208
11
6.0214013779527562
21
-4.1965884645669291
0
LINE
8
BLACK
6
CONTINUOUS
10
6.0214013779527562
20
-4.1965884645669291
11
6.021161614173228
21
-4.196496692913386
0
LINE
8
BLACK
6
CONTINUOUS
10
6.021161614173228
20
-4.196496692913386
11
6.020920039370079
21
-4.1964103937007877
0
LINE
8
BLACK
6
CONTINUOUS
10
6.020920039370079
20
-4.1964103937007877
11
6.0209028740157482
21
-4.1963976771653542
0
LINE
8
BLACK
6
CONTINUOUS
10
6.0209028740157482
20
-4.1963976771653542
11
6.0208607874015749
21
-4.1963815748031497
0
LINE
8
BLACK
6
CONTINUOUS
10
6.0208607874015749
20
-4.1963815748031497
11
6.0171112598425198
21
-4.1945068110236221
0
LINE
8
BLACK
6
CONTINUOUS
10
6.0171112598425198
20
-4.1945068110236221
11
6.0168632283464563
21
-4.1943507086614176
0
LINE
8
BLACK
6
CONTINUOUS
10
6.0168632283464563
20
-4.1943507086614176
11
6.0167912992125983
21
-4.1943209055118107
0
LINE
8
BLACK
6
CONTINUOUS
10
6.0167912992125983
20
-4.1943209055118107
11
6.0167103149606298
21
-4.1942544094488188
0
LINE
8
BLACK
6
CONTINUOUS
10
6.0167103149606298
20
-4.1942544094488188
11
6.016621377952756
21
-4.194198464566929
0
LINE
8
BLACK
6
CONTINUOUS
10
6.016621377952756
20
-4.194198464566929
11
6.0165701968503935
21
-4.1941394488188974
0
LINE
8
BLACK
6
CONTINUOUS
10
6.0165701968503935
20
-4.1941394488188974
11
6.0163438582677164
21
-4.193953700787401
0
LINE
8
BLACK
6
CONTINUOUS
10
6.0163438582677164
20
-4.193953700787401
11
6.0144690944881889
21
-4.1920789370078735
0
LINE
8
BLACK
6
CONTINUOUS
10
6.0144690944881889
20
-4.1920789370078735
11
6.0142833070866137
21
-4.1918525590551177
0
LINE
8
BLACK
6
CONTINUOUS
10
6.0142833070866137
20
-4.1918525590551177
11
6.0142243307086609
21
-4.1918014173228348
0
LINE
8
BLACK
6
CONTINUOUS
10
6.0142243307086609
20
-4.1918014173228348
11
6.0141683464566924
21
-4.1917124409448814
0
LINE
8
BLACK
6
CONTINUOUS
10
6.0141683464566924
20
-4.1917124409448814
11
6.0141018897637792
21
-4.1916314960629917
0
LINE
8
BLACK
6
CONTINUOUS
10
6.0141018897637792
20
-4.1916314960629917
11
6.0140720472440945
21
-4.1915595275590549
0
LINE
8
BLACK
6
CONTINUOUS
10
6.0140720472440945
20
-4.1915595275590549
11
6.0139159842519687
21
-4.191311535433071
0
LINE
8
BLACK
6
CONTINUOUS
10
6.0139159842519687
20
-4.191311535433071
11
6.0120412204724412
21
-4.1875620078740159
0
LINE
8
BLACK
6
CONTINUOUS
10
6.0120412204724412
20
-4.1875620078740159
11
6.0118343307086617
21
-4.1870213779527559
0
LINE
8
BLACK
6
CONTINUOUS
10
6.0118343307086617
20
-4.1870213779527559
11
6.0118268110236217
21
-4.1869155511811025
0
LINE
8
BLACK
6
CONTINUOUS
10
6.0118268110236217
20
-4.1869155511811025
11
6.011786220472441
21
-4.1868175590551182
0
LINE
8
BLACK
6
CONTINUOUS
10
6.011786220472441
20
-4.1868175590551182
11
6.0117294881889762
21
-4.1862414960629923
0
LINE
8
BLACK
6
CONTINUOUS
10
6.0117294881889762
20
-4.1862414960629923
11
6.0117294881889762
21
-4.1824919685039372
0
LINE
8
BLACK
6
CONTINUOUS
10
6.0117294881889762
20
-4.1824919685039372
11
6.011786220472441
21
-4.1819159055118114
0
LINE
8
BLACK
6
CONTINUOUS
10
6.011786220472441
20
-4.1819159055118114
11
6.0118268110236217
21
-4.1818178740157483
0
LINE
8
BLACK
6
CONTINUOUS
10
6.0118268110236217
20
-4.1818178740157483
11
6.0118343307086617
21
-4.1817120866141728
0
LINE
8
BLACK
6
CONTINUOUS
10
6.0118343307086617
20
-4.1817120866141728
11
6.0120412204724412
21
-4.1811714566929137
0
LINE
8
BLACK
6
CONTINUOUS
10
6.0120412204724412
20
-4.1811714566929137
11
6.0139159842519687
21
-4.1774219291338586
0
LINE
8
BLACK
6
CONTINUOUS
10
6.0139159842519687
20
-4.1774219291338586
11
6.0140720472440945
21
-4.177173897637795
0
LINE
8
BLACK
6
CONTINUOUS
10
6.0140720472440945
20
-4.177173897637795
11
6.0141018897637792
21
-4.177101968503937
0
LINE
8
BLACK
6
CONTINUOUS
10
6.0141018897637792
20
-4.177101968503937
11
6.0141683464566924
21
-4.1770209842519685
0
LINE
8
BLACK
6
CONTINUOUS
10
6.0141683464566924
20
-4.1770209842519685
11
6.0142243307086609
21
-4.1769320472440947
0
LINE
8
BLACK
6
CONTINUOUS
10
6.0142243307086609
20
-4.1769320472440947
11
6.0142833070866137
21
-4.1768808661417323
0
LINE
8
BLACK
6
CONTINUOUS
10
6.0142833070866137
20
-4.1768808661417323
11
6.0144690944881889
21
-4.1766545275590552
0
LINE
8
BLACK
6
CONTINUOUS
10
6.0144690944881889
20
-4.1766545275590552
11
6.0163438582677164
21
-4.1747797637795276
0
LINE
8
BLACK
6
CONTINUOUS
10
6.0163438582677164
20
-4.1747797637795276
11
6.0165701968503935
21
-4.1745939763779525
0
LINE
8
BLACK
6
CONTINUOUS
10
6.0165701968503935
20
-4.1745939763779525
11
6.016621377952756
21
-4.1745349999999997
0
LINE
8
BLACK
6
CONTINUOUS
10
6.016621377952756
20
-4.1745349999999997
11
6.0167103149606298
21
-4.1744790157480312
0
LINE
8
BLACK
6
CONTINUOUS
10
6.0167103149606298
20
-4.1744790157480312
11
6.0167912992125983
21
-4.174412559055118
0
LINE
8
BLACK
6
CONTINUOUS
10
6.0167912992125983
20
-4.174412559055118
11
6.0168632283464563
21
-4.1743827165354332
0
LINE
8
BLACK
6
CONTINUOUS
10
6.0168632283464563
20
-4.1743827165354332
11
6.0171112598425198
21
-4.1742266535433066
0
LINE
8
BLACK
6
CONTINUOUS
10
6.0171112598425198
20
-4.1742266535433066
11
6.0208607874015749
21
-4.172351889763779
0
LINE
8
BLACK
6
CONTINUOUS
10
6.0208607874015749
20
-4.172351889763779
11
6.0214013779527562
21
-4.1721449999999995
0
LINE
8
BLACK
6
CONTINUOUS
10
6.0214013779527562
20
-4.1721449999999995
11
6.0215072440944883
21
-4.1721374409448817
0
LINE
8
BLACK
6
CONTINUOUS
10
6.0215072440944883
20
-4.1721374409448817
11
6.0216052362204726
21
-4.1720968897637798
0
LINE
8
BLACK
6
CONTINUOUS
10
6.0216052362204726
20
-4.1720968897637798
11
6.0221812992125985
21
-4.172040157480315
0
LINE
8
BLACK
6
CONTINUOUS
10
6.0221812992125985
20
-4.172040157480315
11
6.0315551181102363
21
-4.172040157480315
0
LINE
8
BLACK
6
CONTINUOUS
10
6.0315551181102363
20
-4.172040157480315
11
6.0318466535433073
21
-4.1720688582677168
0
LINE
8
BLACK
6
CONTINUOUS
10
6.1108713385826769
20
-4.1720968897637798
11
6.1109693307086612
21
-4.1721374803149605
0
LINE
8
BLACK
6
CONTINUOUS
10
6.1109693307086612
20
-4.1721374803149605
11
6.1110751574803146
21
-4.1721449999999995
0
LINE
8
BLACK
6
CONTINUOUS
10
6.1110751574803146
20
-4.1721449999999995
11
6.1116157874015746
21
-4.172351889763779
0
LINE
8
BLACK
6
CONTINUOUS
10
6.1116157874015746
20
-4.172351889763779
11
6.1153653149606297
21
-4.1742266535433066
0
LINE
8
BLACK
6
CONTINUOUS
10
6.1153653149606297
20
-4.1742266535433066
11
6.1156133070866137
21
-4.1743827165354332
0
LINE
8
BLACK
6
CONTINUOUS
10
6.1156133070866137
20
-4.1743827165354332
11
6.1156852755905513
21
-4.174412559055118
0
LINE
8
BLACK
6
CONTINUOUS
10
6.1156852755905513
20
-4.174412559055118
11
6.115766220472441
21
-4.1744790157480312
0
LINE
8
BLACK
6
CONTINUOUS
10
6.115766220472441
20
-4.1744790157480312
11
6.1158551968503936
21
-4.1745349999999997
0
LINE
8
BLACK
6
CONTINUOUS
10
6.1158551968503936
20
-4.1745349999999997
11
6.1159063385826773
21
-4.1745939763779525
0
LINE
8
BLACK
6
CONTINUOUS
10
6.1159063385826773
20
-4.1745939763779525
11
6.1161327165354331
21
-4.1747797637795276
0
LINE
8
BLACK
6
CONTINUOUS
10
6.1161327165354331
20
-4.1747797637795276
11
6.1180074803149607
21
-4.1766545275590552
0
LINE
8
BLACK
6
CONTINUOUS
10
6.1180074803149607
20
-4.1766545275590552
11
6.1181932283464562
21
-4.1768808661417323
0
LINE
8
BLACK
6
CONTINUOUS
10
6.1181932283464562
20
-4.1768808661417323
11
6.1182522440944878
21
-4.1769320472440947
0
LINE
8
BLACK
6
CONTINUOUS
10
6.1182522440944878
20
-4.1769320472440947
11
6.1183081889763775
21
-4.1770209842519685
0
LINE
8
BLACK
6
CONTINUOUS
10
6.1183081889763775
20
-4.1770209842519685
11
6.1183746850393703
21
-4.177101968503937
0
LINE
8
BLACK
6
CONTINUOUS
10
6.1183746850393703
20
-4.177101968503937
11
6.1184044881889763
21
-4.177173897637795
0
LINE
8
BLACK
6
CONTINUOUS
10
6.1184044881889763
20
-4.177173897637795
11
6.1185605905511808
21
-4.1774219291338586
0
LINE
8
BLACK
6
CONTINUOUS
10
6.1185605905511808
20
-4.1774219291338586
11
6.1204353543307084
21
-4.1811714566929137
0
LINE
8
BLACK
6
CONTINUOUS
10
6.1204353543307084
20
-4.1811714566929137
11
6.1204514566929129
21
-4.1812135433070869
0
LINE
8
BLACK
6
CONTINUOUS
10
6.1204514566929129
20
-4.1812135433070869
11
6.1204641732283465
21
-4.1812307086614169
0
LINE
8
BLACK
6
CONTINUOUS
10
6.1204641732283465
20
-4.1812307086614169
11
6.1205504724409447
21
-4.1814722834645668
0
LINE
8
BLACK
6
CONTINUOUS
10
6.1205504724409447
20
-4.1814722834645668
11
6.1206422440944879
21
-4.1817120472440941
0
LINE
8
BLACK
6
CONTINUOUS
10
6.1206422440944879
20
-4.1817120472440941
11
6.1206437401574805
21
-4.1817333070866143
0
LINE
8
BLACK
6
CONTINUOUS
10
6.1206437401574805
20
-4.1817333070866143
11
6.1206589370078737
21
-4.1817758267716538
0
LINE
8
BLACK
6
CONTINUOUS
10
6.1206589370078737
20
-4.1817758267716538
11
6.1225337007874012
21
-4.189274881889764
0
LINE
8
BLACK
6
CONTINUOUS
10
6.1225337007874012
20
-4.189274881889764
11
6.122548464566929
21
-4.1893747244094488
0
LINE
8
BLACK
6
CONTINUOUS
10
6.122548464566929
20
-4.1893747244094488
11
6.1225651181102361
21
-4.1894149606299216
0
LINE
8
BLACK
6
CONTINUOUS
10
6.1225651181102361
20
-4.1894149606299216
11
6.1225864566929129
21
-4.1896319685039369
0
LINE
8
BLACK
6
CONTINUOUS
10
6.1225864566929129
20
-4.1896319685039369
11
6.1226183464566928
21
-4.1898474803149606
0
LINE
8
BLACK
6
CONTINUOUS
10
6.1226183464566928
20
-4.1898474803149606
11
6.1226119291338579
21
-4.1898904724409451
0
LINE
8
BLACK
6
CONTINUOUS
10
6.1226119291338579
20
-4.1898904724409451
11
6.1226218503937009
21
-4.1899910236220475
0
LINE
8
BLACK
6
CONTINUOUS
10
6.1226218503937009
20
-4.1899910236220475
11
6.1226218503937009
21
-4.1993648425196852
0
LINE
8
BLACK
6
CONTINUOUS
10
6.1226218503937009
20
-4.1993648425196852
11
6.1226119291338579
21
-4.1994653543307088
0
LINE
8
BLACK
6
CONTINUOUS
10
6.1226119291338579
20
-4.1994653543307088
11
6.1226183464566928
21
-4.1995083858267712
0
LINE
8
BLACK
6
CONTINUOUS
10
6.1226183464566928
20
-4.1995083858267712
11
6.1225864566929129
21
-4.1997238582677161
0
LINE
8
BLACK
6
CONTINUOUS
10
6.1225864566929129
20
-4.1997238582677161
11
6.1225651181102361
21
-4.1999409055118111
0
LINE
8
BLACK
6
CONTINUOUS
10
6.1225651181102361
20
-4.1999409055118111
11
6.122548464566929
21
-4.1999811023622042
0
LINE
8
BLACK
6
CONTINUOUS
10
6.122548464566929
20
-4.1999811023622042
11
6.1225337007874012
21
-4.2000809842519686
0
LINE
8
BLACK
6
CONTINUOUS
10
6.1225337007874012
20
-4.2000809842519686
11
6.1206589370078737
21
-4.2075800393700789
0
LINE
8
BLACK
6
CONTINUOUS
10
6.1206589370078737
20
-4.2075800393700789
11
6.1206437401574805
21
-4.2076225196850396
0
LINE
8
BLACK
6
CONTINUOUS
10
6.1206437401574805
20
-4.2076225196850396
11
6.1206422440944879
21
-4.2076438188976377
0
LINE
8
BLACK
6
CONTINUOUS
10
6.1206422440944879
20
-4.2076438188976377
11
6.1205504724409447
21
-4.2078835433070862
0
LINE
8
BLACK
6
CONTINUOUS
10
6.1205504724409447
20
-4.2078835433070862
11
6.1204641732283465
21
-4.2081251574803149
0
LINE
8
BLACK
6
CONTINUOUS
10
6.1204641732283465
20
-4.2081251574803149
11
6.1204514566929129
21
-4.208142283464567
0
LINE
8
BLACK
6
CONTINUOUS
10
6.1204514566929129
20
-4.208142283464567
11
6.1204353543307084
21
-4.208184409448819
0
LINE
8
BLACK
6
CONTINUOUS
10
6.1204353543307084
20
-4.208184409448819
11
6.1185605905511808
21
-4.2119339370078741
0
LINE
8
BLACK
6
CONTINUOUS
10
6.1185605905511808
20
-4.2119339370078741
11
6.1184045275590551
21
-4.2121818110236218
0
LINE
8
BLACK
6
CONTINUOUS
10
6.1184045275590551
20
-4.2121818110236218
11
6.1183747244094491
21
-4.212253858267716
0
LINE
8
BLACK
6
CONTINUOUS
10
6.1183747244094491
20
-4.212253858267716
11
6.1183081889763775
21
-4.2123348818897641
0
LINE
8
BLACK
6
CONTINUOUS
10
6.1183081889763775
20
-4.2123348818897641
11
6.1182522440944878
21
-4.212423818897638
0
LINE
8
BLACK
6
CONTINUOUS
10
6.1182522440944878
20
-4.212423818897638
11
6.1181932283464562
21
-4.2124749606299208
0
LINE
8
BLACK
6
CONTINUOUS
10
6.1181932283464562
20
-4.2124749606299208
11
6.1180074803149607
21
-4.2127013385826775
0
LINE
8
BLACK
6
CONTINUOUS
10
6.1180074803149607
20
-4.2127013385826775
11
6.1161327559055119
21
-4.214576102362205
0
LINE
8
BLACK
6
CONTINUOUS
10
6.1161327559055119
20
-4.214576102362205
11
6.115906377952756
21
-4.2147618503937005
0
LINE
8
BLACK
6
CONTINUOUS
10
6.115906377952756
20
-4.2147618503937005
11
6.1158551968503936
21
-4.2148209055118109
0
LINE
8
BLACK
6
CONTINUOUS
10
6.1158551968503936
20
-4.2148209055118109
11
6.115766220472441
21
-4.2148768897637794
0
LINE
8
BLACK
6
CONTINUOUS
10
6.115766220472441
20
-4.2148768897637794
11
6.1156852755905513
21
-4.2149433464566926
0
LINE
8
BLACK
6
CONTINUOUS
10
6.1156852755905513
20
-4.2149433464566926
11
6.1156133070866137
21
-4.2149731496062994
0
LINE
8
BLACK
6
CONTINUOUS
10
6.1156133070866137
20
-4.2149731496062994
11
6.1153653149606297
21
-4.215129251968504
0
LINE
8
BLACK
6
CONTINUOUS
10
6.1153653149606297
20
-4.215129251968504
11
6.1116157874015746
21
-4.2170040157480315
0
LINE
8
BLACK
6
CONTINUOUS
10
6.1116157874015746
20
-4.2170040157480315
11
6.1110751574803146
21
-4.217210905511811
0
LINE
8
BLACK
6
CONTINUOUS
10
6.1110751574803146
20
-4.217210905511811
11
6.1109693307086612
21
-4.2172183858267713
0
LINE
8
BLACK
6
CONTINUOUS
10
6.1109693307086612
20
-4.2172183858267713
11
6.1108713385826769
21
-4.2172590157480316
0
LINE
8
BLACK
6
CONTINUOUS
10
6.1108713385826769
20
-4.2172590157480316
11
6.1102952755905511
21
-4.2173157480314956
0
LINE
8
BLACK
6
CONTINUOUS
10
6.1102952755905511
20
-4.2173157480314956
11
6.106545748031496
21
-4.2173157480314956
0
LINE
8
BLACK
6
CONTINUOUS
10
6.106545748031496
20
-4.2173157480314956
11
6.1059696850393701
21
-4.2172590157480316
0
LINE
8
BLACK
6
CONTINUOUS
10
6.1059696850393701
20
-4.2172590157480316
11
6.1058716929133858
21
-4.2172184251968501
0
LINE
8
BLACK
6
CONTINUOUS
10
6.1058716929133858
20
-4.2172184251968501
11
6.1057658267716537
21
-4.217210905511811
0
LINE
8
BLACK
6
CONTINUOUS
10
6.1057658267716537
20
-4.217210905511811
11
6.1052252362204724
21
-4.2170040157480315
0
LINE
8
BLACK
6
CONTINUOUS
10
6.1052252362204724
20
-4.2170040157480315
11
6.1014757086614173
21
-4.215129251968504
0
LINE
8
BLACK
6
CONTINUOUS
10
6.1014757086614173
20
-4.215129251968504
11
6.1012276771653546
21
-4.2149731496062994
0
LINE
8
BLACK
6
CONTINUOUS
10
6.1012276771653546
20
-4.2149731496062994
11
6.1011557480314957
21
-4.2149433464566926
0
LINE
8
BLACK
6
CONTINUOUS
10
6.1011557480314957
20
-4.2149433464566926
11
6.1010747637795273
21
-4.2148768897637794
0
LINE
8
BLACK
6
CONTINUOUS
10
6.1010747637795273
20
-4.2148768897637794
11
6.1009858267716535
21
-4.2148209055118109
0
LINE
8
BLACK
6
CONTINUOUS
10
6.1009858267716535
20
-4.2148209055118109
11
6.1009346062992122
21
-4.2147618503937005
0
LINE
8
BLACK
6
CONTINUOUS
10
6.1009346062992122
20
-4.2147618503937005
11
6.1007082677165352
21
-4.214576102362205
0
LINE
8
BLACK
6
CONTINUOUS
10
6.1007082677165352
20
-4.214576102362205
11
6.0988335039370076
21
-4.2127012992125987
0
LINE
8
BLACK
6
CONTINUOUS
10
6.0988335039370076
20
-4.2127012992125987
11
6.0986477559055121
21
-4.2124749606299208
0
LINE
8
BLACK
6
CONTINUOUS
10
6.0986477559055121
20
-4.2124749606299208
11
6.0985887795275593
21
-4.212423818897638
0
LINE
8
BLACK
6
CONTINUOUS
10
6.0985887795275593
20
-4.212423818897638
11
6.0985327952755908
21
-4.2123348818897641
0
LINE
8
BLACK
6
CONTINUOUS
10
6.0985327952755908
20
-4.2123348818897641
11
6.098466299212598
21
-4.212253858267716
0
LINE
8
BLACK
6
CONTINUOUS
10
6.098466299212598
20
-4.212253858267716
11
6.0984364566929132
21
-4.2121818110236218
0
LINE
8
BLACK
6
CONTINUOUS
10
6.0984364566929132
20
-4.2121818110236218
11
6.0982804330708662
21
-4.2119339370078741
0
LINE
8
BLACK
6
CONTINUOUS
10
6.0982804330708662
20
-4.2119339370078741
11
6.0964056692913386
21
-4.208184409448819
0
LINE
8
BLACK
6
CONTINUOUS
10
6.0964056692913386
20
-4.208184409448819
11
6.0963895275590554
21
-4.208142283464567
0
LINE
8
BLACK
6
CONTINUOUS
10
6.0963895275590554
20
-4.208142283464567
11
6.0963768503937006
21
-4.2081251574803149
0
LINE
8
BLACK
6
CONTINUOUS
10
6.0963768503937006
20
-4.2081251574803149
11
6.0962903937007873
21
-4.2078831889763775
0
LINE
8
BLACK
6
CONTINUOUS
10
6.0962903937007873
20
-4.2078831889763775
11
6.0961987795275592
21
-4.207643779527559
0
LINE
8
BLACK
6
CONTINUOUS
10
6.0961987795275592
20
-4.207643779527559
11
6.0961972440944878
21
-4.2076225196850396
0
LINE
8
BLACK
6
CONTINUOUS
10
6.0961972440944878
20
-4.2076225196850396
11
6.0961820866141734
21
-4.2075800393700789
0
LINE
8
BLACK
6
CONTINUOUS
10
6.0961820866141734
20
-4.2075800393700789
11
6.0943073228346458
21
-4.2000809842519686
0
LINE
8
BLACK
6
CONTINUOUS
10
6.0943073228346458
20
-4.2000809842519686
11
6.0942925196850393
21
-4.1999811023622042
0
LINE
8
BLACK
6
CONTINUOUS
10
6.0942925196850393
20
-4.1999811023622042
11
6.094275905511811
21
-4.1999409055118111
0
LINE
8
BLACK
6
CONTINUOUS
10
6.094275905511811
20
-4.1999409055118111
11
6.0942545275590554
21
-4.1997238582677161
0
LINE
8
BLACK
6
CONTINUOUS
10
6.0942545275590554
20
-4.1997238582677161
11
6.0942226771653543
21
-4.1995083858267712
0
LINE
8
BLACK
6
CONTINUOUS
10
6.0942226771653543
20
-4.1995083858267712
11
6.0942290551181104
21
-4.1994653543307088
0
LINE
8
BLACK
6
CONTINUOUS
10
6.0942290551181104
20
-4.1994653543307088
11
6.0942191732283462
21
-4.1993648425196852
0
LINE
8
BLACK
6
CONTINUOUS
10
6.0942191732283462
20
-4.1993648425196852
11
6.0942191732283462
21
-4.1899910236220475
0
LINE
8
BLACK
6
CONTINUOUS
10
6.0942191732283462
20
-4.1899910236220475
11
6.0942290551181104
21
-4.1898904724409451
0
LINE
8
BLACK
6
CONTINUOUS
10
6.0942290551181104
20
-4.1898904724409451
11
6.0942226771653543
21
-4.1898474803149606
0
LINE
8
BLACK
6
CONTINUOUS
10
6.0942226771653543
20
-4.1898474803149606
11
6.0942545275590554
21
-4.1896319685039369
0
LINE
8
BLACK
6
CONTINUOUS
10
6.0942545275590554
20
-4.1896319685039369
11
6.094275905511811
21
-4.1894149606299216
0
LINE
8
BLACK
6
CONTINUOUS
10
6.094275905511811
20
-4.1894149606299216
11
6.0942925196850393
21
-4.1893747244094488
0
LINE
8
BLACK
6
CONTINUOUS
10
6.0942925196850393
20
-4.1893747244094488
11
6.0943073228346458
21
-4.189274881889764
0
LINE
8
BLACK
6
CONTINUOUS
10
6.0943073228346458
20
-4.189274881889764
11
6.0961820866141734
21
-4.1817758267716538
0
LINE
8
BLACK
6
CONTINUOUS
10
6.0961820866141734
20
-4.1817758267716538
11
6.0961972440944878
21
-4.1817333070866143
0
LINE
8
BLACK
6
CONTINUOUS
10
6.0961972440944878
20
-4.1817333070866143
11
6.0961987795275592
21
-4.1817120866141728
0
LINE
8
BLACK
6
CONTINUOUS
10
6.0961987795275592
20
-4.1817120866141728
11
6.0962903937007873
21
-4.1814726377952756
0
LINE
8
BLACK
6
CONTINUOUS
10
6.0962903937007873
20
-4.1814726377952756
11
6.0963768503937006
21
-4.1812307086614169
0
LINE
8
BLACK
6
CONTINUOUS
10
6.0963768503937006
20
-4.1812307086614169
11
6.0963895275590554
21
-4.1812135433070869
0
LINE
8
BLACK
6
CONTINUOUS
10
6.0963895275590554
20
-4.1812135433070869
11
6.0964056692913386
21
-4.1811714566929137
0
LINE
8
BLACK
6
CONTINUOUS
10
6.0964056692913386
20
-4.1811714566929137
11
6.0982804330708662
21
-4.1774219291338586
0
LINE
8
BLACK
6
CONTINUOUS
10
6.0982804330708662
20
-4.1774219291338586
11
6.098436496062992
21
-4.177173897637795
0
LINE
8
BLACK
6
CONTINUOUS
10
6.098436496062992
20
-4.177173897637795
11
6.0984663385826767
21
-4.177101968503937
0
LINE
8
BLACK
6
CONTINUOUS
10
6.0984663385826767
20
-4.177101968503937
11
6.0985327952755908
21
-4.1770209842519685
0
LINE
8
BLACK
6
CONTINUOUS
10
6.0985327952755908
20
-4.1770209842519685
11
6.0985887795275593
21
-4.1769320472440947
0
LINE
8
BLACK
6
CONTINUOUS
10
6.0985887795275593
20
-4.1769320472440947
11
6.0986477559055121
21
-4.1768808661417323
0
LINE
8
BLACK
6
CONTINUOUS
10
6.0986477559055121
20
-4.1768808661417323
11
6.0988335433070864
21
-4.1766545275590552
0
LINE
8
BLACK
6
CONTINUOUS
10
6.0988335433070864
20
-4.1766545275590552
11
6.1007083070866139
21
-4.1747797637795276
0
LINE
8
BLACK
6
CONTINUOUS
10
6.1007083070866139
20
-4.1747797637795276
11
6.100934645669291
21
-4.1745939763779525
0
LINE
8
BLACK
6
CONTINUOUS
10
6.100934645669291
20
-4.1745939763779525
11
6.1009858267716535
21
-4.1745349999999997
0
LINE
8
BLACK
6
CONTINUOUS
10
6.1009858267716535
20
-4.1745349999999997
11
6.1010747637795273
21
-4.1744790157480312
0
LINE
8
BLACK
6
CONTINUOUS
10
6.1010747637795273
20
-4.1744790157480312
11
6.1011557480314957
21
-4.174412559055118
0
LINE
8
BLACK
6
CONTINUOUS
10
6.1011557480314957
20
-4.174412559055118
11
6.1012276771653546
21
-4.1743827165354332
0
LINE
8
BLACK
6
CONTINUOUS
10
6.1012276771653546
20
-4.1743827165354332
11
6.1014757086614173
21
-4.1742266535433066
0
LINE
8
BLACK
6
CONTINUOUS
10
6.1014757086614173
20
-4.1742266535433066
11
6.1052252362204724
21
-4.172351889763779
0
LINE
8
BLACK
6
CONTINUOUS
10
6.1052252362204724
20
-4.172351889763779
11
6.1057658267716537
21
-4.1721449999999995
0
LINE
8
BLACK
6
CONTINUOUS
10
6.1057658267716537
20
-4.1721449999999995
11
6.1058716929133858
21
-4.1721374409448817
0
LINE
8
BLACK
6
CONTINUOUS
10
6.1058716929133858
20
-4.1721374409448817
11
6.1059696850393701
21
-4.1720968897637798
0
LINE
8
BLACK
6
CONTINUOUS
10
6.1059696850393701
20
-4.1720968897637798
11
6.106545748031496
21
-4.172040157480315
0
LINE
8
BLACK
6
CONTINUOUS
10
6.106545748031496
20
-4.172040157480315
11
6.1102952755905511
21
-4.172040157480315
0
LINE
8
BLACK
6
CONTINUOUS
10
6.1102952755905511
20
-4.172040157480315
11
6.1108713385826769
21
-4.1720968897637798
0
LINE
8
BLACK
6
CONTINUOUS
10
6.1045453149606299
20
-4.1792944094488185
11
6.1033481889763781
21
-4.1804915354330712
0
LINE
8
BLACK
6
CONTINUOUS
10
6.1033481889763781
20
-4.1804915354330712
11
6.1018326771653539
21
-4.183522519685039
0
LINE
8
BLACK
6
CONTINUOUS
10
6.1018326771653539
20
-4.183522519685039
11
6.1001246850393702
21
-4.190354566929134
0
LINE
8
BLACK
6
CONTINUOUS
10
6.1001246850393702
20
-4.190354566929134
11
6.1001246850393702
21
-4.1990012992125987
0
LINE
8
BLACK
6
CONTINUOUS
10
6.1001246850393702
20
-4.1990012992125987
11
6.1018326771653539
21
-4.2058333464566928
0
LINE
8
BLACK
6
CONTINUOUS
10
6.1018326771653539
20
-4.2058333464566928
11
6.1033481889763781
21
-4.2088643307086615
0
LINE
8
BLACK
6
CONTINUOUS
10
6.1033481889763781
20
-4.2088643307086615
11
6.1045453149606299
21
-4.2100614960629921
0
LINE
8
BLACK
6
CONTINUOUS
10
6.1045453149606299
20
-4.2100614960629921
11
6.1072427952755906
21
-4.2114102362204724
0
LINE
8
BLACK
6
CONTINUOUS
10
6.1072427952755906
20
-4.2114102362204724
11
6.1095982283464565
21
-4.2114102362204724
0
LINE
8
BLACK
6
CONTINUOUS
10
6.1095982283464565
20
-4.2114102362204724
11
6.1122956692913384
21
-4.2100614960629921
0
LINE
8
BLACK
6
CONTINUOUS
10
6.1122956692913384
20
-4.2100614960629921
11
6.1134927952755902
21
-4.2088643307086615
0
LINE
8
BLACK
6
CONTINUOUS
10
6.1134927952755902
20
-4.2088643307086615
11
6.1150083070866144
21
-4.2058333464566928
0
LINE
8
BLACK
6
CONTINUOUS
10
6.1150083070866144
20
-4.2058333464566928
11
6.1167163385826768
21
-4.1990012992125987
0
LINE
8
BLACK
6
CONTINUOUS
10
6.1167163385826768
20
-4.1990012992125987
11
6.1167163385826768
21
-4.190354566929134
0
LINE
8
BLACK
6
CONTINUOUS
10
6.1167163385826768
20
-4.190354566929134
11
6.1150083070866144
21
-4.183522519685039
0
LINE
8
BLACK
6
CONTINUOUS
10
6.1150083070866144
20
-4.183522519685039
11
6.1134928346456689
21
-4.1804915354330712
0
LINE
8
BLACK
6
CONTINUOUS
10
6.1134928346456689
20
-4.1804915354330712
11
6.1122957086614171
21
-4.1792944094488185
0
LINE
8
BLACK
6
CONTINUOUS
10
6.1122957086614171
20
-4.1792944094488185
11
6.1095982283464565
21
-4.1779456692913381
0
LINE
8
BLACK
6
CONTINUOUS
10
6.1095982283464565
20
-4.1779456692913381
11
6.1072427952755906
21
-4.1779456692913381
0
LINE
8
BLACK
6
CONTINUOUS
10
6.1072427952755906
20
-4.1779456692913381
11
6.1045453149606299
21
-4.1792944094488185
0
LINE
8
BLACK
6
CONTINUOUS
10
6.1539909448818895
20
-4.1720968897637798
11
6.1550553543307087
21
-4.1725377952755904
0
LINE
8
BLACK
6
CONTINUOUS
10
6.1550553543307087
20
-4.1725377952755904
11
6.1558700000000002
21
-4.1733524409448819
0
LINE
8
BLACK
6
CONTINUOUS
10
6.1558700000000002
20
-4.1733524409448819
11
6.1563109055118108
21
-4.1744168503937003
0
LINE
8
BLACK
6
CONTINUOUS
10
6.1563109055118108
20
-4.1744168503937003
11
6.1563109055118108
21
-4.1755689763779529
0
LINE
8
BLACK
6
CONTINUOUS
10
6.1563109055118108
20
-4.1755689763779529
11
6.1558700000000002
21
-4.1766333858267712
0
LINE
8
BLACK
6
CONTINUOUS
10
6.1558700000000002
20
-4.1766333858267712
11
6.1550553543307087
21
-4.1774480314960627
0
LINE
8
BLACK
6
CONTINUOUS
10
6.1550553543307087
20
-4.1774480314960627
11
6.1539909448818895
21
-4.1778889370078742
0
LINE
8
BLACK
6
CONTINUOUS
10
6.1539909448818895
20
-4.1778889370078742
11
6.1534148818897636
21
-4.1779456692913381
0
LINE
8
BLACK
6
CONTINUOUS
10
6.1534148818897636
20
-4.1779456692913381
11
6.146612874015748
21
-4.1779456692913381
0
LINE
8
BLACK
6
CONTINUOUS
10
6.146612874015748
20
-4.1779456692913381
11
6.1439153937007873
21
-4.1792944094488185
0
LINE
8
BLACK
6
CONTINUOUS
10
6.1439153937007873
20
-4.1792944094488185
11
6.1425861811023621
21
-4.1806235826771649
0
LINE
8
BLACK
6
CONTINUOUS
10
6.1425861811023621
20
-4.1806235826771649
11
6.1392825590551183
21
-4.1855790551181098
0
LINE
8
BLACK
6
CONTINUOUS
10
6.1392825590551183
20
-4.1855790551181098
11
6.1385532677165351
21
-4.1884962598425197
0
LINE
8
BLACK
6
CONTINUOUS
10
6.1385532677165351
20
-4.1884962598425197
11
6.1408457874015747
21
-4.1873499999999995
0
LINE
8
BLACK
6
CONTINUOUS
10
6.1408457874015747
20
-4.1873499999999995
11
6.141386377952756
21
-4.18714311023622
0
LINE
8
BLACK
6
CONTINUOUS
10
6.141386377952756
20
-4.18714311023622
11
6.1414922440944881
21
-4.1871355511811021
0
LINE
8
BLACK
6
CONTINUOUS
10
6.1414922440944881
20
-4.1871355511811021
11
6.1415902362204724
21
-4.1870950000000002
0
LINE
8
BLACK
6
CONTINUOUS
10
6.1415902362204724
20
-4.1870950000000002
11
6.1421662992125983
21
-4.1870382677165354
0
LINE
8
BLACK
6
CONTINUOUS
10
6.1421662992125983
20
-4.1870382677165354
11
6.1496653543307085
21
-4.1870382677165354
0
LINE
8
BLACK
6
CONTINUOUS
10
6.1496653543307085
20
-4.1870382677165354
11
6.1502414173228344
21
-4.1870950000000002
0
LINE
8
BLACK
6
CONTINUOUS
10
6.1502414173228344
20
-4.1870950000000002
11
6.1503394094488186
21
-4.1871355905511809
0
LINE
8
BLACK
6
CONTINUOUS
10
6.1503394094488186
20
-4.1871355905511809
11
6.150445236220472
21
-4.18714311023622
0
LINE
8
BLACK
6
CONTINUOUS
10
6.150445236220472
20
-4.18714311023622
11
6.150985866141732
21
-4.1873499999999995
0
LINE
8
BLACK
6
CONTINUOUS
10
6.150985866141732
20
-4.1873499999999995
11
6.1547353937007871
21
-4.1892247637795279
0
LINE
8
BLACK
6
CONTINUOUS
10
6.1547353937007871
20
-4.1892247637795279
11
6.1549833858267711
21
-4.1893808267716537
0
LINE
8
BLACK
6
CONTINUOUS
10
6.1549833858267711
20
-4.1893808267716537
11
6.1550553543307087
21
-4.1894106692913384
0
LINE
8
BLACK
6
CONTINUOUS
10
6.1550553543307087
20
-4.1894106692913384
11
6.1551362992125984
21
-4.1894771259842516
0
LINE
8
BLACK
6
CONTINUOUS
10
6.1551362992125984
20
-4.1894771259842516
11
6.155225275590551
21
-4.1895331102362201
0
LINE
8
BLACK
6
CONTINUOUS
10
6.155225275590551
20
-4.1895331102362201
11
6.1552764173228347
21
-4.1895920866141729
0
LINE
8
BLACK
6
CONTINUOUS
10
6.1552764173228347
20
-4.1895920866141729
11
6.1555027952755905
21
-4.1897778740157481
0
LINE
8
BLACK
6
CONTINUOUS
10
6.1555027952755905
20
-4.1897778740157481
11
6.1573775590551181
21
-4.1916526377952756
0
LINE
8
BLACK
6
CONTINUOUS
10
6.1573775590551181
20
-4.1916526377952756
11
6.1575633070866136
21
-4.1918789763779527
0
LINE
8
BLACK
6
CONTINUOUS
10
6.1575633070866136
20
-4.1918789763779527
11
6.1576223228346452
21
-4.1919301574803152
0
LINE
8
BLACK
6
CONTINUOUS
10
6.1576223228346452
20
-4.1919301574803152
11
6.1576782677165349
21
-4.192019094488189
0
LINE
8
BLACK
6
CONTINUOUS
10
6.1576782677165349
20
-4.192019094488189
11
6.1577447637795277
21
-4.1921000787401574
0
LINE
8
BLACK
6
CONTINUOUS
10
6.1577447637795277
20
-4.1921000787401574
11
6.1577745669291337
21
-4.1921720078740154
0
LINE
8
BLACK
6
CONTINUOUS
10
6.1577745669291337
20
-4.1921720078740154
11
6.1579306692913383
21
-4.192420039370079
0
LINE
8
BLACK
6
CONTINUOUS
10
6.1579306692913383
20
-4.192420039370079
11
6.1598054330708658
21
-4.1961695669291341
0
LINE
8
BLACK
6
CONTINUOUS
10
6.1598054330708658
20
-4.1961695669291341
11
6.1600123228346453
21
-4.1967101574803145
0
LINE
8
BLACK
6
CONTINUOUS
10
6.1600123228346453
20
-4.1967101574803145
11
6.1600198425196853
21
-4.1968160236220475
0
LINE
8
BLACK
6
CONTINUOUS
10
6.1600198425196853
20
-4.1968160236220475
11
6.1600604330708659
21
-4.1969140157480318
0
LINE
8
BLACK
6
CONTINUOUS
10
6.1600604330708659
20
-4.1969140157480318
11
6.1601171653543307
21
-4.1974900787401577
0
LINE
8
BLACK
6
CONTINUOUS
10
6.1601171653543307
20
-4.1974900787401577
11
6.1601171653543307
21
-4.2068638976377954
0
LINE
8
BLACK
6
CONTINUOUS
10
6.1601171653543307
20
-4.2068638976377954
11
6.1600604330708659
21
-4.2074399606299213
0
LINE
8
BLACK
6
CONTINUOUS
10
6.1600604330708659
20
-4.2074399606299213
11
6.1600198425196853
21
-4.2075379133858268
0
LINE
8
BLACK
6
CONTINUOUS
10
6.1600198425196853
20
-4.2075379133858268
11
6.1600123228346453
21
-4.2076438188976377
0
LINE
8
BLACK
6
CONTINUOUS
10
6.1600123228346453
20
-4.2076438188976377
11
6.1598054330708658
21
-4.208184409448819
0
LINE
8
BLACK
6
CONTINUOUS
10
6.1598054330708658
20
-4.208184409448819
11
6.1579306692913383
21
-4.2119339370078741
0
LINE
8
BLACK
6
CONTINUOUS
10
6.1579306692913383
20
-4.2119339370078741
11
6.1577746062992125
21
-4.2121818110236218
0
LINE
8
BLACK
6
CONTINUOUS
10
6.1577746062992125
20
-4.2121818110236218
11
6.1577448031496065
21
-4.212253858267716
0
LINE
8
BLACK
6
CONTINUOUS
10
6.1577448031496065
20
-4.212253858267716
11
6.1576782677165349
21
-4.2123348818897641
0
LINE
8
BLACK
6
CONTINUOUS
10
6.1576782677165349
20
-4.2123348818897641
11
6.1576223228346452
21
-4.212423818897638
0
LINE
8
BLACK
6
CONTINUOUS
10
6.1576223228346452
20
-4.212423818897638
11
6.1575633070866136
21
-4.2124749606299208
0
LINE
8
BLACK
6
CONTINUOUS
10
6.1575633070866136
20
-4.2124749606299208
11
6.1573775590551181
21
-4.2127013385826775
0
LINE
8
BLACK
6
CONTINUOUS
10
6.1573775590551181
20
-4.2127013385826775
11
6.1555028346456693
21
-4.214576102362205
0
LINE
8
BLACK
6
CONTINUOUS
10
6.1555028346456693
20
-4.214576102362205
11
6.1552764566929135
21
-4.2147618503937005
0
LINE
8
BLACK
6
CONTINUOUS
10
6.1552764566929135
20
-4.2147618503937005
11
6.155225275590551
21
-4.2148209055118109
0
LINE
8
BLACK
6
CONTINUOUS
10
6.155225275590551
20
-4.2148209055118109
11
6.1551362992125984
21
-4.2148768897637794
0
LINE
8
BLACK
6
CONTINUOUS
10
6.1551362992125984
20
-4.2148768897637794
11
6.1550553543307087
21
-4.2149433464566926
0
LINE
8
BLACK
6
CONTINUOUS
10
6.1550553543307087
20
-4.2149433464566926
11
6.1549833858267711
21
-4.2149731496062994
0
LINE
8
BLACK
6
CONTINUOUS
10
6.1549833858267711
20
-4.2149731496062994
11
6.1547353937007871
21
-4.215129251968504
0
LINE
8
BLACK
6
CONTINUOUS
10
6.1547353937007871
20
-4.215129251968504
11
6.150985866141732
21
-4.2170040157480315
0
LINE
8
BLACK
6
CONTINUOUS
10
6.150985866141732
20
-4.2170040157480315
11
6.150445236220472
21
-4.217210905511811
0
LINE
8
BLACK
6
CONTINUOUS
10
6.150445236220472
20
-4.217210905511811
11
6.1503394094488186
21
-4.2172183858267713
0
LINE
8
BLACK
6
CONTINUOUS
10
6.1503394094488186
20
-4.2172183858267713
11
6.1502414173228344
21
-4.2172590157480316
0
LINE
8
BLACK
6
CONTINUOUS
10
6.1502414173228344
20
-4.2172590157480316
11
6.1496653543307085
21
-4.2173157480314956
0
LINE
8
BLACK
6
CONTINUOUS
10
6.1496653543307085
20
-4.2173157480314956
11
6.1421662992125983
21
-4.2173157480314956
0
LINE
8
BLACK
6
CONTINUOUS
10
6.1421662992125983
20
-4.2173157480314956
11
6.1415902362204724
21
-4.2172590157480316
0
LINE
8
BLACK
6
CONTINUOUS
10
6.1415902362204724
20
-4.2172590157480316
11
6.1414922440944881
21
-4.2172184251968501
0
LINE
8
BLACK
6
CONTINUOUS
10
6.1414922440944881
20
-4.2172184251968501
11
6.141386377952756
21
-4.217210905511811
0
LINE
8
BLACK
6
CONTINUOUS
10
6.141386377952756
20
-4.217210905511811
11
6.1408457874015747
21
-4.2170040157480315
0
LINE
8
BLACK
6
CONTINUOUS
10
6.1408457874015747
20
-4.2170040157480315
11
6.1370962598425196
21
-4.215129251968504
0
LINE
8
BLACK
6
CONTINUOUS
10
6.1370962598425196
20
-4.215129251968504
11
6.1368482283464569
21
-4.2149731496062994
0
LINE
8
BLACK
6
CONTINUOUS
10
6.1368482283464569
20
-4.2149731496062994
11
6.136776299212598
21
-4.2149433464566926
0
LINE
8
BLACK
6
CONTINUOUS
10
6.136776299212598
20
-4.2149433464566926
11
6.1366953149606296
21
-4.2148768897637794
0
LINE
8
BLACK
6
CONTINUOUS
10
6.1366953149606296
20
-4.2148768897637794
11
6.1366063779527558
21
-4.2148209055118109
0
LINE
8
BLACK
6
CONTINUOUS
10
6.1366063779527558
20
-4.2148209055118109
11
6.1365551574803145
21
-4.2147618503937005
0
LINE
8
BLACK
6
CONTINUOUS
10
6.1365551574803145
20
-4.2147618503937005
11
6.1363288188976375
21
-4.214576102362205
0
LINE
8
BLACK
6
CONTINUOUS
10
6.1363288188976375
20
-4.214576102362205
11
6.1344540551181099
21
-4.2127012992125987
0
LINE
8
BLACK
6
CONTINUOUS
10
6.1344540551181099
20
-4.2127012992125987
11
6.1342683070866144
21
-4.2124749606299208
0
LINE
8
BLACK
6
CONTINUOUS
10
6.1342683070866144
20
-4.2124749606299208
11
6.1342093307086616
21
-4.212423818897638
0
LINE
8
BLACK
6
CONTINUOUS
10
6.1342093307086616
20
-4.212423818897638
11
6.1341533464566931
21
-4.2123348818897641
0
LINE
8
BLACK
6
CONTINUOUS
10
6.1341533464566931
20
-4.2123348818897641
11
6.1340868503937003
21
-4.212253858267716
0
LINE
8
BLACK
6
CONTINUOUS
10
6.1340868503937003
20
-4.212253858267716
11
6.1340570078740155
21
-4.2121818110236218
0
LINE
8
BLACK
6
CONTINUOUS
10
6.1340570078740155
20
-4.2121818110236218
11
6.1339009842519685
21
-4.2119339370078741
0
LINE
8
BLACK
6
CONTINUOUS
10
6.1339009842519685
20
-4.2119339370078741
11
6.1320262204724409
21
-4.208184409448819
0
LINE
8
BLACK
6
CONTINUOUS
10
6.1320262204724409
20
-4.208184409448819
11
6.1318193307086615
21
-4.207643779527559
0
LINE
8
BLACK
6
CONTINUOUS
10
6.1318193307086615
20
-4.207643779527559
11
6.1318118110236215
21
-4.2075379527559056
0
LINE
8
BLACK
6
CONTINUOUS
10
6.1318118110236215
20
-4.2075379527559056
11
6.1317712204724408
21
-4.2074399606299213
0
LINE
8
BLACK
6
CONTINUOUS
10
6.1317712204724408
20
-4.2074399606299213
11
6.131714488188976
21
-4.2068638976377954
0
LINE
8
BLACK
6
CONTINUOUS
10
6.131714488188976
20
-4.2068638976377954
11
6.131714488188976
21
-4.191865787401575
0
LINE
8
BLACK
6
CONTINUOUS
10
6.131714488188976
20
-4.191865787401575
11
6.1317243700787403
21
-4.1917652362204727
0
LINE
8
BLACK
6
CONTINUOUS
10
6.1317243700787403
20
-4.1917652362204727
11
6.1317179921259841
21
-4.1917222440944881
0
LINE
8
BLACK
6
CONTINUOUS
10
6.1317179921259841
20
-4.1917222440944881
11
6.1317498425196852
21
-4.1915067322834645
0
LINE
8
BLACK
6
CONTINUOUS
10
6.1317498425196852
20
-4.1915067322834645
11
6.1317712204724408
21
-4.1912897244094491
0
LINE
8
BLACK
6
CONTINUOUS
10
6.1317712204724408
20
-4.1912897244094491
11
6.1317878346456691
21
-4.1912494881889764
0
LINE
8
BLACK
6
CONTINUOUS
10
6.1317878346456691
20
-4.1912494881889764
11
6.1318026377952757
21
-4.1911496456692916
0
LINE
8
BLACK
6
CONTINUOUS
10
6.1318026377952757
20
-4.1911496456692916
11
6.1336774015748032
21
-4.1836505905511814
0
LINE
8
BLACK
6
CONTINUOUS
10
6.1336774015748032
20
-4.1836505905511814
11
6.1337986614173223
21
-4.1833111023622047
0
LINE
8
BLACK
6
CONTINUOUS
10
6.1337986614173223
20
-4.1833111023622047
11
6.1338128346456688
21
-4.1832396062992121
0
LINE
8
BLACK
6
CONTINUOUS
10
6.1338128346456688
20
-4.1832396062992121
11
6.133847401574803
21
-4.183174724409449
0
LINE
8
BLACK
6
CONTINUOUS
10
6.133847401574803
20
-4.183174724409449
11
6.1338721653543304
21
-4.1831054724409444
0
LINE
8
BLACK
6
CONTINUOUS
10
6.1338721653543304
20
-4.1831054724409444
11
6.1339155905511813
21
-4.1830468503937004
0
LINE
8
BLACK
6
CONTINUOUS
10
6.1339155905511813
20
-4.1830468503937004
11
6.1340851574803148
21
-4.1827288188976377
0
LINE
8
BLACK
6
CONTINUOUS
10
6.1340851574803148
20
-4.1827288188976377
11
6.1378346850393699
21
-4.177104527559055
0
LINE
8
BLACK
6
CONTINUOUS
10
6.1378346850393699
20
-4.177104527559055
11
6.1378360236220475
21
-4.1771028346456696
0
LINE
8
BLACK
6
CONTINUOUS
10
6.1378360236220475
20
-4.1771028346456696
11
6.1378364173228341
21
-4.177101968503937
0
LINE
8
BLACK
6
CONTINUOUS
10
6.1378364173228341
20
-4.177101968503937
11
6.1380131102362201
21
-4.1768866535433071
0
LINE
8
BLACK
6
CONTINUOUS
10
6.1380131102362201
20
-4.1768866535433071
11
6.1382014566929133
21
-4.1766566929133857
0
LINE
8
BLACK
6
CONTINUOUS
10
6.1382014566929133
20
-4.1766566929133857
11
6.1382022834645671
21
-4.1766561023622044
0
LINE
8
BLACK
6
CONTINUOUS
10
6.1382022834645671
20
-4.1766561023622044
11
6.1382036220472438
21
-4.1766545275590552
0
LINE
8
BLACK
6
CONTINUOUS
10
6.1382036220472438
20
-4.1766545275590552
11
6.1400783858267713
21
-4.1747797637795276
0
LINE
8
BLACK
6
CONTINUOUS
10
6.1400783858267713
20
-4.1747797637795276
11
6.1403047244094484
21
-4.1745939763779525
0
LINE
8
BLACK
6
CONTINUOUS
10
6.1403047244094484
20
-4.1745939763779525
11
6.1403559055118109
21
-4.1745349999999997
0
LINE
8
BLACK
6
CONTINUOUS
10
6.1403559055118109
20
-4.1745349999999997
11
6.1404448425196847
21
-4.1744790157480312
0
LINE
8
BLACK
6
CONTINUOUS
10
6.1404448425196847
20
-4.1744790157480312
11
6.1405258267716532
21
-4.174412559055118
0
LINE
8
BLACK
6
CONTINUOUS
10
6.1405258267716532
20
-4.174412559055118
11
6.140597755905512
21
-4.1743827165354332
0
LINE
8
BLACK
6
CONTINUOUS
10
6.140597755905512
20
-4.1743827165354332
11
6.1408457874015747
21
-4.1742266535433066
0
LINE
8
BLACK
6
CONTINUOUS
10
6.1408457874015747
20
-4.1742266535433066
11
6.1445953149606298
21
-4.172351889763779
0
LINE
8
BLACK
6
CONTINUOUS
10
6.1445953149606298
20
-4.172351889763779
11
6.1451359055118111
21
-4.1721449999999995
0
LINE
8
BLACK
6
CONTINUOUS
10
6.1451359055118111
20
-4.1721449999999995
11
6.1452417716535432
21
-4.1721374409448817
0
LINE
8
BLACK
6
CONTINUOUS
10
6.1452417716535432
20
-4.1721374409448817
11
6.1453397637795275
21
-4.1720968897637798
0
LINE
8
BLACK
6
CONTINUOUS
10
6.1453397637795275
20
-4.1720968897637798
11
6.1459158267716534
21
-4.172040157480315
0
LINE
8
BLACK
6
CONTINUOUS
10
6.1459158267716534
20
-4.172040157480315
11
6.1534148818897636
21
-4.172040157480315
0
LINE
8
BLACK
6
CONTINUOUS
10
6.1534148818897636
20
-4.172040157480315
11
6.1539909448818895
21
-4.1720968897637798
0
LINE
8
BLACK
6
CONTINUOUS
10
6.1401658661417322
20
-4.1942925196850389
11
6.1389687401574804
21
-4.1954896456692916
0
LINE
8
BLACK
6
CONTINUOUS
10
6.1389687401574804
20
-4.1954896456692916
11
6.1376200000000001
21
-4.1981871259842523
0
LINE
8
BLACK
6
CONTINUOUS
10
6.1376200000000001
20
-4.1981871259842523
11
6.1376200000000001
21
-4.2061668503937009
0
LINE
8
BLACK
6
CONTINUOUS
10
6.1376200000000001
20
-4.2061668503937009
11
6.1389687401574804
21
-4.2088643307086615
0
LINE
8
BLACK
6
CONTINUOUS
10
6.1389687401574804
20
-4.2088643307086615
11
6.1401658661417322
21
-4.2100614960629921
0
LINE
8
BLACK
6
CONTINUOUS
10
6.1401658661417322
20
-4.2100614960629921
11
6.1428633464566929
21
-4.2114102362204724
0
LINE
8
BLACK
6
CONTINUOUS
10
6.1428633464566929
20
-4.2114102362204724
11
6.1489683070866139
21
-4.2114102362204724
0
LINE
8
BLACK
6
CONTINUOUS
10
6.1489683070866139
20
-4.2114102362204724
11
6.1516657480314958
21
-4.2100614960629921
0
LINE
8
BLACK
6
CONTINUOUS
10
6.1516657480314958
20
-4.2100614960629921
11
6.1528628740157476
21
-4.2088643307086615
0
LINE
8
BLACK
6
CONTINUOUS
10
6.1528628740157476
20
-4.2088643307086615
11
6.1542116535433067
21
-4.2061668503937009
0
LINE
8
BLACK
6
CONTINUOUS
10
6.1542116535433067
20
-4.2061668503937009
11
6.1542116535433067
21
-4.1981871259842523
0
LINE
8
BLACK
6
CONTINUOUS
10
6.1542116535433067
20
-4.1981871259842523
11
6.1528629133858264
21
-4.1954896456692916
0
LINE
8
BLACK
6
CONTINUOUS
10
6.1528629133858264
20
-4.1954896456692916
11
6.1516657874015745
21
-4.1942925196850389
0
LINE
8
BLACK
6
CONTINUOUS
10
6.1516657874015745
20
-4.1942925196850389
11
6.1489683070866139
21
-4.1929437795275586
0
LINE
8
BLACK
6
CONTINUOUS
10
6.1489683070866139
20
-4.1929437795275586
11
6.1428633464566929
21
-4.1929437795275586
0
LINE
8
BLACK
6
CONTINUOUS
10
6.1428633464566929
20
-4.1929437795275586
11
6.1401658661417322
21
-4.1942925196850389
0
LINE
8
BLACK
6
CONTINUOUS
10
6.1877367322834642
20
-4.1720968897637798
11
6.1878347244094485
21
-4.1721374803149605
0
LINE
8
BLACK
6
CONTINUOUS
10
6.1878347244094485
20
-4.1721374803149605
11
6.1879405511811019
21
-4.1721449999999995
0
LINE
8
BLACK
6
CONTINUOUS
10
6.1879405511811019
20
-4.1721449999999995
11
6.1884811811023619
21
-4.172351889763779
0
LINE
8
BLACK
6
CONTINUOUS
10
6.1884811811023619
20
-4.172351889763779
11
6.192230708661417
21
-4.1742266535433066
0
LINE
8
BLACK
6
CONTINUOUS
10
6.192230708661417
20
-4.1742266535433066
11
6.1924787007874018
21
-4.1743827165354332
0
LINE
8
BLACK
6
CONTINUOUS
10
6.1924787007874018
20
-4.1743827165354332
11
6.1925506692913386
21
-4.174412559055118
0
LINE
8
BLACK
6
CONTINUOUS
10
6.1925506692913386
20
-4.174412559055118
11
6.1926316141732283
21
-4.1744790157480312
0
LINE
8
BLACK
6
CONTINUOUS
10
6.1926316141732283
20
-4.1744790157480312
11
6.1927205905511808
21
-4.1745349999999997
0
LINE
8
BLACK
6
CONTINUOUS
10
6.1927205905511808
20
-4.1745349999999997
11
6.1927717322834646
21
-4.1745939763779525
0
LINE
8
BLACK
6
CONTINUOUS
10
6.1927717322834646
20
-4.1745939763779525
11
6.1929981102362204
21
-4.1747797637795276
0
LINE
8
BLACK
6
CONTINUOUS
10
6.1929981102362204
20
-4.1747797637795276
11
6.1948728740157479
21
-4.1766545275590552
0
LINE
8
BLACK
6
CONTINUOUS
10
6.1948728740157479
20
-4.1766545275590552
11
6.1950586220472443
21
-4.1768808661417323
0
LINE
8
BLACK
6
CONTINUOUS
10
6.1950586220472443
20
-4.1768808661417323
11
6.195117637795275
21
-4.1769320472440947
0
LINE
8
BLACK
6
CONTINUOUS
10
6.195117637795275
20
-4.1769320472440947
11
6.1951735826771648
21
-4.1770209842519685
0
LINE
8
BLACK
6
CONTINUOUS
10
6.1951735826771648
20
-4.1770209842519685
11
6.1952400787401576
21
-4.177101968503937
0
LINE
8
BLACK
6
CONTINUOUS
10
6.1952400787401576
20
-4.177101968503937
11
6.1952698818897636
21
-4.177173897637795
0
LINE
8
BLACK
6
CONTINUOUS
10
6.1952698818897636
20
-4.177173897637795
11
6.1954259842519681
21
-4.1774219291338586
0
LINE
8
BLACK
6
CONTINUOUS
10
6.1954259842519681
20
-4.1774219291338586
11
6.1973007480314957
21
-4.1811714566929137
0
LINE
8
BLACK
6
CONTINUOUS
10
6.1973007480314957
20
-4.1811714566929137
11
6.1975076377952751
21
-4.1817120472440941
0
LINE
8
BLACK
6
CONTINUOUS
10
6.1975076377952751
20
-4.1817120472440941
11
6.1975151574803151
21
-4.1818179133858271
0
LINE
8
BLACK
6
CONTINUOUS
10
6.1975151574803151
20
-4.1818179133858271
11
6.1975557480314958
21
-4.1819159055118114
0
LINE
8
BLACK
6
CONTINUOUS
10
6.1975557480314958
20
-4.1819159055118114
11
6.1976124803149606
21
-4.1824919685039372
0
LINE
8
BLACK
6
CONTINUOUS
10
6.1976124803149606
20
-4.1824919685039372
11
6.1976124803149606
21
-4.1862414960629923
0
LINE
8
BLACK
6
CONTINUOUS
10
6.1976124803149606
20
-4.1862414960629923
11
6.1975557480314958
21
-4.1868175590551182
0
LINE
8
BLACK
6
CONTINUOUS
10
6.1975557480314958
20
-4.1868175590551182
11
6.1975151574803151
21
-4.1869155118110237
0
LINE
8
BLACK
6
CONTINUOUS
10
6.1975151574803151
20
-4.1869155118110237
11
6.1975076377952751
21
-4.1870214173228346
0
LINE
8
BLACK
6
CONTINUOUS
10
6.1975076377952751
20
-4.1870214173228346
11
6.1973007480314957
21
-4.1875620078740159
0
LINE
8
BLACK
6
CONTINUOUS
10
6.1973007480314957
20
-4.1875620078740159
11
6.1954259842519681
21
-4.191311535433071
0
LINE
8
BLACK
6
CONTINUOUS
10
6.1954259842519681
20
-4.191311535433071
11
6.1952698818897636
21
-4.1915595275590549
0
LINE
8
BLACK
6
CONTINUOUS
10
6.1952698818897636
20
-4.1915595275590549
11
6.1952400787401576
21
-4.1916314960629917
0
LINE
8
BLACK
6
CONTINUOUS
10
6.1952400787401576
20
-4.1916314960629917
11
6.1951735826771648
21
-4.1917124409448814
0
LINE
8
BLACK
6
CONTINUOUS
10
6.1951735826771648
20
-4.1917124409448814
11
6.195117637795275
21
-4.1918014173228348
0
LINE
8
BLACK
6
CONTINUOUS
10
6.195117637795275
20
-4.1918014173228348
11
6.1950586220472443
21
-4.1918525590551177
0
LINE
8
BLACK
6
CONTINUOUS
10
6.1950586220472443
20
-4.1918525590551177
11
6.1948728740157479
21
-4.1920789370078735
0
LINE
8
BLACK
6
CONTINUOUS
10
6.1948728740157479
20
-4.1920789370078735
11
6.1940083464566928
21
-4.1929434251968507
0
LINE
8
BLACK
6
CONTINUOUS
10
6.1940083464566928
20
-4.1929434251968507
11
6.1942472440944885
21
-4.193050078740157
0
LINE
8
BLACK
6
CONTINUOUS
10
6.1942472440944885
20
-4.193050078740157
11
6.1943273622047244
21
-4.1931195669291341
0
LINE
8
BLACK
6
CONTINUOUS
10
6.1943273622047244
20
-4.1931195669291341
11
6.1944254330708661
21
-4.1931601968503935
0
LINE
8
BLACK
6
CONTINUOUS
10
6.1944254330708661
20
-4.1931601968503935
11
6.1948728740157479
21
-4.1935274015748032
0
LINE
8
BLACK
6
CONTINUOUS
10
6.1948728740157479
20
-4.1935274015748032
11
6.1967476377952755
21
-4.1954021653543307
0
LINE
8
BLACK
6
CONTINUOUS
10
6.1967476377952755
20
-4.1954021653543307
11
6.1969333858267719
21
-4.1956285039370078
0
LINE
8
BLACK
6
CONTINUOUS
10
6.1969333858267719
20
-4.1956285039370078
11
6.1969924015748026
21
-4.1956796850393703
0
LINE
8
BLACK
6
CONTINUOUS
10
6.1969924015748026
20
-4.1956796850393703
11
6.1970483464566923
21
-4.1957686220472441
0
LINE
8
BLACK
6
CONTINUOUS
10
6.1970483464566923
20
-4.1957686220472441
11
6.1971148425196851
21
-4.1958496062992126
0
LINE
8
BLACK
6
CONTINUOUS
10
6.1971148425196851
20
-4.1958496062992126
11
6.1971446456692911
21
-4.1959215354330706
0
LINE
8
BLACK
6
CONTINUOUS
10
6.1971446456692911
20
-4.1959215354330706
11
6.1973007480314957
21
-4.1961695669291341
0
LINE
8
BLACK
6
CONTINUOUS
10
6.1973007480314957
20
-4.1961695669291341
11
6.1991755118110232
21
-4.1999190944881892
0
LINE
8
BLACK
6
CONTINUOUS
10
6.1991755118110232
20
-4.1999190944881892
11
6.1993824015748027
21
-4.2004596850393696
0
LINE
8
BLACK
6
CONTINUOUS
10
6.1993824015748027
20
-4.2004596850393696
11
6.1993899212598427
21
-4.2005655511811026
0
LINE
8
BLACK
6
CONTINUOUS
10
6.1993899212598427
20
-4.2005655511811026
11
6.1994305118110233
21
-4.2006635433070869
0
LINE
8
BLACK
6
CONTINUOUS
10
6.1994305118110233
20
-4.2006635433070869
11
6.1994872440944881
21
-4.2012396062992128
0
LINE
8
BLACK
6
CONTINUOUS
10
6.1994872440944881
20
-4.2012396062992128
11
6.1994872440944881
21
-4.2068638976377954
0
LINE
8
BLACK
6
CONTINUOUS
10
6.1994872440944881
20
-4.2068638976377954
11
6.1994305118110233
21
-4.2074399606299213
0
LINE
8
BLACK
6
CONTINUOUS
10
6.1994305118110233
20
-4.2074399606299213
11
6.1993899212598427
21
-4.2075379133858268
0
LINE
8
BLACK
6
CONTINUOUS
10
6.1993899212598427
20
-4.2075379133858268
11
6.1993824015748027
21
-4.2076438188976377
0
LINE
8
BLACK
6
CONTINUOUS
10
6.1993824015748027
20
-4.2076438188976377
11
6.1991755118110232
21
-4.208184409448819
0
LINE
8
BLACK
6
CONTINUOUS
10
6.1991755118110232
20
-4.208184409448819
11
6.1973007480314957
21
-4.2119339370078741
0
LINE
8
BLACK
6
CONTINUOUS
10
6.1973007480314957
20
-4.2119339370078741
11
6.1971446850393699
21
-4.2121818110236218
0
LINE
8
BLACK
6
CONTINUOUS
10
6.1971446850393699
20
-4.2121818110236218
11
6.1971148818897639
21
-4.212253858267716
0
LINE
8
BLACK
6
CONTINUOUS
10
6.1971148818897639
20
-4.212253858267716
11
6.1970483464566923
21
-4.2123348818897641
0
LINE
8
BLACK
6
CONTINUOUS
10
6.1970483464566923
20
-4.2123348818897641
11
6.1969924015748026
21
-4.212423818897638
0
LINE
8
BLACK
6
CONTINUOUS
10
6.1969924015748026
20
-4.212423818897638
11
6.1969333858267719
21
-4.2124749606299208
0
LINE
8
BLACK
6
CONTINUOUS
10
6.1969333858267719
20
-4.2124749606299208
11
6.1967476377952755
21
-4.2127013385826775
0
LINE
8
BLACK
6
CONTINUOUS
10
6.1967476377952755
20
-4.2127013385826775
11
6.1948729133858267
21
-4.214576102362205
0
LINE
8
BLACK
6
CONTINUOUS
10
6.1948729133858267
20
-4.214576102362205
11
6.1946465354330709
21
-4.2147618503937005
0
LINE
8
BLACK
6
CONTINUOUS
10
6.1946465354330709
20
-4.2147618503937005
11
6.1945953543307084
21
-4.2148209055118109
0
LINE
8
BLACK
6
CONTINUOUS
10
6.1945953543307084
20
-4.2148209055118109
11
6.1945063779527558
21
-4.2148768897637794
0
LINE
8
BLACK
6
CONTINUOUS
10
6.1945063779527558
20
-4.2148768897637794
11
6.1944254330708661
21
-4.2149433464566926
0
LINE
8
BLACK
6
CONTINUOUS
10
6.1944254330708661
20
-4.2149433464566926
11
6.1943534645669294
21
-4.2149731496062994
0
LINE
8
BLACK
6
CONTINUOUS
10
6.1943534645669294
20
-4.2149731496062994
11
6.1941054724409446
21
-4.215129251968504
0
LINE
8
BLACK
6
CONTINUOUS
10
6.1941054724409446
20
-4.215129251968504
11
6.1903559448818894
21
-4.2170040157480315
0
LINE
8
BLACK
6
CONTINUOUS
10
6.1903559448818894
20
-4.2170040157480315
11
6.1898153149606294
21
-4.217210905511811
0
LINE
8
BLACK
6
CONTINUOUS
10
6.1898153149606294
20
-4.217210905511811
11
6.189709488188976
21
-4.2172183858267713
0
LINE
8
BLACK
6
CONTINUOUS
10
6.189709488188976
20
-4.2172183858267713
11
6.1896114960629918
21
-4.2172590157480316
0
LINE
8
BLACK
6
CONTINUOUS
10
6.1896114960629918
20
-4.2172590157480316
11
6.1890354330708659
21
-4.2173157480314956
0
LINE
8
BLACK
6
CONTINUOUS
10
6.1890354330708659
20
-4.2173157480314956
11
6.1740373228346455
21
-4.2173157480314956
0
LINE
8
BLACK
6
CONTINUOUS
10
6.1740373228346455
20
-4.2173157480314956
11
6.1734612598425196
21
-4.2172590157480316
0
LINE
8
BLACK
6
CONTINUOUS
10
6.1734612598425196
20
-4.2172590157480316
11
6.1723968503937003
21
-4.2168181102362201
0
LINE
8
BLACK
6
CONTINUOUS
10
6.1723968503937003
20
-4.2168181102362201
11
6.1715822047244089
21
-4.2160034645669286
0
LINE
8
BLACK
6
CONTINUOUS
10
6.1715822047244089
20
-4.2160034645669286
11
6.1711412992125982
21
-4.2149390551181103
0
LINE
8
BLACK
6
CONTINUOUS
10
6.1711412992125982
20
-4.2149390551181103
11
6.1710845669291334
21
-4.2143629921259844
0
LINE
8
BLACK
6
CONTINUOUS
10
6.1710845669291334
20
-4.2143629921259844
11
6.1710845669291334
21
-4.174992913385827
0
LINE
8
BLACK
6
CONTINUOUS
10
6.1710845669291334
20
-4.174992913385827
11
6.1711412992125982
21
-4.1744168503937003
0
LINE
8
BLACK
6
CONTINUOUS
10
6.1711412992125982
20
-4.1744168503937003
11
6.1715822047244089
21
-4.1733524409448819
0
LINE
8
BLACK
6
CONTINUOUS
10
6.1715822047244089
20
-4.1733524409448819
11
6.1723968503937003
21
-4.1725377952755904
0
LINE
8
BLACK
6
CONTINUOUS
10
6.1723968503937003
20
-4.1725377952755904
11
6.1734612598425196
21
-4.1720968897637798
0
LINE
8
BLACK
6
CONTINUOUS
10
6.1734612598425196
20
-4.1720968897637798
11
6.1740373228346455
21
-4.172040157480315
0
LINE
8
BLACK
6
CONTINUOUS
10
6.1740373228346455
20
-4.172040157480315
11
6.1871606692913383
21
-4.172040157480315
0
LINE
8
BLACK
6
CONTINUOUS
10
6.1871606692913383
20
-4.172040157480315
11
6.1877367322834642
21
-4.1720968897637798
0
LINE
8
BLACK
6
CONTINUOUS
10
6.1769900787401575
20
-4.2114102362204724
11
6.1883383858267713
21
-4.2114102362204724
0
LINE
8
BLACK
6
CONTINUOUS
10
6.1883383858267713
20
-4.2114102362204724
11
6.1910358267716532
21
-4.2100614960629921
0
LINE
8
BLACK
6
CONTINUOUS
10
6.1910358267716532
20
-4.2100614960629921
11
6.192232952755905
21
-4.2088643307086615
0
LINE
8
BLACK
6
CONTINUOUS
10
6.192232952755905
20
-4.2088643307086615
11
6.1935817322834641
21
-4.2061668503937009
0
LINE
8
BLACK
6
CONTINUOUS
10
6.1935817322834641
20
-4.2061668503937009
11
6.1935817322834641
21
-4.2019366535433074
0
LINE
8
BLACK
6
CONTINUOUS
10
6.1935817322834641
20
-4.2019366535433074
11
6.1922329921259838
21
-4.1992391732283467
0
LINE
8
BLACK
6
CONTINUOUS
10
6.1922329921259838
20
-4.1992391732283467
11
6.1911899212598422
21
-4.1981961023622043
0
LINE
8
BLACK
6
CONTINUOUS
10
6.1911899212598422
20
-4.1981961023622043
11
6.1866815354330704
21
-4.1966933070866137
0
LINE
8
BLACK
6
CONTINUOUS
10
6.1866815354330704
20
-4.1966933070866137
11
6.1769900787401575
21
-4.1966933070866137
0
LINE
8
BLACK
6
CONTINUOUS
10
6.1769900787401575
20
-4.1966933070866137
11
6.1769900787401575
21
-4.2114102362204724
0
LINE
8
BLACK
6
CONTINUOUS
10
6.1769900787401575
20
-4.1907877952755905
11
6.1864636220472438
21
-4.1907877952755905
0
LINE
8
BLACK
6
CONTINUOUS
10
6.1864636220472438
20
-4.1907877952755905
11
6.1891611023622044
21
-4.1894390551181102
0
LINE
8
BLACK
6
CONTINUOUS
10
6.1891611023622044
20
-4.1894390551181102
11
6.1903582283464562
21
-4.1882419291338584
0
LINE
8
BLACK
6
CONTINUOUS
10
6.1903582283464562
20
-4.1882419291338584
11
6.1917069685039365
21
-4.1855444488188978
0
LINE
8
BLACK
6
CONTINUOUS
10
6.1917069685039365
20
-4.1855444488188978
11
6.1917069685039365
21
-4.1831890157480318
0
LINE
8
BLACK
6
CONTINUOUS
10
6.1917069685039365
20
-4.1831890157480318
11
6.1903582283464562
21
-4.1804915354330712
0
LINE
8
BLACK
6
CONTINUOUS
10
6.1903582283464562
20
-4.1804915354330712
11
6.1891611023622044
21
-4.1792944094488185
0
LINE
8
BLACK
6
CONTINUOUS
10
6.1891611023622044
20
-4.1792944094488185
11
6.1864636220472438
21
-4.1779456692913381
0
LINE
8
BLACK
6
CONTINUOUS
10
6.1864636220472438
20
-4.1779456692913381
11
6.1769900787401575
21
-4.1779456692913381
0
LINE
8
BLACK
6
CONTINUOUS
10
6.1769900787401575
20
-4.1779456692913381
11
6.1769900787401575
21
-4.1907877952755905
0
LINE
8
BLACK
6
CONTINUOUS
10
6.2796002362204719
20
-4.1720968897637798
11
6.2796982283464562
21
-4.1721374803149605
0
LINE
8
BLACK
6
CONTINUOUS
10
6.2796982283464562
20
-4.1721374803149605
11
6.2798040551181105
21
-4.1721449999999995
0
LINE
8
BLACK
6
CONTINUOUS
10
6.2798040551181105
20
-4.1721449999999995
11
6.2803446850393696
21
-4.172351889763779
0
LINE
8
BLACK
6
CONTINUOUS
10
6.2803446850393696
20
-4.172351889763779
11
6.2840942125984247
21
-4.1742266535433066
0
LINE
8
BLACK
6
CONTINUOUS
10
6.2840942125984247
20
-4.1742266535433066
11
6.2845840944881886
21
-4.1745349999999997
0
LINE
8
BLACK
6
CONTINUOUS
10
6.2845840944881886
20
-4.1745349999999997
11
6.2853389370078743
21
-4.1754053937007871
0
LINE
8
BLACK
6
CONTINUOUS
10
6.2853389370078743
20
-4.1754053937007871
11
6.285703267716535
21
-4.1764983464566932
0
LINE
8
BLACK
6
CONTINUOUS
10
6.285703267716535
20
-4.1764983464566932
11
6.2856216141732286
21
-4.1776475590551181
0
LINE
8
BLACK
6
CONTINUOUS
10
6.2856216141732286
20
-4.1776475590551181
11
6.2851063385826773
21
-4.178678070866142
0
LINE
8
BLACK
6
CONTINUOUS
10
6.2851063385826773
20
-4.178678070866142
11
6.2842359842519686
21
-4.1794329133858268
0
LINE
8
BLACK
6
CONTINUOUS
10
6.2842359842519686
20
-4.1794329133858268
11
6.2831429921259838
21
-4.1797972440944884
0
LINE
8
BLACK
6
CONTINUOUS
10
6.2831429921259838
20
-4.1797972440944884
11
6.2819937795275589
21
-4.1797155905511811
0
LINE
8
BLACK
6
CONTINUOUS
10
6.2819937795275589
20
-4.1797155905511811
11
6.2814531889763776
21
-4.1795087007874017
0
LINE
8
BLACK
6
CONTINUOUS
10
6.2814531889763776
20
-4.1795087007874017
11
6.2783271259842515
21
-4.1779456692913381
0
LINE
8
BLACK
6
CONTINUOUS
10
6.2783271259842515
20
-4.1779456692913381
11
6.2738790157480313
21
-4.1779456692913381
0
LINE
8
BLACK
6
CONTINUOUS
10
6.2738790157480313
20
-4.1779456692913381
11
6.2693706299212595
21
-4.1794484645669288
0
LINE
8
BLACK
6
CONTINUOUS
10
6.2693706299212595
20
-4.1794484645669288
11
6.2664527952755904
21
-4.1823662992125987
0
LINE
8
BLACK
6
CONTINUOUS
10
6.2664527952755904
20
-4.1823662992125987
11
6.2649372834645671
21
-4.1853972834645665
0
LINE
8
BLACK
6
CONTINUOUS
10
6.2649372834645671
20
-4.1853972834645665
11
6.2632292913385825
21
-4.1922293307086615
0
LINE
8
BLACK
6
CONTINUOUS
10
6.2632292913385825
20
-4.1922293307086615
11
6.2632292913385825
21
-4.1971265354330711
0
LINE
8
BLACK
6
CONTINUOUS
10
6.2632292913385825
20
-4.1971265354330711
11
6.2649372834645671
21
-4.2039585826771653
0
LINE
8
BLACK
6
CONTINUOUS
10
6.2649372834645671
20
-4.2039585826771653
11
6.2664527952755904
21
-4.206989566929134
0
LINE
8
BLACK
6
CONTINUOUS
10
6.2664527952755904
20
-4.206989566929134
11
6.2693706299212595
21
-4.2099074409448818
0
LINE
8
BLACK
6
CONTINUOUS
10
6.2693706299212595
20
-4.2099074409448818
11
6.2738790157480313
21
-4.2114102362204724
0
LINE
8
BLACK
6
CONTINUOUS
10
6.2738790157480313
20
-4.2114102362204724
11
6.2766702755905515
21
-4.2114102362204724
0
LINE
8
BLACK
6
CONTINUOUS
10
6.2766702755905515
20
-4.2114102362204724
11
6.2811786614173224
21
-4.209907401574803
0
LINE
8
BLACK
6
CONTINUOUS
10
6.2811786614173224
20
-4.209907401574803
11
6.2816957086614176
21
-4.2093903543307087
0
LINE
8
BLACK
6
CONTINUOUS
10
6.2816957086614176
20
-4.2093903543307087
11
6.2816957086614176
21
-4.2004428346456688
0
LINE
8
BLACK
6
CONTINUOUS
10
6.2816957086614176
20
-4.2004428346456688
11
6.2771494094488185
21
-4.2004428346456688
0
LINE
8
BLACK
6
CONTINUOUS
10
6.2771494094488185
20
-4.2004428346456688
11
6.2765733464566926
21
-4.2003861023622049
0
LINE
8
BLACK
6
CONTINUOUS
10
6.2765733464566926
20
-4.2003861023622049
11
6.2755089370078743
21
-4.1999451968503934
0
LINE
8
BLACK
6
CONTINUOUS
10
6.2755089370078743
20
-4.1999451968503934
11
6.2746942913385828
21
-4.1991305511811019
0
LINE
8
BLACK
6
CONTINUOUS
10
6.2746942913385828
20
-4.1991305511811019
11
6.2742533858267713
21
-4.1980661417322835
0
LINE
8
BLACK
6
CONTINUOUS
10
6.2742533858267713
20
-4.1980661417322835
11
6.2742533858267713
21
-4.1969140157480318
0
LINE
8
BLACK
6
CONTINUOUS
10
6.2742533858267713
20
-4.1969140157480318
11
6.2746942913385828
21
-4.1958496062992126
0
LINE
8
BLACK
6
CONTINUOUS
10
6.2746942913385828
20
-4.1958496062992126
11
6.2755089370078743
21
-4.1950349606299211
0
LINE
8
BLACK
6
CONTINUOUS
10
6.2755089370078743
20
-4.1950349606299211
11
6.2765733464566926
21
-4.1945940551181105
0
LINE
8
BLACK
6
CONTINUOUS
10
6.2765733464566926
20
-4.1945940551181105
11
6.2771494094488185
21
-4.1945373228346456
0
LINE
8
BLACK
6
CONTINUOUS
10
6.2771494094488185
20
-4.1945373228346456
11
6.2846484645669287
21
-4.1945373228346456
0
LINE
8
BLACK
6
CONTINUOUS
10
6.2846484645669287
20
-4.1945373228346456
11
6.2852245275590546
21
-4.1945940551181105
0
LINE
8
BLACK
6
CONTINUOUS
10
6.2852245275590546
20
-4.1945940551181105
11
6.2862889370078738
21
-4.1950349606299211
0
LINE
8
BLACK
6
CONTINUOUS
10
6.2862889370078738
20
-4.1950349606299211
11
6.2871035826771653
21
-4.1958496062992126
0
LINE
8
BLACK
6
CONTINUOUS
10
6.2871035826771653
20
-4.1958496062992126
11
6.2875444881889759
21
-4.1969140157480318
0
LINE
8
BLACK
6
CONTINUOUS
10
6.2875444881889759
20
-4.1969140157480318
11
6.2876012204724407
21
-4.1974900787401577
0
LINE
8
BLACK
6
CONTINUOUS
10
6.2876012204724407
20
-4.1974900787401577
11
6.2876012204724407
21
-4.2106134251968506
0
LINE
8
BLACK
6
CONTINUOUS
10
6.2876012204724407
20
-4.2106134251968506
11
6.2875444881889759
21
-4.2111894881889764
0
LINE
8
BLACK
6
CONTINUOUS
10
6.2875444881889759
20
-4.2111894881889764
11
6.2873902755905506
21
-4.2115617716535434
0
LINE
8
BLACK
6
CONTINUOUS
10
6.2873902755905506
20
-4.2115617716535434
11
6.287103622047244
21
-4.212253858267716
0
LINE
8
BLACK
6
CONTINUOUS
10
6.287103622047244
20
-4.212253858267716
11
6.2867363779527556
21
-4.2127013385826775
0
LINE
8
BLACK
6
CONTINUOUS
10
6.2867363779527556
20
-4.2127013385826775
11
6.2848616535433068
21
-4.214576102362205
0
LINE
8
BLACK
6
CONTINUOUS
10
6.2848616535433068
20
-4.214576102362205
11
6.2844141732283463
21
-4.2149433464566926
0
LINE
8
BLACK
6
CONTINUOUS
10
6.2844141732283463
20
-4.2149433464566926
11
6.2843161023622045
21
-4.2149839370078741
0
LINE
8
BLACK
6
CONTINUOUS
10
6.2843161023622045
20
-4.2149839370078741
11
6.2842359842519686
21
-4.2150534645669291
0
LINE
8
BLACK
6
CONTINUOUS
10
6.2842359842519686
20
-4.2150534645669291
11
6.2837074409448821
21
-4.2152894488188979
0
LINE
8
BLACK
6
CONTINUOUS
10
6.2837074409448821
20
-4.2152894488188979
11
6.2780831496062994
21
-4.2171642125984254
0
LINE
8
BLACK
6
CONTINUOUS
10
6.2780831496062994
20
-4.2171642125984254
11
6.2777975590551183
21
-4.2172291338582673
0
LINE
8
BLACK
6
CONTINUOUS
10
6.2777975590551183
20
-4.2172291338582673
11
6.2777254724409444
21
-4.2172590157480316
0
LINE
8
BLACK
6
CONTINUOUS
10
6.2777254724409444
20
-4.2172590157480316
11
6.2776209448818898
21
-4.2172692913385825
0
LINE
8
BLACK
6
CONTINUOUS
10
6.2776209448818898
20
-4.2172692913385825
11
6.2775187007874012
21
-4.2172925590551182
0
LINE
8
BLACK
6
CONTINUOUS
10
6.2775187007874012
20
-4.2172925590551182
11
6.2774409448818895
21
-4.2172870078740159
0
LINE
8
BLACK
6
CONTINUOUS
10
6.2774409448818895
20
-4.2172870078740159
11
6.2771494094488185
21
-4.2173157480314956
0
LINE
8
BLACK
6
CONTINUOUS
10
6.2771494094488185
20
-4.2173157480314956
11
6.2733998818897634
21
-4.2173157480314956
0
LINE
8
BLACK
6
CONTINUOUS
10
6.2733998818897634
20
-4.2173157480314956
11
6.2731082677165348
21
-4.2172870078740159
0
LINE
8
BLACK
6
CONTINUOUS
10
6.2731082677165348
20
-4.2172870078740159
11
6.273030551181102
21
-4.2172925590551182
0
LINE
8
BLACK
6
CONTINUOUS
10
6.273030551181102
20
-4.2172925590551182
11
6.2729282677165354
21
-4.2172692913385825
0
LINE
8
BLACK
6
CONTINUOUS
10
6.2729282677165354
20
-4.2172692913385825
11
6.2728238188976375
21
-4.2172590157480316
0
LINE
8
BLACK
6
CONTINUOUS
10
6.2728238188976375
20
-4.2172590157480316
11
6.2727517322834645
21
-4.2172291338582673
0
LINE
8
BLACK
6
CONTINUOUS
10
6.2727517322834645
20
-4.2172291338582673
11
6.2724661023622046
21
-4.2171642125984254
0
LINE
8
BLACK
6
CONTINUOUS
10
6.2724661023622046
20
-4.2171642125984254
11
6.2668418503937007
21
-4.2152894488188979
0
LINE
8
BLACK
6
CONTINUOUS
10
6.2668418503937007
20
-4.2152894488188979
11
6.2663132677165354
21
-4.2150534645669291
0
LINE
8
BLACK
6
CONTINUOUS
10
6.2663132677165354
20
-4.2150534645669291
11
6.2662331496062995
21
-4.2149839763779529
0
LINE
8
BLACK
6
CONTINUOUS
10
6.2662331496062995
20
-4.2149839763779529
11
6.2661351181102365
21
-4.2149433858267713
0
LINE
8
BLACK
6
CONTINUOUS
10
6.2661351181102365
20
-4.2149433858267713
11
6.2656876771653538
21
-4.2145761417322838
0
LINE
8
BLACK
6
CONTINUOUS
10
6.2656876771653538
20
-4.2145761417322838
11
6.2619381496062987
21
-4.2108265748031499
0
LINE
8
BLACK
6
CONTINUOUS
10
6.2619381496062987
20
-4.2108265748031499
11
6.2617523622047244
21
-4.2106001968503932
0
LINE
8
BLACK
6
CONTINUOUS
10
6.2617523622047244
20
-4.2106001968503932
11
6.2616933858267716
21
-4.2105490551181104
0
LINE
8
BLACK
6
CONTINUOUS
10
6.2616933858267716
20
-4.2105490551181104
11
6.2616374015748031
21
-4.2104601181102357
0
LINE
8
BLACK
6
CONTINUOUS
10
6.2616374015748031
20
-4.2104601181102357
11
6.2615709055118112
21
-4.2103790944881885
0
LINE
8
BLACK
6
CONTINUOUS
10
6.2615709055118112
20
-4.2103790944881885
11
6.2615410629921255
21
-4.2103070472440942
0
LINE
8
BLACK
6
CONTINUOUS
10
6.2615410629921255
20
-4.2103070472440942
11
6.2613850393700785
21
-4.2100591732283466
0
LINE
8
BLACK
6
CONTINUOUS
10
6.2613850393700785
20
-4.2100591732283466
11
6.259510275590551
21
-4.2063096456692914
0
LINE
8
BLACK
6
CONTINUOUS
10
6.259510275590551
20
-4.2063096456692914
11
6.2594941338582677
21
-4.2062675196850394
0
LINE
8
BLACK
6
CONTINUOUS
10
6.2594941338582677
20
-4.2062675196850394
11
6.2594814566929129
21
-4.2062503937007873
0
LINE
8
BLACK
6
CONTINUOUS
10
6.2594814566929129
20
-4.2062503937007873
11
6.2593949999999996
21
-4.2060084251968499
0
LINE
8
BLACK
6
CONTINUOUS
10
6.2593949999999996
20
-4.2060084251968499
11
6.2593033858267715
21
-4.2057690157480314
0
LINE
8
BLACK
6
CONTINUOUS
10
6.2593033858267715
20
-4.2057690157480314
11
6.259301850393701
21
-4.2057477559055121
0
LINE
8
BLACK
6
CONTINUOUS
10
6.259301850393701
20
-4.2057477559055121
11
6.2592866929133857
21
-4.2057052755905513
0
LINE
8
BLACK
6
CONTINUOUS
10
6.2592866929133857
20
-4.2057052755905513
11
6.2574119291338581
21
-4.1982062204724411
0
LINE
8
BLACK
6
CONTINUOUS
10
6.2574119291338581
20
-4.1982062204724411
11
6.2573971259842516
21
-4.1981063385826767
0
LINE
8
BLACK
6
CONTINUOUS
10
6.2573971259842516
20
-4.1981063385826767
11
6.2573805118110233
21
-4.1980661417322835
0
LINE
8
BLACK
6
CONTINUOUS
10
6.2573805118110233
20
-4.1980661417322835
11
6.2573591338582677
21
-4.1978490944881885
0
LINE
8
BLACK
6
CONTINUOUS
10
6.2573591338582677
20
-4.1978490944881885
11
6.2573272834645666
21
-4.1976336220472437
0
LINE
8
BLACK
6
CONTINUOUS
10
6.2573272834645666
20
-4.1976336220472437
11
6.2573336614173227
21
-4.1975905905511812
0
LINE
8
BLACK
6
CONTINUOUS
10
6.2573336614173227
20
-4.1975905905511812
11
6.2573237795275585
21
-4.1974900787401577
0
LINE
8
BLACK
6
CONTINUOUS
10
6.2573237795275585
20
-4.1974900787401577
11
6.2573237795275585
21
-4.191865787401575
0
LINE
8
BLACK
6
CONTINUOUS
10
6.2573237795275585
20
-4.191865787401575
11
6.2573336614173227
21
-4.1917652362204727
0
LINE
8
BLACK
6
CONTINUOUS
10
6.2573336614173227
20
-4.1917652362204727
11
6.2573272834645666
21
-4.1917222440944881
0
LINE
8
BLACK
6
CONTINUOUS
10
6.2573272834645666
20
-4.1917222440944881
11
6.2573591338582677
21
-4.1915067322834645
0
LINE
8
BLACK
6
CONTINUOUS
10
6.2573591338582677
20
-4.1915067322834645
11
6.2573805118110233
21
-4.1912897244094491
0
LINE
8
BLACK
6
CONTINUOUS
10
6.2573805118110233
20
-4.1912897244094491
11
6.2573971259842516
21
-4.1912494881889764
0
LINE
8
BLACK
6
CONTINUOUS
10
6.2573971259842516
20
-4.1912494881889764
11
6.2574119291338581
21
-4.1911496456692916
0
LINE
8
BLACK
6
CONTINUOUS
10
6.2574119291338581
20
-4.1911496456692916
11
6.2592866929133857
21
-4.1836505905511814
0
LINE
8
BLACK
6
CONTINUOUS
10
6.2592866929133857
20
-4.1836505905511814
11
6.259301850393701
21
-4.1836080708661418
0
LINE
8
BLACK
6
CONTINUOUS
10
6.259301850393701
20
-4.1836080708661418
11
6.2593033858267715
21
-4.1835868503937004
0
LINE
8
BLACK
6
CONTINUOUS
10
6.2593033858267715
20
-4.1835868503937004
11
6.2593949999999996
21
-4.1833474015748031
0
LINE
8
BLACK
6
CONTINUOUS
10
6.2593949999999996
20
-4.1833474015748031
11
6.2594814566929129
21
-4.1831054724409444
0
LINE
8
BLACK
6
CONTINUOUS
10
6.2594814566929129
20
-4.1831054724409444
11
6.2594941338582677
21
-4.1830883070866145
0
LINE
8
BLACK
6
CONTINUOUS
10
6.2594941338582677
20
-4.1830883070866145
11
6.259510275590551
21
-4.1830462204724412
0
LINE
8
BLACK
6
CONTINUOUS
10
6.259510275590551
20
-4.1830462204724412
11
6.2613850393700785
21
-4.1792966929133861
0
LINE
8
BLACK
6
CONTINUOUS
10
6.2613850393700785
20
-4.1792966929133861
11
6.2615411023622043
21
-4.1790486614173226
0
LINE
8
BLACK
6
CONTINUOUS
10
6.2615411023622043
20
-4.1790486614173226
11
6.2615709448818899
21
-4.1789767322834646
0
LINE
8
BLACK
6
CONTINUOUS
10
6.2615709448818899
20
-4.1789767322834646
11
6.2616374015748031
21
-4.1788957480314961
0
LINE
8
BLACK
6
CONTINUOUS
10
6.2616374015748031
20
-4.1788957480314961
11
6.2616933858267716
21
-4.1788068110236223
0
LINE
8
BLACK
6
CONTINUOUS
10
6.2616933858267716
20
-4.1788068110236223
11
6.2617523622047244
21
-4.1787556299212598
0
LINE
8
BLACK
6
CONTINUOUS
10
6.2617523622047244
20
-4.1787556299212598
11
6.2619381496062987
21
-4.1785292913385828
0
LINE
8
BLACK
6
CONTINUOUS
10
6.2619381496062987
20
-4.1785292913385828
11
6.2656876771653538
21
-4.1747797637795276
0
LINE
8
BLACK
6
CONTINUOUS
10
6.2656876771653538
20
-4.1747797637795276
11
6.2661351181102365
21
-4.1744125196850392
0
LINE
8
BLACK
6
CONTINUOUS
10
6.2661351181102365
20
-4.1744125196850392
11
6.2662331496062995
21
-4.1743718897637798
0
LINE
8
BLACK
6
CONTINUOUS
10
6.2662331496062995
20
-4.1743718897637798
11
6.2663132677165354
21
-4.1743024409448815
0
LINE
8
BLACK
6
CONTINUOUS
10
6.2663132677165354
20
-4.1743024409448815
11
6.2668418503937007
21
-4.1740664566929135
0
LINE
8
BLACK
6
CONTINUOUS
10
6.2668418503937007
20
-4.1740664566929135
11
6.2724661023622046
21
-4.172191692913386
0
LINE
8
BLACK
6
CONTINUOUS
10
6.2724661023622046
20
-4.172191692913386
11
6.2727517322834645
21
-4.1721267322834645
0
LINE
8
BLACK
6
CONTINUOUS
10
6.2727517322834645
20
-4.1721267322834645
11
6.2728238188976375
21
-4.1720968897637798
0
LINE
8
BLACK
6
CONTINUOUS
10
6.2728238188976375
20
-4.1720968897637798
11
6.2729282677165354
21
-4.1720865748031493
0
LINE
8
BLACK
6
CONTINUOUS
10
6.2729282677165354
20
-4.1720865748031493
11
6.273030551181102
21
-4.1720633464566932
0
LINE
8
BLACK
6
CONTINUOUS
10
6.273030551181102
20
-4.1720633464566932
11
6.2731082677165348
21
-4.1720688582677168
0
LINE
8
BLACK
6
CONTINUOUS
10
6.2731082677165348
20
-4.1720688582677168
11
6.2733998818897634
21
-4.172040157480315
0
LINE
8
BLACK
6
CONTINUOUS
10
6.2733998818897634
20
-4.172040157480315
11
6.2790241732283461
21
-4.172040157480315
0
LINE
8
BLACK
6
CONTINUOUS
10
6.2790241732283461
20
-4.172040157480315
11
6.2796002362204719
21
-4.1720968897637798
0
LINE
8
BLACK
6
CONTINUOUS
10
6.3580558661417319
20
-4.1720688582677168
11
6.3581336220472435
21
-4.1720633464566932
0
LINE
8
BLACK
6
CONTINUOUS
10
6.3581336220472435
20
-4.1720633464566932
11
6.3582358661417322
21
-4.1720865748031493
0
LINE
8
BLACK
6
CONTINUOUS
10
6.3582358661417322
20
-4.1720865748031493
11
6.3583403937007876
21
-4.1720968897637798
0
LINE
8
BLACK
6
CONTINUOUS
10
6.3583403937007876
20
-4.1720968897637798
11
6.3584124803149606
21
-4.1721267322834645
0
LINE
8
BLACK
6
CONTINUOUS
10
6.3584124803149606
20
-4.1721267322834645
11
6.3586980708661418
21
-4.172191692913386
0
LINE
8
BLACK
6
CONTINUOUS
10
6.3586980708661418
20
-4.172191692913386
11
6.3643223622047245
21
-4.1740664566929135
0
LINE
8
BLACK
6
CONTINUOUS
10
6.3643223622047245
20
-4.1740664566929135
11
6.364850905511811
21
-4.1743024409448815
0
LINE
8
BLACK
6
CONTINUOUS
10
6.364850905511811
20
-4.1743024409448815
11
6.3657212598425197
21
-4.1750573228346459
0
LINE
8
BLACK
6
CONTINUOUS
10
6.3657212598425197
20
-4.1750573228346459
11
6.3662364960629922
21
-4.1760877559055114
0
LINE
8
BLACK
6
CONTINUOUS
10
6.3662364960629922
20
-4.1760877559055114
11
6.3663181889763782
21
-4.1772369685039372
0
LINE
8
BLACK
6
CONTINUOUS
10
6.3663181889763782
20
-4.1772369685039372
11
6.3659538582677166
21
-4.1783299606299211
0
LINE
8
BLACK
6
CONTINUOUS
10
6.3659538582677166
20
-4.1783299606299211
11
6.3651989763779522
21
-4.1792003543307086
0
LINE
8
BLACK
6
CONTINUOUS
10
6.3651989763779522
20
-4.1792003543307086
11
6.3641685039370079
21
-4.1797155511811024
0
LINE
8
BLACK
6
CONTINUOUS
10
6.3641685039370079
20
-4.1797155511811024
11
6.3630192913385821
21
-4.1797972440944884
0
LINE
8
BLACK
6
CONTINUOUS
10
6.3630192913385821
20
-4.1797972440944884
11
6.3624548425196847
21
-4.1796688976377956
0
LINE
8
BLACK
6
CONTINUOUS
10
6.3624548425196847
20
-4.1796688976377956
11
6.3572851968503938
21
-4.1779456692913381
0
LINE
8
BLACK
6
CONTINUOUS
10
6.3572851968503938
20
-4.1779456692913381
11
6.3490875590551177
21
-4.1779456692913381
0
LINE
8
BLACK
6
CONTINUOUS
10
6.3490875590551177
20
-4.1779456692913381
11
6.346390078740157
21
-4.1792944094488185
0
LINE
8
BLACK
6
CONTINUOUS
10
6.346390078740157
20
-4.1792944094488185
11
6.3451929527559052
21
-4.1804915354330712
0
LINE
8
BLACK
6
CONTINUOUS
10
6.3451929527559052
20
-4.1804915354330712
11
6.3438442125984249
21
-4.1831890157480318
0
LINE
8
BLACK
6
CONTINUOUS
10
6.3438442125984249
20
-4.1831890157480318
11
6.3438442125984249
21
-4.1855444488188978
0
LINE
8
BLACK
6
CONTINUOUS
10
6.3438442125984249
20
-4.1855444488188978
11
6.3451929527559052
21
-4.1882419291338584
0
LINE
8
BLACK
6
CONTINUOUS
10
6.3451929527559052
20
-4.1882419291338584
11
6.346390078740157
21
-4.1894390551181102
0
LINE
8
BLACK
6
CONTINUOUS
10
6.346390078740157
20
-4.1894390551181102
11
6.3494210629921257
21
-4.1909545275590547
0
LINE
8
BLACK
6
CONTINUOUS
10
6.3494210629921257
20
-4.1909545275590547
11
6.3566057086614176
21
-4.1927507086614169
0
LINE
8
BLACK
6
CONTINUOUS
10
6.3566057086614176
20
-4.1927507086614169
11
6.3566481889763775
21
-4.1927658661417322
0
LINE
8
BLACK
6
CONTINUOUS
10
6.3566481889763775
20
-4.1927658661417322
11
6.3566694488188977
21
-4.1927674015748027
0
LINE
8
BLACK
6
CONTINUOUS
10
6.3566694488188977
20
-4.1927674015748027
11
6.3569088582677162
21
-4.1928590157480317
0
LINE
8
BLACK
6
CONTINUOUS
10
6.3569088582677162
20
-4.1928590157480317
11
6.3571508267716537
21
-4.192945472440945
0
LINE
8
BLACK
6
CONTINUOUS
10
6.3571508267716537
20
-4.192945472440945
11
6.3571679527559057
21
-4.1929581496062989
0
LINE
8
BLACK
6
CONTINUOUS
10
6.3571679527559057
20
-4.1929581496062989
11
6.3572100787401578
21
-4.192974291338583
0
LINE
8
BLACK
6
CONTINUOUS
10
6.3572100787401578
20
-4.192974291338583
11
6.3609596062992129
21
-4.1948490551181106
0
LINE
8
BLACK
6
CONTINUOUS
10
6.3609596062992129
20
-4.1948490551181106
11
6.3612075984251968
21
-4.1950051181102364
0
LINE
8
BLACK
6
CONTINUOUS
10
6.3612075984251968
20
-4.1950051181102364
11
6.3612795669291335
21
-4.1950349606299211
0
LINE
8
BLACK
6
CONTINUOUS
10
6.3612795669291335
20
-4.1950349606299211
11
6.3613605118110232
21
-4.1951014173228343
0
LINE
8
BLACK
6
CONTINUOUS
10
6.3613605118110232
20
-4.1951014173228343
11
6.3614494881889758
21
-4.1951574015748028
0
LINE
8
BLACK
6
CONTINUOUS
10
6.3614494881889758
20
-4.1951574015748028
11
6.3615006299212595
21
-4.1952163779527556
0
LINE
8
BLACK
6
CONTINUOUS
10
6.3615006299212595
20
-4.1952163779527556
11
6.3617270078740153
21
-4.1954021653543307
0
LINE
8
BLACK
6
CONTINUOUS
10
6.3617270078740153
20
-4.1954021653543307
11
6.3636017716535429
21
-4.1972769291338583
0
LINE
8
BLACK
6
CONTINUOUS
10
6.3636017716535429
20
-4.1972769291338583
11
6.3637875196850393
21
-4.1975032677165354
0
LINE
8
BLACK
6
CONTINUOUS
10
6.3637875196850393
20
-4.1975032677165354
11
6.3638465354330709
21
-4.1975544488188978
0
LINE
8
BLACK
6
CONTINUOUS
10
6.3638465354330709
20
-4.1975544488188978
11
6.3639024803149606
21
-4.1976433858267717
0
LINE
8
BLACK
6
CONTINUOUS
10
6.3639024803149606
20
-4.1976433858267717
11
6.3639689763779526
21
-4.1977243700787401
0
LINE
8
BLACK
6
CONTINUOUS
10
6.3639689763779526
20
-4.1977243700787401
11
6.3639987795275585
21
-4.1977962992125981
0
LINE
8
BLACK
6
CONTINUOUS
10
6.3639987795275585
20
-4.1977962992125981
11
6.364154881889764
21
-4.1980443307086617
0
LINE
8
BLACK
6
CONTINUOUS
10
6.364154881889764
20
-4.1980443307086617
11
6.3660296456692915
21
-4.2017938582677168
0
LINE
8
BLACK
6
CONTINUOUS
10
6.3660296456692915
20
-4.2017938582677168
11
6.366236535433071
21
-4.2023344488188972
0
LINE
8
BLACK
6
CONTINUOUS
10
6.366236535433071
20
-4.2023344488188972
11
6.3662440551181101
21
-4.2024403149606302
0
LINE
8
BLACK
6
CONTINUOUS
10
6.3662440551181101
20
-4.2024403149606302
11
6.3662846456692908
21
-4.2025383070866145
0
LINE
8
BLACK
6
CONTINUOUS
10
6.3662846456692908
20
-4.2025383070866145
11
6.3663413779527556
21
-4.2031143700787403
0
LINE
8
BLACK
6
CONTINUOUS
10
6.3663413779527556
20
-4.2031143700787403
11
6.3663413779527556
21
-4.2068638976377954
0
LINE
8
BLACK
6
CONTINUOUS
10
6.3663413779527556
20
-4.2068638976377954
11
6.3662846456692908
21
-4.2074399606299213
0
LINE
8
BLACK
6
CONTINUOUS
10
6.3662846456692908
20
-4.2074399606299213
11
6.3662440551181101
21
-4.2075379133858268
0
LINE
8
BLACK
6
CONTINUOUS
10
6.3662440551181101
20
-4.2075379133858268
11
6.366236535433071
21
-4.2076438188976377
0
LINE
8
BLACK
6
CONTINUOUS
10
6.366236535433071
20
-4.2076438188976377
11
6.3660296456692915
21
-4.208184409448819
0
LINE
8
BLACK
6
CONTINUOUS
10
6.3660296456692915
20
-4.208184409448819
11
6.364154881889764
21
-4.2119339370078741
0
LINE
8
BLACK
6
CONTINUOUS
10
6.364154881889764
20
-4.2119339370078741
11
6.3639988188976373
21
-4.2121818110236218
0
LINE
8
BLACK
6
CONTINUOUS
10
6.3639988188976373
20
-4.2121818110236218
11
6.3639690157480313
21
-4.212253858267716
0
LINE
8
BLACK
6
CONTINUOUS
10
6.3639690157480313
20
-4.212253858267716
11
6.3639024803149606
21
-4.2123348818897641
0
LINE
8
BLACK
6
CONTINUOUS
10
6.3639024803149606
20
-4.2123348818897641
11
6.3638465354330709
21
-4.212423818897638
0
LINE
8
BLACK
6
CONTINUOUS
10
6.3638465354330709
20
-4.212423818897638
11
6.3637875196850393
21
-4.2124749606299208
0
LINE
8
BLACK
6
CONTINUOUS
10
6.3637875196850393
20
-4.2124749606299208
11
6.3636017716535429
21
-4.2127013385826775
0
LINE
8
BLACK
6
CONTINUOUS
10
6.3636017716535429
20
-4.2127013385826775
11
6.3617270472440941
21
-4.214576102362205
0
LINE
8
BLACK
6
CONTINUOUS
10
6.3617270472440941
20
-4.214576102362205
11
6.3615006692913383
21
-4.2147618503937005
0
LINE
8
BLACK
6
CONTINUOUS
10
6.3615006692913383
20
-4.2147618503937005
11
6.3614494881889758
21
-4.2148209055118109
0
LINE
8
BLACK
6
CONTINUOUS
10
6.3614494881889758
20
-4.2148209055118109
11
6.3613605118110232
21
-4.2148768897637794
0
LINE
8
BLACK
6
CONTINUOUS
10
6.3613605118110232
20
-4.2148768897637794
11
6.3612795669291335
21
-4.2149433464566926
0
LINE
8
BLACK
6
CONTINUOUS
10
6.3612795669291335
20
-4.2149433464566926
11
6.3612075984251968
21
-4.2149731496062994
0
LINE
8
BLACK
6
CONTINUOUS
10
6.3612075984251968
20
-4.2149731496062994
11
6.3609596062992129
21
-4.215129251968504
0
LINE
8
BLACK
6
CONTINUOUS
10
6.3609596062992129
20
-4.215129251968504
11
6.3572100787401578
21
-4.2170040157480315
0
LINE
8
BLACK
6
CONTINUOUS
10
6.3572100787401578
20
-4.2170040157480315
11
6.3566694488188977
21
-4.217210905511811
0
LINE
8
BLACK
6
CONTINUOUS
10
6.3566694488188977
20
-4.217210905511811
11
6.3565636220472443
21
-4.2172183858267713
0
LINE
8
BLACK
6
CONTINUOUS
10
6.3565636220472443
20
-4.2172183858267713
11
6.3564656299212601
21
-4.2172590157480316
0
LINE
8
BLACK
6
CONTINUOUS
10
6.3564656299212601
20
-4.2172590157480316
11
6.3558895669291333
21
-4.2173157480314956
0
LINE
8
BLACK
6
CONTINUOUS
10
6.3558895669291333
20
-4.2173157480314956
11
6.3465157480314955
21
-4.2173157480314956
0
LINE
8
BLACK
6
CONTINUOUS
10
6.3465157480314955
20
-4.2173157480314956
11
6.3462241338582679
21
-4.2172870078740159
0
LINE
8
BLACK
6
CONTINUOUS
10
6.3462241338582679
20
-4.2172870078740159
11
6.3461464173228341
21
-4.2172925590551182
0
LINE
8
BLACK
6
CONTINUOUS
10
6.3461464173228341
20
-4.2172925590551182
11
6.3460441338582676
21
-4.2172692913385825
0
LINE
8
BLACK
6
CONTINUOUS
10
6.3460441338582676
20
-4.2172692913385825
11
6.3459396850393697
21
-4.2172590157480316
0
LINE
8
BLACK
6
CONTINUOUS
10
6.3459396850393697
20
-4.2172590157480316
11
6.3458675984251967
21
-4.2172291338582673
0
LINE
8
BLACK
6
CONTINUOUS
10
6.3458675984251967
20
-4.2172291338582673
11
6.3455819685039367
21
-4.2171642125984254
0
LINE
8
BLACK
6
CONTINUOUS
10
6.3455819685039367
20
-4.2171642125984254
11
6.3399577165354328
21
-4.2152894488188979
0
LINE
8
BLACK
6
CONTINUOUS
10
6.3399577165354328
20
-4.2152894488188979
11
6.3394291338582676
21
-4.2150534645669291
0
LINE
8
BLACK
6
CONTINUOUS
10
6.3394291338582676
20
-4.2150534645669291
11
6.3385587795275589
21
-4.2142985826771655
0
LINE
8
BLACK
6
CONTINUOUS
10
6.3385587795275589
20
-4.2142985826771655
11
6.3380435826771651
21
-4.2132681496062991
0
LINE
8
BLACK
6
CONTINUOUS
10
6.3380435826771651
20
-4.2132681496062991
11
6.3379618897637791
21
-4.2121189370078742
0
LINE
8
BLACK
6
CONTINUOUS
10
6.3379618897637791
20
-4.2121189370078742
11
6.3383262204724407
21
-4.2110259055118107
0
LINE
8
BLACK
6
CONTINUOUS
10
6.3383262204724407
20
-4.2110259055118107
11
6.3390811023622042
21
-4.210155551181102
0
LINE
8
BLACK
6
CONTINUOUS
10
6.3390811023622042
20
-4.210155551181102
11
6.3401115354330706
21
-4.2096403543307082
0
LINE
8
BLACK
6
CONTINUOUS
10
6.3401115354330706
20
-4.2096403543307082
11
6.3412607480314955
21
-4.209558661417323
0
LINE
8
BLACK
6
CONTINUOUS
10
6.3412607480314955
20
-4.209558661417323
11
6.3418251968503938
21
-4.2096870078740158
0
LINE
8
BLACK
6
CONTINUOUS
10
6.3418251968503938
20
-4.2096870078740158
11
6.3469948818897635
21
-4.2114102362204724
0
LINE
8
BLACK
6
CONTINUOUS
10
6.3469948818897635
20
-4.2114102362204724
11
6.3551925196850396
21
-4.2114102362204724
0
LINE
8
BLACK
6
CONTINUOUS
10
6.3551925196850396
20
-4.2114102362204724
11
6.3578899606299215
21
-4.2100614960629921
0
LINE
8
BLACK
6
CONTINUOUS
10
6.3578899606299215
20
-4.2100614960629921
11
6.3590870866141733
21
-4.2088643307086615
0
LINE
8
BLACK
6
CONTINUOUS
10
6.3590870866141733
20
-4.2088643307086615
11
6.3604358661417324
21
-4.2061668503937009
0
LINE
8
BLACK
6
CONTINUOUS
10
6.3604358661417324
20
-4.2061668503937009
11
6.3604358661417324
21
-4.2038114173228349
0
LINE
8
BLACK
6
CONTINUOUS
10
6.3604358661417324
20
-4.2038114173228349
11
6.3590871259842521
21
-4.2011139370078743
0
LINE
8
BLACK
6
CONTINUOUS
10
6.3590871259842521
20
-4.2011139370078743
11
6.3578900000000003
21
-4.1999168110236216
0
LINE
8
BLACK
6
CONTINUOUS
10
6.3578900000000003
20
-4.1999168110236216
11
6.3548590157480316
21
-4.1984012992125983
0
LINE
8
BLACK
6
CONTINUOUS
10
6.3548590157480316
20
-4.1984012992125983
11
6.3476743700787397
21
-4.1966051574803149
0
LINE
8
BLACK
6
CONTINUOUS
10
6.3476743700787397
20
-4.1966051574803149
11
6.347631850393701
21
-4.1965899606299208
0
LINE
8
BLACK
6
CONTINUOUS
10
6.347631850393701
20
-4.1965899606299208
11
6.3476105905511808
21
-4.1965884645669291
0
LINE
8
BLACK
6
CONTINUOUS
10
6.3476105905511808
20
-4.1965884645669291
11
6.3473708267716535
21
-4.196496692913386
0
LINE
8
BLACK
6
CONTINUOUS
10
6.3473708267716535
20
-4.196496692913386
11
6.3471292519685036
21
-4.1964103937007877
0
LINE
8
BLACK
6
CONTINUOUS
10
6.3471292519685036
20
-4.1964103937007877
11
6.3471120866141728
21
-4.1963976771653542
0
LINE
8
BLACK
6
CONTINUOUS
10
6.3471120866141728
20
-4.1963976771653542
11
6.3470699999999995
21
-4.1963815748031497
0
LINE
8
BLACK
6
CONTINUOUS
10
6.3470699999999995
20
-4.1963815748031497
11
6.3433204724409444
21
-4.1945068110236221
0
LINE
8
BLACK
6
CONTINUOUS
10
6.3433204724409444
20
-4.1945068110236221
11
6.3430724409448818
21
-4.1943507086614176
0
LINE
8
BLACK
6
CONTINUOUS
10
6.3430724409448818
20
-4.1943507086614176
11
6.3430005118110238
21
-4.1943209055118107
0
LINE
8
BLACK
6
CONTINUOUS
10
6.3430005118110238
20
-4.1943209055118107
11
6.3429195275590553
21
-4.1942544094488188
0
LINE
8
BLACK
6
CONTINUOUS
10
6.3429195275590553
20
-4.1942544094488188
11
6.3428305905511806
21
-4.194198464566929
0
LINE
8
BLACK
6
CONTINUOUS
10
6.3428305905511806
20
-4.194198464566929
11
6.342779409448819
21
-4.1941394488188974
0
LINE
8
BLACK
6
CONTINUOUS
10
6.342779409448819
20
-4.1941394488188974
11
6.342553070866142
21
-4.193953700787401
0
LINE
8
BLACK
6
CONTINUOUS
10
6.342553070866142
20
-4.193953700787401
11
6.3406783070866144
21
-4.1920789370078735
0
LINE
8
BLACK
6
CONTINUOUS
10
6.3406783070866144
20
-4.1920789370078735
11
6.3404925196850392
21
-4.1918525590551177
0
LINE
8
BLACK
6
CONTINUOUS
10
6.3404925196850392
20
-4.1918525590551177
11
6.3404335433070864
21
-4.1918014173228348
0
LINE
8
BLACK
6
CONTINUOUS
10
6.3404335433070864
20
-4.1918014173228348
11
6.3403775590551179
21
-4.1917124409448814
0
LINE
8
BLACK
6
CONTINUOUS
10
6.3403775590551179
20
-4.1917124409448814
11
6.3403111023622047
21
-4.1916314960629917
0
LINE
8
BLACK
6
CONTINUOUS
10
6.3403111023622047
20
-4.1916314960629917
11
6.3402812598425191
21
-4.1915595275590549
0
LINE
8
BLACK
6
CONTINUOUS
10
6.3402812598425191
20
-4.1915595275590549
11
6.3401251968503933
21
-4.191311535433071
0
LINE
8
BLACK
6
CONTINUOUS
10
6.3401251968503933
20
-4.191311535433071
11
6.3382504330708658
21
-4.1875620078740159
0
LINE
8
BLACK
6
CONTINUOUS
10
6.3382504330708658
20
-4.1875620078740159
11
6.3380435433070863
21
-4.1870213779527559
0
LINE
8
BLACK
6
CONTINUOUS
10
6.3380435433070863
20
-4.1870213779527559
11
6.3380360236220472
21
-4.1869155511811025
0
LINE
8
BLACK
6
CONTINUOUS
10
6.3380360236220472
20
-4.1869155511811025
11
6.3379954330708657
21
-4.1868175590551182
0
LINE
8
BLACK
6
CONTINUOUS
10
6.3379954330708657
20
-4.1868175590551182
11
6.3379387007874017
21
-4.1862414960629923
0
LINE
8
BLACK
6
CONTINUOUS
10
6.3379387007874017
20
-4.1862414960629923
11
6.3379387007874017
21
-4.1824919685039372
0
LINE
8
BLACK
6
CONTINUOUS
10
6.3379387007874017
20
-4.1824919685039372
11
6.3379954330708657
21
-4.1819159055118114
0
LINE
8
BLACK
6
CONTINUOUS
10
6.3379954330708657
20
-4.1819159055118114
11
6.3380360236220472
21
-4.1818178740157483
0
LINE
8
BLACK
6
CONTINUOUS
10
6.3380360236220472
20
-4.1818178740157483
11
6.3380435433070863
21
-4.1817120866141728
0
LINE
8
BLACK
6
CONTINUOUS
10
6.3380435433070863
20
-4.1817120866141728
11
6.3382504330708658
21
-4.1811714566929137
0
LINE
8
BLACK
6
CONTINUOUS
10
6.3382504330708658
20
-4.1811714566929137
11
6.3401251968503933
21
-4.1774219291338586
0
LINE
8
BLACK
6
CONTINUOUS
10
6.3401251968503933
20
-4.1774219291338586
11
6.3402812598425191
21
-4.177173897637795
0
LINE
8
BLACK
6
CONTINUOUS
10
6.3402812598425191
20
-4.177173897637795
11
6.3403111023622047
21
-4.177101968503937
0
LINE
8
BLACK
6
CONTINUOUS
10
6.3403111023622047
20
-4.177101968503937
11
6.3403775590551179
21
-4.1770209842519685
0
LINE
8
BLACK
6
CONTINUOUS
10
6.3403775590551179
20
-4.1770209842519685
11
6.3404335433070864
21
-4.1769320472440947
0
LINE
8
BLACK
6
CONTINUOUS
10
6.3404335433070864
20
-4.1769320472440947
11
6.3404925196850392
21
-4.1768808661417323
0
LINE
8
BLACK
6
CONTINUOUS
10
6.3404925196850392
20
-4.1768808661417323
11
6.3406783070866144
21
-4.1766545275590552
0
LINE
8
BLACK
6
CONTINUOUS
10
6.3406783070866144
20
-4.1766545275590552
11
6.342553070866142
21
-4.1747797637795276
0
LINE
8
BLACK
6
CONTINUOUS
10
6.342553070866142
20
-4.1747797637795276
11
6.342779409448819
21
-4.1745939763779525
0
LINE
8
BLACK
6
CONTINUOUS
10
6.342779409448819
20
-4.1745939763779525
11
6.3428305905511806
21
-4.1745349999999997
0
LINE
8
BLACK
6
CONTINUOUS
10
6.3428305905511806
20
-4.1745349999999997
11
6.3429195275590553
21
-4.1744790157480312
0
LINE
8
BLACK
6
CONTINUOUS
10
6.3429195275590553
20
-4.1744790157480312
11
6.3430005118110238
21
-4.174412559055118
0
LINE
8
BLACK
6
CONTINUOUS
10
6.3430005118110238
20
-4.174412559055118
11
6.3430724409448818
21
-4.1743827165354332
0
LINE
8
BLACK
6
CONTINUOUS
10
6.3430724409448818
20
-4.1743827165354332
11
6.3433204724409444
21
-4.1742266535433066
0
LINE
8
BLACK
6
CONTINUOUS
10
6.3433204724409444
20
-4.1742266535433066
11
6.3470699999999995
21
-4.172351889763779
0
LINE
8
BLACK
6
CONTINUOUS
10
6.3470699999999995
20
-4.172351889763779
11
6.3476105905511808
21
-4.1721449999999995
0
LINE
8
BLACK
6
CONTINUOUS
10
6.3476105905511808
20
-4.1721449999999995
11
6.347716456692913
21
-4.1721374409448817
0
LINE
8
BLACK
6
CONTINUOUS
10
6.347716456692913
20
-4.1721374409448817
11
6.3478144488188972
21
-4.1720968897637798
0
LINE
8
BLACK
6
CONTINUOUS
10
6.3478144488188972
20
-4.1720968897637798
11
6.3483905118110231
21
-4.172040157480315
0
LINE
8
BLACK
6
CONTINUOUS
10
6.3483905118110231
20
-4.172040157480315
11
6.3577643307086609
21
-4.172040157480315
0
LINE
8
BLACK
6
CONTINUOUS
10
6.3577643307086609
20
-4.172040157480315
11
6.3580558661417319
21
-4.1720688582677168
0
LINE
8
BLACK
6
CONTINUOUS
10
6.4464543700787402
20
-4.1720968897637798
11
6.4475187795275586
21
-4.1725377952755904
0
LINE
8
BLACK
6
CONTINUOUS
10
6.4475187795275586
20
-4.1725377952755904
11
6.44833342519685
21
-4.1733524409448819
0
LINE
8
BLACK
6
CONTINUOUS
10
6.44833342519685
20
-4.1733524409448819
11
6.4487620078740155
21
-4.1743871259842518
0
LINE
8
BLACK
6
CONTINUOUS
10
6.4487620078740155
20
-4.1743871259842518
11
6.448772677165354
21
-4.1743827165354332
0
LINE
8
BLACK
6
CONTINUOUS
10
6.448772677165354
20
-4.1743827165354332
11
6.4490207086614175
21
-4.1742266535433066
0
LINE
8
BLACK
6
CONTINUOUS
10
6.4490207086614175
20
-4.1742266535433066
11
6.4527702362204726
21
-4.172351889763779
0
LINE
8
BLACK
6
CONTINUOUS
10
6.4527702362204726
20
-4.172351889763779
11
6.453310826771653
21
-4.1721449999999995
0
LINE
8
BLACK
6
CONTINUOUS
10
6.453310826771653
20
-4.1721449999999995
11
6.453416692913386
21
-4.1721374409448817
0
LINE
8
BLACK
6
CONTINUOUS
10
6.453416692913386
20
-4.1721374409448817
11
6.4535146850393703
21
-4.1720968897637798
0
LINE
8
BLACK
6
CONTINUOUS
10
6.4535146850393703
20
-4.1720968897637798
11
6.4540907480314962
21
-4.172040157480315
0
LINE
8
BLACK
6
CONTINUOUS
10
6.4540907480314962
20
-4.172040157480315
11
6.463464566929134
21
-4.172040157480315
0
LINE
8
BLACK
6
CONTINUOUS
10
6.463464566929134
20
-4.172040157480315
11
6.4721250393700789
21
-4.172040157480315
0
LINE
8
BLACK
6
CONTINUOUS
10
6.4721250393700789
20
-4.172040157480315
11
6.4727011023622048
21
-4.1720968897637798
0
LINE
8
BLACK
6
CONTINUOUS
10
6.4727011023622048
20
-4.1720968897637798
11
6.472799094488189
21
-4.1721374803149605
0
LINE
8
BLACK
6
CONTINUOUS
10
6.472799094488189
20
-4.1721374803149605
11
6.4729049212598424
21
-4.1721449999999995
0
LINE
8
BLACK
6
CONTINUOUS
10
6.4729049212598424
20
-4.1721449999999995
11
6.4734455511811024
21
-4.172351889763779
0
LINE
8
BLACK
6
CONTINUOUS
10
6.4734455511811024
20
-4.172351889763779
11
6.4771950787401575
21
-4.1742266535433066
0
LINE
8
BLACK
6
CONTINUOUS
10
6.4771950787401575
20
-4.1742266535433066
11
6.4774430708661415
21
-4.1743827165354332
0
LINE
8
BLACK
6
CONTINUOUS
10
6.4774430708661415
20
-4.1743827165354332
11
6.4775150393700782
21
-4.174412559055118
0
LINE
8
BLACK
6
CONTINUOUS
10
6.4775150393700782
20
-4.174412559055118
11
6.4775959842519679
21
-4.1744790157480312
0
LINE
8
BLACK
6
CONTINUOUS
10
6.4775959842519679
20
-4.1744790157480312
11
6.4776849606299214
21
-4.1745349999999997
0
LINE
8
BLACK
6
CONTINUOUS
10
6.4776849606299214
20
-4.1745349999999997
11
6.4777361023622042
21
-4.1745939763779525
0
LINE
8
BLACK
6
CONTINUOUS
10
6.4777361023622042
20
-4.1745939763779525
11
6.4779624803149609
21
-4.1747797637795276
0
LINE
8
BLACK
6
CONTINUOUS
10
6.4779624803149609
20
-4.1747797637795276
11
6.4798372440944885
21
-4.1766545275590552
0
LINE
8
BLACK
6
CONTINUOUS
10
6.4798372440944885
20
-4.1766545275590552
11
6.480022992125984
21
-4.1768808661417323
0
LINE
8
BLACK
6
CONTINUOUS
10
6.480022992125984
20
-4.1768808661417323
11
6.4800820078740156
21
-4.1769320472440947
0
LINE
8
BLACK
6
CONTINUOUS
10
6.4800820078740156
20
-4.1769320472440947
11
6.4801379527559053
21
-4.1770209842519685
0
LINE
8
BLACK
6
CONTINUOUS
10
6.4801379527559053
20
-4.1770209842519685
11
6.4802044488188972
21
-4.177101968503937
0
LINE
8
BLACK
6
CONTINUOUS
10
6.4802044488188972
20
-4.177101968503937
11
6.4802342519685041
21
-4.177173897637795
0
LINE
8
BLACK
6
CONTINUOUS
10
6.4802342519685041
20
-4.177173897637795
11
6.4803903543307086
21
-4.1774219291338586
0
LINE
8
BLACK
6
CONTINUOUS
10
6.4803903543307086
20
-4.1774219291338586
11
6.4822651181102362
21
-4.1811714566929137
0
LINE
8
BLACK
6
CONTINUOUS
10
6.4822651181102362
20
-4.1811714566929137
11
6.4824720078740157
21
-4.1817120472440941
0
LINE
8
BLACK
6
CONTINUOUS
10
6.4824720078740157
20
-4.1817120472440941
11
6.4824795275590548
21
-4.1818179133858271
0
LINE
8
BLACK
6
CONTINUOUS
10
6.4824795275590548
20
-4.1818179133858271
11
6.4825201181102363
21
-4.1819159055118114
0
LINE
8
BLACK
6
CONTINUOUS
10
6.4825201181102363
20
-4.1819159055118114
11
6.4825768503937002
21
-4.1824919685039372
0
LINE
8
BLACK
6
CONTINUOUS
10
6.4825768503937002
20
-4.1824919685039372
11
6.4825768503937002
21
-4.1862414960629923
0
LINE
8
BLACK
6
CONTINUOUS
10
6.4825768503937002
20
-4.1862414960629923
11
6.4825201181102363
21
-4.1868175590551182
0
LINE
8
BLACK
6
CONTINUOUS
10
6.4825201181102363
20
-4.1868175590551182
11
6.4824795275590548
21
-4.1869155118110237
0
LINE
8
BLACK
6
CONTINUOUS
10
6.4824795275590548
20
-4.1869155118110237
11
6.4824720078740157
21
-4.1870214173228346
0
LINE
8
BLACK
6
CONTINUOUS
10
6.4824720078740157
20
-4.1870214173228346
11
6.4822651181102362
21
-4.1875620078740159
0
LINE
8
BLACK
6
CONTINUOUS
10
6.4822651181102362
20
-4.1875620078740159
11
6.4803903543307086
21
-4.191311535433071
0
LINE
8
BLACK
6
CONTINUOUS
10
6.4803903543307086
20
-4.191311535433071
11
6.4802342519685041
21
-4.1915595275590549
0
LINE
8
BLACK
6
CONTINUOUS
10
6.4802342519685041
20
-4.1915595275590549
11
6.4802044488188972
21
-4.1916314960629917
0
LINE
8
BLACK
6
CONTINUOUS
10
6.4802044488188972
20
-4.1916314960629917
11
6.4801379527559053
21
-4.1917124409448814
0
LINE
8
BLACK
6
CONTINUOUS
10
6.4801379527559053
20
-4.1917124409448814
11
6.4800820078740156
21
-4.1918014173228348
0
LINE
8
BLACK
6
CONTINUOUS
10
6.4800820078740156
20
-4.1918014173228348
11
6.480022992125984
21
-4.1918525590551177
0
LINE
8
BLACK
6
CONTINUOUS
10
6.480022992125984
20
-4.1918525590551177
11
6.4798372440944885
21
-4.1920789370078735
0
LINE
8
BLACK
6
CONTINUOUS
10
6.4798372440944885
20
-4.1920789370078735
11
6.4789727165354325
21
-4.1929434251968507
0
LINE
8
BLACK
6
CONTINUOUS
10
6.4789727165354325
20
-4.1929434251968507
11
6.4792116141732281
21
-4.193050078740157
0
LINE
8
BLACK
6
CONTINUOUS
10
6.4792116141732281
20
-4.193050078740157
11
6.479291732283464
21
-4.1931195669291341
0
LINE
8
BLACK
6
CONTINUOUS
10
6.479291732283464
20
-4.1931195669291341
11
6.4793898031496058
21
-4.1931601968503935
0
LINE
8
BLACK
6
CONTINUOUS
10
6.4793898031496058
20
-4.1931601968503935
11
6.4798372440944885
21
-4.1935274015748032
0
LINE
8
BLACK
6
CONTINUOUS
10
6.4798372440944885
20
-4.1935274015748032
11
6.481712007874016
21
-4.1954021653543307
0
LINE
8
BLACK
6
CONTINUOUS
10
6.481712007874016
20
-4.1954021653543307
11
6.4818977559055115
21
-4.1956285039370078
0
LINE
8
BLACK
6
CONTINUOUS
10
6.4818977559055115
20
-4.1956285039370078
11
6.4819567716535431
21
-4.1956796850393703
0
LINE
8
BLACK
6
CONTINUOUS
10
6.4819567716535431
20
-4.1956796850393703
11
6.4820127165354329
21
-4.1957686220472441
0
LINE
8
BLACK
6
CONTINUOUS
10
6.4820127165354329
20
-4.1957686220472441
11
6.4820792125984248
21
-4.1958496062992126
0
LINE
8
BLACK
6
CONTINUOUS
10
6.4820792125984248
20
-4.1958496062992126
11
6.4821090157480317
21
-4.1959215354330706
0
LINE
8
BLACK
6
CONTINUOUS
10
6.4821090157480317
20
-4.1959215354330706
11
6.4822651181102362
21
-4.1961695669291341
0
LINE
8
BLACK
6
CONTINUOUS
10
6.4822651181102362
20
-4.1961695669291341
11
6.4830090157480313
21
-4.1976573622047244
0
LINE
8
BLACK
6
CONTINUOUS
10
6.4830090157480313
20
-4.1976573622047244
11
6.4830090157480313
21
-4.174992913385827
0
LINE
8
BLACK
6
CONTINUOUS
10
6.4830090157480313
20
-4.174992913385827
11
6.4830462992125986
21
-4.1746140944881889
0
LINE
8
BLACK
6
CONTINUOUS
10
6.4830462992125986
20
-4.1746140944881889
11
6.4830432677165355
21
-4.1745445669291339
0
LINE
8
BLACK
6
CONTINUOUS
10
6.4830432677165355
20
-4.1745445669291339
11
6.483056811023622
21
-4.1745072047244092
0
LINE
8
BLACK
6
CONTINUOUS
10
6.483056811023622
20
-4.1745072047244092
11
6.4830657480314962
21
-4.1744168503937003
0
LINE
8
BLACK
6
CONTINUOUS
10
6.4830657480314962
20
-4.1744168503937003
11
6.483261850393701
21
-4.1739433464566931
0
LINE
8
BLACK
6
CONTINUOUS
10
6.483261850393701
20
-4.1739433464566931
11
6.4834369685039368
21
-4.1734618503937009
0
LINE
8
BLACK
6
CONTINUOUS
10
6.4834369685039368
20
-4.1734618503937009
11
6.4834814173228343
21
-4.1734132677165352
0
LINE
8
BLACK
6
CONTINUOUS
10
6.4834814173228343
20
-4.1734132677165352
11
6.4835066535433068
21
-4.1733524409448819
0
LINE
8
BLACK
6
CONTINUOUS
10
6.4835066535433068
20
-4.1733524409448819
11
6.4838690551181104
21
-4.1729899999999995
0
LINE
8
BLACK
6
CONTINUOUS
10
6.4838690551181104
20
-4.1729899999999995
11
6.4842150787401573
21
-4.172612204724409
0
LINE
8
BLACK
6
CONTINUOUS
10
6.4842150787401573
20
-4.172612204724409
11
6.484274724409449
21
-4.172584330708661
0
LINE
8
BLACK
6
CONTINUOUS
10
6.484274724409449
20
-4.172584330708661
11
6.4843212992125983
21
-4.1725377952755904
0
LINE
8
BLACK
6
CONTINUOUS
10
6.4843212992125983
20
-4.1725377952755904
11
6.4847945669291338
21
-4.1723417322834644
0
LINE
8
BLACK
6
CONTINUOUS
10
6.4847945669291338
20
-4.1723417322834644
11
6.4852590944881889
21
-4.1721249606299216
0
LINE
8
BLACK
6
CONTINUOUS
10
6.4852590944881889
20
-4.1721249606299216
11
6.4853248818897633
21
-4.1721220472440947
0
LINE
8
BLACK
6
CONTINUOUS
10
6.4853248818897633
20
-4.1721220472440947
11
6.4853857086614175
21
-4.1720968897637798
0
LINE
8
BLACK
6
CONTINUOUS
10
6.4853857086614175
20
-4.1720968897637798
11
6.4858982677165349
21
-4.1720968897637798
0
LINE
8
BLACK
6
CONTINUOUS
10
6.4858982677165349
20
-4.1720968897637798
11
6.4864101181102365
21
-4.1720744094488191
0
LINE
8
BLACK
6
CONTINUOUS
10
6.4864101181102365
20
-4.1720744094488191
11
6.4864719291338577
21
-4.1720968897637798
0
LINE
8
BLACK
6
CONTINUOUS
10
6.4864719291338577
20
-4.1720968897637798
11
6.4865378346456692
21
-4.1720968897637798
0
LINE
8
BLACK
6
CONTINUOUS
10
6.4865378346456692
20
-4.1720968897637798
11
6.4870112992125986
21
-4.1722929921259846
0
LINE
8
BLACK
6
CONTINUOUS
10
6.4870112992125986
20
-4.1722929921259846
11
6.4874928346456695
21
-4.1724681102362204
0
LINE
8
BLACK
6
CONTINUOUS
10
6.4874928346456695
20
-4.1724681102362204
11
6.4875413779527555
21
-4.172512559055118
0
LINE
8
BLACK
6
CONTINUOUS
10
6.4875413779527555
20
-4.172512559055118
11
6.4876022440944876
21
-4.1725377952755904
0
LINE
8
BLACK
6
CONTINUOUS
10
6.4876022440944876
20
-4.1725377952755904
11
6.4879646456692912
21
-4.172900196850394
0
LINE
8
BLACK
6
CONTINUOUS
10
6.4879646456692912
20
-4.172900196850394
11
6.4883424803149605
21
-4.173246220472441
0
LINE
8
BLACK
6
CONTINUOUS
10
6.4883424803149605
20
-4.173246220472441
11
6.488388700787401
21
-4.1733242519685039
0
LINE
8
BLACK
6
CONTINUOUS
10
6.488388700787401
20
-4.1733242519685039
11
6.4884168897637791
21
-4.1733524409448819
0
LINE
8
BLACK
6
CONTINUOUS
10
6.4884168897637791
20
-4.1733524409448819
11
6.4884435826771654
21
-4.1734168503937008
0
LINE
8
BLACK
6
CONTINUOUS
10
6.4884435826771654
20
-4.1734168503937008
11
6.4886375196850397
21
-4.173744251968504
0
LINE
8
BLACK
6
CONTINUOUS
10
6.4886375196850397
20
-4.173744251968504
11
6.4990850787401575
21
-4.1961319291338581
0
LINE
8
BLACK
6
CONTINUOUS
10
6.4990850787401575
20
-4.1961319291338581
11
6.5095327165354329
21
-4.1737442125984252
0
LINE
8
BLACK
6
CONTINUOUS
10
6.5095327165354329
20
-4.1737442125984252
11
6.5097266929133859
21
-4.1734167322834645
0
LINE
8
BLACK
6
CONTINUOUS
10
6.5097266929133859
20
-4.1734167322834645
11
6.5097533464566926
21
-4.1733524409448819
0
LINE
8
BLACK
6
CONTINUOUS
10
6.5097533464566926
20
-4.1733524409448819
11
6.5097814566929131
21
-4.1733242913385826
0
LINE
8
BLACK
6
CONTINUOUS
10
6.5097814566929131
20
-4.1733242913385826
11
6.509827755905512
21
-4.1732461811023622
0
LINE
8
BLACK
6
CONTINUOUS
10
6.509827755905512
20
-4.1732461811023622
11
6.5102058267716538
21
-4.1728999212598428
0
LINE
8
BLACK
6
CONTINUOUS
10
6.5102058267716538
20
-4.1728999212598428
11
6.510567992125984
21
-4.1725377952755904
0
LINE
8
BLACK
6
CONTINUOUS
10
6.510567992125984
20
-4.1725377952755904
11
6.5106288188976373
21
-4.1725125984251967
0
LINE
8
BLACK
6
CONTINUOUS
10
6.5106288188976373
20
-4.1725125984251967
11
6.510677401574803
21
-4.1724681102362204
0
LINE
8
BLACK
6
CONTINUOUS
10
6.510677401574803
20
-4.1724681102362204
11
6.5111592125984252
21
-4.1722928740157483
0
LINE
8
BLACK
6
CONTINUOUS
10
6.5111592125984252
20
-4.1722928740157483
11
6.5116324015748033
21
-4.1720968897637798
0
LINE
8
BLACK
6
CONTINUOUS
10
6.5116324015748033
20
-4.1720968897637798
11
6.5116981889763776
21
-4.1720968897637798
0
LINE
8
BLACK
6
CONTINUOUS
10
6.5116981889763776
20
-4.1720968897637798
11
6.511760118110236
21
-4.1720743700787404
0
LINE
8
BLACK
6
CONTINUOUS
10
6.511760118110236
20
-4.1720743700787404
11
6.5122724803149605
21
-4.1720968897637798
0
LINE
8
BLACK
6
CONTINUOUS
10
6.5122724803149605
20
-4.1720968897637798
11
6.512784527559055
21
-4.1720968897637798
0
LINE
8
BLACK
6
CONTINUOUS
10
6.512784527559055
20
-4.1720968897637798
11
6.5128452755905508
21
-4.1721220472440947
0
LINE
8
BLACK
6
CONTINUOUS
10
6.5128452755905508
20
-4.1721220472440947
11
6.5129111417322836
21
-4.1721249606299216
0
LINE
8
BLACK
6
CONTINUOUS
10
6.5129111417322836
20
-4.1721249606299216
11
6.5133759842519687
21
-4.1723418503937006
0
LINE
8
BLACK
6
CONTINUOUS
10
6.5133759842519687
20
-4.1723418503937006
11
6.5138489370078743
21
-4.1725377952755904
0
LINE
8
BLACK
6
CONTINUOUS
10
6.5138489370078743
20
-4.1725377952755904
11
6.513895433070866
21
-4.1725842913385822
0
LINE
8
BLACK
6
CONTINUOUS
10
6.513895433070866
20
-4.1725842913385822
11
6.5139551574803152
21
-4.1726121653543302
0
LINE
8
BLACK
6
CONTINUOUS
10
6.5139551574803152
20
-4.1726121653543302
11
6.5143013779527559
21
-4.172990236220472
0
LINE
8
BLACK
6
CONTINUOUS
10
6.5143013779527559
20
-4.172990236220472
11
6.5146635826771648
21
-4.1733524409448819
0
LINE
8
BLACK
6
CONTINUOUS
10
6.5146635826771648
20
-4.1733524409448819
11
6.5146887795275585
21
-4.1734132677165352
0
LINE
8
BLACK
6
CONTINUOUS
10
6.5146887795275585
20
-4.1734132677165352
11
6.5147332677165357
21
-4.1734618503937009
0
LINE
8
BLACK
6
CONTINUOUS
10
6.5147332677165357
20
-4.1734618503937009
11
6.5149083464566928
21
-4.1739433464566931
0
LINE
8
BLACK
6
CONTINUOUS
10
6.5149083464566928
20
-4.1739433464566931
11
6.5151044881889764
21
-4.1744168503937003
0
LINE
8
BLACK
6
CONTINUOUS
10
6.5151044881889764
20
-4.1744168503937003
11
6.5151133858267718
21
-4.1745072047244092
0
LINE
8
BLACK
6
CONTINUOUS
10
6.5151133858267718
20
-4.1745072047244092
11
6.515126968503937
21
-4.1745445669291339
0
LINE
8
BLACK
6
CONTINUOUS
10
6.515126968503937
20
-4.1745445669291339
11
6.5151238976377952
21
-4.1746140944881889
0
LINE
8
BLACK
6
CONTINUOUS
10
6.5151238976377952
20
-4.1746140944881889
11
6.5151612204724412
21
-4.174992913385827
0
LINE
8
BLACK
6
CONTINUOUS
10
6.5151612204724412
20
-4.174992913385827
11
6.5151612204724412
21
-4.2143629921259844
0
LINE
8
BLACK
6
CONTINUOUS
10
6.5151612204724412
20
-4.2143629921259844
11
6.5151044881889764
21
-4.2149390551181103
0
LINE
8
BLACK
6
CONTINUOUS
10
6.5151044881889764
20
-4.2149390551181103
11
6.5146635826771648
21
-4.2160034645669286
0
LINE
8
BLACK
6
CONTINUOUS
10
6.5146635826771648
20
-4.2160034645669286
11
6.5138489370078743
21
-4.2168181102362201
0
LINE
8
BLACK
6
CONTINUOUS
10
6.5138489370078743
20
-4.2168181102362201
11
6.512784527559055
21
-4.2172590157480316
0
LINE
8
BLACK
6
CONTINUOUS
10
6.512784527559055
20
-4.2172590157480316
11
6.5116324015748033
21
-4.2172590157480316
0
LINE
8
BLACK
6
CONTINUOUS
10
6.5116324015748033
20
-4.2172590157480316
11
6.510567992125984
21
-4.2168181102362201
0
LINE
8
BLACK
6
CONTINUOUS
10
6.510567992125984
20
-4.2168181102362201
11
6.5097533464566926
21
-4.2160034645669286
0
LINE
8
BLACK
6
CONTINUOUS
10
6.5097533464566926
20
-4.2160034645669286
11
6.5093124409448819
21
-4.2149390551181103
0
LINE
8
BLACK
6
CONTINUOUS
10
6.5093124409448819
20
-4.2149390551181103
11
6.5092557086614171
21
-4.2143629921259844
0
LINE
8
BLACK
6
CONTINUOUS
10
6.5092557086614171
20
-4.2143629921259844
11
6.5092557086614171
21
-4.1883026377952755
0
LINE
8
BLACK
6
CONTINUOUS
10
6.5092557086614171
20
-4.1883026377952755
11
6.5017608661417325
21
-4.2043630314960625
0
LINE
8
BLACK
6
CONTINUOUS
10
6.5017608661417325
20
-4.2043630314960625
11
6.5016359055118107
21
-4.2045739370078739
0
LINE
8
BLACK
6
CONTINUOUS
10
6.5016359055118107
20
-4.2045739370078739
11
6.5016099212598419
21
-4.2046454330708665
0
LINE
8
BLACK
6
CONTINUOUS
10
6.5016099212598419
20
-4.2046454330708665
11
6.5015635826771652
21
-4.204695984251968
0
LINE
8
BLACK
6
CONTINUOUS
10
6.5015635826771652
20
-4.204695984251968
11
6.5014658267716534
21
-4.2048610629921255
0
LINE
8
BLACK
6
CONTINUOUS
10
6.5014658267716534
20
-4.2048610629921255
11
6.5011349999999997
21
-4.2051639763779525
0
LINE
8
BLACK
6
CONTINUOUS
10
6.5011349999999997
20
-4.2051639763779525
11
6.5008318110236223
21
-4.2054951181102362
0
LINE
8
BLACK
6
CONTINUOUS
10
6.5008318110236223
20
-4.2054951181102362
11
6.5007128346456691
21
-4.205550590551181
0
LINE
8
BLACK
6
CONTINUOUS
10
6.5007128346456691
20
-4.205550590551181
11
6.5006161811023624
21
-4.205639173228346
0
LINE
8
BLACK
6
CONTINUOUS
10
6.5006161811023624
20
-4.205639173228346
11
6.5001946850393697
21
-4.2057924015748034
0
LINE
8
BLACK
6
CONTINUOUS
10
6.5001946850393697
20
-4.2057924015748034
11
6.4997877952755907
21
-4.2059823228346458
0
LINE
8
BLACK
6
CONTINUOUS
10
6.4997877952755907
20
-4.2059823228346458
11
6.4996566141732286
21
-4.2059880708661419
0
LINE
8
BLACK
6
CONTINUOUS
10
6.4996566141732286
20
-4.2059880708661419
11
6.4995334645669294
21
-4.2060328740157482
0
LINE
8
BLACK
6
CONTINUOUS
10
6.4995334645669294
20
-4.2060328740157482
11
6.4990853543307088
21
-4.2060131889763781
0
LINE
8
BLACK
6
CONTINUOUS
10
6.4990853543307088
20
-4.2060131889763781
11
6.4986367716535431
21
-4.206032913385827
0
LINE
8
BLACK
6
CONTINUOUS
10
6.4986367716535431
20
-4.206032913385827
11
6.4985134645669289
21
-4.2059880708661419
0
LINE
8
BLACK
6
CONTINUOUS
10
6.4985134645669289
20
-4.2059880708661419
11
6.4983824409448818
21
-4.2059823228346458
0
LINE
8
BLACK
6
CONTINUOUS
10
6.4983824409448818
20
-4.2059823228346458
11
6.4979757874015744
21
-4.2057925196850396
0
LINE
8
BLACK
6
CONTINUOUS
10
6.4979757874015744
20
-4.2057925196850396
11
6.4975540551181101
21
-4.205639173228346
0
LINE
8
BLACK
6
CONTINUOUS
10
6.4975540551181101
20
-4.205639173228346
11
6.4974572440944884
21
-4.2055505118110235
0
LINE
8
BLACK
6
CONTINUOUS
10
6.4974572440944884
20
-4.2055505118110235
11
6.4973384251968502
21
-4.2054950787401575
0
LINE
8
BLACK
6
CONTINUOUS
10
6.4973384251968502
20
-4.2054950787401575
11
6.4970354724409445
21
-4.2051642519685037
0
LINE
8
BLACK
6
CONTINUOUS
10
6.4970354724409445
20
-4.2051642519685037
11
6.4967044094488191
21
-4.2048611023622042
0
LINE
8
BLACK
6
CONTINUOUS
10
6.4967044094488191
20
-4.2048611023622042
11
6.4966065354330711
21
-4.2046959055118105
0
LINE
8
BLACK
6
CONTINUOUS
10
6.4966065354330711
20
-4.2046959055118105
11
6.4965603149606297
21
-4.2046454330708665
0
LINE
8
BLACK
6
CONTINUOUS
10
6.4965603149606297
20
-4.2046454330708665
11
6.4965343307086609
21
-4.2045740551181101
0
LINE
8
BLACK
6
CONTINUOUS
10
6.4965343307086609
20
-4.2045740551181101
11
6.49640937007874
21
-4.2043630708661412
0
LINE
8
BLACK
6
CONTINUOUS
10
6.49640937007874
20
-4.2043630708661412
11
6.4889145275590554
21
-4.1883026377952755
0
LINE
8
BLACK
6
CONTINUOUS
10
6.4889145275590554
20
-4.1883026377952755
11
6.4889145275590554
21
-4.2143629921259844
0
LINE
8
BLACK
6
CONTINUOUS
10
6.4889145275590554
20
-4.2143629921259844
11
6.4888577952755906
21
-4.2149390551181103
0
LINE
8
BLACK
6
CONTINUOUS
10
6.4888577952755906
20
-4.2149390551181103
11
6.4884168897637791
21
-4.2160034645669286
0
LINE
8
BLACK
6
CONTINUOUS
10
6.4884168897637791
20
-4.2160034645669286
11
6.4876022440944876
21
-4.2168181102362201
0
LINE
8
BLACK
6
CONTINUOUS
10
6.4876022440944876
20
-4.2168181102362201
11
6.4865378346456692
21
-4.2172590157480316
0
LINE
8
BLACK
6
CONTINUOUS
10
6.4865378346456692
20
-4.2172590157480316
11
6.4853857086614175
21
-4.2172590157480316
0
LINE
8
BLACK
6
CONTINUOUS
10
6.4853857086614175
20
-4.2172590157480316
11
6.4843212992125983
21
-4.2168181102362201
0
LINE
8
BLACK
6
CONTINUOUS
10
6.4843212992125983
20
-4.2168181102362201
11
6.4835066535433068
21
-4.2160034645669286
0
LINE
8
BLACK
6
CONTINUOUS
10
6.4835066535433068
20
-4.2160034645669286
11
6.4830657480314962
21
-4.2149390551181103
0
LINE
8
BLACK
6
CONTINUOUS
10
6.4830657480314962
20
-4.2149390551181103
11
6.4830090157480313
21
-4.2143629921259844
0
LINE
8
BLACK
6
CONTINUOUS
10
6.4830090157480313
20
-4.2143629921259844
11
6.4830090157480313
21
-4.2104461417322829
0
LINE
8
BLACK
6
CONTINUOUS
10
6.4830090157480313
20
-4.2104461417322829
11
6.4822651181102362
21
-4.2119339370078741
0
LINE
8
BLACK
6
CONTINUOUS
10
6.4822651181102362
20
-4.2119339370078741
11
6.4821090551181104
21
-4.2121818110236218
0
LINE
8
BLACK
6
CONTINUOUS
10
6.4821090551181104
20
-4.2121818110236218
11
6.4820792519685035
21
-4.212253858267716
0
LINE
8
BLACK
6
CONTINUOUS
10
6.4820792519685035
20
-4.212253858267716
11
6.4820127165354329
21
-4.2123348818897641
0
LINE
8
BLACK
6
CONTINUOUS
10
6.4820127165354329
20
-4.2123348818897641
11
6.4819567716535431
21
-4.212423818897638
0
LINE
8
BLACK
6
CONTINUOUS
10
6.4819567716535431
20
-4.212423818897638
11
6.4818977559055115
21
-4.2124749606299208
0
LINE
8
BLACK
6
CONTINUOUS
10
6.4818977559055115
20
-4.2124749606299208
11
6.481712007874016
21
-4.2127013385826775
0
LINE
8
BLACK
6
CONTINUOUS
10
6.481712007874016
20
-4.2127013385826775
11
6.4798372834645672
21
-4.214576102362205
0
LINE
8
BLACK
6
CONTINUOUS
10
6.4798372834645672
20
-4.214576102362205
11
6.4796109055118105
21
-4.2147618503937005
0
LINE
8
BLACK
6
CONTINUOUS
10
6.4796109055118105
20
-4.2147618503937005
11
6.4795597244094489
21
-4.2148209055118109
0
LINE
8
BLACK
6
CONTINUOUS
10
6.4795597244094489
20
-4.2148209055118109
11
6.4794707480314955
21
-4.2148768897637794
0
LINE
8
BLACK
6
CONTINUOUS
10
6.4794707480314955
20
-4.2148768897637794
11
6.4793898031496058
21
-4.2149433464566926
0
LINE
8
BLACK
6
CONTINUOUS
10
6.4793898031496058
20
-4.2149433464566926
11
6.479317834645669
21
-4.2149731496062994
0
LINE
8
BLACK
6
CONTINUOUS
10
6.479317834645669
20
-4.2149731496062994
11
6.4790698425196851
21
-4.215129251968504
0
LINE
8
BLACK
6
CONTINUOUS
10
6.4790698425196851
20
-4.215129251968504
11
6.47532031496063
21
-4.2170040157480315
0
LINE
8
BLACK
6
CONTINUOUS
10
6.47532031496063
20
-4.2170040157480315
11
6.47477968503937
21
-4.217210905511811
0
LINE
8
BLACK
6
CONTINUOUS
10
6.47477968503937
20
-4.217210905511811
11
6.4746738582677166
21
-4.2172183858267713
0
LINE
8
BLACK
6
CONTINUOUS
10
6.4746738582677166
20
-4.2172183858267713
11
6.4745758661417323
21
-4.2172590157480316
0
LINE
8
BLACK
6
CONTINUOUS
10
6.4745758661417323
20
-4.2172590157480316
11
6.4739998031496064
21
-4.2173157480314956
0
LINE
8
BLACK
6
CONTINUOUS
10
6.4739998031496064
20
-4.2173157480314956
11
6.459001692913386
21
-4.2173157480314956
0
LINE
8
BLACK
6
CONTINUOUS
10
6.459001692913386
20
-4.2173157480314956
11
6.4522159842519686
21
-4.2173157480314956
0
LINE
8
BLACK
6
CONTINUOUS
10
6.4522159842519686
20
-4.2173157480314956
11
6.4519243700787401
21
-4.2172870078740159
0
LINE
8
BLACK
6
CONTINUOUS
10
6.4519243700787401
20
-4.2172870078740159
11
6.4518466535433072
21
-4.2172925590551182
0
LINE
8
BLACK
6
CONTINUOUS
10
6.4518466535433072
20
-4.2172925590551182
11
6.4517443700787398
21
-4.2172692913385825
0
LINE
8
BLACK
6
CONTINUOUS
10
6.4517443700787398
20
-4.2172692913385825
11
6.4516399212598428
21
-4.2172590157480316
0
LINE
8
BLACK
6
CONTINUOUS
10
6.4516399212598428
20
-4.2172590157480316
11
6.4515678346456689
21
-4.2172291338582673
0
LINE
8
BLACK
6
CONTINUOUS
10
6.4515678346456689
20
-4.2172291338582673
11
6.4512822047244089
21
-4.2171642125984254
0
LINE
8
BLACK
6
CONTINUOUS
10
6.4512822047244089
20
-4.2171642125984254
11
6.445657952755905
21
-4.2152894488188979
0
LINE
8
BLACK
6
CONTINUOUS
10
6.445657952755905
20
-4.2152894488188979
11
6.4451293700787398
21
-4.2150534645669291
0
LINE
8
BLACK
6
CONTINUOUS
10
6.4451293700787398
20
-4.2150534645669291
11
6.4442590157480311
21
-4.2142985826771655
0
LINE
8
BLACK
6
CONTINUOUS
10
6.4442590157480311
20
-4.2142985826771655
11
6.4437438188976373
21
-4.2132681496062991
0
LINE
8
BLACK
6
CONTINUOUS
10
6.4437438188976373
20
-4.2132681496062991
11
6.4436621259842521
21
-4.2121189370078742
0
LINE
8
BLACK
6
CONTINUOUS
10
6.4436621259842521
20
-4.2121189370078742
11
6.4440264566929129
21
-4.2110259055118107
0
LINE
8
BLACK
6
CONTINUOUS
10
6.4440264566929129
20
-4.2110259055118107
11
6.4447813385826773
21
-4.210155551181102
0
LINE
8
BLACK
6
CONTINUOUS
10
6.4447813385826773
20
-4.210155551181102
11
6.4458117716535428
21
-4.2096403543307082
0
LINE
8
BLACK
6
CONTINUOUS
10
6.4458117716535428
20
-4.2096403543307082
11
6.4469609842519686
21
-4.209558661417323
0
LINE
8
BLACK
6
CONTINUOUS
10
6.4469609842519686
20
-4.209558661417323
11
6.447525433070866
21
-4.2096870078740158
0
LINE
8
BLACK
6
CONTINUOUS
10
6.447525433070866
20
-4.2096870078740158
11
6.4526951181102357
21
-4.2114102362204724
0
LINE
8
BLACK
6
CONTINUOUS
10
6.4526951181102357
20
-4.2114102362204724
11
6.456048937007874
21
-4.2114102362204724
0
LINE
8
BLACK
6
CONTINUOUS
10
6.456048937007874
20
-4.2114102362204724
11
6.456048937007874
21
-4.1972737007874015
0
LINE
8
BLACK
6
CONTINUOUS
10
6.456048937007874
20
-4.1972737007874015
11
6.4533746062992128
21
-4.1966051574803149
0
LINE
8
BLACK
6
CONTINUOUS
10
6.4533746062992128
20
-4.1966051574803149
11
6.4533320866141732
21
-4.1965899606299208
0
LINE
8
BLACK
6
CONTINUOUS
10
6.4533320866141732
20
-4.1965899606299208
11
6.453310826771653
21
-4.1965884645669291
0
LINE
8
BLACK
6
CONTINUOUS
10
6.453310826771653
20
-4.1965884645669291
11
6.4530710629921257
21
-4.196496692913386
0
LINE
8
BLACK
6
CONTINUOUS
10
6.4530710629921257
20
-4.196496692913386
11
6.4528294881889758
21
-4.1964103937007877
0
LINE
8
BLACK
6
CONTINUOUS
10
6.4528294881889758
20
-4.1964103937007877
11
6.4528123228346459
21
-4.1963976771653542
0
LINE
8
BLACK
6
CONTINUOUS
10
6.4528123228346459
20
-4.1963976771653542
11
6.4527702362204726
21
-4.1963815748031497
0
LINE
8
BLACK
6
CONTINUOUS
10
6.4527702362204726
20
-4.1963815748031497
11
6.4490207086614175
21
-4.1945068110236221
0
LINE
8
BLACK
6
CONTINUOUS
10
6.4490207086614175
20
-4.1945068110236221
11
6.448772677165354
21
-4.1943507086614176
0
LINE
8
BLACK
6
CONTINUOUS
10
6.448772677165354
20
-4.1943507086614176
11
6.448700748031496
21
-4.1943209055118107
0
LINE
8
BLACK
6
CONTINUOUS
10
6.448700748031496
20
-4.1943209055118107
11
6.4486197637795275
21
-4.1942544094488188
0
LINE
8
BLACK
6
CONTINUOUS
10
6.4486197637795275
20
-4.1942544094488188
11
6.4485308267716537
21
-4.194198464566929
0
LINE
8
BLACK
6
CONTINUOUS
10
6.4485308267716537
20
-4.194198464566929
11
6.4484796456692912
21
-4.1941394488188974
0
LINE
8
BLACK
6
CONTINUOUS
10
6.4484796456692912
20
-4.1941394488188974
11
6.4482533070866142
21
-4.193953700787401
0
LINE
8
BLACK
6
CONTINUOUS
10
6.4482533070866142
20
-4.193953700787401
11
6.4463785433070866
21
-4.1920789370078735
0
LINE
8
BLACK
6
CONTINUOUS
10
6.4463785433070866
20
-4.1920789370078735
11
6.4461927559055114
21
-4.1918525590551177
0
LINE
8
BLACK
6
CONTINUOUS
10
6.4461927559055114
20
-4.1918525590551177
11
6.4461337795275586
21
-4.1918014173228348
0
LINE
8
BLACK
6
CONTINUOUS
10
6.4461337795275586
20
-4.1918014173228348
11
6.4460777952755901
21
-4.1917124409448814
0
LINE
8
BLACK
6
CONTINUOUS
10
6.4460777952755901
20
-4.1917124409448814
11
6.4460113385826769
21
-4.1916314960629917
0
LINE
8
BLACK
6
CONTINUOUS
10
6.4460113385826769
20
-4.1916314960629917
11
6.4459814960629922
21
-4.1915595275590549
0
LINE
8
BLACK
6
CONTINUOUS
10
6.4459814960629922
20
-4.1915595275590549
11
6.4458254330708664
21
-4.191311535433071
0
LINE
8
BLACK
6
CONTINUOUS
10
6.4458254330708664
20
-4.191311535433071
11
6.4439506692913389
21
-4.1875620078740159
0
LINE
8
BLACK
6
CONTINUOUS
10
6.4439506692913389
20
-4.1875620078740159
11
6.4437437795275585
21
-4.1870213779527559
0
LINE
8
BLACK
6
CONTINUOUS
10
6.4437437795275585
20
-4.1870213779527559
11
6.4437362598425194
21
-4.1869155511811025
0
LINE
8
BLACK
6
CONTINUOUS
10
6.4437362598425194
20
-4.1869155511811025
11
6.4436956692913387
21
-4.1868175590551182
0
LINE
8
BLACK
6
CONTINUOUS
10
6.4436956692913387
20
-4.1868175590551182
11
6.4436389370078739
21
-4.1862414960629923
0
LINE
8
BLACK
6
CONTINUOUS
10
6.4436389370078739
20
-4.1862414960629923
11
6.4436389370078739
21
-4.1824919685039372
0
LINE
8
BLACK
6
CONTINUOUS
10
6.4436389370078739
20
-4.1824919685039372
11
6.4436956692913387
21
-4.1819159055118114
0
LINE
8
BLACK
6
CONTINUOUS
10
6.4436956692913387
20
-4.1819159055118114
11
6.4437362598425194
21
-4.1818178740157483
0
LINE
8
BLACK
6
CONTINUOUS
10
6.4437362598425194
20
-4.1818178740157483
11
6.4437437795275585
21
-4.1817120866141728
0
LINE
8
BLACK
6
CONTINUOUS
10
6.4437437795275585
20
-4.1817120866141728
11
6.4439506692913389
21
-4.1811714566929137
0
LINE
8
BLACK
6
CONTINUOUS
10
6.4439506692913389
20
-4.1811714566929137
11
6.4455635826771651
21
-4.1779456692913381
0
LINE
8
BLACK
6
CONTINUOUS
10
6.4455635826771651
20
-4.1779456692913381
11
6.4375824803149602
21
-4.1779456692913381
0
LINE
8
BLACK
6
CONTINUOUS
10
6.4375824803149602
20
-4.1779456692913381
11
6.4375824803149602
21
-4.2143629921259844
0
LINE
8
BLACK
6
CONTINUOUS
10
6.4375824803149602
20
-4.2143629921259844
11
6.4375257480314962
21
-4.2149390551181103
0
LINE
8
BLACK
6
CONTINUOUS
10
6.4375257480314962
20
-4.2149390551181103
11
6.4370848425196847
21
-4.2160034645669286
0
LINE
8
BLACK
6
CONTINUOUS
10
6.4370848425196847
20
-4.2160034645669286
11
6.4362701968503933
21
-4.2168181102362201
0
LINE
8
BLACK
6
CONTINUOUS
10
6.4362701968503933
20
-4.2168181102362201
11
6.4352057874015749
21
-4.2172590157480316
0
LINE
8
BLACK
6
CONTINUOUS
10
6.4352057874015749
20
-4.2172590157480316
11
6.4340536614173223
21
-4.2172590157480316
0
LINE
8
BLACK
6
CONTINUOUS
10
6.4340536614173223
20
-4.2172590157480316
11
6.4329892519685039
21
-4.2168181102362201
0
LINE
8
BLACK
6
CONTINUOUS
10
6.4329892519685039
20
-4.2168181102362201
11
6.4321746062992124
21
-4.2160034645669286
0
LINE
8
BLACK
6
CONTINUOUS
10
6.4321746062992124
20
-4.2160034645669286
11
6.4317337007874018
21
-4.2149390551181103
0
LINE
8
BLACK
6
CONTINUOUS
10
6.4317337007874018
20
-4.2149390551181103
11
6.431676968503937
21
-4.2143629921259844
0
LINE
8
BLACK
6
CONTINUOUS
10
6.431676968503937
20
-4.2143629921259844
11
6.431676968503937
21
-4.1779456692913381
0
LINE
8
BLACK
6
CONTINUOUS
10
6.431676968503937
20
-4.1779456692913381
11
6.4233811417322837
21
-4.1779456692913381
0
LINE
8
BLACK
6
CONTINUOUS
10
6.4233811417322837
20
-4.1779456692913381
11
6.4228050787401569
21
-4.1778889370078742
0
LINE
8
BLACK
6
CONTINUOUS
10
6.4228050787401569
20
-4.1778889370078742
11
6.4217406692913386
21
-4.1774480314960627
0
LINE
8
BLACK
6
CONTINUOUS
10
6.4217406692913386
20
-4.1774480314960627
11
6.4209260236220471
21
-4.1766333858267712
0
LINE
8
BLACK
6
CONTINUOUS
10
6.4209260236220471
20
-4.1766333858267712
11
6.4204851181102365
21
-4.1755689763779529
0
LINE
8
BLACK
6
CONTINUOUS
10
6.4204851181102365
20
-4.1755689763779529
11
6.4204851181102365
21
-4.1744168503937003
0
LINE
8
BLACK
6
CONTINUOUS
10
6.4204851181102365
20
-4.1744168503937003
11
6.4209260236220471
21
-4.1733524409448819
0
LINE
8
BLACK
6
CONTINUOUS
10
6.4209260236220471
20
-4.1733524409448819
11
6.4217406692913386
21
-4.1725377952755904
0
LINE
8
BLACK
6
CONTINUOUS
10
6.4217406692913386
20
-4.1725377952755904
11
6.4228050787401569
21
-4.1720968897637798
0
LINE
8
BLACK
6
CONTINUOUS
10
6.4228050787401569
20
-4.1720968897637798
11
6.4233811417322837
21
-4.172040157480315
0
LINE
8
BLACK
6
CONTINUOUS
10
6.4233811417322837
20
-4.172040157480315
11
6.4458783070866144
21
-4.172040157480315
0
LINE
8
BLACK
6
CONTINUOUS
10
6.4458783070866144
20
-4.172040157480315
11
6.4464543700787402
21
-4.1720968897637798
0
LINE
8
BLACK
6
CONTINUOUS
10
6.469302007874016
20
-4.1972769291338583
11
6.4694877559055115
21
-4.1975032677165354
0
LINE
8
BLACK
6
CONTINUOUS
10
6.4694877559055115
20
-4.1975032677165354
11
6.4695467716535431
21
-4.1975544488188978
0
LINE
8
BLACK
6
CONTINUOUS
10
6.4695467716535431
20
-4.1975544488188978
11
6.4696027165354328
21
-4.1976433858267717
0
LINE
8
BLACK
6
CONTINUOUS
10
6.4696027165354328
20
-4.1976433858267717
11
6.4696692125984248
21
-4.1977243700787401
0
LINE
8
BLACK
6
CONTINUOUS
10
6.4696692125984248
20
-4.1977243700787401
11
6.4696990157480316
21
-4.1977962992125981
0
LINE
8
BLACK
6
CONTINUOUS
10
6.4696990157480316
20
-4.1977962992125981
11
6.4698551181102362
21
-4.1980443307086617
0
LINE
8
BLACK
6
CONTINUOUS
10
6.4698551181102362
20
-4.1980443307086617
11
6.4717298818897637
21
-4.2017938582677168
0
LINE
8
BLACK
6
CONTINUOUS
10
6.4717298818897637
20
-4.2017938582677168
11
6.4719367716535432
21
-4.2023344488188972
0
LINE
8
BLACK
6
CONTINUOUS
10
6.4719367716535432
20
-4.2023344488188972
11
6.4719442913385823
21
-4.2024403149606302
0
LINE
8
BLACK
6
CONTINUOUS
10
6.4719442913385823
20
-4.2024403149606302
11
6.4719848818897638
21
-4.2025383070866145
0
LINE
8
BLACK
6
CONTINUOUS
10
6.4719848818897638
20
-4.2025383070866145
11
6.4720416141732278
21
-4.2031143700787403
0
LINE
8
BLACK
6
CONTINUOUS
10
6.4720416141732278
20
-4.2031143700787403
11
6.4720416141732278
21
-4.2068638976377954
0
LINE
8
BLACK
6
CONTINUOUS
10
6.4720416141732278
20
-4.2068638976377954
11
6.4719848818897638
21
-4.2074399606299213
0
LINE
8
BLACK
6
CONTINUOUS
10
6.4719848818897638
20
-4.2074399606299213
11
6.4719442913385823
21
-4.2075379133858268
0
LINE
8
BLACK
6
CONTINUOUS
10
6.4719442913385823
20
-4.2075379133858268
11
6.4719367716535432
21
-4.2076438188976377
0
LINE
8
BLACK
6
CONTINUOUS
10
6.4719367716535432
20
-4.2076438188976377
11
6.4717298818897637
21
-4.208184409448819
0
LINE
8
BLACK
6
CONTINUOUS
10
6.4717298818897637
20
-4.208184409448819
11
6.4701169685039366
21
-4.2114102362204724
0
LINE
8
BLACK
6
CONTINUOUS
10
6.4701169685039366
20
-4.2114102362204724
11
6.4733027559055119
21
-4.2114102362204724
0
LINE
8
BLACK
6
CONTINUOUS
10
6.4733027559055119
20
-4.2114102362204724
11
6.4760001968503937
21
-4.2100614960629921
0
LINE
8
BLACK
6
CONTINUOUS
10
6.4760001968503937
20
-4.2100614960629921
11
6.4771973228346456
21
-4.2088643307086615
0
LINE
8
BLACK
6
CONTINUOUS
10
6.4771973228346456
20
-4.2088643307086615
11
6.4785461023622046
21
-4.2061668503937009
0
LINE
8
BLACK
6
CONTINUOUS
10
6.4785461023622046
20
-4.2061668503937009
11
6.4785461023622046
21
-4.2019366535433074
0
LINE
8
BLACK
6
CONTINUOUS
10
6.4785461023622046
20
-4.2019366535433074
11
6.4771973622047243
21
-4.1992391732283467
0
LINE
8
BLACK
6
CONTINUOUS
10
6.4771973622047243
20
-4.1992391732283467
11
6.4761542913385828
21
-4.1981961023622043
0
LINE
8
BLACK
6
CONTINUOUS
10
6.4761542913385828
20
-4.1981961023622043
11
6.471645905511811
21
-4.1966933070866137
0
LINE
8
BLACK
6
CONTINUOUS
10
6.471645905511811
20
-4.1966933070866137
11
6.4687183858267714
21
-4.1966933070866137
0
LINE
8
BLACK
6
CONTINUOUS
10
6.4687183858267714
20
-4.1966933070866137
11
6.469302007874016
21
-4.1972769291338583
0
LINE
8
BLACK
6
CONTINUOUS
10
6.4619544488188971
20
-4.2108793700787404
11
6.4635901968503937
21
-4.2100614960629921
0
LINE
8
BLACK
6
CONTINUOUS
10
6.4635901968503937
20
-4.2100614960629921
11
6.4647873228346455
21
-4.2088643307086615
0
LINE
8
BLACK
6
CONTINUOUS
10
6.4647873228346455
20
-4.2088643307086615
11
6.4661361023622046
21
-4.2061668503937009
0
LINE
8
BLACK
6
CONTINUOUS
10
6.4661361023622046
20
-4.2061668503937009
11
6.4661361023622046
21
-4.2038114173228349
0
LINE
8
BLACK
6
CONTINUOUS
10
6.4661361023622046
20
-4.2038114173228349
11
6.4647873622047243
21
-4.2011139370078743
0
LINE
8
BLACK
6
CONTINUOUS
10
6.4647873622047243
20
-4.2011139370078743
11
6.4635902362204725
21
-4.1999168110236216
0
LINE
8
BLACK
6
CONTINUOUS
10
6.4635902362204725
20
-4.1999168110236216
11
6.4619544488188971
21
-4.1990988976377954
0
LINE
8
BLACK
6
CONTINUOUS
10
6.4619544488188971
20
-4.1990988976377954
11
6.4619544488188971
21
-4.2108793700787404
0
LINE
8
BLACK
6
CONTINUOUS
10
6.4520903149606301
20
-4.1792944094488185
11
6.4508931889763774
21
-4.1804915354330712
0
LINE
8
BLACK
6
CONTINUOUS
10
6.4508931889763774
20
-4.1804915354330712
11
6.4495444488188971
21
-4.1831890157480318
0
LINE
8
BLACK
6
CONTINUOUS
10
6.4495444488188971
20
-4.1831890157480318
11
6.4495444488188971
21
-4.1855444488188978
0
LINE
8
BLACK
6
CONTINUOUS
10
6.4495444488188971
20
-4.1855444488188978
11
6.4508931889763774
21
-4.1882419291338584
0
LINE
8
BLACK
6
CONTINUOUS
10
6.4508931889763774
20
-4.1882419291338584
11
6.4520903149606301
21
-4.1894390551181102
0
LINE
8
BLACK
6
CONTINUOUS
10
6.4520903149606301
20
-4.1894390551181102
11
6.4551212992125979
21
-4.1909545275590547
0
LINE
8
BLACK
6
CONTINUOUS
10
6.4551212992125979
20
-4.1909545275590547
11
6.456048937007874
21
-4.1911864173228341
0
LINE
8
BLACK
6
CONTINUOUS
10
6.456048937007874
20
-4.1911864173228341
11
6.456048937007874
21
-4.1779456692913381
0
LINE
8
BLACK
6
CONTINUOUS
10
6.456048937007874
20
-4.1779456692913381
11
6.4547877952755908
21
-4.1779456692913381
0
LINE
8
BLACK
6
CONTINUOUS
10
6.4547877952755908
20
-4.1779456692913381
11
6.4520903149606301
21
-4.1792944094488185
0
LINE
8
BLACK
6
CONTINUOUS
10
6.4619544488188971
20
-4.1907877952755905
11
6.4714279921259843
21
-4.1907877952755905
0
LINE
8
BLACK
6
CONTINUOUS
10
6.4714279921259843
20
-4.1907877952755905
11
6.4741254724409449
21
-4.1894390551181102
0
LINE
8
BLACK
6
CONTINUOUS
10
6.4741254724409449
20
-4.1894390551181102
11
6.4753225984251968
21
-4.1882419291338584
0
LINE
8
BLACK
6
CONTINUOUS
10
6.4753225984251968
20
-4.1882419291338584
11
6.4766713385826771
21
-4.1855444488188978
0
LINE
8
BLACK
6
CONTINUOUS
10
6.4766713385826771
20
-4.1855444488188978
11
6.4766713385826771
21
-4.1831890157480318
0
LINE
8
BLACK
6
CONTINUOUS
10
6.4766713385826771
20
-4.1831890157480318
11
6.4753225984251968
21
-4.1804915354330712
0
LINE
8
BLACK
6
CONTINUOUS
10
6.4753225984251968
20
-4.1804915354330712
11
6.4741254724409449
21
-4.1792944094488185
0
LINE
8
BLACK
6
CONTINUOUS
10
6.4741254724409449
20
-4.1792944094488185
11
6.4717315748031492
21
-4.1780974409448817
0
LINE
8
BLACK
6
CONTINUOUS
10
6.4717315748031492
20
-4.1780974409448817
11
6.4716540944881888
21
-4.1783299606299211
0
LINE
8
BLACK
6
CONTINUOUS
10
6.4716540944881888
20
-4.1783299606299211
11
6.4708992125984253
21
-4.1792003543307086
0
LINE
8
BLACK
6
CONTINUOUS
10
6.4708992125984253
20
-4.1792003543307086
11
6.4698687401574801
21
-4.1797155511811024
0
LINE
8
BLACK
6
CONTINUOUS
10
6.4698687401574801
20
-4.1797155511811024
11
6.4687195275590552
21
-4.1797972440944884
0
LINE
8
BLACK
6
CONTINUOUS
10
6.4687195275590552
20
-4.1797972440944884
11
6.4681550787401569
21
-4.1796688976377956
0
LINE
8
BLACK
6
CONTINUOUS
10
6.4681550787401569
20
-4.1796688976377956
11
6.462985433070866
21
-4.1779456692913381
0
LINE
8
BLACK
6
CONTINUOUS
10
6.462985433070866
20
-4.1779456692913381
11
6.4619544488188971
21
-4.1779456692913381
0
LINE
8
BLACK
6
CONTINUOUS
10
6.4619544488188971
20
-4.1779456692913381
11
6.4619544488188971
21
-4.1907877952755905
0
LINE
8
BLACK
6
CONTINUOUS
10
6.5427807874015746
20
-4.1720968897637798
11
6.5428787795275589
21
-4.1721374803149605
0
LINE
8
BLACK
6
CONTINUOUS
10
6.5428787795275589
20
-4.1721374803149605
11
6.5429846062992123
21
-4.1721449999999995
0
LINE
8
BLACK
6
CONTINUOUS
10
6.5429846062992123
20
-4.1721449999999995
11
6.5435252362204723
21
-4.172351889763779
0
LINE
8
BLACK
6
CONTINUOUS
10
6.5435252362204723
20
-4.172351889763779
11
6.5472747637795274
21
-4.1742266535433066
0
LINE
8
BLACK
6
CONTINUOUS
10
6.5472747637795274
20
-4.1742266535433066
11
6.5475227559055114
21
-4.1743827165354332
0
LINE
8
BLACK
6
CONTINUOUS
10
6.5475227559055114
20
-4.1743827165354332
11
6.547594724409449
21
-4.174412559055118
0
LINE
8
BLACK
6
CONTINUOUS
10
6.547594724409449
20
-4.174412559055118
11
6.5476756692913387
21
-4.1744790157480312
0
LINE
8
BLACK
6
CONTINUOUS
10
6.5476756692913387
20
-4.1744790157480312
11
6.5477646456692913
21
-4.1745349999999997
0
LINE
8
BLACK
6
CONTINUOUS
10
6.5477646456692913
20
-4.1745349999999997
11
6.547815787401575
21
-4.1745939763779525
0
LINE
8
BLACK
6
CONTINUOUS
10
6.547815787401575
20
-4.1745939763779525
11
6.5480421653543308
21
-4.1747797637795276
0
LINE
8
BLACK
6
CONTINUOUS
10
6.5480421653543308
20
-4.1747797637795276
11
6.5499169291338584
21
-4.1766545275590552
0
LINE
8
BLACK
6
CONTINUOUS
10
6.5499169291338584
20
-4.1766545275590552
11
6.5501026771653539
21
-4.1768808661417323
0
LINE
8
BLACK
6
CONTINUOUS
10
6.5501026771653539
20
-4.1768808661417323
11
6.5501616929133855
21
-4.1769320472440947
0
LINE
8
BLACK
6
CONTINUOUS
10
6.5501616929133855
20
-4.1769320472440947
11
6.5502176377952752
21
-4.1770209842519685
0
LINE
8
BLACK
6
CONTINUOUS
10
6.5502176377952752
20
-4.1770209842519685
11
6.5502841338582671
21
-4.177101968503937
0
LINE
8
BLACK
6
CONTINUOUS
10
6.5502841338582671
20
-4.177101968503937
11
6.550313937007874
21
-4.177173897637795
0
LINE
8
BLACK
6
CONTINUOUS
10
6.550313937007874
20
-4.177173897637795
11
6.5504700393700785
21
-4.1774219291338586
0
LINE
8
BLACK
6
CONTINUOUS
10
6.5504700393700785
20
-4.1774219291338586
11
6.5523448031496061
21
-4.1811714566929137
0
LINE
8
BLACK
6
CONTINUOUS
10
6.5523448031496061
20
-4.1811714566929137
11
6.5523609055118106
21
-4.1812135433070869
0
LINE
8
BLACK
6
CONTINUOUS
10
6.5523609055118106
20
-4.1812135433070869
11
6.5523736220472442
21
-4.1812307086614169
0
LINE
8
BLACK
6
CONTINUOUS
10
6.5523736220472442
20
-4.1812307086614169
11
6.5524599212598424
21
-4.1814722834645668
0
LINE
8
BLACK
6
CONTINUOUS
10
6.5524599212598424
20
-4.1814722834645668
11
6.5525516929133856
21
-4.1817120472440941
0
LINE
8
BLACK
6
CONTINUOUS
10
6.5525516929133856
20
-4.1817120472440941
11
6.5525531889763782
21
-4.1817333070866143
0
LINE
8
BLACK
6
CONTINUOUS
10
6.5525531889763782
20
-4.1817333070866143
11
6.5525683858267714
21
-4.1817758267716538
0
LINE
8
BLACK
6
CONTINUOUS
10
6.5525683858267714
20
-4.1817758267716538
11
6.5544431496062989
21
-4.189274881889764
0
LINE
8
BLACK
6
CONTINUOUS
10
6.5544431496062989
20
-4.189274881889764
11
6.5544579133858267
21
-4.1893747244094488
0
LINE
8
BLACK
6
CONTINUOUS
10
6.5544579133858267
20
-4.1893747244094488
11
6.5544745669291338
21
-4.1894149606299216
0
LINE
8
BLACK
6
CONTINUOUS
10
6.5544745669291338
20
-4.1894149606299216
11
6.5544959055118106
21
-4.1896319685039369
0
LINE
8
BLACK
6
CONTINUOUS
10
6.5544959055118106
20
-4.1896319685039369
11
6.5545277952755905
21
-4.1898474803149606
0
LINE
8
BLACK
6
CONTINUOUS
10
6.5545277952755905
20
-4.1898474803149606
11
6.5545213779527556
21
-4.1898904724409451
0
LINE
8
BLACK
6
CONTINUOUS
10
6.5545213779527556
20
-4.1898904724409451
11
6.5545312992125986
21
-4.1899910236220475
0
LINE
8
BLACK
6
CONTINUOUS
10
6.5545312992125986
20
-4.1899910236220475
11
6.5545312992125986
21
-4.1993648425196852
0
LINE
8
BLACK
6
CONTINUOUS
10
6.5545312992125986
20
-4.1993648425196852
11
6.5545213779527556
21
-4.1994653543307088
0
LINE
8
BLACK
6
CONTINUOUS
10
6.5545213779527556
20
-4.1994653543307088
11
6.5545277952755905
21
-4.1995083858267712
0
LINE
8
BLACK
6
CONTINUOUS
10
6.5545277952755905
20
-4.1995083858267712
11
6.5544959055118106
21
-4.1997238582677161
0
LINE
8
BLACK
6
CONTINUOUS
10
6.5544959055118106
20
-4.1997238582677161
11
6.5544745669291338
21
-4.1999409055118111
0
LINE
8
BLACK
6
CONTINUOUS
10
6.5544745669291338
20
-4.1999409055118111
11
6.5544579133858267
21
-4.1999811023622042
0
LINE
8
BLACK
6
CONTINUOUS
10
6.5544579133858267
20
-4.1999811023622042
11
6.5544431496062989
21
-4.2000809842519686
0
LINE
8
BLACK
6
CONTINUOUS
10
6.5544431496062989
20
-4.2000809842519686
11
6.5525683858267714
21
-4.2075800393700789
0
LINE
8
BLACK
6
CONTINUOUS
10
6.5525683858267714
20
-4.2075800393700789
11
6.5525531889763782
21
-4.2076225196850396
0
LINE
8
BLACK
6
CONTINUOUS
10
6.5525531889763782
20
-4.2076225196850396
11
6.5525516929133856
21
-4.2076438188976377
0
LINE
8
BLACK
6
CONTINUOUS
10
6.5525516929133856
20
-4.2076438188976377
11
6.5524599212598424
21
-4.2078835433070862
0
LINE
8
BLACK
6
CONTINUOUS
10
6.5524599212598424
20
-4.2078835433070862
11
6.5523736220472442
21
-4.2081251574803149
0
LINE
8
BLACK
6
CONTINUOUS
10
6.5523736220472442
20
-4.2081251574803149
11
6.5523609055118106
21
-4.208142283464567
0
LINE
8
BLACK
6
CONTINUOUS
10
6.5523609055118106
20
-4.208142283464567
11
6.5523448031496061
21
-4.208184409448819
0
LINE
8
BLACK
6
CONTINUOUS
10
6.5523448031496061
20
-4.208184409448819
11
6.5504700393700785
21
-4.2119339370078741
0
LINE
8
BLACK
6
CONTINUOUS
10
6.5504700393700785
20
-4.2119339370078741
11
6.5503139763779528
21
-4.2121818110236218
0
LINE
8
BLACK
6
CONTINUOUS
10
6.5503139763779528
20
-4.2121818110236218
11
6.5502841732283459
21
-4.212253858267716
0
LINE
8
BLACK
6
CONTINUOUS
10
6.5502841732283459
20
-4.212253858267716
11
6.5502176377952752
21
-4.2123348818897641
0
LINE
8
BLACK
6
CONTINUOUS
10
6.5502176377952752
20
-4.2123348818897641
11
6.5501616929133855
21
-4.212423818897638
0
LINE
8
BLACK
6
CONTINUOUS
10
6.5501616929133855
20
-4.212423818897638
11
6.5501026771653539
21
-4.2124749606299208
0
LINE
8
BLACK
6
CONTINUOUS
10
6.5501026771653539
20
-4.2124749606299208
11
6.5499169291338584
21
-4.2127013385826775
0
LINE
8
BLACK
6
CONTINUOUS
10
6.5499169291338584
20
-4.2127013385826775
11
6.5480422047244096
21
-4.214576102362205
0
LINE
8
BLACK
6
CONTINUOUS
10
6.5480422047244096
20
-4.214576102362205
11
6.5478158267716537
21
-4.2147618503937005
0
LINE
8
BLACK
6
CONTINUOUS
10
6.5478158267716537
20
-4.2147618503937005
11
6.5477646456692913
21
-4.2148209055118109
0
LINE
8
BLACK
6
CONTINUOUS
10
6.5477646456692913
20
-4.2148209055118109
11
6.5476756692913387
21
-4.2148768897637794
0
LINE
8
BLACK
6
CONTINUOUS
10
6.5476756692913387
20
-4.2148768897637794
11
6.547594724409449
21
-4.2149433464566926
0
LINE
8
BLACK
6
CONTINUOUS
10
6.547594724409449
20
-4.2149433464566926
11
6.5475227559055114
21
-4.2149731496062994
0
LINE
8
BLACK
6
CONTINUOUS
10
6.5475227559055114
20
-4.2149731496062994
11
6.5472747637795274
21
-4.215129251968504
0
LINE
8
BLACK
6
CONTINUOUS
10
6.5472747637795274
20
-4.215129251968504
11
6.5435252362204723
21
-4.2170040157480315
0
LINE
8
BLACK
6
CONTINUOUS
10
6.5435252362204723
20
-4.2170040157480315
11
6.5429846062992123
21
-4.217210905511811
0
LINE
8
BLACK
6
CONTINUOUS
10
6.5429846062992123
20
-4.217210905511811
11
6.5428787795275589
21
-4.2172183858267713
0
LINE
8
BLACK
6
CONTINUOUS
10
6.5428787795275589
20
-4.2172183858267713
11
6.5427807874015746
21
-4.2172590157480316
0
LINE
8
BLACK
6
CONTINUOUS
10
6.5427807874015746
20
-4.2172590157480316
11
6.5422047244094488
21
-4.2173157480314956
0
LINE
8
BLACK
6
CONTINUOUS
10
6.5422047244094488
20
-4.2173157480314956
11
6.5384551968503937
21
-4.2173157480314956
0
LINE
8
BLACK
6
CONTINUOUS
10
6.5384551968503937
20
-4.2173157480314956
11
6.5378791338582678
21
-4.2172590157480316
0
LINE
8
BLACK
6
CONTINUOUS
10
6.5378791338582678
20
-4.2172590157480316
11
6.5377811417322835
21
-4.2172184251968501
0
LINE
8
BLACK
6
CONTINUOUS
10
6.5377811417322835
20
-4.2172184251968501
11
6.5376752755905514
21
-4.217210905511811
0
LINE
8
BLACK
6
CONTINUOUS
10
6.5376752755905514
20
-4.217210905511811
11
6.5371346850393701
21
-4.2170040157480315
0
LINE
8
BLACK
6
CONTINUOUS
10
6.5371346850393701
20
-4.2170040157480315
11
6.533385157480315
21
-4.215129251968504
0
LINE
8
BLACK
6
CONTINUOUS
10
6.533385157480315
20
-4.215129251968504
11
6.5331371259842514
21
-4.2149731496062994
0
LINE
8
BLACK
6
CONTINUOUS
10
6.5331371259842514
20
-4.2149731496062994
11
6.5330651968503934
21
-4.2149433464566926
0
LINE
8
BLACK
6
CONTINUOUS
10
6.5330651968503934
20
-4.2149433464566926
11
6.532984212598425
21
-4.2148768897637794
0
LINE
8
BLACK
6
CONTINUOUS
10
6.532984212598425
20
-4.2148768897637794
11
6.5328952755905512
21
-4.2148209055118109
0
LINE
8
BLACK
6
CONTINUOUS
10
6.5328952755905512
20
-4.2148209055118109
11
6.5328440551181099
21
-4.2147618503937005
0
LINE
8
BLACK
6
CONTINUOUS
10
6.5328440551181099
20
-4.2147618503937005
11
6.5326177165354329
21
-4.214576102362205
0
LINE
8
BLACK
6
CONTINUOUS
10
6.5326177165354329
20
-4.214576102362205
11
6.5307429527559053
21
-4.2127012992125987
0
LINE
8
BLACK
6
CONTINUOUS
10
6.5307429527559053
20
-4.2127012992125987
11
6.5305572047244089
21
-4.2124749606299208
0
LINE
8
BLACK
6
CONTINUOUS
10
6.5305572047244089
20
-4.2124749606299208
11
6.5304982283464561
21
-4.212423818897638
0
LINE
8
BLACK
6
CONTINUOUS
10
6.5304982283464561
20
-4.212423818897638
11
6.5304422440944885
21
-4.2123348818897641
0
LINE
8
BLACK
6
CONTINUOUS
10
6.5304422440944885
20
-4.2123348818897641
11
6.5303757480314957
21
-4.212253858267716
0
LINE
8
BLACK
6
CONTINUOUS
10
6.5303757480314957
20
-4.212253858267716
11
6.5303459055118109
21
-4.2121818110236218
0
LINE
8
BLACK
6
CONTINUOUS
10
6.5303459055118109
20
-4.2121818110236218
11
6.5301898818897639
21
-4.2119339370078741
0
LINE
8
BLACK
6
CONTINUOUS
10
6.5301898818897639
20
-4.2119339370078741
11
6.5283151181102363
21
-4.208184409448819
0
LINE
8
BLACK
6
CONTINUOUS
10
6.5283151181102363
20
-4.208184409448819
11
6.5282989763779522
21
-4.208142283464567
0
LINE
8
BLACK
6
CONTINUOUS
10
6.5282989763779522
20
-4.208142283464567
11
6.5282862992125983
21
-4.2081251574803149
0
LINE
8
BLACK
6
CONTINUOUS
10
6.5282862992125983
20
-4.2081251574803149
11
6.528199842519685
21
-4.2078831889763775
0
LINE
8
BLACK
6
CONTINUOUS
10
6.528199842519685
20
-4.2078831889763775
11
6.5281082283464569
21
-4.207643779527559
0
LINE
8
BLACK
6
CONTINUOUS
10
6.5281082283464569
20
-4.207643779527559
11
6.5281066929133855
21
-4.2076225196850396
0
LINE
8
BLACK
6
CONTINUOUS
10
6.5281066929133855
20
-4.2076225196850396
11
6.5280915354330711
21
-4.2075800393700789
0
LINE
8
BLACK
6
CONTINUOUS
10
6.5280915354330711
20
-4.2075800393700789
11
6.5262167716535435
21
-4.2000809842519686
0
LINE
8
BLACK
6
CONTINUOUS
10
6.5262167716535435
20
-4.2000809842519686
11
6.526201968503937
21
-4.1999811023622042
0
LINE
8
BLACK
6
CONTINUOUS
10
6.526201968503937
20
-4.1999811023622042
11
6.5261853543307087
21
-4.1999409055118111
0
LINE
8
BLACK
6
CONTINUOUS
10
6.5261853543307087
20
-4.1999409055118111
11
6.5261639763779522
21
-4.1997238582677161
0
LINE
8
BLACK
6
CONTINUOUS
10
6.5261639763779522
20
-4.1997238582677161
11
6.526132125984252
21
-4.1995083858267712
0
LINE
8
BLACK
6
CONTINUOUS
10
6.526132125984252
20
-4.1995083858267712
11
6.5261385039370081
21
-4.1994653543307088
0
LINE
8
BLACK
6
CONTINUOUS
10
6.5261385039370081
20
-4.1994653543307088
11
6.5261286220472439
21
-4.1993648425196852
0
LINE
8
BLACK
6
CONTINUOUS
10
6.5261286220472439
20
-4.1993648425196852
11
6.5261286220472439
21
-4.1899910236220475
0
LINE
8
BLACK
6
CONTINUOUS
10
6.5261286220472439
20
-4.1899910236220475
11
6.5261385039370081
21
-4.1898904724409451
0
LINE
8
BLACK
6
CONTINUOUS
10
6.5261385039370081
20
-4.1898904724409451
11
6.526132125984252
21
-4.1898474803149606
0
LINE
8
BLACK
6
CONTINUOUS
10
6.526132125984252
20
-4.1898474803149606
11
6.5261639763779522
21
-4.1896319685039369
0
LINE
8
BLACK
6
CONTINUOUS
10
6.5261639763779522
20
-4.1896319685039369
11
6.5261853543307087
21
-4.1894149606299216
0
LINE
8
BLACK
6
CONTINUOUS
10
6.5261853543307087
20
-4.1894149606299216
11
6.526201968503937
21
-4.1893747244094488
0
LINE
8
BLACK
6
CONTINUOUS
10
6.526201968503937
20
-4.1893747244094488
11
6.5262167716535435
21
-4.189274881889764
0
LINE
8
BLACK
6
CONTINUOUS
10
6.5262167716535435
20
-4.189274881889764
11
6.5280915354330711
21
-4.1817758267716538
0
LINE
8
BLACK
6
CONTINUOUS
10
6.5280915354330711
20
-4.1817758267716538
11
6.5281066929133855
21
-4.1817333070866143
0
LINE
8
BLACK
6
CONTINUOUS
10
6.5281066929133855
20
-4.1817333070866143
11
6.5281082283464569
21
-4.1817120866141728
0
LINE
8
BLACK
6
CONTINUOUS
10
6.5281082283464569
20
-4.1817120866141728
11
6.528199842519685
21
-4.1814726377952756
0
LINE
8
BLACK
6
CONTINUOUS
10
6.528199842519685
20
-4.1814726377952756
11
6.5282862992125983
21
-4.1812307086614169
0
LINE
8
BLACK
6
CONTINUOUS
10
6.5282862992125983
20
-4.1812307086614169
11
6.5282989763779522
21
-4.1812135433070869
0
LINE
8
BLACK
6
CONTINUOUS
10
6.5282989763779522
20
-4.1812135433070869
11
6.5283151181102363
21
-4.1811714566929137
0
LINE
8
BLACK
6
CONTINUOUS
10
6.5283151181102363
20
-4.1811714566929137
11
6.5301898818897639
21
-4.1774219291338586
0
LINE
8
BLACK
6
CONTINUOUS
10
6.5301898818897639
20
-4.1774219291338586
11
6.5303459448818897
21
-4.177173897637795
0
LINE
8
BLACK
6
CONTINUOUS
10
6.5303459448818897
20
-4.177173897637795
11
6.5303757874015744
21
-4.177101968503937
0
LINE
8
BLACK
6
CONTINUOUS
10
6.5303757874015744
20
-4.177101968503937
11
6.5304422440944885
21
-4.1770209842519685
0
LINE
8
BLACK
6
CONTINUOUS
10
6.5304422440944885
20
-4.1770209842519685
11
6.5304982283464561
21
-4.1769320472440947
0
LINE
8
BLACK
6
CONTINUOUS
10
6.5304982283464561
20
-4.1769320472440947
11
6.5305572047244089
21
-4.1768808661417323
0
LINE
8
BLACK
6
CONTINUOUS
10
6.5305572047244089
20
-4.1768808661417323
11
6.5307429921259841
21
-4.1766545275590552
0
LINE
8
BLACK
6
CONTINUOUS
10
6.5307429921259841
20
-4.1766545275590552
11
6.5326177559055116
21
-4.1747797637795276
0
LINE
8
BLACK
6
CONTINUOUS
10
6.5326177559055116
20
-4.1747797637795276
11
6.5328440944881887
21
-4.1745939763779525
0
LINE
8
BLACK
6
CONTINUOUS
10
6.5328440944881887
20
-4.1745939763779525
11
6.5328952755905512
21
-4.1745349999999997
0
LINE
8
BLACK
6
CONTINUOUS
10
6.5328952755905512
20
-4.1745349999999997
11
6.532984212598425
21
-4.1744790157480312
0
LINE
8
BLACK
6
CONTINUOUS
10
6.532984212598425
20
-4.1744790157480312
11
6.5330651968503934
21
-4.174412559055118
0
LINE
8
BLACK
6
CONTINUOUS
10
6.5330651968503934
20
-4.174412559055118
11
6.5331371259842514
21
-4.1743827165354332
0
LINE
8
BLACK
6
CONTINUOUS
10
6.5331371259842514
20
-4.1743827165354332
11
6.533385157480315
21
-4.1742266535433066
0
LINE
8
BLACK
6
CONTINUOUS
10
6.533385157480315
20
-4.1742266535433066
11
6.5371346850393701
21
-4.172351889763779
0
LINE
8
BLACK
6
CONTINUOUS
10
6.5371346850393701
20
-4.172351889763779
11
6.5376752755905514
21
-4.1721449999999995
0
LINE
8
BLACK
6
CONTINUOUS
10
6.5376752755905514
20
-4.1721449999999995
11
6.5377811417322835
21
-4.1721374409448817
0
LINE
8
BLACK
6
CONTINUOUS
10
6.5377811417322835
20
-4.1721374409448817
11
6.5378791338582678
21
-4.1720968897637798
0
LINE
8
BLACK
6
CONTINUOUS
10
6.5378791338582678
20
-4.1720968897637798
11
6.5384551968503937
21
-4.172040157480315
0
LINE
8
BLACK
6
CONTINUOUS
10
6.5384551968503937
20
-4.172040157480315
11
6.5422047244094488
21
-4.172040157480315
0
LINE
8
BLACK
6
CONTINUOUS
10
6.5422047244094488
20
-4.172040157480315
11
6.5427807874015746
21
-4.1720968897637798
0
LINE
8
BLACK
6
CONTINUOUS
10
6.5364547637795276
20
-4.1792944094488185
11
6.5352576377952758
21
-4.1804915354330712
0
LINE
8
BLACK
6
CONTINUOUS
10
6.5352576377952758
20
-4.1804915354330712
11
6.5337421259842516
21
-4.183522519685039
0
LINE
8
BLACK
6
CONTINUOUS
10
6.5337421259842516
20
-4.183522519685039
11
6.5320341338582679
21
-4.190354566929134
0
LINE
8
BLACK
6
CONTINUOUS
10
6.5320341338582679
20
-4.190354566929134
11
6.5320341338582679
21
-4.1990012992125987
0
LINE
8
BLACK
6
CONTINUOUS
10
6.5320341338582679
20
-4.1990012992125987
11
6.5337421259842516
21
-4.2058333464566928
0
LINE
8
BLACK
6
CONTINUOUS
10
6.5337421259842516
20
-4.2058333464566928
11
6.5352576377952758
21
-4.2088643307086615
0
LINE
8
BLACK
6
CONTINUOUS
10
6.5352576377952758
20
-4.2088643307086615
11
6.5364547637795276
21
-4.2100614960629921
0
LINE
8
BLACK
6
CONTINUOUS
10
6.5364547637795276
20
-4.2100614960629921
11
6.5391522440944883
21
-4.2114102362204724
0
LINE
8
BLACK
6
CONTINUOUS
10
6.5391522440944883
20
-4.2114102362204724
11
6.5415076771653542
21
-4.2114102362204724
0
LINE
8
BLACK
6
CONTINUOUS
10
6.5415076771653542
20
-4.2114102362204724
11
6.5442051181102361
21
-4.2100614960629921
0
LINE
8
BLACK
6
CONTINUOUS
10
6.5442051181102361
20
-4.2100614960629921
11
6.5454022440944879
21
-4.2088643307086615
0
LINE
8
BLACK
6
CONTINUOUS
10
6.5454022440944879
20
-4.2088643307086615
11
6.5469177559055121
21
-4.2058333464566928
0
LINE
8
BLACK
6
CONTINUOUS
10
6.5469177559055121
20
-4.2058333464566928
11
6.5486257874015745
21
-4.1990012992125987
0
LINE
8
BLACK
6
CONTINUOUS
10
6.5486257874015745
20
-4.1990012992125987
11
6.5486257874015745
21
-4.190354566929134
0
LINE
8
BLACK
6
CONTINUOUS
10
6.5486257874015745
20
-4.190354566929134
11
6.5469177559055121
21
-4.183522519685039
0
LINE
8
BLACK
6
CONTINUOUS
10
6.5469177559055121
20
-4.183522519685039
11
6.5454022834645667
21
-4.1804915354330712
0
LINE
8
BLACK
6
CONTINUOUS
10
6.5454022834645667
20
-4.1804915354330712
11
6.5442051574803148
21
-4.1792944094488185
0
LINE
8
BLACK
6
CONTINUOUS
10
6.5442051574803148
20
-4.1792944094488185
11
6.5415076771653542
21
-4.1779456692913381
0
LINE
8
BLACK
6
CONTINUOUS
10
6.5415076771653542
20
-4.1779456692913381
11
6.5391522440944883
21
-4.1779456692913381
0
LINE
8
BLACK
6
CONTINUOUS
10
6.5391522440944883
20
-4.1779456692913381
11
6.5364547637795276
21
-4.1792944094488185
0
LINE
8
BLACK
6
CONTINUOUS
10
6.6196461811023619
20
-4.1720968897637798
11
6.6197441732283462
21
-4.1721374803149605
0
LINE
8
BLACK
6
CONTINUOUS
10
6.6197441732283462
20
-4.1721374803149605
11
6.6198499999999996
21
-4.1721449999999995
0
LINE
8
BLACK
6
CONTINUOUS
10
6.6198499999999996
20
-4.1721449999999995
11
6.6203906299212596
21
-4.172351889763779
0
LINE
8
BLACK
6
CONTINUOUS
10
6.6203906299212596
20
-4.172351889763779
11
6.6241401574803147
21
-4.1742266535433066
0
LINE
8
BLACK
6
CONTINUOUS
10
6.6241401574803147
20
-4.1742266535433066
11
6.6243881496062986
21
-4.1743827165354332
0
LINE
8
BLACK
6
CONTINUOUS
10
6.6243881496062986
20
-4.1743827165354332
11
6.6244601181102363
21
-4.174412559055118
0
LINE
8
BLACK
6
CONTINUOUS
10
6.6244601181102363
20
-4.174412559055118
11
6.624541062992126
21
-4.1744790157480312
0
LINE
8
BLACK
6
CONTINUOUS
10
6.624541062992126
20
-4.1744790157480312
11
6.6246300393700785
21
-4.1745349999999997
0
LINE
8
BLACK
6
CONTINUOUS
10
6.6246300393700785
20
-4.1745349999999997
11
6.6246811811023623
21
-4.1745939763779525
0
LINE
8
BLACK
6
CONTINUOUS
10
6.6246811811023623
20
-4.1745939763779525
11
6.6249075590551181
21
-4.1747797637795276
0
LINE
8
BLACK
6
CONTINUOUS
10
6.6249075590551181
20
-4.1747797637795276
11
6.6267823228346456
21
-4.1766545275590552
0
LINE
8
BLACK
6
CONTINUOUS
10
6.6267823228346456
20
-4.1766545275590552
11
6.6269680708661411
21
-4.1768808661417323
0
LINE
8
BLACK
6
CONTINUOUS
10
6.6269680708661411
20
-4.1768808661417323
11
6.6270270866141727
21
-4.1769320472440947
0
LINE
8
BLACK
6
CONTINUOUS
10
6.6270270866141727
20
-4.1769320472440947
11
6.6270830314960625
21
-4.1770209842519685
0
LINE
8
BLACK
6
CONTINUOUS
10
6.6270830314960625
20
-4.1770209842519685
11
6.6271495275590553
21
-4.177101968503937
0
LINE
8
BLACK
6
CONTINUOUS
10
6.6271495275590553
20
-4.177101968503937
11
6.6271793307086613
21
-4.177173897637795
0
LINE
8
BLACK
6
CONTINUOUS
10
6.6271793307086613
20
-4.177173897637795
11
6.6273354330708658
21
-4.1774219291338586
0
LINE
8
BLACK
6
CONTINUOUS
10
6.6273354330708658
20
-4.1774219291338586
11
6.6292101968503934
21
-4.1811714566929137
0
LINE
8
BLACK
6
CONTINUOUS
10
6.6292101968503934
20
-4.1811714566929137
11
6.6294170866141728
21
-4.1817120472440941
0
LINE
8
BLACK
6
CONTINUOUS
10
6.6294170866141728
20
-4.1817120472440941
11
6.6294246062992128
21
-4.1818179133858271
0
LINE
8
BLACK
6
CONTINUOUS
10
6.6294246062992128
20
-4.1818179133858271
11
6.6294651968503935
21
-4.1819159055118114
0
LINE
8
BLACK
6
CONTINUOUS
10
6.6294651968503935
20
-4.1819159055118114
11
6.6295219291338583
21
-4.1824919685039372
0
LINE
8
BLACK
6
CONTINUOUS
10
6.6295219291338583
20
-4.1824919685039372
11
6.6295219291338583
21
-4.1862414960629923
0
LINE
8
BLACK
6
CONTINUOUS
10
6.6295219291338583
20
-4.1862414960629923
11
6.6294651968503935
21
-4.1868175590551182
0
LINE
8
BLACK
6
CONTINUOUS
10
6.6294651968503935
20
-4.1868175590551182
11
6.6294246062992128
21
-4.1869155118110237
0
LINE
8
BLACK
6
CONTINUOUS
10
6.6294246062992128
20
-4.1869155118110237
11
6.6294170866141728
21
-4.1870214173228346
0
LINE
8
BLACK
6
CONTINUOUS
10
6.6294170866141728
20
-4.1870214173228346
11
6.6292101968503934
21
-4.1875620078740159
0
LINE
8
BLACK
6
CONTINUOUS
10
6.6292101968503934
20
-4.1875620078740159
11
6.6273354330708658
21
-4.191311535433071
0
LINE
8
BLACK
6
CONTINUOUS
10
6.6273354330708658
20
-4.191311535433071
11
6.6271793307086613
21
-4.1915595275590549
0
LINE
8
BLACK
6
CONTINUOUS
10
6.6271793307086613
20
-4.1915595275590549
11
6.6271495275590553
21
-4.1916314960629917
0
LINE
8
BLACK
6
CONTINUOUS
10
6.6271495275590553
20
-4.1916314960629917
11
6.6270830314960625
21
-4.1917124409448814
0
LINE
8
BLACK
6
CONTINUOUS
10
6.6270830314960625
20
-4.1917124409448814
11
6.6270270866141727
21
-4.1918014173228348
0
LINE
8
BLACK
6
CONTINUOUS
10
6.6270270866141727
20
-4.1918014173228348
11
6.6269680708661411
21
-4.1918525590551177
0
LINE
8
BLACK
6
CONTINUOUS
10
6.6269680708661411
20
-4.1918525590551177
11
6.6267823228346456
21
-4.1920789370078735
0
LINE
8
BLACK
6
CONTINUOUS
10
6.6267823228346456
20
-4.1920789370078735
11
6.6259177952755905
21
-4.1929434251968507
0
LINE
8
BLACK
6
CONTINUOUS
10
6.6259177952755905
20
-4.1929434251968507
11
6.6261566929133853
21
-4.193050078740157
0
LINE
8
BLACK
6
CONTINUOUS
10
6.6261566929133853
20
-4.193050078740157
11
6.6262368110236221
21
-4.1931195669291341
0
LINE
8
BLACK
6
CONTINUOUS
10
6.6262368110236221
20
-4.1931195669291341
11
6.6263348818897638
21
-4.1931601968503935
0
LINE
8
BLACK
6
CONTINUOUS
10
6.6263348818897638
20
-4.1931601968503935
11
6.6267823228346456
21
-4.1935274015748032
0
LINE
8
BLACK
6
CONTINUOUS
10
6.6267823228346456
20
-4.1935274015748032
11
6.6286570866141732
21
-4.1954021653543307
0
LINE
8
BLACK
6
CONTINUOUS
10
6.6286570866141732
20
-4.1954021653543307
11
6.6288428346456687
21
-4.1956285039370078
0
LINE
8
BLACK
6
CONTINUOUS
10
6.6288428346456687
20
-4.1956285039370078
11
6.6289018503937003
21
-4.1956796850393703
0
LINE
8
BLACK
6
CONTINUOUS
10
6.6289018503937003
20
-4.1956796850393703
11
6.62895779527559
21
-4.1957686220472441
0
LINE
8
BLACK
6
CONTINUOUS
10
6.62895779527559
20
-4.1957686220472441
11
6.6290242913385828
21
-4.1958496062992126
0
LINE
8
BLACK
6
CONTINUOUS
10
6.6290242913385828
20
-4.1958496062992126
11
6.6290540944881888
21
-4.1959215354330706
0
LINE
8
BLACK
6
CONTINUOUS
10
6.6290540944881888
20
-4.1959215354330706
11
6.6292101968503934
21
-4.1961695669291341
0
LINE
8
BLACK
6
CONTINUOUS
10
6.6292101968503934
20
-4.1961695669291341
11
6.6310849606299209
21
-4.1999190944881892
0
LINE
8
BLACK
6
CONTINUOUS
10
6.6310849606299209
20
-4.1999190944881892
11
6.6312918503937004
21
-4.2004596850393696
0
LINE
8
BLACK
6
CONTINUOUS
10
6.6312918503937004
20
-4.2004596850393696
11
6.6312993700787404
21
-4.2005655511811026
0
LINE
8
BLACK
6
CONTINUOUS
10
6.6312993700787404
20
-4.2005655511811026
11
6.631339960629921
21
-4.2006635433070869
0
LINE
8
BLACK
6
CONTINUOUS
10
6.631339960629921
20
-4.2006635433070869
11
6.6313966929133858
21
-4.2012396062992128
0
LINE
8
BLACK
6
CONTINUOUS
10
6.6313966929133858
20
-4.2012396062992128
11
6.6313966929133858
21
-4.2068638976377954
0
LINE
8
BLACK
6
CONTINUOUS
10
6.6313966929133858
20
-4.2068638976377954
11
6.631339960629921
21
-4.2074399606299213
0
LINE
8
BLACK
6
CONTINUOUS
10
6.631339960629921
20
-4.2074399606299213
11
6.6312993700787404
21
-4.2075379133858268
0
LINE
8
BLACK
6
CONTINUOUS
10
6.6312993700787404
20
-4.2075379133858268
11
6.6312918503937004
21
-4.2076438188976377
0
LINE
8
BLACK
6
CONTINUOUS
10
6.6312918503937004
20
-4.2076438188976377
11
6.6310849606299209
21
-4.208184409448819
0
LINE
8
BLACK
6
CONTINUOUS
10
6.6310849606299209
20
-4.208184409448819
11
6.6292101968503934
21
-4.2119339370078741
0
LINE
8
BLACK
6
CONTINUOUS
10
6.6292101968503934
20
-4.2119339370078741
11
6.6290541338582676
21
-4.2121818110236218
0
LINE
8
BLACK
6
CONTINUOUS
10
6.6290541338582676
20
-4.2121818110236218
11
6.6290243307086616
21
-4.212253858267716
0
LINE
8
BLACK
6
CONTINUOUS
10
6.6290243307086616
20
-4.212253858267716
11
6.62895779527559
21
-4.2123348818897641
0
LINE
8
BLACK
6
CONTINUOUS
10
6.62895779527559
20
-4.2123348818897641
11
6.6289018503937003
21
-4.212423818897638
0
LINE
8
BLACK
6
CONTINUOUS
10
6.6289018503937003
20
-4.212423818897638
11
6.6288428346456687
21
-4.2124749606299208
0
LINE
8
BLACK
6
CONTINUOUS
10
6.6288428346456687
20
-4.2124749606299208
11
6.6286570866141732
21
-4.2127013385826775
0
LINE
8
BLACK
6
CONTINUOUS
10
6.6286570866141732
20
-4.2127013385826775
11
6.6267823622047244
21
-4.214576102362205
0
LINE
8
BLACK
6
CONTINUOUS
10
6.6267823622047244
20
-4.214576102362205
11
6.6265559842519686
21
-4.2147618503937005
0
LINE
8
BLACK
6
CONTINUOUS
10
6.6265559842519686
20
-4.2147618503937005
11
6.6265048031496061
21
-4.2148209055118109
0
LINE
8
BLACK
6
CONTINUOUS
10
6.6265048031496061
20
-4.2148209055118109
11
6.6264158267716535
21
-4.2148768897637794
0
LINE
8
BLACK
6
CONTINUOUS
10
6.6264158267716535
20
-4.2148768897637794
11
6.6263348818897638
21
-4.2149433464566926
0
LINE
8
BLACK
6
CONTINUOUS
10
6.6263348818897638
20
-4.2149433464566926
11
6.6262629133858262
21
-4.2149731496062994
0
LINE
8
BLACK
6
CONTINUOUS
10
6.6262629133858262
20
-4.2149731496062994
11
6.6260149212598423
21
-4.215129251968504
0
LINE
8
BLACK
6
CONTINUOUS
10
6.6260149212598423
20
-4.215129251968504
11
6.6222653937007872
21
-4.2170040157480315
0
LINE
8
BLACK
6
CONTINUOUS
10
6.6222653937007872
20
-4.2170040157480315
11
6.6217247637795271
21
-4.217210905511811
0
LINE
8
BLACK
6
CONTINUOUS
10
6.6217247637795271
20
-4.217210905511811
11
6.6216189370078737
21
-4.2172183858267713
0
LINE
8
BLACK
6
CONTINUOUS
10
6.6216189370078737
20
-4.2172183858267713
11
6.6215209448818895
21
-4.2172590157480316
0
LINE
8
BLACK
6
CONTINUOUS
10
6.6215209448818895
20
-4.2172590157480316
11
6.6209448818897636
21
-4.2173157480314956
0
LINE
8
BLACK
6
CONTINUOUS
10
6.6209448818897636
20
-4.2173157480314956
11
6.6059467716535432
21
-4.2173157480314956
0
LINE
8
BLACK
6
CONTINUOUS
10
6.6059467716535432
20
-4.2173157480314956
11
6.6053707086614173
21
-4.2172590157480316
0
LINE
8
BLACK
6
CONTINUOUS
10
6.6053707086614173
20
-4.2172590157480316
11
6.604306299212598
21
-4.2168181102362201
0
LINE
8
BLACK
6
CONTINUOUS
10
6.604306299212598
20
-4.2168181102362201
11
6.6034916535433066
21
-4.2160034645669286
0
LINE
8
BLACK
6
CONTINUOUS
10
6.6034916535433066
20
-4.2160034645669286
11
6.6030507480314959
21
-4.2149390551181103
0
LINE
8
BLACK
6
CONTINUOUS
10
6.6030507480314959
20
-4.2149390551181103
11
6.6029940157480311
21
-4.2143629921259844
0
LINE
8
BLACK
6
CONTINUOUS
10
6.6029940157480311
20
-4.2143629921259844
11
6.6029940157480311
21
-4.174992913385827
0
LINE
8
BLACK
6
CONTINUOUS
10
6.6029940157480311
20
-4.174992913385827
11
6.6030507480314959
21
-4.1744168503937003
0
LINE
8
BLACK
6
CONTINUOUS
10
6.6030507480314959
20
-4.1744168503937003
11
6.6034916535433066
21
-4.1733524409448819
0
LINE
8
BLACK
6
CONTINUOUS
10
6.6034916535433066
20
-4.1733524409448819
11
6.604306299212598
21
-4.1725377952755904
0
LINE
8
BLACK
6
CONTINUOUS
10
6.604306299212598
20
-4.1725377952755904
11
6.6053707086614173
21
-4.1720968897637798
0
LINE
8
BLACK
6
CONTINUOUS
10
6.6053707086614173
20
-4.1720968897637798
11
6.6059467716535432
21
-4.172040157480315
0
LINE
8
BLACK
6
CONTINUOUS
10
6.6059467716535432
20
-4.172040157480315
11
6.619070118110236
21
-4.172040157480315
0
LINE
8
BLACK
6
CONTINUOUS
10
6.619070118110236
20
-4.172040157480315
11
6.6196461811023619
21
-4.1720968897637798
0
LINE
8
BLACK
6
CONTINUOUS
10
6.6088995275590552
20
-4.2114102362204724
11
6.620247834645669
21
-4.2114102362204724
0
LINE
8
BLACK
6
CONTINUOUS
10
6.620247834645669
20
-4.2114102362204724
11
6.6229452755905509
21
-4.2100614960629921
0
LINE
8
BLACK
6
CONTINUOUS
10
6.6229452755905509
20
-4.2100614960629921
11
6.6241424015748027
21
-4.2088643307086615
0
LINE
8
BLACK
6
CONTINUOUS
10
6.6241424015748027
20
-4.2088643307086615
11
6.6254911811023618
21
-4.2061668503937009
0
LINE
8
BLACK
6
CONTINUOUS
10
6.6254911811023618
20
-4.2061668503937009
11
6.6254911811023618
21
-4.2019366535433074
0
LINE
8
BLACK
6
CONTINUOUS
10
6.6254911811023618
20
-4.2019366535433074
11
6.6241424409448815
21
-4.1992391732283467
0
LINE
8
BLACK
6
CONTINUOUS
10
6.6241424409448815
20
-4.1992391732283467
11
6.6230993700787399
21
-4.1981961023622043
0
LINE
8
BLACK
6
CONTINUOUS
10
6.6230993700787399
20
-4.1981961023622043
11
6.6185909842519681
21
-4.1966933070866137
0
LINE
8
BLACK
6
CONTINUOUS
10
6.6185909842519681
20
-4.1966933070866137
11
6.6088995275590552
21
-4.1966933070866137
0
LINE
8
BLACK
6
CONTINUOUS
10
6.6088995275590552
20
-4.1966933070866137
11
6.6088995275590552
21
-4.2114102362204724
0
LINE
8
BLACK
6
CONTINUOUS
10
6.6088995275590552
20
-4.1907877952755905
11
6.6183730708661415
21
-4.1907877952755905
0
LINE
8
BLACK
6
CONTINUOUS
10
6.6183730708661415
20
-4.1907877952755905
11
6.6210705511811021
21
-4.1894390551181102
0
LINE
8
BLACK
6
CONTINUOUS
10
6.6210705511811021
20
-4.1894390551181102
11
6.6222676771653539
21
-4.1882419291338584
0
LINE
8
BLACK
6
CONTINUOUS
10
6.6222676771653539
20
-4.1882419291338584
11
6.6236164173228342
21
-4.1855444488188978
0
LINE
8
BLACK
6
CONTINUOUS
10
6.6236164173228342
20
-4.1855444488188978
11
6.6236164173228342
21
-4.1831890157480318
0
LINE
8
BLACK
6
CONTINUOUS
10
6.6236164173228342
20
-4.1831890157480318
11
6.6222676771653539
21
-4.1804915354330712
0
LINE
8
BLACK
6
CONTINUOUS
10
6.6222676771653539
20
-4.1804915354330712
11
6.6210705511811021
21
-4.1792944094488185
0
LINE
8
BLACK
6
CONTINUOUS
10
6.6210705511811021
20
-4.1792944094488185
11
6.6183730708661415
21
-4.1779456692913381
0
LINE
8
BLACK
6
CONTINUOUS
10
6.6183730708661415
20
-4.1779456692913381
11
6.6088995275590552
21
-4.1779456692913381
0
LINE
8
BLACK
6
CONTINUOUS
10
6.6088995275590552
20
-4.1779456692913381
11
6.6088995275590552
21
-4.1907877952755905
0
LINE
8
BLACK
6
CONTINUOUS
10
6.7115096850393696
20
-4.1720968897637798
11
6.7116076771653539
21
-4.1721374803149605
0
LINE
8
BLACK
6
CONTINUOUS
10
6.7116076771653539
20
-4.1721374803149605
11
6.7117135039370082
21
-4.1721449999999995
0
LINE
8
BLACK
6
CONTINUOUS
10
6.7117135039370082
20
-4.1721449999999995
11
6.7122541338582673
21
-4.172351889763779
0
LINE
8
BLACK
6
CONTINUOUS
10
6.7122541338582673
20
-4.172351889763779
11
6.7160036614173224
21
-4.1742266535433066
0
LINE
8
BLACK
6
CONTINUOUS
10
6.7160036614173224
20
-4.1742266535433066
11
6.7164935433070863
21
-4.1745349999999997
0
LINE
8
BLACK
6
CONTINUOUS
10
6.7164935433070863
20
-4.1745349999999997
11
6.7172483858267711
21
-4.1754053937007871
0
LINE
8
BLACK
6
CONTINUOUS
10
6.7172483858267711
20
-4.1754053937007871
11
6.7176127165354327
21
-4.1764983464566932
0
LINE
8
BLACK
6
CONTINUOUS
10
6.7176127165354327
20
-4.1764983464566932
11
6.7175310629921254
21
-4.1776475590551181
0
LINE
8
BLACK
6
CONTINUOUS
10
6.7175310629921254
20
-4.1776475590551181
11
6.717015787401575
21
-4.178678070866142
0
LINE
8
BLACK
6
CONTINUOUS
10
6.717015787401575
20
-4.178678070866142
11
6.7161454330708663
21
-4.1794329133858268
0
LINE
8
BLACK
6
CONTINUOUS
10
6.7161454330708663
20
-4.1794329133858268
11
6.7150524409448815
21
-4.1797972440944884
0
LINE
8
BLACK
6
CONTINUOUS
10
6.7150524409448815
20
-4.1797972440944884
11
6.7139032283464566
21
-4.1797155905511811
0
LINE
8
BLACK
6
CONTINUOUS
10
6.7139032283464566
20
-4.1797155905511811
11
6.7133626377952753
21
-4.1795087007874017
0
LINE
8
BLACK
6
CONTINUOUS
10
6.7133626377952753
20
-4.1795087007874017
11
6.7102365748031492
21
-4.1779456692913381
0
LINE
8
BLACK
6
CONTINUOUS
10
6.7102365748031492
20
-4.1779456692913381
11
6.705788464566929
21
-4.1779456692913381
0
LINE
8
BLACK
6
CONTINUOUS
10
6.705788464566929
20
-4.1779456692913381
11
6.7012800787401572
21
-4.1794484645669288
0
LINE
8
BLACK
6
CONTINUOUS
10
6.7012800787401572
20
-4.1794484645669288
11
6.6983622440944881
21
-4.1823662992125987
0
LINE
8
BLACK
6
CONTINUOUS
10
6.6983622440944881
20
-4.1823662992125987
11
6.6968467322834648
21
-4.1853972834645665
0
LINE
8
BLACK
6
CONTINUOUS
10
6.6968467322834648
20
-4.1853972834645665
11
6.6951387401574802
21
-4.1922293307086615
0
LINE
8
BLACK
6
CONTINUOUS
10
6.6951387401574802
20
-4.1922293307086615
11
6.6951387401574802
21
-4.1971265354330711
0
LINE
8
BLACK
6
CONTINUOUS
10
6.6951387401574802
20
-4.1971265354330711
11
6.6968467322834648
21
-4.2039585826771653
0
LINE
8
BLACK
6
CONTINUOUS
10
6.6968467322834648
20
-4.2039585826771653
11
6.6983622440944881
21
-4.206989566929134
0
LINE
8
BLACK
6
CONTINUOUS
10
6.6983622440944881
20
-4.206989566929134
11
6.7012800787401572
21
-4.2099074409448818
0
LINE
8
BLACK
6
CONTINUOUS
10
6.7012800787401572
20
-4.2099074409448818
11
6.705788464566929
21
-4.2114102362204724
0
LINE
8
BLACK
6
CONTINUOUS
10
6.705788464566929
20
-4.2114102362204724
11
6.7085797244094483
21
-4.2114102362204724
0
LINE
8
BLACK
6
CONTINUOUS
10
6.7085797244094483
20
-4.2114102362204724
11
6.7130881102362201
21
-4.209907401574803
0
LINE
8
BLACK
6
CONTINUOUS
10
6.7130881102362201
20
-4.209907401574803
11
6.7136051574803144
21
-4.2093903543307087
0
LINE
8
BLACK
6
CONTINUOUS
10
6.7136051574803144
20
-4.2093903543307087
11
6.7136051574803144
21
-4.2004428346456688
0
LINE
8
BLACK
6
CONTINUOUS
10
6.7136051574803144
20
-4.2004428346456688
11
6.7090588582677162
21
-4.2004428346456688
0
LINE
8
BLACK
6
CONTINUOUS
10
6.7090588582677162
20
-4.2004428346456688
11
6.7084827952755903
21
-4.2003861023622049
0
LINE
8
BLACK
6
CONTINUOUS
10
6.7084827952755903
20
-4.2003861023622049
11
6.7074183858267711
21
-4.1999451968503934
0
LINE
8
BLACK
6
CONTINUOUS
10
6.7074183858267711
20
-4.1999451968503934
11
6.7066037401574805
21
-4.1991305511811019
0
LINE
8
BLACK
6
CONTINUOUS
10
6.7066037401574805
20
-4.1991305511811019
11
6.706162834645669
21
-4.1980661417322835
0
LINE
8
BLACK
6
CONTINUOUS
10
6.706162834645669
20
-4.1980661417322835
11
6.706162834645669
21
-4.1969140157480318
0
LINE
8
BLACK
6
CONTINUOUS
10
6.706162834645669
20
-4.1969140157480318
11
6.7066037401574805
21
-4.1958496062992126
0
LINE
8
BLACK
6
CONTINUOUS
10
6.7066037401574805
20
-4.1958496062992126
11
6.7074183858267711
21
-4.1950349606299211
0
LINE
8
BLACK
6
CONTINUOUS
10
6.7074183858267711
20
-4.1950349606299211
11
6.7084827952755903
21
-4.1945940551181105
0
LINE
8
BLACK
6
CONTINUOUS
10
6.7084827952755903
20
-4.1945940551181105
11
6.7090588582677162
21
-4.1945373228346456
0
LINE
8
BLACK
6
CONTINUOUS
10
6.7090588582677162
20
-4.1945373228346456
11
6.7165579133858264
21
-4.1945373228346456
0
LINE
8
BLACK
6
CONTINUOUS
10
6.7165579133858264
20
-4.1945373228346456
11
6.7171339763779523
21
-4.1945940551181105
0
LINE
8
BLACK
6
CONTINUOUS
10
6.7171339763779523
20
-4.1945940551181105
11
6.7181983858267715
21
-4.1950349606299211
0
LINE
8
BLACK
6
CONTINUOUS
10
6.7181983858267715
20
-4.1950349606299211
11
6.719013031496063
21
-4.1958496062992126
0
LINE
8
BLACK
6
CONTINUOUS
10
6.719013031496063
20
-4.1958496062992126
11
6.7194539370078736
21
-4.1969140157480318
0
LINE
8
BLACK
6
CONTINUOUS
10
6.7194539370078736
20
-4.1969140157480318
11
6.7195106692913384
21
-4.1974900787401577
0
LINE
8
BLACK
6
CONTINUOUS
10
6.7195106692913384
20
-4.1974900787401577
11
6.7195106692913384
21
-4.2106134251968506
0
LINE
8
BLACK
6
CONTINUOUS
10
6.7195106692913384
20
-4.2106134251968506
11
6.7194539370078736
21
-4.2111894881889764
0
LINE
8
BLACK
6
CONTINUOUS
10
6.7194539370078736
20
-4.2111894881889764
11
6.7192997244094483
21
-4.2115617716535434
0
LINE
8
BLACK
6
CONTINUOUS
10
6.7192997244094483
20
-4.2115617716535434
11
6.7190130708661417
21
-4.212253858267716
0
LINE
8
BLACK
6
CONTINUOUS
10
6.7190130708661417
20
-4.212253858267716
11
6.7186458267716533
21
-4.2127013385826775
0
LINE
8
BLACK
6
CONTINUOUS
10
6.7186458267716533
20
-4.2127013385826775
11
6.7167711023622045
21
-4.214576102362205
0
LINE
8
BLACK
6
CONTINUOUS
10
6.7167711023622045
20
-4.214576102362205
11
6.716323622047244
21
-4.2149433464566926
0
LINE
8
BLACK
6
CONTINUOUS
10
6.716323622047244
20
-4.2149433464566926
11
6.7162255511811022
21
-4.2149839370078741
0
LINE
8
BLACK
6
CONTINUOUS
10
6.7162255511811022
20
-4.2149839370078741
11
6.7161454330708663
21
-4.2150534645669291
0
LINE
8
BLACK
6
CONTINUOUS
10
6.7161454330708663
20
-4.2150534645669291
11
6.7156168897637798
21
-4.2152894488188979
0
LINE
8
BLACK
6
CONTINUOUS
10
6.7156168897637798
20
-4.2152894488188979
11
6.7099925984251971
21
-4.2171642125984254
0
LINE
8
BLACK
6
CONTINUOUS
10
6.7099925984251971
20
-4.2171642125984254
11
6.709707007874016
21
-4.2172291338582673
0
LINE
8
BLACK
6
CONTINUOUS
10
6.709707007874016
20
-4.2172291338582673
11
6.7096349212598421
21
-4.2172590157480316
0
LINE
8
BLACK
6
CONTINUOUS
10
6.7096349212598421
20
-4.2172590157480316
11
6.7095303937007875
21
-4.2172692913385825
0
LINE
8
BLACK
6
CONTINUOUS
10
6.7095303937007875
20
-4.2172692913385825
11
6.7094281496062989
21
-4.2172925590551182
0
LINE
8
BLACK
6
CONTINUOUS
10
6.7094281496062989
20
-4.2172925590551182
11
6.7093503937007872
21
-4.2172870078740159
0
LINE
8
BLACK
6
CONTINUOUS
10
6.7093503937007872
20
-4.2172870078740159
11
6.7090588582677162
21
-4.2173157480314956
0
LINE
8
BLACK
6
CONTINUOUS
10
6.7090588582677162
20
-4.2173157480314956
11
6.7053093307086611
21
-4.2173157480314956
0
LINE
8
BLACK
6
CONTINUOUS
10
6.7053093307086611
20
-4.2173157480314956
11
6.7050177165354325
21
-4.2172870078740159
0
LINE
8
BLACK
6
CONTINUOUS
10
6.7050177165354325
20
-4.2172870078740159
11
6.7049399999999997
21
-4.2172925590551182
0
LINE
8
BLACK
6
CONTINUOUS
10
6.7049399999999997
20
-4.2172925590551182
11
6.7048377165354331
21
-4.2172692913385825
0
LINE
8
BLACK
6
CONTINUOUS
10
6.7048377165354331
20
-4.2172692913385825
11
6.7047332677165352
21
-4.2172590157480316
0
LINE
8
BLACK
6
CONTINUOUS
10
6.7047332677165352
20
-4.2172590157480316
11
6.7046611811023622
21
-4.2172291338582673
0
LINE
8
BLACK
6
CONTINUOUS
10
6.7046611811023622
20
-4.2172291338582673
11
6.7043755511811023
21
-4.2171642125984254
0
LINE
8
BLACK
6
CONTINUOUS
10
6.7043755511811023
20
-4.2171642125984254
11
6.6987512992125984
21
-4.2152894488188979
0
LINE
8
BLACK
6
CONTINUOUS
10
6.6987512992125984
20
-4.2152894488188979
11
6.6982227165354331
21
-4.2150534645669291
0
LINE
8
BLACK
6
CONTINUOUS
10
6.6982227165354331
20
-4.2150534645669291
11
6.6981425984251963
21
-4.2149839763779529
0
LINE
8
BLACK
6
CONTINUOUS
10
6.6981425984251963
20
-4.2149839763779529
11
6.6980445669291333
21
-4.2149433858267713
0
LINE
8
BLACK
6
CONTINUOUS
10
6.6980445669291333
20
-4.2149433858267713
11
6.6975971259842515
21
-4.2145761417322838
0
LINE
8
BLACK
6
CONTINUOUS
10
6.6975971259842515
20
-4.2145761417322838
11
6.6938475984251964
21
-4.2108265748031499
0
LINE
8
BLACK
6
CONTINUOUS
10
6.6938475984251964
20
-4.2108265748031499
11
6.6936618110236221
21
-4.2106001968503932
0
LINE
8
BLACK
6
CONTINUOUS
10
6.6936618110236221
20
-4.2106001968503932
11
6.6936028346456693
21
-4.2105490551181104
0
LINE
8
BLACK
6
CONTINUOUS
10
6.6936028346456693
20
-4.2105490551181104
11
6.6935468503937008
21
-4.2104601181102357
0
LINE
8
BLACK
6
CONTINUOUS
10
6.6935468503937008
20
-4.2104601181102357
11
6.6934803543307089
21
-4.2103790944881885
0
LINE
8
BLACK
6
CONTINUOUS
10
6.6934803543307089
20
-4.2103790944881885
11
6.6934505118110232
21
-4.2103070472440942
0
LINE
8
BLACK
6
CONTINUOUS
10
6.6934505118110232
20
-4.2103070472440942
11
6.6932944881889762
21
-4.2100591732283466
0
LINE
8
BLACK
6
CONTINUOUS
10
6.6932944881889762
20
-4.2100591732283466
11
6.6914197244094487
21
-4.2063096456692914
0
LINE
8
BLACK
6
CONTINUOUS
10
6.6914197244094487
20
-4.2063096456692914
11
6.6914035826771654
21
-4.2062675196850394
0
LINE
8
BLACK
6
CONTINUOUS
10
6.6914035826771654
20
-4.2062675196850394
11
6.6913909055118106
21
-4.2062503937007873
0
LINE
8
BLACK
6
CONTINUOUS
10
6.6913909055118106
20
-4.2062503937007873
11
6.6913044488188973
21
-4.2060084251968499
0
LINE
8
BLACK
6
CONTINUOUS
10
6.6913044488188973
20
-4.2060084251968499
11
6.6912128346456692
21
-4.2057690157480314
0
LINE
8
BLACK
6
CONTINUOUS
10
6.6912128346456692
20
-4.2057690157480314
11
6.6912112992125978
21
-4.2057477559055121
0
LINE
8
BLACK
6
CONTINUOUS
10
6.6912112992125978
20
-4.2057477559055121
11
6.6911961417322834
21
-4.2057052755905513
0
LINE
8
BLACK
6
CONTINUOUS
10
6.6911961417322834
20
-4.2057052755905513
11
6.6893213779527558
21
-4.1982062204724411
0
LINE
8
BLACK
6
CONTINUOUS
10
6.6893213779527558
20
-4.1982062204724411
11
6.6893065748031493
21
-4.1981063385826767
0
LINE
8
BLACK
6
CONTINUOUS
10
6.6893065748031493
20
-4.1981063385826767
11
6.689289960629921
21
-4.1980661417322835
0
LINE
8
BLACK
6
CONTINUOUS
10
6.689289960629921
20
-4.1980661417322835
11
6.6892685826771654
21
-4.1978490944881885
0
LINE
8
BLACK
6
CONTINUOUS
10
6.6892685826771654
20
-4.1978490944881885
11
6.6892367322834643
21
-4.1976336220472437
0
LINE
8
BLACK
6
CONTINUOUS
10
6.6892367322834643
20
-4.1976336220472437
11
6.6892431102362204
21
-4.1975905905511812
0
LINE
8
BLACK
6
CONTINUOUS
10
6.6892431102362204
20
-4.1975905905511812
11
6.6892332283464562
21
-4.1974900787401577
0
LINE
8
BLACK
6
CONTINUOUS
10
6.6892332283464562
20
-4.1974900787401577
11
6.6892332283464562
21
-4.191865787401575
0
LINE
8
BLACK
6
CONTINUOUS
10
6.6892332283464562
20
-4.191865787401575
11
6.6892431102362204
21
-4.1917652362204727
0
LINE
8
BLACK
6
CONTINUOUS
10
6.6892431102362204
20
-4.1917652362204727
11
6.6892367322834643
21
-4.1917222440944881
0
LINE
8
BLACK
6
CONTINUOUS
10
6.6892367322834643
20
-4.1917222440944881
11
6.6892685826771654
21
-4.1915067322834645
0
LINE
8
BLACK
6
CONTINUOUS
10
6.6892685826771654
20
-4.1915067322834645
11
6.689289960629921
21
-4.1912897244094491
0
LINE
8
BLACK
6
CONTINUOUS
10
6.689289960629921
20
-4.1912897244094491
11
6.6893065748031493
21
-4.1912494881889764
0
LINE
8
BLACK
6
CONTINUOUS
10
6.6893065748031493
20
-4.1912494881889764
11
6.6893213779527558
21
-4.1911496456692916
0
LINE
8
BLACK
6
CONTINUOUS
10
6.6893213779527558
20
-4.1911496456692916
11
6.6911961417322834
21
-4.1836505905511814
0
LINE
8
BLACK
6
CONTINUOUS
10
6.6911961417322834
20
-4.1836505905511814
11
6.6912112992125978
21
-4.1836080708661418
0
LINE
8
BLACK
6
CONTINUOUS
10
6.6912112992125978
20
-4.1836080708661418
11
6.6912128346456692
21
-4.1835868503937004
0
LINE
8
BLACK
6
CONTINUOUS
10
6.6912128346456692
20
-4.1835868503937004
11
6.6913044488188973
21
-4.1833474015748031
0
LINE
8
BLACK
6
CONTINUOUS
10
6.6913044488188973
20
-4.1833474015748031
11
6.6913909055118106
21
-4.1831054724409444
0
LINE
8
BLACK
6
CONTINUOUS
10
6.6913909055118106
20
-4.1831054724409444
11
6.6914035826771654
21
-4.1830883070866145
0
LINE
8
BLACK
6
CONTINUOUS
10
6.6914035826771654
20
-4.1830883070866145
11
6.6914197244094487
21
-4.1830462204724412
0
LINE
8
BLACK
6
CONTINUOUS
10
6.6914197244094487
20
-4.1830462204724412
11
6.6932944881889762
21
-4.1792966929133861
0
LINE
8
BLACK
6
CONTINUOUS
10
6.6932944881889762
20
-4.1792966929133861
11
6.693450551181102
21
-4.1790486614173226
0
LINE
8
BLACK
6
CONTINUOUS
10
6.693450551181102
20
-4.1790486614173226
11
6.6934803937007876
21
-4.1789767322834646
0
LINE
8
BLACK
6
CONTINUOUS
10
6.6934803937007876
20
-4.1789767322834646
11
6.6935468503937008
21
-4.1788957480314961
0
LINE
8
BLACK
6
CONTINUOUS
10
6.6935468503937008
20
-4.1788957480314961
11
6.6936028346456693
21
-4.1788068110236223
0
LINE
8
BLACK
6
CONTINUOUS
10
6.6936028346456693
20
-4.1788068110236223
11
6.6936618110236221
21
-4.1787556299212598
0
LINE
8
BLACK
6
CONTINUOUS
10
6.6936618110236221
20
-4.1787556299212598
11
6.6938475984251964
21
-4.1785292913385828
0
LINE
8
BLACK
6
CONTINUOUS
10
6.6938475984251964
20
-4.1785292913385828
11
6.6975971259842515
21
-4.1747797637795276
0
LINE
8
BLACK
6
CONTINUOUS
10
6.6975971259842515
20
-4.1747797637795276
11
6.6980445669291333
21
-4.1744125196850392
0
LINE
8
BLACK
6
CONTINUOUS
10
6.6980445669291333
20
-4.1744125196850392
11
6.6981425984251963
21
-4.1743718897637798
0
LINE
8
BLACK
6
CONTINUOUS
10
6.6981425984251963
20
-4.1743718897637798
11
6.6982227165354331
21
-4.1743024409448815
0
LINE
8
BLACK
6
CONTINUOUS
10
6.6982227165354331
20
-4.1743024409448815
11
6.6987512992125984
21
-4.1740664566929135
0
LINE
8
BLACK
6
CONTINUOUS
10
6.6987512992125984
20
-4.1740664566929135
11
6.7043755511811023
21
-4.172191692913386
0
LINE
8
BLACK
6
CONTINUOUS
10
6.7043755511811023
20
-4.172191692913386
11
6.7046611811023622
21
-4.1721267322834645
0
LINE
8
BLACK
6
CONTINUOUS
10
6.7046611811023622
20
-4.1721267322834645
11
6.7047332677165352
21
-4.1720968897637798
0
LINE
8
BLACK
6
CONTINUOUS
10
6.7047332677165352
20
-4.1720968897637798
11
6.7048377165354331
21
-4.1720865748031493
0
LINE
8
BLACK
6
CONTINUOUS
10
6.7048377165354331
20
-4.1720865748031493
11
6.7049399999999997
21
-4.1720633464566932
0
LINE
8
BLACK
6
CONTINUOUS
10
6.7049399999999997
20
-4.1720633464566932
11
6.7050177165354325
21
-4.1720688582677168
0
LINE
8
BLACK
6
CONTINUOUS
10
6.7050177165354325
20
-4.1720688582677168
11
6.7053093307086611
21
-4.172040157480315
0
LINE
8
BLACK
6
CONTINUOUS
10
6.7053093307086611
20
-4.172040157480315
11
6.7109336220472438
21
-4.172040157480315
0
LINE
8
BLACK
6
CONTINUOUS
10
6.7109336220472438
20
-4.172040157480315
11
6.7115096850393696
21
-4.1720968897637798
0
LINE
8
BLACK
6
CONTINUOUS
10
6.7899653149606296
20
-4.1720688582677168
11
6.7900430708661412
21
-4.1720633464566932
0
LINE
8
BLACK
6
CONTINUOUS
10
6.7900430708661412
20
-4.1720633464566932
11
6.7901453149606299
21
-4.1720865748031493
0
LINE
8
BLACK
6
CONTINUOUS
10
6.7901453149606299
20
-4.1720865748031493
11
6.7902498425196844
21
-4.1720968897637798
0
LINE
8
BLACK
6
CONTINUOUS
10
6.7902498425196844
20
-4.1720968897637798
11
6.7903219291338583
21
-4.1721267322834645
0
LINE
8
BLACK
6
CONTINUOUS
10
6.7903219291338583
20
-4.1721267322834645
11
6.7906075196850395
21
-4.172191692913386
0
LINE
8
BLACK
6
CONTINUOUS
10
6.7906075196850395
20
-4.172191692913386
11
6.7962318110236222
21
-4.1740664566929135
0
LINE
8
BLACK
6
CONTINUOUS
10
6.7962318110236222
20
-4.1740664566929135
11
6.7967603543307087
21
-4.1743024409448815
0
LINE
8
BLACK
6
CONTINUOUS
10
6.7967603543307087
20
-4.1743024409448815
11
6.7976307086614174
21
-4.1750573228346459
0
LINE
8
BLACK
6
CONTINUOUS
10
6.7976307086614174
20
-4.1750573228346459
11
6.7981459448818899
21
-4.1760877559055114
0
LINE
8
BLACK
6
CONTINUOUS
10
6.7981459448818899
20
-4.1760877559055114
11
6.7982276377952751
21
-4.1772369685039372
0
LINE
8
BLACK
6
CONTINUOUS
10
6.7982276377952751
20
-4.1772369685039372
11
6.7978633070866143
21
-4.1783299606299211
0
LINE
8
BLACK
6
CONTINUOUS
10
6.7978633070866143
20
-4.1783299606299211
11
6.7971084251968499
21
-4.1792003543307086
0
LINE
8
BLACK
6
CONTINUOUS
10
6.7971084251968499
20
-4.1792003543307086
11
6.7960779527559056
21
-4.1797155511811024
0
LINE
8
BLACK
6
CONTINUOUS
10
6.7960779527559056
20
-4.1797155511811024
11
6.7949287401574798
21
-4.1797972440944884
0
LINE
8
BLACK
6
CONTINUOUS
10
6.7949287401574798
20
-4.1797972440944884
11
6.7943642913385824
21
-4.1796688976377956
0
LINE
8
BLACK
6
CONTINUOUS
10
6.7943642913385824
20
-4.1796688976377956
11
6.7891946456692915
21
-4.1779456692913381
0
LINE
8
BLACK
6
CONTINUOUS
10
6.7891946456692915
20
-4.1779456692913381
11
6.7809970078740154
21
-4.1779456692913381
0
LINE
8
BLACK
6
CONTINUOUS
10
6.7809970078740154
20
-4.1779456692913381
11
6.7782995275590547
21
-4.1792944094488185
0
LINE
8
BLACK
6
CONTINUOUS
10
6.7782995275590547
20
-4.1792944094488185
11
6.7771024015748029
21
-4.1804915354330712
0
LINE
8
BLACK
6
CONTINUOUS
10
6.7771024015748029
20
-4.1804915354330712
11
6.7757536614173226
21
-4.1831890157480318
0
LINE
8
BLACK
6
CONTINUOUS
10
6.7757536614173226
20
-4.1831890157480318
11
6.7757536614173226
21
-4.1855444488188978
0
LINE
8
BLACK
6
CONTINUOUS
10
6.7757536614173226
20
-4.1855444488188978
11
6.7771024015748029
21
-4.1882419291338584
0
LINE
8
BLACK
6
CONTINUOUS
10
6.7771024015748029
20
-4.1882419291338584
11
6.7782995275590547
21
-4.1894390551181102
0
LINE
8
BLACK
6
CONTINUOUS
10
6.7782995275590547
20
-4.1894390551181102
11
6.7813305118110234
21
-4.1909545275590547
0
LINE
8
BLACK
6
CONTINUOUS
10
6.7813305118110234
20
-4.1909545275590547
11
6.7885151574803144
21
-4.1927507086614169
0
LINE
8
BLACK
6
CONTINUOUS
10
6.7885151574803144
20
-4.1927507086614169
11
6.7885576377952752
21
-4.1927658661417322
0
LINE
8
BLACK
6
CONTINUOUS
10
6.7885576377952752
20
-4.1927658661417322
11
6.7885788976377954
21
-4.1927674015748027
0
LINE
8
BLACK
6
CONTINUOUS
10
6.7885788976377954
20
-4.1927674015748027
11
6.7888183070866139
21
-4.1928590157480317
0
LINE
8
BLACK
6
CONTINUOUS
10
6.7888183070866139
20
-4.1928590157480317
11
6.7890602755905514
21
-4.192945472440945
0
LINE
8
BLACK
6
CONTINUOUS
10
6.7890602755905514
20
-4.192945472440945
11
6.7890774015748034
21
-4.1929581496062989
0
LINE
8
BLACK
6
CONTINUOUS
10
6.7890774015748034
20
-4.1929581496062989
11
6.7891195275590546
21
-4.192974291338583
0
LINE
8
BLACK
6
CONTINUOUS
10
6.7891195275590546
20
-4.192974291338583
11
6.7928690551181097
21
-4.1948490551181106
0
LINE
8
BLACK
6
CONTINUOUS
10
6.7928690551181097
20
-4.1948490551181106
11
6.7931170472440945
21
-4.1950051181102364
0
LINE
8
BLACK
6
CONTINUOUS
10
6.7931170472440945
20
-4.1950051181102364
11
6.7931890157480312
21
-4.1950349606299211
0
LINE
8
BLACK
6
CONTINUOUS
10
6.7931890157480312
20
-4.1950349606299211
11
6.7932699606299209
21
-4.1951014173228343
0
LINE
8
BLACK
6
CONTINUOUS
10
6.7932699606299209
20
-4.1951014173228343
11
6.7933589370078735
21
-4.1951574015748028
0
LINE
8
BLACK
6
CONTINUOUS
10
6.7933589370078735
20
-4.1951574015748028
11
6.7934100787401572
21
-4.1952163779527556
0
LINE
8
BLACK
6
CONTINUOUS
10
6.7934100787401572
20
-4.1952163779527556
11
6.7936364566929131
21
-4.1954021653543307
0
LINE
8
BLACK
6
CONTINUOUS
10
6.7936364566929131
20
-4.1954021653543307
11
6.7955112204724406
21
-4.1972769291338583
0
LINE
8
BLACK
6
CONTINUOUS
10
6.7955112204724406
20
-4.1972769291338583
11
6.795696968503937
21
-4.1975032677165354
0
LINE
8
BLACK
6
CONTINUOUS
10
6.795696968503937
20
-4.1975032677165354
11
6.7957559842519686
21
-4.1975544488188978
0
LINE
8
BLACK
6
CONTINUOUS
10
6.7957559842519686
20
-4.1975544488188978
11
6.7958119291338583
21
-4.1976433858267717
0
LINE
8
BLACK
6
CONTINUOUS
10
6.7958119291338583
20
-4.1976433858267717
11
6.7958784251968503
21
-4.1977243700787401
0
LINE
8
BLACK
6
CONTINUOUS
10
6.7958784251968503
20
-4.1977243700787401
11
6.7959082283464562
21
-4.1977962992125981
0
LINE
8
BLACK
6
CONTINUOUS
10
6.7959082283464562
20
-4.1977962992125981
11
6.7960643307086617
21
-4.1980443307086617
0
LINE
8
BLACK
6
CONTINUOUS
10
6.7960643307086617
20
-4.1980443307086617
11
6.7979390944881892
21
-4.2017938582677168
0
LINE
8
BLACK
6
CONTINUOUS
10
6.7979390944881892
20
-4.2017938582677168
11
6.7981459842519687
21
-4.2023344488188972
0
LINE
8
BLACK
6
CONTINUOUS
10
6.7981459842519687
20
-4.2023344488188972
11
6.7981535039370078
21
-4.2024403149606302
0
LINE
8
BLACK
6
CONTINUOUS
10
6.7981535039370078
20
-4.2024403149606302
11
6.7981940944881885
21
-4.2025383070866145
0
LINE
8
BLACK
6
CONTINUOUS
10
6.7981940944881885
20
-4.2025383070866145
11
6.7982508267716533
21
-4.2031143700787403
0
LINE
8
BLACK
6
CONTINUOUS
10
6.7982508267716533
20
-4.2031143700787403
11
6.7982508267716533
21
-4.2068638976377954
0
LINE
8
BLACK
6
CONTINUOUS
10
6.7982508267716533
20
-4.2068638976377954
11
6.7981940944881885
21
-4.2074399606299213
0
LINE
8
BLACK
6
CONTINUOUS
10
6.7981940944881885
20
-4.2074399606299213
11
6.7981535039370078
21
-4.2075379133858268
0
LINE
8
BLACK
6
CONTINUOUS
10
6.7981535039370078
20
-4.2075379133858268
11
6.7981459842519687
21
-4.2076438188976377
0
LINE
8
BLACK
6
CONTINUOUS
10
6.7981459842519687
20
-4.2076438188976377
11
6.7979390944881892
21
-4.208184409448819
0
LINE
8
BLACK
6
CONTINUOUS
10
6.7979390944881892
20
-4.208184409448819
11
6.7960643307086617
21
-4.2119339370078741
0
LINE
8
BLACK
6
CONTINUOUS
10
6.7960643307086617
20
-4.2119339370078741
11
6.795908267716535
21
-4.2121818110236218
0
LINE
8
BLACK
6
CONTINUOUS
10
6.795908267716535
20
-4.2121818110236218
11
6.795878464566929
21
-4.212253858267716
0
LINE
8
BLACK
6
CONTINUOUS
10
6.795878464566929
20
-4.212253858267716
11
6.7958119291338583
21
-4.2123348818897641
0
LINE
8
BLACK
6
CONTINUOUS
10
6.7958119291338583
20
-4.2123348818897641
11
6.7957559842519686
21
-4.212423818897638
0
LINE
8
BLACK
6
CONTINUOUS
10
6.7957559842519686
20
-4.212423818897638
11
6.795696968503937
21
-4.2124749606299208
0
LINE
8
BLACK
6
CONTINUOUS
10
6.795696968503937
20
-4.2124749606299208
11
6.7955112204724406
21
-4.2127013385826775
0
LINE
8
BLACK
6
CONTINUOUS
10
6.7955112204724406
20
-4.2127013385826775
11
6.7936364960629918
21
-4.214576102362205
0
LINE
8
BLACK
6
CONTINUOUS
10
6.7936364960629918
20
-4.214576102362205
11
6.793410118110236
21
-4.2147618503937005
0
LINE
8
BLACK
6
CONTINUOUS
10
6.793410118110236
20
-4.2147618503937005
11
6.7933589370078735
21
-4.2148209055118109
0
LINE
8
BLACK
6
CONTINUOUS
10
6.7933589370078735
20
-4.2148209055118109
11
6.7932699606299209
21
-4.2148768897637794
0
LINE
8
BLACK
6
CONTINUOUS
10
6.7932699606299209
20
-4.2148768897637794
11
6.7931890157480312
21
-4.2149433464566926
0
LINE
8
BLACK
6
CONTINUOUS
10
6.7931890157480312
20
-4.2149433464566926
11
6.7931170472440945
21
-4.2149731496062994
0
LINE
8
BLACK
6
CONTINUOUS
10
6.7931170472440945
20
-4.2149731496062994
11
6.7928690551181097
21
-4.215129251968504
0
LINE
8
BLACK
6
CONTINUOUS
10
6.7928690551181097
20
-4.215129251968504
11
6.7891195275590546
21
-4.2170040157480315
0
LINE
8
BLACK
6
CONTINUOUS
10
6.7891195275590546
20
-4.2170040157480315
11
6.7885788976377954
21
-4.217210905511811
0
LINE
8
BLACK
6
CONTINUOUS
10
6.7885788976377954
20
-4.217210905511811
11
6.7884730708661412
21
-4.2172183858267713
0
LINE
8
BLACK
6
CONTINUOUS
10
6.7884730708661412
20
-4.2172183858267713
11
6.7883750787401569
21
-4.2172590157480316
0
LINE
8
BLACK
6
CONTINUOUS
10
6.7883750787401569
20
-4.2172590157480316
11
6.787799015748031
21
-4.2173157480314956
0
LINE
8
BLACK
6
CONTINUOUS
10
6.787799015748031
20
-4.2173157480314956
11
6.7784251968503932
21
-4.2173157480314956
0
LINE
8
BLACK
6
CONTINUOUS
10
6.7784251968503932
20
-4.2173157480314956
11
6.7781335826771656
21
-4.2172870078740159
0
LINE
8
BLACK
6
CONTINUOUS
10
6.7781335826771656
20
-4.2172870078740159
11
6.7780558661417318
21
-4.2172925590551182
0
LINE
8
BLACK
6
CONTINUOUS
10
6.7780558661417318
20
-4.2172925590551182
11
6.7779535826771653
21
-4.2172692913385825
0
LINE
8
BLACK
6
CONTINUOUS
10
6.7779535826771653
20
-4.2172692913385825
11
6.7778491338582674
21
-4.2172590157480316
0
LINE
8
BLACK
6
CONTINUOUS
10
6.7778491338582674
20
-4.2172590157480316
11
6.7777770472440944
21
-4.2172291338582673
0
LINE
8
BLACK
6
CONTINUOUS
10
6.7777770472440944
20
-4.2172291338582673
11
6.7774914173228344
21
-4.2171642125984254
0
LINE
8
BLACK
6
CONTINUOUS
10
6.7774914173228344
20
-4.2171642125984254
11
6.7718671653543305
21
-4.2152894488188979
0
LINE
8
BLACK
6
CONTINUOUS
10
6.7718671653543305
20
-4.2152894488188979
11
6.7713385826771653
21
-4.2150534645669291
0
LINE
8
BLACK
6
CONTINUOUS
10
6.7713385826771653
20
-4.2150534645669291
11
6.7704682283464566
21
-4.2142985826771655
0
LINE
8
BLACK
6
CONTINUOUS
10
6.7704682283464566
20
-4.2142985826771655
11
6.7699530314960628
21
-4.2132681496062991
0
LINE
8
BLACK
6
CONTINUOUS
10
6.7699530314960628
20
-4.2132681496062991
11
6.7698713385826768
21
-4.2121189370078742
0
LINE
8
BLACK
6
CONTINUOUS
10
6.7698713385826768
20
-4.2121189370078742
11
6.7702356692913384
21
-4.2110259055118107
0
LINE
8
BLACK
6
CONTINUOUS
10
6.7702356692913384
20
-4.2110259055118107
11
6.7709905511811019
21
-4.210155551181102
0
LINE
8
BLACK
6
CONTINUOUS
10
6.7709905511811019
20
-4.210155551181102
11
6.7720209842519683
21
-4.2096403543307082
0
LINE
8
BLACK
6
CONTINUOUS
10
6.7720209842519683
20
-4.2096403543307082
11
6.7731701968503932
21
-4.209558661417323
0
LINE
8
BLACK
6
CONTINUOUS
10
6.7731701968503932
20
-4.209558661417323
11
6.7737346456692915
21
-4.2096870078740158
0
LINE
8
BLACK
6
CONTINUOUS
10
6.7737346456692915
20
-4.2096870078740158
11
6.7789043307086612
21
-4.2114102362204724
0
LINE
8
BLACK
6
CONTINUOUS
10
6.7789043307086612
20
-4.2114102362204724
11
6.7871019685039364
21
-4.2114102362204724
0
LINE
8
BLACK
6
CONTINUOUS
10
6.7871019685039364
20
-4.2114102362204724
11
6.7897994094488183
21
-4.2100614960629921
0
LINE
8
BLACK
6
CONTINUOUS
10
6.7897994094488183
20
-4.2100614960629921
11
6.790996535433071
21
-4.2088643307086615
0
LINE
8
BLACK
6
CONTINUOUS
10
6.790996535433071
20
-4.2088643307086615
11
6.7923453149606301
21
-4.2061668503937009
0
LINE
8
BLACK
6
CONTINUOUS
10
6.7923453149606301
20
-4.2061668503937009
11
6.7923453149606301
21
-4.2038114173228349
0
LINE
8
BLACK
6
CONTINUOUS
10
6.7923453149606301
20
-4.2038114173228349
11
6.7909965748031498
21
-4.2011139370078743
0
LINE
8
BLACK
6
CONTINUOUS
10
6.7909965748031498
20
-4.2011139370078743
11
6.7897994488188971
21
-4.1999168110236216
0
LINE
8
BLACK
6
CONTINUOUS
10
6.7897994488188971
20
-4.1999168110236216
11
6.7867684645669293
21
-4.1984012992125983
0
LINE
8
BLACK
6
CONTINUOUS
10
6.7867684645669293
20
-4.1984012992125983
11
6.7795838188976374
21
-4.1966051574803149
0
LINE
8
BLACK
6
CONTINUOUS
10
6.7795838188976374
20
-4.1966051574803149
11
6.7795412992125978
21
-4.1965899606299208
0
LINE
8
BLACK
6
CONTINUOUS
10
6.7795412992125978
20
-4.1965899606299208
11
6.7795200393700785
21
-4.1965884645669291
0
LINE
8
BLACK
6
CONTINUOUS
10
6.7795200393700785
20
-4.1965884645669291
11
6.7792802755905512
21
-4.196496692913386
0
LINE
8
BLACK
6
CONTINUOUS
10
6.7792802755905512
20
-4.196496692913386
11
6.7790387007874013
21
-4.1964103937007877
0
LINE
8
BLACK
6
CONTINUOUS
10
6.7790387007874013
20
-4.1964103937007877
11
6.7790215354330705
21
-4.1963976771653542
0
LINE
8
BLACK
6
CONTINUOUS
10
6.7790215354330705
20
-4.1963976771653542
11
6.7789794488188972
21
-4.1963815748031497
0
LINE
8
BLACK
6
CONTINUOUS
10
6.7789794488188972
20
-4.1963815748031497
11
6.7752299212598421
21
-4.1945068110236221
0
LINE
8
BLACK
6
CONTINUOUS
10
6.7752299212598421
20
-4.1945068110236221
11
6.7749818897637795
21
-4.1943507086614176
0
LINE
8
BLACK
6
CONTINUOUS
10
6.7749818897637795
20
-4.1943507086614176
11
6.7749099606299215
21
-4.1943209055118107
0
LINE
8
BLACK
6
CONTINUOUS
10
6.7749099606299215
20
-4.1943209055118107
11
6.774828976377953
21
-4.1942544094488188
0
LINE
8
BLACK
6
CONTINUOUS
10
6.774828976377953
20
-4.1942544094488188
11
6.7747400393700783
21
-4.194198464566929
0
LINE
8
BLACK
6
CONTINUOUS
10
6.7747400393700783
20
-4.194198464566929
11
6.7746888582677167
21
-4.1941394488188974
0
LINE
8
BLACK
6
CONTINUOUS
10
6.7746888582677167
20
-4.1941394488188974
11
6.7744625196850397
21
-4.193953700787401
0
LINE
8
BLACK
6
CONTINUOUS
10
6.7744625196850397
20
-4.193953700787401
11
6.7725877559055121
21
-4.1920789370078735
0
LINE
8
BLACK
6
CONTINUOUS
10
6.7725877559055121
20
-4.1920789370078735
11
6.7724019685039369
21
-4.1918525590551177
0
LINE
8
BLACK
6
CONTINUOUS
10
6.7724019685039369
20
-4.1918525590551177
11
6.7723429921259841
21
-4.1918014173228348
0
LINE
8
BLACK
6
CONTINUOUS
10
6.7723429921259841
20
-4.1918014173228348
11
6.7722870078740156
21
-4.1917124409448814
0
LINE
8
BLACK
6
CONTINUOUS
10
6.7722870078740156
20
-4.1917124409448814
11
6.7722205511811024
21
-4.1916314960629917
0
LINE
8
BLACK
6
CONTINUOUS
10
6.7722205511811024
20
-4.1916314960629917
11
6.7721907086614168
21
-4.1915595275590549
0
LINE
8
BLACK
6
CONTINUOUS
10
6.7721907086614168
20
-4.1915595275590549
11
6.772034645669291
21
-4.191311535433071
0
LINE
8
BLACK
6
CONTINUOUS
10
6.772034645669291
20
-4.191311535433071
11
6.7701598818897635
21
-4.1875620078740159
0
LINE
8
BLACK
6
CONTINUOUS
10
6.7701598818897635
20
-4.1875620078740159
11
6.769952992125984
21
-4.1870213779527559
0
LINE
8
BLACK
6
CONTINUOUS
10
6.769952992125984
20
-4.1870213779527559
11
6.7699454724409449
21
-4.1869155511811025
0
LINE
8
BLACK
6
CONTINUOUS
10
6.7699454724409449
20
-4.1869155511811025
11
6.7699048818897634
21
-4.1868175590551182
0
LINE
8
BLACK
6
CONTINUOUS
10
6.7699048818897634
20
-4.1868175590551182
11
6.7698481496062994
21
-4.1862414960629923
0
LINE
8
BLACK
6
CONTINUOUS
10
6.7698481496062994
20
-4.1862414960629923
11
6.7698481496062994
21
-4.1824919685039372
0
LINE
8
BLACK
6
CONTINUOUS
10
6.7698481496062994
20
-4.1824919685039372
11
6.7699048818897634
21
-4.1819159055118114
0
LINE
8
BLACK
6
CONTINUOUS
10
6.7699048818897634
20
-4.1819159055118114
11
6.7699454724409449
21
-4.1818178740157483
0
LINE
8
BLACK
6
CONTINUOUS
10
6.7699454724409449
20
-4.1818178740157483
11
6.769952992125984
21
-4.1817120866141728
0
LINE
8
BLACK
6
CONTINUOUS
10
6.769952992125984
20
-4.1817120866141728
11
6.7701598818897635
21
-4.1811714566929137
0
LINE
8
BLACK
6
CONTINUOUS
10
6.7701598818897635
20
-4.1811714566929137
11
6.772034645669291
21
-4.1774219291338586
0
LINE
8
BLACK
6
CONTINUOUS
10
6.772034645669291
20
-4.1774219291338586
11
6.7721907086614168
21
-4.177173897637795
0
LINE
8
BLACK
6
CONTINUOUS
10
6.7721907086614168
20
-4.177173897637795
11
6.7722205511811024
21
-4.177101968503937
0
LINE
8
BLACK
6
CONTINUOUS
10
6.7722205511811024
20
-4.177101968503937
11
6.7722870078740156
21
-4.1770209842519685
0
LINE
8
BLACK
6
CONTINUOUS
10
6.7722870078740156
20
-4.1770209842519685
11
6.7723429921259841
21
-4.1769320472440947
0
LINE
8
BLACK
6
CONTINUOUS
10
6.7723429921259841
20
-4.1769320472440947
11
6.7724019685039369
21
-4.1768808661417323
0
LINE
8
BLACK
6
CONTINUOUS
10
6.7724019685039369
20
-4.1768808661417323
11
6.7725877559055121
21
-4.1766545275590552
0
LINE
8
BLACK
6
CONTINUOUS
10
6.7725877559055121
20
-4.1766545275590552
11
6.7744625196850397
21
-4.1747797637795276
0
LINE
8
BLACK
6
CONTINUOUS
10
6.7744625196850397
20
-4.1747797637795276
11
6.7746888582677167
21
-4.1745939763779525
0
LINE
8
BLACK
6
CONTINUOUS
10
6.7746888582677167
20
-4.1745939763779525
11
6.7747400393700783
21
-4.1745349999999997
0
LINE
8
BLACK
6
CONTINUOUS
10
6.7747400393700783
20
-4.1745349999999997
11
6.774828976377953
21
-4.1744790157480312
0
LINE
8
BLACK
6
CONTINUOUS
10
6.774828976377953
20
-4.1744790157480312
11
6.7749099606299215
21
-4.174412559055118
0
LINE
8
BLACK
6
CONTINUOUS
10
6.7749099606299215
20
-4.174412559055118
11
6.7749818897637795
21
-4.1743827165354332
0
LINE
8
BLACK
6
CONTINUOUS
10
6.7749818897637795
20
-4.1743827165354332
11
6.7752299212598421
21
-4.1742266535433066
0
LINE
8
BLACK
6
CONTINUOUS
10
6.7752299212598421
20
-4.1742266535433066
11
6.7789794488188972
21
-4.172351889763779
0
LINE
8
BLACK
6
CONTINUOUS
10
6.7789794488188972
20
-4.172351889763779
11
6.7795200393700785
21
-4.1721449999999995
0
LINE
8
BLACK
6
CONTINUOUS
10
6.7795200393700785
20
-4.1721449999999995
11
6.7796259055118107
21
-4.1721374409448817
0
LINE
8
BLACK
6
CONTINUOUS
10
6.7796259055118107
20
-4.1721374409448817
11
6.7797238976377949
21
-4.1720968897637798
0
LINE
8
BLACK
6
CONTINUOUS
10
6.7797238976377949
20
-4.1720968897637798
11
6.7802999606299208
21
-4.172040157480315
0
LINE
8
BLACK
6
CONTINUOUS
10
6.7802999606299208
20
-4.172040157480315
11
6.7896737795275586
21
-4.172040157480315
0
LINE
8
BLACK
6
CONTINUOUS
10
6.7896737795275586
20
-4.172040157480315
11
6.7899653149606296
21
-4.1720688582677168
0
LINE
8
BLACK
6
CONTINUOUS
10
6.9046105511811025
20
-4.1720968897637798
11
6.9047085433070867
21
-4.1721374803149605
0
LINE
8
BLACK
6
CONTINUOUS
10
6.9047085433070867
20
-4.1721374803149605
11
6.9048143700787401
21
-4.1721449999999995
0
LINE
8
BLACK
6
CONTINUOUS
10
6.9048143700787401
20
-4.1721449999999995
11
6.9053550000000001
21
-4.172351889763779
0
LINE
8
BLACK
6
CONTINUOUS
10
6.9053550000000001
20
-4.172351889763779
11
6.9091045275590552
21
-4.1742266535433066
0
LINE
8
BLACK
6
CONTINUOUS
10
6.9091045275590552
20
-4.1742266535433066
11
6.9093525196850392
21
-4.1743827165354332
0
LINE
8
BLACK
6
CONTINUOUS
10
6.9093525196850392
20
-4.1743827165354332
11
6.9094244881889759
21
-4.174412559055118
0
LINE
8
BLACK
6
CONTINUOUS
10
6.9094244881889759
20
-4.174412559055118
11
6.9095054330708656
21
-4.1744790157480312
0
LINE
8
BLACK
6
CONTINUOUS
10
6.9095054330708656
20
-4.1744790157480312
11
6.9095944094488191
21
-4.1745349999999997
0
LINE
8
BLACK
6
CONTINUOUS
10
6.9095944094488191
20
-4.1745349999999997
11
6.9096455511811019
21
-4.1745939763779525
0
LINE
8
BLACK
6
CONTINUOUS
10
6.9096455511811019
20
-4.1745939763779525
11
6.9098719291338577
21
-4.1747797637795276
0
LINE
8
BLACK
6
CONTINUOUS
10
6.9098719291338577
20
-4.1747797637795276
11
6.9117466929133853
21
-4.1766545275590552
0
LINE
8
BLACK
6
CONTINUOUS
10
6.9117466929133853
20
-4.1766545275590552
11
6.9119324409448817
21
-4.1768808661417323
0
LINE
8
BLACK
6
CONTINUOUS
10
6.9119324409448817
20
-4.1768808661417323
11
6.9119914566929133
21
-4.1769320472440947
0
LINE
8
BLACK
6
CONTINUOUS
10
6.9119914566929133
20
-4.1769320472440947
11
6.912047401574803
21
-4.1770209842519685
0
LINE
8
BLACK
6
CONTINUOUS
10
6.912047401574803
20
-4.1770209842519685
11
6.9121138976377949
21
-4.177101968503937
0
LINE
8
BLACK
6
CONTINUOUS
10
6.9121138976377949
20
-4.177101968503937
11
6.9121437007874018
21
-4.177173897637795
0
LINE
8
BLACK
6
CONTINUOUS
10
6.9121437007874018
20
-4.177173897637795
11
6.9122998031496063
21
-4.1774219291338586
0
LINE
8
BLACK
6
CONTINUOUS
10
6.9122998031496063
20
-4.1774219291338586
11
6.9141745669291339
21
-4.1811714566929137
0
LINE
8
BLACK
6
CONTINUOUS
10
6.9141745669291339
20
-4.1811714566929137
11
6.9143814566929134
21
-4.1817120472440941
0
LINE
8
BLACK
6
CONTINUOUS
10
6.9143814566929134
20
-4.1817120472440941
11
6.9143889763779525
21
-4.1818179133858271
0
LINE
8
BLACK
6
CONTINUOUS
10
6.9143889763779525
20
-4.1818179133858271
11
6.914429566929134
21
-4.1819159055118114
0
LINE
8
BLACK
6
CONTINUOUS
10
6.914429566929134
20
-4.1819159055118114
11
6.9144862992125979
21
-4.1824919685039372
0
LINE
8
BLACK
6
CONTINUOUS
10
6.9144862992125979
20
-4.1824919685039372
11
6.9144862992125979
21
-4.1862414960629923
0
LINE
8
BLACK
6
CONTINUOUS
10
6.9144862992125979
20
-4.1862414960629923
11
6.914429566929134
21
-4.1868175590551182
0
LINE
8
BLACK
6
CONTINUOUS
10
6.914429566929134
20
-4.1868175590551182
11
6.9143889763779525
21
-4.1869155118110237
0
LINE
8
BLACK
6
CONTINUOUS
10
6.9143889763779525
20
-4.1869155118110237
11
6.9143814566929134
21
-4.1870214173228346
0
LINE
8
BLACK
6
CONTINUOUS
10
6.9143814566929134
20
-4.1870214173228346
11
6.9141745669291339
21
-4.1875620078740159
0
LINE
8
BLACK
6
CONTINUOUS
10
6.9141745669291339
20
-4.1875620078740159
11
6.9122998031496063
21
-4.191311535433071
0
LINE
8
BLACK
6
CONTINUOUS
10
6.9122998031496063
20
-4.191311535433071
11
6.9121437007874018
21
-4.1915595275590549
0
LINE
8
BLACK
6
CONTINUOUS
10
6.9121437007874018
20
-4.1915595275590549
11
6.9121138976377949
21
-4.1916314960629917
0
LINE
8
BLACK
6
CONTINUOUS
10
6.9121138976377949
20
-4.1916314960629917
11
6.912047401574803
21
-4.1917124409448814
0
LINE
8
BLACK
6
CONTINUOUS
10
6.912047401574803
20
-4.1917124409448814
11
6.9119914566929133
21
-4.1918014173228348
0
LINE
8
BLACK
6
CONTINUOUS
10
6.9119914566929133
20
-4.1918014173228348
11
6.9119324409448817
21
-4.1918525590551177
0
LINE
8
BLACK
6
CONTINUOUS
10
6.9119324409448817
20
-4.1918525590551177
11
6.9117466929133853
21
-4.1920789370078735
0
LINE
8
BLACK
6
CONTINUOUS
10
6.9117466929133853
20
-4.1920789370078735
11
6.9108821653543302
21
-4.1929434251968507
0
LINE
8
BLACK
6
CONTINUOUS
10
6.9108821653543302
20
-4.1929434251968507
11
6.9111210629921258
21
-4.193050078740157
0
LINE
8
BLACK
6
CONTINUOUS
10
6.9111210629921258
20
-4.193050078740157
11
6.9112011811023617
21
-4.1931195669291341
0
LINE
8
BLACK
6
CONTINUOUS
10
6.9112011811023617
20
-4.1931195669291341
11
6.9112992519685035
21
-4.1931601968503935
0
LINE
8
BLACK
6
CONTINUOUS
10
6.9112992519685035
20
-4.1931601968503935
11
6.9117466929133853
21
-4.1935274015748032
0
LINE
8
BLACK
6
CONTINUOUS
10
6.9117466929133853
20
-4.1935274015748032
11
6.9136214566929128
21
-4.1954021653543307
0
LINE
8
BLACK
6
CONTINUOUS
10
6.9136214566929128
20
-4.1954021653543307
11
6.9138072047244092
21
-4.1956285039370078
0
LINE
8
BLACK
6
CONTINUOUS
10
6.9138072047244092
20
-4.1956285039370078
11
6.9138662204724408
21
-4.1956796850393703
0
LINE
8
BLACK
6
CONTINUOUS
10
6.9138662204724408
20
-4.1956796850393703
11
6.9139221653543306
21
-4.1957686220472441
0
LINE
8
BLACK
6
CONTINUOUS
10
6.9139221653543306
20
-4.1957686220472441
11
6.9139886614173225
21
-4.1958496062992126
0
LINE
8
BLACK
6
CONTINUOUS
10
6.9139886614173225
20
-4.1958496062992126
11
6.9140184645669294
21
-4.1959215354330706
0
LINE
8
BLACK
6
CONTINUOUS
10
6.9140184645669294
20
-4.1959215354330706
11
6.9141745669291339
21
-4.1961695669291341
0
LINE
8
BLACK
6
CONTINUOUS
10
6.9141745669291339
20
-4.1961695669291341
11
6.9160493307086615
21
-4.1999190944881892
0
LINE
8
BLACK
6
CONTINUOUS
10
6.9160493307086615
20
-4.1999190944881892
11
6.9162562204724409
21
-4.2004596850393696
0
LINE
8
BLACK
6
CONTINUOUS
10
6.9162562204724409
20
-4.2004596850393696
11
6.91626374015748
21
-4.2005655511811026
0
LINE
8
BLACK
6
CONTINUOUS
10
6.91626374015748
20
-4.2005655511811026
11
6.9163043307086616
21
-4.2006635433070869
0
LINE
8
BLACK
6
CONTINUOUS
10
6.9163043307086616
20
-4.2006635433070869
11
6.9163610629921255
21
-4.2012396062992128
0
LINE
8
BLACK
6
CONTINUOUS
10
6.9163610629921255
20
-4.2012396062992128
11
6.9163610629921255
21
-4.2068638976377954
0
LINE
8
BLACK
6
CONTINUOUS
10
6.9163610629921255
20
-4.2068638976377954
11
6.9163043307086616
21
-4.2074399606299213
0
LINE
8
BLACK
6
CONTINUOUS
10
6.9163043307086616
20
-4.2074399606299213
11
6.91626374015748
21
-4.2075379133858268
0
LINE
8
BLACK
6
CONTINUOUS
10
6.91626374015748
20
-4.2075379133858268
11
6.9162562204724409
21
-4.2076438188976377
0
LINE
8
BLACK
6
CONTINUOUS
10
6.9162562204724409
20
-4.2076438188976377
11
6.9160493307086615
21
-4.208184409448819
0
LINE
8
BLACK
6
CONTINUOUS
10
6.9160493307086615
20
-4.208184409448819
11
6.9141745669291339
21
-4.2119339370078741
0
LINE
8
BLACK
6
CONTINUOUS
10
6.9141745669291339
20
-4.2119339370078741
11
6.9140185039370081
21
-4.2121818110236218
0
LINE
8
BLACK
6
CONTINUOUS
10
6.9140185039370081
20
-4.2121818110236218
11
6.9139887007874012
21
-4.212253858267716
0
LINE
8
BLACK
6
CONTINUOUS
10
6.9139887007874012
20
-4.212253858267716
11
6.9139221653543306
21
-4.2123348818897641
0
LINE
8
BLACK
6
CONTINUOUS
10
6.9139221653543306
20
-4.2123348818897641
11
6.9138662204724408
21
-4.212423818897638
0
LINE
8
BLACK
6
CONTINUOUS
10
6.9138662204724408
20
-4.212423818897638
11
6.9138072047244092
21
-4.2124749606299208
0
LINE
8
BLACK
6
CONTINUOUS
10
6.9138072047244092
20
-4.2124749606299208
11
6.9136214566929128
21
-4.2127013385826775
0
LINE
8
BLACK
6
CONTINUOUS
10
6.9136214566929128
20
-4.2127013385826775
11
6.911746732283464
21
-4.214576102362205
0
LINE
8
BLACK
6
CONTINUOUS
10
6.911746732283464
20
-4.214576102362205
11
6.9115203543307082
21
-4.2147618503937005
0
LINE
8
BLACK
6
CONTINUOUS
10
6.9115203543307082
20
-4.2147618503937005
11
6.9114691732283466
21
-4.2148209055118109
0
LINE
8
BLACK
6
CONTINUOUS
10
6.9114691732283466
20
-4.2148209055118109
11
6.9113801968503932
21
-4.2148768897637794
0
LINE
8
BLACK
6
CONTINUOUS
10
6.9113801968503932
20
-4.2148768897637794
11
6.9112992519685035
21
-4.2149433464566926
0
LINE
8
BLACK
6
CONTINUOUS
10
6.9112992519685035
20
-4.2149433464566926
11
6.9112272834645667
21
-4.2149731496062994
0
LINE
8
BLACK
6
CONTINUOUS
10
6.9112272834645667
20
-4.2149731496062994
11
6.9109792913385828
21
-4.215129251968504
0
LINE
8
BLACK
6
CONTINUOUS
10
6.9109792913385828
20
-4.215129251968504
11
6.9072297637795277
21
-4.2170040157480315
0
LINE
8
BLACK
6
CONTINUOUS
10
6.9072297637795277
20
-4.2170040157480315
11
6.9066891338582677
21
-4.217210905511811
0
LINE
8
BLACK
6
CONTINUOUS
10
6.9066891338582677
20
-4.217210905511811
11
6.9065833070866143
21
-4.2172183858267713
0
LINE
8
BLACK
6
CONTINUOUS
10
6.9065833070866143
20
-4.2172183858267713
11
6.90648531496063
21
-4.2172590157480316
0
LINE
8
BLACK
6
CONTINUOUS
10
6.90648531496063
20
-4.2172590157480316
11
6.9059092519685041
21
-4.2173157480314956
0
LINE
8
BLACK
6
CONTINUOUS
10
6.9059092519685041
20
-4.2173157480314956
11
6.8909111417322837
21
-4.2173157480314956
0
LINE
8
BLACK
6
CONTINUOUS
10
6.8909111417322837
20
-4.2173157480314956
11
6.8903350787401569
21
-4.2172590157480316
0
LINE
8
BLACK
6
CONTINUOUS
10
6.8903350787401569
20
-4.2172590157480316
11
6.8892706692913386
21
-4.2168181102362201
0
LINE
8
BLACK
6
CONTINUOUS
10
6.8892706692913386
20
-4.2168181102362201
11
6.8884560236220471
21
-4.2160034645669286
0
LINE
8
BLACK
6
CONTINUOUS
10
6.8884560236220471
20
-4.2160034645669286
11
6.8880151181102365
21
-4.2149390551181103
0
LINE
8
BLACK
6
CONTINUOUS
10
6.8880151181102365
20
-4.2149390551181103
11
6.8879583858267717
21
-4.2143629921259844
0
LINE
8
BLACK
6
CONTINUOUS
10
6.8879583858267717
20
-4.2143629921259844
11
6.8879583858267717
21
-4.174992913385827
0
LINE
8
BLACK
6
CONTINUOUS
10
6.8879583858267717
20
-4.174992913385827
11
6.8880151181102365
21
-4.1744168503937003
0
LINE
8
BLACK
6
CONTINUOUS
10
6.8880151181102365
20
-4.1744168503937003
11
6.8884560236220471
21
-4.1733524409448819
0
LINE
8
BLACK
6
CONTINUOUS
10
6.8884560236220471
20
-4.1733524409448819
11
6.8892706692913386
21
-4.1725377952755904
0
LINE
8
BLACK
6
CONTINUOUS
10
6.8892706692913386
20
-4.1725377952755904
11
6.8903350787401569
21
-4.1720968897637798
0
LINE
8
BLACK
6
CONTINUOUS
10
6.8903350787401569
20
-4.1720968897637798
11
6.8909111417322837
21
-4.172040157480315
0
LINE
8
BLACK
6
CONTINUOUS
10
6.8909111417322837
20
-4.172040157480315
11
6.9040344881889766
21
-4.172040157480315
0
LINE
8
BLACK
6
CONTINUOUS
10
6.9040344881889766
20
-4.172040157480315
11
6.9046105511811025
21
-4.1720968897637798
0
LINE
8
BLACK
6
CONTINUOUS
10
6.8938638976377948
20
-4.2114102362204724
11
6.9052122047244096
21
-4.2114102362204724
0
LINE
8
BLACK
6
CONTINUOUS
10
6.9052122047244096
20
-4.2114102362204724
11
6.9079096456692914
21
-4.2100614960629921
0
LINE
8
BLACK
6
CONTINUOUS
10
6.9079096456692914
20
-4.2100614960629921
11
6.9091067716535433
21
-4.2088643307086615
0
LINE
8
BLACK
6
CONTINUOUS
10
6.9091067716535433
20
-4.2088643307086615
11
6.9104555511811023
21
-4.2061668503937009
0
LINE
8
BLACK
6
CONTINUOUS
10
6.9104555511811023
20
-4.2061668503937009
11
6.9104555511811023
21
-4.2019366535433074
0
LINE
8
BLACK
6
CONTINUOUS
10
6.9104555511811023
20
-4.2019366535433074
11
6.909106811023622
21
-4.1992391732283467
0
LINE
8
BLACK
6
CONTINUOUS
10
6.909106811023622
20
-4.1992391732283467
11
6.9080637401574805
21
-4.1981961023622043
0
LINE
8
BLACK
6
CONTINUOUS
10
6.9080637401574805
20
-4.1981961023622043
11
6.9035553543307087
21
-4.1966933070866137
0
LINE
8
BLACK
6
CONTINUOUS
10
6.9035553543307087
20
-4.1966933070866137
11
6.8938638976377948
21
-4.1966933070866137
0
LINE
8
BLACK
6
CONTINUOUS
10
6.8938638976377948
20
-4.1966933070866137
11
6.8938638976377948
21
-4.2114102362204724
0
LINE
8
BLACK
6
CONTINUOUS
10
6.8938638976377948
20
-4.1907877952755905
11
6.903337440944882
21
-4.1907877952755905
0
LINE
8
BLACK
6
CONTINUOUS
10
6.903337440944882
20
-4.1907877952755905
11
6.9060349212598426
21
-4.1894390551181102
0
LINE
8
BLACK
6
CONTINUOUS
10
6.9060349212598426
20
-4.1894390551181102
11
6.9072320472440945
21
-4.1882419291338584
0
LINE
8
BLACK
6
CONTINUOUS
10
6.9072320472440945
20
-4.1882419291338584
11
6.9085807874015748
21
-4.1855444488188978
0
LINE
8
BLACK
6
CONTINUOUS
10
6.9085807874015748
20
-4.1855444488188978
11
6.9085807874015748
21
-4.1831890157480318
0
LINE
8
BLACK
6
CONTINUOUS
10
6.9085807874015748
20
-4.1831890157480318
11
6.9072320472440945
21
-4.1804915354330712
0
LINE
8
BLACK
6
CONTINUOUS
10
6.9072320472440945
20
-4.1804915354330712
11
6.9060349212598426
21
-4.1792944094488185
0
LINE
8
BLACK
6
CONTINUOUS
10
6.9060349212598426
20
-4.1792944094488185
11
6.903337440944882
21
-4.1779456692913381
0
LINE
8
BLACK
6
CONTINUOUS
10
6.903337440944882
20
-4.1779456692913381
11
6.8938638976377948
21
-4.1779456692913381
0
LINE
8
BLACK
6
CONTINUOUS
10
6.8938638976377948
20
-4.1779456692913381
11
6.8938638976377948
21
-4.1907877952755905
0
LINE
8
BLACK
6
CONTINUOUS
10
5.6540837401574802
20
-4.1720968897637798
11
5.6541006692913385
21
-4.1721038976377951
0
LINE
8
BLACK
6
CONTINUOUS
10
5.6541006692913385
20
-4.1721038976377951
11
5.6541189763779522
21
-4.1721041338582676
0
LINE
8
BLACK
6
CONTINUOUS
10
5.6541189763779522
20
-4.1721041338582676
11
5.6546310236220467
21
-4.1723235826771656
0
LINE
8
BLACK
6
CONTINUOUS
10
5.6546310236220467
20
-4.1723235826771656
11
5.6551481496062994
21
-4.1725377952755904
0
LINE
8
BLACK
6
CONTINUOUS
10
5.6551481496062994
20
-4.1725377952755904
11
5.6551611023622046
21
-4.1725507480314956
0
LINE
8
BLACK
6
CONTINUOUS
10
5.6551611023622046
20
-4.1725507480314956
11
5.6551779527559054
21
-4.1725579921259843
0
LINE
8
BLACK
6
CONTINUOUS
10
5.6551779527559054
20
-4.1725579921259843
11
5.6555675196850395
21
-4.1729571653543305
0
LINE
8
BLACK
6
CONTINUOUS
10
5.6555675196850395
20
-4.1729571653543305
11
5.65596279527559
21
-4.1733524409448819
0
LINE
8
BLACK
6
CONTINUOUS
10
5.65596279527559
20
-4.1733524409448819
11
5.6559698031496062
21
-4.1733693700787402
0
LINE
8
BLACK
6
CONTINUOUS
10
5.6559698031496062
20
-4.1733693700787402
11
5.6559826377952751
21
-4.1733825196850391
0
LINE
8
BLACK
6
CONTINUOUS
10
5.6559826377952751
20
-4.1733825196850391
11
5.6561902362204721
21
-4.1739014960629923
0
LINE
8
BLACK
6
CONTINUOUS
10
5.6561902362204721
20
-4.1739014960629923
11
5.6564037007874015
21
-4.1744168503937003
0
LINE
8
BLACK
6
CONTINUOUS
10
5.6564037007874015
20
-4.1744168503937003
11
5.6564037007874015
21
-4.1744351574803149
0
LINE
8
BLACK
6
CONTINUOUS
10
5.6564037007874015
20
-4.1744351574803149
11
5.6564105118110231
21
-4.1744522047244095
0
LINE
8
BLACK
6
CONTINUOUS
10
5.6564105118110231
20
-4.1744522047244095
11
5.6564037007874015
21
-4.1750104724409445
0
LINE
8
BLACK
6
CONTINUOUS
10
5.6564037007874015
20
-4.1750104724409445
11
5.6564037007874015
21
-4.1755689763779529
0
LINE
8
BLACK
6
CONTINUOUS
10
5.6564037007874015
20
-4.1755689763779529
11
5.6563966535433066
21
-4.1755859055118112
0
LINE
8
BLACK
6
CONTINUOUS
10
5.6563966535433066
20
-4.1755859055118112
11
5.6563964566929137
21
-4.1756042519685037
0
LINE
8
BLACK
6
CONTINUOUS
10
5.6563964566929137
20
-4.1756042519685037
11
5.6562216929133857
21
-4.1761560629921259
0
LINE
8
BLACK
6
CONTINUOUS
10
5.6562216929133857
20
-4.1761560629921259
11
5.6393488188976377
21
-4.2155261417322833
0
LINE
8
BLACK
6
CONTINUOUS
10
5.6393488188976377
20
-4.2155261417322833
11
5.6390697637795277
21
-4.2160332677165355
0
LINE
8
BLACK
6
CONTINUOUS
10
5.6390697637795277
20
-4.2160332677165355
11
5.6382451968503933
21
-4.2168379527559052
0
LINE
8
BLACK
6
CONTINUOUS
10
5.6382451968503933
20
-4.2168379527559052
11
5.6371755118110238
21
-4.2172658267716532
0
LINE
8
BLACK
6
CONTINUOUS
10
5.6371755118110238
20
-4.2172658267716532
11
5.6360235039370075
21
-4.2172517716535429
0
LINE
8
BLACK
6
CONTINUOUS
10
5.6360235039370075
20
-4.2172517716535429
11
5.6349645275590552
21
-4.2167979527559059
0
LINE
8
BLACK
6
CONTINUOUS
10
5.6349645275590552
20
-4.2167979527559059
11
5.6341598425196846
21
-4.2159733858267714
0
LINE
8
BLACK
6
CONTINUOUS
10
5.6341598425196846
20
-4.2159733858267714
11
5.6337319685039366
21
-4.2149037007874011
0
LINE
8
BLACK
6
CONTINUOUS
10
5.6337319685039366
20
-4.2149037007874011
11
5.6337460236220469
21
-4.2137516929133856
0
LINE
8
BLACK
6
CONTINUOUS
10
5.6337460236220469
20
-4.2137516929133856
11
5.6339207874015749
21
-4.2131998425196846
0
LINE
8
BLACK
6
CONTINUOUS
10
5.6339207874015749
20
-4.2131998425196846
11
5.6490296850393698
21
-4.1779456692913381
0
LINE
8
BLACK
6
CONTINUOUS
10
5.6490296850393698
20
-4.1779456692913381
11
5.6272609842519685
21
-4.1779456692913381
0
LINE
8
BLACK
6
CONTINUOUS
10
5.6272609842519685
20
-4.1779456692913381
11
5.6266849212598427
21
-4.1778889370078742
0
LINE
8
BLACK
6
CONTINUOUS
10
5.6266849212598427
20
-4.1778889370078742
11
5.6256205118110234
21
-4.1774480314960627
0
LINE
8
BLACK
6
CONTINUOUS
10
5.6256205118110234
20
-4.1774480314960627
11
5.6248058661417319
21
-4.1766333858267712
0
LINE
8
BLACK
6
CONTINUOUS
10
5.6248058661417319
20
-4.1766333858267712
11
5.6243649606299213
21
-4.1755689763779529
0
LINE
8
BLACK
6
CONTINUOUS
10
5.6243649606299213
20
-4.1755689763779529
11
5.6243649606299213
21
-4.1744168503937003
0
LINE
8
BLACK
6
CONTINUOUS
10
5.6243649606299213
20
-4.1744168503937003
11
5.6248058661417319
21
-4.1733524409448819
0
LINE
8
BLACK
6
CONTINUOUS
10
5.6248058661417319
20
-4.1733524409448819
11
5.6256205118110234
21
-4.1725377952755904
0
LINE
8
BLACK
6
CONTINUOUS
10
5.6256205118110234
20
-4.1725377952755904
11
5.6266849212598427
21
-4.1720968897637798
0
LINE
8
BLACK
6
CONTINUOUS
10
5.6266849212598427
20
-4.1720968897637798
11
5.6272609842519685
21
-4.172040157480315
0
LINE
8
BLACK
6
CONTINUOUS
10
5.6272609842519685
20
-4.172040157480315
11
5.6535076771653543
21
-4.172040157480315
0
LINE
8
BLACK
6
CONTINUOUS
10
5.6535076771653543
20
-4.172040157480315
11
5.6540837401574802
21
-4.1720968897637798
0
LINE
8
BLACK
6
CONTINUOUS
10
4.4897527952755905
20
-4.1720968897637798
11
4.4902648425196849
21
-4.1720968897637798
0
LINE
8
BLACK
6
CONTINUOUS
10
4.4902648425196849
20
-4.1720968897637798
11
4.4903255905511807
21
-4.1721220472440947
0
LINE
8
BLACK
6
CONTINUOUS
10
4.4903255905511807
20
-4.1721220472440947
11
4.4903914566929135
21
-4.1721249606299216
0
LINE
8
BLACK
6
CONTINUOUS
10
4.4903914566929135
20
-4.1721249606299216
11
4.4908562992125987
21
-4.1723418503937006
0
LINE
8
BLACK
6
CONTINUOUS
10
4.4908562992125987
20
-4.1723418503937006
11
4.4913292519685042
21
-4.1725377952755904
0
LINE
8
BLACK
6
CONTINUOUS
10
4.4913292519685042
20
-4.1725377952755904
11
4.491375748031496
21
-4.1725842913385822
0
LINE
8
BLACK
6
CONTINUOUS
10
4.491375748031496
20
-4.1725842913385822
11
4.4914354724409451
21
-4.1726121653543302
0
LINE
8
BLACK
6
CONTINUOUS
10
4.4914354724409451
20
-4.1726121653543302
11
4.4917816929133858
21
-4.172990236220472
0
LINE
8
BLACK
6
CONTINUOUS
10
4.4917816929133858
20
-4.172990236220472
11
4.4921438976377948
21
-4.1733524409448819
0
LINE
8
BLACK
6
CONTINUOUS
10
4.4921438976377948
20
-4.1733524409448819
11
4.4921690944881885
21
-4.1734132677165352
0
LINE
8
BLACK
6
CONTINUOUS
10
4.4921690944881885
20
-4.1734132677165352
11
4.4922135826771656
21
-4.1734618503937009
0
LINE
8
BLACK
6
CONTINUOUS
10
4.4922135826771656
20
-4.1734618503937009
11
4.4923886614173227
21
-4.1739433464566931
0
LINE
8
BLACK
6
CONTINUOUS
10
4.4923886614173227
20
-4.1739433464566931
11
4.4925848031496063
21
-4.1744168503937003
0
LINE
8
BLACK
6
CONTINUOUS
10
4.4925848031496063
20
-4.1744168503937003
11
4.4925937007874017
21
-4.1745072047244092
0
LINE
8
BLACK
6
CONTINUOUS
10
4.4925937007874017
20
-4.1745072047244092
11
4.4926072834645669
21
-4.1745445669291339
0
LINE
8
BLACK
6
CONTINUOUS
10
4.4926072834645669
20
-4.1745445669291339
11
4.4926042125984251
21
-4.1746140944881889
0
LINE
8
BLACK
6
CONTINUOUS
10
4.4926042125984251
20
-4.1746140944881889
11
4.4926415354330711
21
-4.174992913385827
0
LINE
8
BLACK
6
CONTINUOUS
10
4.4926415354330711
20
-4.174992913385827
11
4.4926415354330711
21
-4.2143629921259844
0
LINE
8
BLACK
6
CONTINUOUS
10
4.4926415354330711
20
-4.2143629921259844
11
4.4925848031496063
21
-4.2149390551181103
0
LINE
8
BLACK
6
CONTINUOUS
10
4.4925848031496063
20
-4.2149390551181103
11
4.4921438976377948
21
-4.2160034645669286
0
LINE
8
BLACK
6
CONTINUOUS
10
4.4921438976377948
20
-4.2160034645669286
11
4.4913292519685042
21
-4.2168181102362201
0
LINE
8
BLACK
6
CONTINUOUS
10
4.4913292519685042
20
-4.2168181102362201
11
4.4902648425196849
21
-4.2172590157480316
0
LINE
8
BLACK
6
CONTINUOUS
10
4.4902648425196849
20
-4.2172590157480316
11
4.4891127165354332
21
-4.2172590157480316
0
LINE
8
BLACK
6
CONTINUOUS
10
4.4891127165354332
20
-4.2172590157480316
11
4.488048307086614
21
-4.2168181102362201
0
LINE
8
BLACK
6
CONTINUOUS
10
4.488048307086614
20
-4.2168181102362201
11
4.4872336614173225
21
-4.2160034645669286
0
LINE
8
BLACK
6
CONTINUOUS
10
4.4872336614173225
20
-4.2160034645669286
11
4.4867927559055119
21
-4.2149390551181103
0
LINE
8
BLACK
6
CONTINUOUS
10
4.4867927559055119
20
-4.2149390551181103
11
4.486736023622047
21
-4.2143629921259844
0
LINE
8
BLACK
6
CONTINUOUS
10
4.486736023622047
20
-4.2143629921259844
11
4.486736023622047
21
-4.1883026377952755
0
LINE
8
BLACK
6
CONTINUOUS
10
4.486736023622047
20
-4.1883026377952755
11
4.4792411811023625
21
-4.2043630314960625
0
LINE
8
BLACK
6
CONTINUOUS
10
4.4792411811023625
20
-4.2043630314960625
11
4.4791162204724406
21
-4.2045739370078739
0
LINE
8
BLACK
6
CONTINUOUS
10
4.4791162204724406
20
-4.2045739370078739
11
4.4790902362204728
21
-4.2046454330708665
0
LINE
8
BLACK
6
CONTINUOUS
10
4.4790902362204728
20
-4.2046454330708665
11
4.4790438976377951
21
-4.204695984251968
0
LINE
8
BLACK
6
CONTINUOUS
10
4.4790438976377951
20
-4.204695984251968
11
4.4789461417322833
21
-4.2048610629921255
0
LINE
8
BLACK
6
CONTINUOUS
10
4.4789461417322833
20
-4.2048610629921255
11
4.4786153149606296
21
-4.2051639763779525
0
LINE
8
BLACK
6
CONTINUOUS
10
4.4786153149606296
20
-4.2051639763779525
11
4.4783121259842522
21
-4.2054951181102362
0
LINE
8
BLACK
6
CONTINUOUS
10
4.4783121259842522
20
-4.2054951181102362
11
4.478193149606299
21
-4.205550590551181
0
LINE
8
BLACK
6
CONTINUOUS
10
4.478193149606299
20
-4.205550590551181
11
4.4780964960629923
21
-4.205639173228346
0
LINE
8
BLACK
6
CONTINUOUS
10
4.4780964960629923
20
-4.205639173228346
11
4.4776749999999996
21
-4.2057924015748034
0
LINE
8
BLACK
6
CONTINUOUS
10
4.4776749999999996
20
-4.2057924015748034
11
4.4772681102362206
21
-4.2059823228346458
0
LINE
8
BLACK
6
CONTINUOUS
10
4.4772681102362206
20
-4.2059823228346458
11
4.4771369291338585
21
-4.2059880708661419
0
LINE
8
BLACK
6
CONTINUOUS
10
4.4771369291338585
20
-4.2059880708661419
11
4.4770137795275593
21
-4.2060328740157482
0
LINE
8
BLACK
6
CONTINUOUS
10
4.4770137795275593
20
-4.2060328740157482
11
4.4765656692913387
21
-4.2060131889763781
0
LINE
8
BLACK
6
CONTINUOUS
10
4.4765656692913387
20
-4.2060131889763781
11
4.4761170866141731
21
-4.206032913385827
0
LINE
8
BLACK
6
CONTINUOUS
10
4.4761170866141731
20
-4.206032913385827
11
4.4759937795275588
21
-4.2059880708661419
0
LINE
8
BLACK
6
CONTINUOUS
10
4.4759937795275588
20
-4.2059880708661419
11
4.4758627559055117
21
-4.2059823228346458
0
LINE
8
BLACK
6
CONTINUOUS
10
4.4758627559055117
20
-4.2059823228346458
11
4.4754561023622044
21
-4.2057925196850396
0
LINE
8
BLACK
6
CONTINUOUS
10
4.4754561023622044
20
-4.2057925196850396
11
4.4750343700787401
21
-4.205639173228346
0
LINE
8
BLACK
6
CONTINUOUS
10
4.4750343700787401
20
-4.205639173228346
11
4.4749375590551184
21
-4.2055505118110235
0
LINE
8
BLACK
6
CONTINUOUS
10
4.4749375590551184
20
-4.2055505118110235
11
4.4748187401574802
21
-4.2054950787401575
0
LINE
8
BLACK
6
CONTINUOUS
10
4.4748187401574802
20
-4.2054950787401575
11
4.4745157874015744
21
-4.2051642519685037
0
LINE
8
BLACK
6
CONTINUOUS
10
4.4745157874015744
20
-4.2051642519685037
11
4.474184724409449
21
-4.2048611023622042
0
LINE
8
BLACK
6
CONTINUOUS
10
4.474184724409449
20
-4.2048611023622042
11
4.474086850393701
21
-4.2046959055118105
0
LINE
8
BLACK
6
CONTINUOUS
10
4.474086850393701
20
-4.2046959055118105
11
4.4740406299212596
21
-4.2046454330708665
0
LINE
8
BLACK
6
CONTINUOUS
10
4.4740406299212596
20
-4.2046454330708665
11
4.4740146456692909
21
-4.2045740551181101
0
LINE
8
BLACK
6
CONTINUOUS
10
4.4740146456692909
20
-4.2045740551181101
11
4.4738896850393699
21
-4.2043630708661412
0
LINE
8
BLACK
6
CONTINUOUS
10
4.4738896850393699
20
-4.2043630708661412
11
4.4663948425196853
21
-4.1883026377952755
0
LINE
8
BLACK
6
CONTINUOUS
10
4.4663948425196853
20
-4.1883026377952755
11
4.4663948425196853
21
-4.2143629921259844
0
LINE
8
BLACK
6
CONTINUOUS
10
4.4663948425196853
20
-4.2143629921259844
11
4.4663381102362205
21
-4.2149390551181103
0
LINE
8
BLACK
6
CONTINUOUS
10
4.4663381102362205
20
-4.2149390551181103
11
4.465897204724409
21
-4.2160034645669286
0
LINE
8
BLACK
6
CONTINUOUS
10
4.465897204724409
20
-4.2160034645669286
11
4.4650825590551184
21
-4.2168181102362201
0
LINE
8
BLACK
6
CONTINUOUS
10
4.4650825590551184
20
-4.2168181102362201
11
4.4640181496062992
21
-4.2172590157480316
0
LINE
8
BLACK
6
CONTINUOUS
10
4.4640181496062992
20
-4.2172590157480316
11
4.4628660236220474
21
-4.2172590157480316
0
LINE
8
BLACK
6
CONTINUOUS
10
4.4628660236220474
20
-4.2172590157480316
11
4.4618016141732282
21
-4.2168181102362201
0
LINE
8
BLACK
6
CONTINUOUS
10
4.4618016141732282
20
-4.2168181102362201
11
4.4609869685039367
21
-4.2160034645669286
0
LINE
8
BLACK
6
CONTINUOUS
10
4.4609869685039367
20
-4.2160034645669286
11
4.4605460629921261
21
-4.2149390551181103
0
LINE
8
BLACK
6
CONTINUOUS
10
4.4605460629921261
20
-4.2149390551181103
11
4.4604893307086613
21
-4.2143629921259844
0
LINE
8
BLACK
6
CONTINUOUS
10
4.4604893307086613
20
-4.2143629921259844
11
4.4604893307086613
21
-4.174992913385827
0
LINE
8
BLACK
6
CONTINUOUS
10
4.4604893307086613
20
-4.174992913385827
11
4.4605266141732285
21
-4.1746140944881889
0
LINE
8
BLACK
6
CONTINUOUS
10
4.4605266141732285
20
-4.1746140944881889
11
4.4605235826771654
21
-4.1745445669291339
0
LINE
8
BLACK
6
CONTINUOUS
10
4.4605235826771654
20
-4.1745445669291339
11
4.4605371259842519
21
-4.1745072047244092
0
LINE
8
BLACK
6
CONTINUOUS
10
4.4605371259842519
20
-4.1745072047244092
11
4.4605460629921261
21
-4.1744168503937003
0
LINE
8
BLACK
6
CONTINUOUS
10
4.4605460629921261
20
-4.1744168503937003
11
4.4607421653543309
21
-4.1739433464566931
0
LINE
8
BLACK
6
CONTINUOUS
10
4.4607421653543309
20
-4.1739433464566931
11
4.4609172834645667
21
-4.1734618503937009
0
LINE
8
BLACK
6
CONTINUOUS
10
4.4609172834645667
20
-4.1734618503937009
11
4.4609617322834643
21
-4.1734132677165352
0
LINE
8
BLACK
6
CONTINUOUS
10
4.4609617322834643
20
-4.1734132677165352
11
4.4609869685039367
21
-4.1733524409448819
0
LINE
8
BLACK
6
CONTINUOUS
10
4.4609869685039367
20
-4.1733524409448819
11
4.4613493700787403
21
-4.1729899999999995
0
LINE
8
BLACK
6
CONTINUOUS
10
4.4613493700787403
20
-4.1729899999999995
11
4.4616953937007873
21
-4.172612204724409
0
LINE
8
BLACK
6
CONTINUOUS
10
4.4616953937007873
20
-4.172612204724409
11
4.4617550393700789
21
-4.172584330708661
0
LINE
8
BLACK
6
CONTINUOUS
10
4.4617550393700789
20
-4.172584330708661
11
4.4618016141732282
21
-4.1725377952755904
0
LINE
8
BLACK
6
CONTINUOUS
10
4.4618016141732282
20
-4.1725377952755904
11
4.4622748818897637
21
-4.1723417322834644
0
LINE
8
BLACK
6
CONTINUOUS
10
4.4622748818897637
20
-4.1723417322834644
11
4.4627394094488189
21
-4.1721249606299216
0
LINE
8
BLACK
6
CONTINUOUS
10
4.4627394094488189
20
-4.1721249606299216
11
4.4628051968503932
21
-4.1721220472440947
0
LINE
8
BLACK
6
CONTINUOUS
10
4.4628051968503932
20
-4.1721220472440947
11
4.4628660236220474
21
-4.1720968897637798
0
LINE
8
BLACK
6
CONTINUOUS
10
4.4628660236220474
20
-4.1720968897637798
11
4.4633785826771657
21
-4.1720968897637798
0
LINE
8
BLACK
6
CONTINUOUS
10
4.4633785826771657
20
-4.1720968897637798
11
4.4638904330708664
21
-4.1720744094488191
0
LINE
8
BLACK
6
CONTINUOUS
10
4.4638904330708664
20
-4.1720744094488191
11
4.4639522440944877
21
-4.1720968897637798
0
LINE
8
BLACK
6
CONTINUOUS
10
4.4639522440944877
20
-4.1720968897637798
11
4.4640181496062992
21
-4.1720968897637798
0
LINE
8
BLACK
6
CONTINUOUS
10
4.4640181496062992
20
-4.1720968897637798
11
4.4644916141732285
21
-4.1722929921259846
0
LINE
8
BLACK
6
CONTINUOUS
10
4.4644916141732285
20
-4.1722929921259846
11
4.4649731496062994
21
-4.1724681102362204
0
LINE
8
BLACK
6
CONTINUOUS
10
4.4649731496062994
20
-4.1724681102362204
11
4.4650216929133855
21
-4.172512559055118
0
LINE
8
BLACK
6
CONTINUOUS
10
4.4650216929133855
20
-4.172512559055118
11
4.4650825590551184
21
-4.1725377952755904
0
LINE
8
BLACK
6
CONTINUOUS
10
4.4650825590551184
20
-4.1725377952755904
11
4.4654449606299211
21
-4.172900196850394
0
LINE
8
BLACK
6
CONTINUOUS
10
4.4654449606299211
20
-4.172900196850394
11
4.4658227952755905
21
-4.173246220472441
0
LINE
8
BLACK
6
CONTINUOUS
10
4.4658227952755905
20
-4.173246220472441
11
4.465869015748031
21
-4.1733242519685039
0
LINE
8
BLACK
6
CONTINUOUS
10
4.465869015748031
20
-4.1733242519685039
11
4.465897204724409
21
-4.1733524409448819
0
LINE
8
BLACK
6
CONTINUOUS
10
4.465897204724409
20
-4.1733524409448819
11
4.4659238976377953
21
-4.1734168503937008
0
LINE
8
BLACK
6
CONTINUOUS
10
4.4659238976377953
20
-4.1734168503937008
11
4.4661178346456696
21
-4.173744251968504
0
LINE
8
BLACK
6
CONTINUOUS
10
4.4661178346456696
20
-4.173744251968504
11
4.4765653937007874
21
-4.1961319291338581
0
LINE
8
BLACK
6
CONTINUOUS
10
4.4765653937007874
20
-4.1961319291338581
11
4.4870130314960628
21
-4.1737442125984252
0
LINE
8
BLACK
6
CONTINUOUS
10
4.4870130314960628
20
-4.1737442125984252
11
4.4872070078740158
21
-4.1734167322834645
0
LINE
8
BLACK
6
CONTINUOUS
10
4.4872070078740158
20
-4.1734167322834645
11
4.4872336614173225
21
-4.1733524409448819
0
LINE
8
BLACK
6
CONTINUOUS
10
4.4872336614173225
20
-4.1733524409448819
11
4.487261771653543
21
-4.1733242913385826
0
LINE
8
BLACK
6
CONTINUOUS
10
4.487261771653543
20
-4.1733242913385826
11
4.4873080708661419
21
-4.1732461811023622
0
LINE
8
BLACK
6
CONTINUOUS
10
4.4873080708661419
20
-4.1732461811023622
11
4.4876861417322838
21
-4.1728999212598428
0
LINE
8
BLACK
6
CONTINUOUS
10
4.4876861417322838
20
-4.1728999212598428
11
4.488048307086614
21
-4.1725377952755904
0
LINE
8
BLACK
6
CONTINUOUS
10
4.488048307086614
20
-4.1725377952755904
11
4.4881091338582673
21
-4.1725125984251967
0
LINE
8
BLACK
6
CONTINUOUS
10
4.4881091338582673
20
-4.1725125984251967
11
4.4881577165354329
21
-4.1724681102362204
0
LINE
8
BLACK
6
CONTINUOUS
10
4.4881577165354329
20
-4.1724681102362204
11
4.4886395275590552
21
-4.1722928740157483
0
LINE
8
BLACK
6
CONTINUOUS
10
4.4886395275590552
20
-4.1722928740157483
11
4.4891127165354332
21
-4.1720968897637798
0
LINE
8
BLACK
6
CONTINUOUS
10
4.4891127165354332
20
-4.1720968897637798
11
4.4891785039370076
21
-4.1720968897637798
0
LINE
8
BLACK
6
CONTINUOUS
10
4.4891785039370076
20
-4.1720968897637798
11
4.489240433070866
21
-4.1720743700787404
0
LINE
8
BLACK
6
CONTINUOUS
10
4.489240433070866
20
-4.1720743700787404
11
4.4897527952755905
21
-4.1720968897637798
0
LINE
8
BLACK
6
CONTINUOUS
10
4.7125516141732282
20
-4.1725377952755904
11
4.7133662598425197
21
-4.1733524409448819
0
LINE
8
BLACK
6
CONTINUOUS
10
4.7133662598425197
20
-4.1733524409448819
11
4.7138071653543303
21
-4.1744168503937003
0
LINE
8
BLACK
6
CONTINUOUS
10
4.7138071653543303
20
-4.1744168503937003
11
4.7138638976377951
21
-4.174992913385827
0
LINE
8
BLACK
6
CONTINUOUS
10
4.7138638976377951
20
-4.174992913385827
11
4.7138638976377951
21
-4.1907877952755905
0
LINE
8
BLACK
6
CONTINUOUS
10
4.7138638976377951
20
-4.1907877952755905
11
4.7304555511811026
21
-4.1907877952755905
0
LINE
8
BLACK
6
CONTINUOUS
10
4.7304555511811026
20
-4.1907877952755905
11
4.7304555511811026
21
-4.174992913385827
0
LINE
8
BLACK
6
CONTINUOUS
10
4.7304555511811026
20
-4.174992913385827
11
4.7305122834645665
21
-4.1744168503937003
0
LINE
8
BLACK
6
CONTINUOUS
10
4.7305122834645665
20
-4.1744168503937003
11
4.7309531889763781
21
-4.1733524409448819
0
LINE
8
BLACK
6
CONTINUOUS
10
4.7309531889763781
20
-4.1733524409448819
11
4.7317678346456695
21
-4.1725377952755904
0
LINE
8
BLACK
6
CONTINUOUS
10
4.7317678346456695
20
-4.1725377952755904
11
4.7328322440944879
21
-4.1720968897637798
0
LINE
8
BLACK
6
CONTINUOUS
10
4.7328322440944879
20
-4.1720968897637798
11
4.7339843700787396
21
-4.1720968897637798
0
LINE
8
BLACK
6
CONTINUOUS
10
4.7339843700787396
20
-4.1720968897637798
11
4.7350487795275589
21
-4.1725377952755904
0
LINE
8
BLACK
6
CONTINUOUS
10
4.7350487795275589
20
-4.1725377952755904
11
4.7358634251968503
21
-4.1733524409448819
0
LINE
8
BLACK
6
CONTINUOUS
10
4.7358634251968503
20
-4.1733524409448819
11
4.736304330708661
21
-4.1744168503937003
0
LINE
8
BLACK
6
CONTINUOUS
10
4.736304330708661
20
-4.1744168503937003
11
4.7363610629921258
21
-4.174992913385827
0
LINE
8
BLACK
6
CONTINUOUS
10
4.7363610629921258
20
-4.174992913385827
11
4.7363610629921258
21
-4.2143629921259844
0
LINE
8
BLACK
6
CONTINUOUS
10
4.7363610629921258
20
-4.2143629921259844
11
4.736304330708661
21
-4.2149390551181103
0
LINE
8
BLACK
6
CONTINUOUS
10
4.736304330708661
20
-4.2149390551181103
11
4.7358634251968503
21
-4.2160034645669286
0
LINE
8
BLACK
6
CONTINUOUS
10
4.7358634251968503
20
-4.2160034645669286
11
4.7350487795275589
21
-4.2168181102362201
0
LINE
8
BLACK
6
CONTINUOUS
10
4.7350487795275589
20
-4.2168181102362201
11
4.7339843700787396
21
-4.2172590157480316
0
LINE
8
BLACK
6
CONTINUOUS
10
4.7339843700787396
20
-4.2172590157480316
11
4.7328322440944879
21
-4.2172590157480316
0
LINE
8
BLACK
6
CONTINUOUS
10
4.7328322440944879
20
-4.2172590157480316
11
4.7317678346456695
21
-4.2168181102362201
0
LINE
8
BLACK
6
CONTINUOUS
10
4.7317678346456695
20
-4.2168181102362201
11
4.7309531889763781
21
-4.2160034645669286
0
LINE
8
BLACK
6
CONTINUOUS
10
4.7309531889763781
20
-4.2160034645669286
11
4.7305122834645665
21
-4.2149390551181103
0
LINE
8
BLACK
6
CONTINUOUS
10
4.7305122834645665
20
-4.2149390551181103
11
4.7304555511811026
21
-4.2143629921259844
0
LINE
8
BLACK
6
CONTINUOUS
10
4.7304555511811026
20
-4.2143629921259844
11
4.7304555511811026
21
-4.1966933070866137
0
LINE
8
BLACK
6
CONTINUOUS
10
4.7304555511811026
20
-4.1966933070866137
11
4.7138638976377951
21
-4.1966933070866137
0
LINE
8
BLACK
6
CONTINUOUS
10
4.7138638976377951
20
-4.1966933070866137
11
4.7138638976377951
21
-4.2143629921259844
0
LINE
8
BLACK
6
CONTINUOUS
10
4.7138638976377951
20
-4.2143629921259844
11
4.7138071653543303
21
-4.2149390551181103
0
LINE
8
BLACK
6
CONTINUOUS
10
4.7138071653543303
20
-4.2149390551181103
11
4.7133662598425197
21
-4.2160034645669286
0
LINE
8
BLACK
6
CONTINUOUS
10
4.7133662598425197
20
-4.2160034645669286
11
4.7125516141732282
21
-4.2168181102362201
0
LINE
8
BLACK
6
CONTINUOUS
10
4.7125516141732282
20
-4.2168181102362201
11
4.711487204724409
21
-4.2172590157480316
0
LINE
8
BLACK
6
CONTINUOUS
10
4.711487204724409
20
-4.2172590157480316
11
4.7103350787401572
21
-4.2172590157480316
0
LINE
8
BLACK
6
CONTINUOUS
10
4.7103350787401572
20
-4.2172590157480316
11
4.7092706692913389
21
-4.2168181102362201
0
LINE
8
BLACK
6
CONTINUOUS
10
4.7092706692913389
20
-4.2168181102362201
11
4.7084560236220474
21
-4.2160034645669286
0
LINE
8
BLACK
6
CONTINUOUS
10
4.7084560236220474
20
-4.2160034645669286
11
4.7080151181102359
21
-4.2149390551181103
0
LINE
8
BLACK
6
CONTINUOUS
10
4.7080151181102359
20
-4.2149390551181103
11
4.707958385826772
21
-4.2143629921259844
0
LINE
8
BLACK
6
CONTINUOUS
10
4.707958385826772
20
-4.2143629921259844
11
4.707958385826772
21
-4.174992913385827
0
LINE
8
BLACK
6
CONTINUOUS
10
4.707958385826772
20
-4.174992913385827
11
4.7080151181102359
21
-4.1744168503937003
0
LINE
8
BLACK
6
CONTINUOUS
10
4.7080151181102359
20
-4.1744168503937003
11
4.7084560236220474
21
-4.1733524409448819
0
LINE
8
BLACK
6
CONTINUOUS
10
4.7084560236220474
20
-4.1733524409448819
11
4.7092706692913389
21
-4.1725377952755904
0
LINE
8
BLACK
6
CONTINUOUS
10
4.7092706692913389
20
-4.1725377952755904
11
4.7103350787401572
21
-4.1720968897637798
0
LINE
8
BLACK
6
CONTINUOUS
10
4.7103350787401572
20
-4.1720968897637798
11
4.711487204724409
21
-4.1720968897637798
0
LINE
8
BLACK
6
CONTINUOUS
10
4.711487204724409
20
-4.1720968897637798
11
4.7125516141732282
21
-4.1725377952755904
0
LINE
8
BLACK
6
CONTINUOUS
10
4.8558441338582679
20
-4.1720968897637798
11
4.8569085433070862
21
-4.1725377952755904
0
LINE
8
BLACK
6
CONTINUOUS
10
4.8569085433070862
20
-4.1725377952755904
11
4.8577231889763777
21
-4.1733524409448819
0
LINE
8
BLACK
6
CONTINUOUS
10
4.8577231889763777
20
-4.1733524409448819
11
4.8581640944881892
21
-4.1744168503937003
0
LINE
8
BLACK
6
CONTINUOUS
10
4.8581640944881892
20
-4.1744168503937003
11
4.8581640944881892
21
-4.1755689763779529
0
LINE
8
BLACK
6
CONTINUOUS
10
4.8581640944881892
20
-4.1755689763779529
11
4.8577231889763777
21
-4.1766333858267712
0
LINE
8
BLACK
6
CONTINUOUS
10
4.8577231889763777
20
-4.1766333858267712
11
4.8569085433070862
21
-4.1774480314960627
0
LINE
8
BLACK
6
CONTINUOUS
10
4.8569085433070862
20
-4.1774480314960627
11
4.8558441338582679
21
-4.1778889370078742
0
LINE
8
BLACK
6
CONTINUOUS
10
4.8558441338582679
20
-4.1778889370078742
11
4.855268070866142
21
-4.1779456692913381
0
LINE
8
BLACK
6
CONTINUOUS
10
4.855268070866142
20
-4.1779456692913381
11
4.8469722440944878
21
-4.1779456692913381
0
LINE
8
BLACK
6
CONTINUOUS
10
4.8469722440944878
20
-4.1779456692913381
11
4.8469722440944878
21
-4.2143629921259844
0
LINE
8
BLACK
6
CONTINUOUS
10
4.8469722440944878
20
-4.2143629921259844
11
4.8469155118110239
21
-4.2149390551181103
0
LINE
8
BLACK
6
CONTINUOUS
10
4.8469155118110239
20
-4.2149390551181103
11
4.8464746062992123
21
-4.2160034645669286
0
LINE
8
BLACK
6
CONTINUOUS
10
4.8464746062992123
20
-4.2160034645669286
11
4.8456599606299209
21
-4.2168181102362201
0
LINE
8
BLACK
6
CONTINUOUS
10
4.8456599606299209
20
-4.2168181102362201
11
4.8445955511811025
21
-4.2172590157480316
0
LINE
8
BLACK
6
CONTINUOUS
10
4.8445955511811025
20
-4.2172590157480316
11
4.8434434251968499
21
-4.2172590157480316
0
LINE
8
BLACK
6
CONTINUOUS
10
4.8434434251968499
20
-4.2172590157480316
11
4.8423790157480315
21
-4.2168181102362201
0
LINE
8
BLACK
6
CONTINUOUS
10
4.8423790157480315
20
-4.2168181102362201
11
4.8415643700787401
21
-4.2160034645669286
0
LINE
8
BLACK
6
CONTINUOUS
10
4.8415643700787401
20
-4.2160034645669286
11
4.8411234645669294
21
-4.2149390551181103
0
LINE
8
BLACK
6
CONTINUOUS
10
4.8411234645669294
20
-4.2149390551181103
11
4.8410667322834646
21
-4.2143629921259844
0
LINE
8
BLACK
6
CONTINUOUS
10
4.8410667322834646
20
-4.2143629921259844
11
4.8410667322834646
21
-4.1779456692913381
0
LINE
8
BLACK
6
CONTINUOUS
10
4.8410667322834646
20
-4.1779456692913381
11
4.8327709055118113
21
-4.1779456692913381
0
LINE
8
BLACK
6
CONTINUOUS
10
4.8327709055118113
20
-4.1779456692913381
11
4.8321948425196846
21
-4.1778889370078742
0
LINE
8
BLACK
6
CONTINUOUS
10
4.8321948425196846
20
-4.1778889370078742
11
4.8311304330708662
21
-4.1774480314960627
0
LINE
8
BLACK
6
CONTINUOUS
10
4.8311304330708662
20
-4.1774480314960627
11
4.8303157874015747
21
-4.1766333858267712
0
LINE
8
BLACK
6
CONTINUOUS
10
4.8303157874015747
20
-4.1766333858267712
11
4.8298748818897641
21
-4.1755689763779529
0
LINE
8
BLACK
6
CONTINUOUS
10
4.8298748818897641
20
-4.1755689763779529
11
4.8298748818897641
21
-4.1744168503937003
0
LINE
8
BLACK
6
CONTINUOUS
10
4.8298748818897641
20
-4.1744168503937003
11
4.8303157874015747
21
-4.1733524409448819
0
LINE
8
BLACK
6
CONTINUOUS
10
4.8303157874015747
20
-4.1733524409448819
11
4.8311304330708662
21
-4.1725377952755904
0
LINE
8
BLACK
6
CONTINUOUS
10
4.8311304330708662
20
-4.1725377952755904
11
4.8321948425196846
21
-4.1720968897637798
0
LINE
8
BLACK
6
CONTINUOUS
10
4.8321948425196846
20
-4.1720968897637798
11
4.8327709055118113
21
-4.172040157480315
0
LINE
8
BLACK
6
CONTINUOUS
10
4.8327709055118113
20
-4.172040157480315
11
4.855268070866142
21
-4.172040157480315
0
LINE
8
BLACK
6
CONTINUOUS
10
4.855268070866142
20
-4.172040157480315
11
4.8558441338582679
21
-4.1720968897637798
0
LINE
8
BLACK
6
CONTINUOUS
10
5.0693000393700789
20
-4.1720968897637798
11
5.0698120866141734
21
-4.1720968897637798
0
LINE
8
BLACK
6
CONTINUOUS
10
5.0698120866141734
20
-4.1720968897637798
11
5.0698728346456692
21
-4.1721220472440947
0
LINE
8
BLACK
6
CONTINUOUS
10
5.0698728346456692
20
-4.1721220472440947
11
5.0699387007874011
21
-4.1721249606299216
0
LINE
8
BLACK
6
CONTINUOUS
10
5.0699387007874011
20
-4.1721249606299216
11
5.0704035433070862
21
-4.1723418503937006
0
LINE
8
BLACK
6
CONTINUOUS
10
5.0704035433070862
20
-4.1723418503937006
11
5.0708764960629917
21
-4.1725377952755904
0
LINE
8
BLACK
6
CONTINUOUS
10
5.0708764960629917
20
-4.1725377952755904
11
5.0709229921259844
21
-4.1725842913385822
0
LINE
8
BLACK
6
CONTINUOUS
10
5.0709229921259844
20
-4.1725842913385822
11
5.0709827165354326
21
-4.1726121653543302
0
LINE
8
BLACK
6
CONTINUOUS
10
5.0709827165354326
20
-4.1726121653543302
11
5.0713289370078742
21
-4.172990236220472
0
LINE
8
BLACK
6
CONTINUOUS
10
5.0713289370078742
20
-4.172990236220472
11
5.0716911417322832
21
-4.1733524409448819
0
LINE
8
BLACK
6
CONTINUOUS
10
5.0716911417322832
20
-4.1733524409448819
11
5.0717163385826769
21
-4.1734132677165352
0
LINE
8
BLACK
6
CONTINUOUS
10
5.0717163385826769
20
-4.1734132677165352
11
5.0717608267716532
21
-4.1734618503937009
0
LINE
8
BLACK
6
CONTINUOUS
10
5.0717608267716532
20
-4.1734618503937009
11
5.0719359055118112
21
-4.1739433464566931
0
LINE
8
BLACK
6
CONTINUOUS
10
5.0719359055118112
20
-4.1739433464566931
11
5.0721320472440947
21
-4.1744168503937003
0
LINE
8
BLACK
6
CONTINUOUS
10
5.0721320472440947
20
-4.1744168503937003
11
5.0721409448818893
21
-4.1745072047244092
0
LINE
8
BLACK
6
CONTINUOUS
10
5.0721409448818893
20
-4.1745072047244092
11
5.0721545275590554
21
-4.1745445669291339
0
LINE
8
BLACK
6
CONTINUOUS
10
5.0721545275590554
20
-4.1745445669291339
11
5.0721514566929136
21
-4.1746140944881889
0
LINE
8
BLACK
6
CONTINUOUS
10
5.0721514566929136
20
-4.1746140944881889
11
5.0721887795275586
21
-4.174992913385827
0
LINE
8
BLACK
6
CONTINUOUS
10
5.0721887795275586
20
-4.174992913385827
11
5.0721887795275586
21
-4.2143629921259844
0
LINE
8
BLACK
6
CONTINUOUS
10
5.0721887795275586
20
-4.2143629921259844
11
5.0721320472440947
21
-4.2149390551181103
0
LINE
8
BLACK
6
CONTINUOUS
10
5.0721320472440947
20
-4.2149390551181103
11
5.0716911417322832
21
-4.2160034645669286
0
LINE
8
BLACK
6
CONTINUOUS
10
5.0716911417322832
20
-4.2160034645669286
11
5.0708764960629917
21
-4.2168181102362201
0
LINE
8
BLACK
6
CONTINUOUS
10
5.0708764960629917
20
-4.2168181102362201
11
5.0698120866141734
21
-4.2172590157480316
0
LINE
8
BLACK
6
CONTINUOUS
10
5.0698120866141734
20
-4.2172590157480316
11
5.0686599606299207
21
-4.2172590157480316
0
LINE
8
BLACK
6
CONTINUOUS
10
5.0686599606299207
20
-4.2172590157480316
11
5.0675955511811024
21
-4.2168181102362201
0
LINE
8
BLACK
6
CONTINUOUS
10
5.0675955511811024
20
-4.2168181102362201
11
5.0667809055118109
21
-4.2160034645669286
0
LINE
8
BLACK
6
CONTINUOUS
10
5.0667809055118109
20
-4.2160034645669286
11
5.0663400000000003
21
-4.2149390551181103
0
LINE
8
BLACK
6
CONTINUOUS
10
5.0663400000000003
20
-4.2149390551181103
11
5.0662832677165355
21
-4.2143629921259844
0
LINE
8
BLACK
6
CONTINUOUS
10
5.0662832677165355
20
-4.2143629921259844
11
5.0662832677165355
21
-4.1883026377952755
0
LINE
8
BLACK
6
CONTINUOUS
10
5.0662832677165355
20
-4.1883026377952755
11
5.05878842519685
21
-4.2043630314960625
0
LINE
8
BLACK
6
CONTINUOUS
10
5.05878842519685
20
-4.2043630314960625
11
5.0586634645669291
21
-4.2045739370078739
0
LINE
8
BLACK
6
CONTINUOUS
10
5.0586634645669291
20
-4.2045739370078739
11
5.0586374803149603
21
-4.2046454330708665
0
LINE
8
BLACK
6
CONTINUOUS
10
5.0586374803149603
20
-4.2046454330708665
11
5.0585911417322835
21
-4.204695984251968
0
LINE
8
BLACK
6
CONTINUOUS
10
5.0585911417322835
20
-4.204695984251968
11
5.0584933858267718
21
-4.2048610629921255
0
LINE
8
BLACK
6
CONTINUOUS
10
5.0584933858267718
20
-4.2048610629921255
11
5.058162559055118
21
-4.2051639763779525
0
LINE
8
BLACK
6
CONTINUOUS
10
5.058162559055118
20
-4.2051639763779525
11
5.0578593700787398
21
-4.2054951181102362
0
LINE
8
BLACK
6
CONTINUOUS
10
5.0578593700787398
20
-4.2054951181102362
11
5.0577403937007874
21
-4.205550590551181
0
LINE
8
BLACK
6
CONTINUOUS
10
5.0577403937007874
20
-4.205550590551181
11
5.0576437401574799
21
-4.205639173228346
0
LINE
8
BLACK
6
CONTINUOUS
10
5.0576437401574799
20
-4.205639173228346
11
5.0572222440944881
21
-4.2057924015748034
0
LINE
8
BLACK
6
CONTINUOUS
10
5.0572222440944881
20
-4.2057924015748034
11
5.0568153543307082
21
-4.2059823228346458
0
LINE
8
BLACK
6
CONTINUOUS
10
5.0568153543307082
20
-4.2059823228346458
11
5.0566841732283461
21
-4.2059880708661419
0
LINE
8
BLACK
6
CONTINUOUS
10
5.0566841732283461
20
-4.2059880708661419
11
5.0565610236220468
21
-4.2060328740157482
0
LINE
8
BLACK
6
CONTINUOUS
10
5.0565610236220468
20
-4.2060328740157482
11
5.0561129133858262
21
-4.2060131889763781
0
LINE
8
BLACK
6
CONTINUOUS
10
5.0561129133858262
20
-4.2060131889763781
11
5.0556643307086615
21
-4.206032913385827
0
LINE
8
BLACK
6
CONTINUOUS
10
5.0556643307086615
20
-4.206032913385827
11
5.0555410236220473
21
-4.2059880708661419
0
LINE
8
BLACK
6
CONTINUOUS
10
5.0555410236220473
20
-4.2059880708661419
11
5.0554100000000002
21
-4.2059823228346458
0
LINE
8
BLACK
6
CONTINUOUS
10
5.0554100000000002
20
-4.2059823228346458
11
5.0550033464566928
21
-4.2057925196850396
0
LINE
8
BLACK
6
CONTINUOUS
10
5.0550033464566928
20
-4.2057925196850396
11
5.0545816141732285
21
-4.205639173228346
0
LINE
8
BLACK
6
CONTINUOUS
10
5.0545816141732285
20
-4.205639173228346
11
5.0544848031496059
21
-4.2055505118110235
0
LINE
8
BLACK
6
CONTINUOUS
10
5.0544848031496059
20
-4.2055505118110235
11
5.0543659842519686
21
-4.2054950787401575
0
LINE
8
BLACK
6
CONTINUOUS
10
5.0543659842519686
20
-4.2054950787401575
11
5.0540630314960628
21
-4.2051642519685037
0
LINE
8
BLACK
6
CONTINUOUS
10
5.0540630314960628
20
-4.2051642519685037
11
5.0537319685039366
21
-4.2048611023622042
0
LINE
8
BLACK
6
CONTINUOUS
10
5.0537319685039366
20
-4.2048611023622042
11
5.0536340944881886
21
-4.2046959055118105
0
LINE
8
BLACK
6
CONTINUOUS
10
5.0536340944881886
20
-4.2046959055118105
11
5.053587874015748
21
-4.2046454330708665
0
LINE
8
BLACK
6
CONTINUOUS
10
5.053587874015748
20
-4.2046454330708665
11
5.0535618897637793
21
-4.2045740551181101
0
LINE
8
BLACK
6
CONTINUOUS
10
5.0535618897637793
20
-4.2045740551181101
11
5.0534369291338583
21
-4.2043630708661412
0
LINE
8
BLACK
6
CONTINUOUS
10
5.0534369291338583
20
-4.2043630708661412
11
5.0459420866141729
21
-4.1883026377952755
0
LINE
8
BLACK
6
CONTINUOUS
10
5.0459420866141729
20
-4.1883026377952755
11
5.0459420866141729
21
-4.2143629921259844
0
LINE
8
BLACK
6
CONTINUOUS
10
5.0459420866141729
20
-4.2143629921259844
11
5.0458853543307089
21
-4.2149390551181103
0
LINE
8
BLACK
6
CONTINUOUS
10
5.0458853543307089
20
-4.2149390551181103
11
5.0454444488188974
21
-4.2160034645669286
0
LINE
8
BLACK
6
CONTINUOUS
10
5.0454444488188974
20
-4.2160034645669286
11
5.044629803149606
21
-4.2168181102362201
0
LINE
8
BLACK
6
CONTINUOUS
10
5.044629803149606
20
-4.2168181102362201
11
5.0435653937007876
21
-4.2172590157480316
0
LINE
8
BLACK
6
CONTINUOUS
10
5.0435653937007876
20
-4.2172590157480316
11
5.042413267716535
21
-4.2172590157480316
0
LINE
8
BLACK
6
CONTINUOUS
10
5.042413267716535
20
-4.2172590157480316
11
5.0413488582677166
21
-4.2168181102362201
0
LINE
8
BLACK
6
CONTINUOUS
10
5.0413488582677166
20
-4.2168181102362201
11
5.0405342125984252
21
-4.2160034645669286
0
LINE
8
BLACK
6
CONTINUOUS
10
5.0405342125984252
20
-4.2160034645669286
11
5.0400933070866136
21
-4.2149390551181103
0
LINE
8
BLACK
6
CONTINUOUS
10
5.0400933070866136
20
-4.2149390551181103
11
5.0400365748031497
21
-4.2143629921259844
0
LINE
8
BLACK
6
CONTINUOUS
10
5.0400365748031497
20
-4.2143629921259844
11
5.0400365748031497
21
-4.174992913385827
0
LINE
8
BLACK
6
CONTINUOUS
10
5.0400365748031497
20
-4.174992913385827
11
5.040073858267716
21
-4.1746140944881889
0
LINE
8
BLACK
6
CONTINUOUS
10
5.040073858267716
20
-4.1746140944881889
11
5.0400708267716539
21
-4.1745445669291339
0
LINE
8
BLACK
6
CONTINUOUS
10
5.0400708267716539
20
-4.1745445669291339
11
5.0400843700787403
21
-4.1745072047244092
0
LINE
8
BLACK
6
CONTINUOUS
10
5.0400843700787403
20
-4.1745072047244092
11
5.0400933070866136
21
-4.1744168503937003
0
LINE
8
BLACK
6
CONTINUOUS
10
5.0400933070866136
20
-4.1744168503937003
11
5.0402894094488184
21
-4.1739433464566931
0
LINE
8
BLACK
6
CONTINUOUS
10
5.0402894094488184
20
-4.1739433464566931
11
5.0404645275590552
21
-4.1734618503937009
0
LINE
8
BLACK
6
CONTINUOUS
10
5.0404645275590552
20
-4.1734618503937009
11
5.0405089763779527
21
-4.1734132677165352
0
LINE
8
BLACK
6
CONTINUOUS
10
5.0405089763779527
20
-4.1734132677165352
11
5.0405342125984252
21
-4.1733524409448819
0
LINE
8
BLACK
6
CONTINUOUS
10
5.0405342125984252
20
-4.1733524409448819
11
5.0408966141732279
21
-4.1729899999999995
0
LINE
8
BLACK
6
CONTINUOUS
10
5.0408966141732279
20
-4.1729899999999995
11
5.0412426377952757
21
-4.172612204724409
0
LINE
8
BLACK
6
CONTINUOUS
10
5.0412426377952757
20
-4.172612204724409
11
5.0413022834645664
21
-4.172584330708661
0
LINE
8
BLACK
6
CONTINUOUS
10
5.0413022834645664
20
-4.172584330708661
11
5.0413488582677166
21
-4.1725377952755904
0
LINE
8
BLACK
6
CONTINUOUS
10
5.0413488582677166
20
-4.1725377952755904
11
5.0418221259842522
21
-4.1723417322834644
0
LINE
8
BLACK
6
CONTINUOUS
10
5.0418221259842522
20
-4.1723417322834644
11
5.0422866535433073
21
-4.1721249606299216
0
LINE
8
BLACK
6
CONTINUOUS
10
5.0422866535433073
20
-4.1721249606299216
11
5.0423524409448817
21
-4.1721220472440947
0
LINE
8
BLACK
6
CONTINUOUS
10
5.0423524409448817
20
-4.1721220472440947
11
5.042413267716535
21
-4.1720968897637798
0
LINE
8
BLACK
6
CONTINUOUS
10
5.042413267716535
20
-4.1720968897637798
11
5.0429258267716532
21
-4.1720968897637798
0
LINE
8
BLACK
6
CONTINUOUS
10
5.0429258267716532
20
-4.1720968897637798
11
5.043437677165354
21
-4.1720744094488191
0
LINE
8
BLACK
6
CONTINUOUS
10
5.043437677165354
20
-4.1720744094488191
11
5.0434994881889761
21
-4.1720968897637798
0
LINE
8
BLACK
6
CONTINUOUS
10
5.0434994881889761
20
-4.1720968897637798
11
5.0435653937007876
21
-4.1720968897637798
0
LINE
8
BLACK
6
CONTINUOUS
10
5.0435653937007876
20
-4.1720968897637798
11
5.044038858267716
21
-4.1722929921259846
0
LINE
8
BLACK
6
CONTINUOUS
10
5.044038858267716
20
-4.1722929921259846
11
5.044520393700787
21
-4.1724681102362204
0
LINE
8
BLACK
6
CONTINUOUS
10
5.044520393700787
20
-4.1724681102362204
11
5.0445689370078739
21
-4.172512559055118
0
LINE
8
BLACK
6
CONTINUOUS
10
5.0445689370078739
20
-4.172512559055118
11
5.044629803149606
21
-4.1725377952755904
0
LINE
8
BLACK
6
CONTINUOUS
10
5.044629803149606
20
-4.1725377952755904
11
5.0449922047244096
21
-4.172900196850394
0
LINE
8
BLACK
6
CONTINUOUS
10
5.0449922047244096
20
-4.172900196850394
11
5.0453700393700789
21
-4.173246220472441
0
LINE
8
BLACK
6
CONTINUOUS
10
5.0453700393700789
20
-4.173246220472441
11
5.0454162598425194
21
-4.1733242519685039
0
LINE
8
BLACK
6
CONTINUOUS
10
5.0454162598425194
20
-4.1733242519685039
11
5.0454444488188974
21
-4.1733524409448819
0
LINE
8
BLACK
6
CONTINUOUS
10
5.0454444488188974
20
-4.1733524409448819
11
5.0454711417322837
21
-4.1734168503937008
0
LINE
8
BLACK
6
CONTINUOUS
10
5.0454711417322837
20
-4.1734168503937008
11
5.0456650787401571
21
-4.173744251968504
0
LINE
8
BLACK
6
CONTINUOUS
10
5.0456650787401571
20
-4.173744251968504
11
5.0561126377952759
21
-4.1961319291338581
0
LINE
8
BLACK
6
CONTINUOUS
10
5.0561126377952759
20
-4.1961319291338581
11
5.0665602755905512
21
-4.1737442125984252
0
LINE
8
BLACK
6
CONTINUOUS
10
5.0665602755905512
20
-4.1737442125984252
11
5.0667542519685043
21
-4.1734167322834645
0
LINE
8
BLACK
6
CONTINUOUS
10
5.0667542519685043
20
-4.1734167322834645
11
5.0667809055118109
21
-4.1733524409448819
0
LINE
8
BLACK
6
CONTINUOUS
10
5.0667809055118109
20
-4.1733524409448819
11
5.0668090157480314
21
-4.1733242913385826
0
LINE
8
BLACK
6
CONTINUOUS
10
5.0668090157480314
20
-4.1733242913385826
11
5.0668553149606295
21
-4.1732461811023622
0
LINE
8
BLACK
6
CONTINUOUS
10
5.0668553149606295
20
-4.1732461811023622
11
5.0672333858267713
21
-4.1728999212598428
0
LINE
8
BLACK
6
CONTINUOUS
10
5.0672333858267713
20
-4.1728999212598428
11
5.0675955511811024
21
-4.1725377952755904
0
LINE
8
BLACK
6
CONTINUOUS
10
5.0675955511811024
20
-4.1725377952755904
11
5.0676563779527557
21
-4.1725125984251967
0
LINE
8
BLACK
6
CONTINUOUS
10
5.0676563779527557
20
-4.1725125984251967
11
5.0677049606299214
21
-4.1724681102362204
0
LINE
8
BLACK
6
CONTINUOUS
10
5.0677049606299214
20
-4.1724681102362204
11
5.0681867716535436
21
-4.1722928740157483
0
LINE
8
BLACK
6
CONTINUOUS
10
5.0681867716535436
20
-4.1722928740157483
11
5.0686599606299207
21
-4.1720968897637798
0
LINE
8
BLACK
6
CONTINUOUS
10
5.0686599606299207
20
-4.1720968897637798
11
5.068725748031496
21
-4.1720968897637798
0
LINE
8
BLACK
6
CONTINUOUS
10
5.068725748031496
20
-4.1720968897637798
11
5.0687876771653544
21
-4.1720743700787404
0
LINE
8
BLACK
6
CONTINUOUS
10
5.0687876771653544
20
-4.1720743700787404
11
5.0693000393700789
21
-4.1720968897637798
0
LINE
8
BLACK
6
CONTINUOUS
10
5.2920988582677166
20
-4.1725377952755904
11
5.2929135039370081
21
-4.1733524409448819
0
LINE
8
BLACK
6
CONTINUOUS
10
5.2929135039370081
20
-4.1733524409448819
11
5.2933544094488187
21
-4.1744168503937003
0
LINE
8
BLACK
6
CONTINUOUS
10
5.2933544094488187
20
-4.1744168503937003
11
5.2934111417322836
21
-4.174992913385827
0
LINE
8
BLACK
6
CONTINUOUS
10
5.2934111417322836
20
-4.174992913385827
11
5.2934111417322836
21
-4.1907877952755905
0
LINE
8
BLACK
6
CONTINUOUS
10
5.2934111417322836
20
-4.1907877952755905
11
5.3100027952755902
21
-4.1907877952755905
0
LINE
8
BLACK
6
CONTINUOUS
10
5.3100027952755902
20
-4.1907877952755905
11
5.3100027952755902
21
-4.174992913385827
0
LINE
8
BLACK
6
CONTINUOUS
10
5.3100027952755902
20
-4.174992913385827
11
5.310059527559055
21
-4.1744168503937003
0
LINE
8
BLACK
6
CONTINUOUS
10
5.310059527559055
20
-4.1744168503937003
11
5.3105004330708656
21
-4.1733524409448819
0
LINE
8
BLACK
6
CONTINUOUS
10
5.3105004330708656
20
-4.1733524409448819
11
5.3113150787401571
21
-4.1725377952755904
0
LINE
8
BLACK
6
CONTINUOUS
10
5.3113150787401571
20
-4.1725377952755904
11
5.3123794881889763
21
-4.1720968897637798
0
LINE
8
BLACK
6
CONTINUOUS
10
5.3123794881889763
20
-4.1720968897637798
11
5.3135316141732281
21
-4.1720968897637798
0
LINE
8
BLACK
6
CONTINUOUS
10
5.3135316141732281
20
-4.1720968897637798
11
5.3145960236220473
21
-4.1725377952755904
0
LINE
8
BLACK
6
CONTINUOUS
10
5.3145960236220473
20
-4.1725377952755904
11
5.3154106692913388
21
-4.1733524409448819
0
LINE
8
BLACK
6
CONTINUOUS
10
5.3154106692913388
20
-4.1733524409448819
11
5.3158515748031494
21
-4.1744168503937003
0
LINE
8
BLACK
6
CONTINUOUS
10
5.3158515748031494
20
-4.1744168503937003
11
5.3159083070866142
21
-4.174992913385827
0
LINE
8
BLACK
6
CONTINUOUS
10
5.3159083070866142
20
-4.174992913385827
11
5.3159083070866142
21
-4.2143629921259844
0
LINE
8
BLACK
6
CONTINUOUS
10
5.3159083070866142
20
-4.2143629921259844
11
5.3158515748031494
21
-4.2149390551181103
0
LINE
8
BLACK
6
CONTINUOUS
10
5.3158515748031494
20
-4.2149390551181103
11
5.3154106692913388
21
-4.2160034645669286
0
LINE
8
BLACK
6
CONTINUOUS
10
5.3154106692913388
20
-4.2160034645669286
11
5.3145960236220473
21
-4.2168181102362201
0
LINE
8
BLACK
6
CONTINUOUS
10
5.3145960236220473
20
-4.2168181102362201
11
5.3135316141732281
21
-4.2172590157480316
0
LINE
8
BLACK
6
CONTINUOUS
10
5.3135316141732281
20
-4.2172590157480316
11
5.3123794881889763
21
-4.2172590157480316
0
LINE
8
BLACK
6
CONTINUOUS
10
5.3123794881889763
20
-4.2172590157480316
11
5.3113150787401571
21
-4.2168181102362201
0
LINE
8
BLACK
6
CONTINUOUS
10
5.3113150787401571
20
-4.2168181102362201
11
5.3105004330708656
21
-4.2160034645669286
0
LINE
8
BLACK
6
CONTINUOUS
10
5.3105004330708656
20
-4.2160034645669286
11
5.310059527559055
21
-4.2149390551181103
0
LINE
8
BLACK
6
CONTINUOUS
10
5.310059527559055
20
-4.2149390551181103
11
5.3100027952755902
21
-4.2143629921259844
0
LINE
8
BLACK
6
CONTINUOUS
10
5.3100027952755902
20
-4.2143629921259844
11
5.3100027952755902
21
-4.1966933070866137
0
LINE
8
BLACK
6
CONTINUOUS
10
5.3100027952755902
20
-4.1966933070866137
11
5.2934111417322836
21
-4.1966933070866137
0
LINE
8
BLACK
6
CONTINUOUS
10
5.2934111417322836
20
-4.1966933070866137
11
5.2934111417322836
21
-4.2143629921259844
0
LINE
8
BLACK
6
CONTINUOUS
10
5.2934111417322836
20
-4.2143629921259844
11
5.2933544094488187
21
-4.2149390551181103
0
LINE
8
BLACK
6
CONTINUOUS
10
5.2933544094488187
20
-4.2149390551181103
11
5.2929135039370081
21
-4.2160034645669286
0
LINE
8
BLACK
6
CONTINUOUS
10
5.2929135039370081
20
-4.2160034645669286
11
5.2920988582677166
21
-4.2168181102362201
0
LINE
8
BLACK
6
CONTINUOUS
10
5.2920988582677166
20
-4.2168181102362201
11
5.2910344488188974
21
-4.2172590157480316
0
LINE
8
BLACK
6
CONTINUOUS
10
5.2910344488188974
20
-4.2172590157480316
11
5.2898823228346457
21
-4.2172590157480316
0
LINE
8
BLACK
6
CONTINUOUS
10
5.2898823228346457
20
-4.2172590157480316
11
5.2888179133858264
21
-4.2168181102362201
0
LINE
8
BLACK
6
CONTINUOUS
10
5.2888179133858264
20
-4.2168181102362201
11
5.2880032677165349
21
-4.2160034645669286
0
LINE
8
BLACK
6
CONTINUOUS
10
5.2880032677165349
20
-4.2160034645669286
11
5.2875623622047243
21
-4.2149390551181103
0
LINE
8
BLACK
6
CONTINUOUS
10
5.2875623622047243
20
-4.2149390551181103
11
5.2875056299212595
21
-4.2143629921259844
0
LINE
8
BLACK
6
CONTINUOUS
10
5.2875056299212595
20
-4.2143629921259844
11
5.2875056299212595
21
-4.174992913385827
0
LINE
8
BLACK
6
CONTINUOUS
10
5.2875056299212595
20
-4.174992913385827
11
5.2875623622047243
21
-4.1744168503937003
0
LINE
8
BLACK
6
CONTINUOUS
10
5.2875623622047243
20
-4.1744168503937003
11
5.2880032677165349
21
-4.1733524409448819
0
LINE
8
BLACK
6
CONTINUOUS
10
5.2880032677165349
20
-4.1733524409448819
11
5.2888179133858264
21
-4.1725377952755904
0
LINE
8
BLACK
6
CONTINUOUS
10
5.2888179133858264
20
-4.1725377952755904
11
5.2898823228346457
21
-4.1720968897637798
0
LINE
8
BLACK
6
CONTINUOUS
10
5.2898823228346457
20
-4.1720968897637798
11
5.2910344488188974
21
-4.1720968897637798
0
LINE
8
BLACK
6
CONTINUOUS
10
5.2910344488188974
20
-4.1720968897637798
11
5.2920988582677166
21
-4.1725377952755904
0
LINE
8
BLACK
6
CONTINUOUS
10
5.4353913779527554
20
-4.1720968897637798
11
5.4364557874015746
21
-4.1725377952755904
0
LINE
8
BLACK
6
CONTINUOUS
10
5.4364557874015746
20
-4.1725377952755904
11
5.4372704330708661
21
-4.1733524409448819
0
LINE
8
BLACK
6
CONTINUOUS
10
5.4372704330708661
20
-4.1733524409448819
11
5.4377113385826767
21
-4.1744168503937003
0
LINE
8
BLACK
6
CONTINUOUS
10
5.4377113385826767
20
-4.1744168503937003
11
5.4377113385826767
21
-4.1755689763779529
0
LINE
8
BLACK
6
CONTINUOUS
10
5.4377113385826767
20
-4.1755689763779529
11
5.4372704330708661
21
-4.1766333858267712
0
LINE
8
BLACK
6
CONTINUOUS
10
5.4372704330708661
20
-4.1766333858267712
11
5.4364557874015746
21
-4.1774480314960627
0
LINE
8
BLACK
6
CONTINUOUS
10
5.4364557874015746
20
-4.1774480314960627
11
5.4353913779527554
21
-4.1778889370078742
0
LINE
8
BLACK
6
CONTINUOUS
10
5.4353913779527554
20
-4.1778889370078742
11
5.4348153149606295
21
-4.1779456692913381
0
LINE
8
BLACK
6
CONTINUOUS
10
5.4348153149606295
20
-4.1779456692913381
11
5.4265194881889762
21
-4.1779456692913381
0
LINE
8
BLACK
6
CONTINUOUS
10
5.4265194881889762
20
-4.1779456692913381
11
5.4265194881889762
21
-4.2143629921259844
0
LINE
8
BLACK
6
CONTINUOUS
10
5.4265194881889762
20
-4.2143629921259844
11
5.4264627559055114
21
-4.2149390551181103
0
LINE
8
BLACK
6
CONTINUOUS
10
5.4264627559055114
20
-4.2149390551181103
11
5.4260218503937008
21
-4.2160034645669286
0
LINE
8
BLACK
6
CONTINUOUS
10
5.4260218503937008
20
-4.2160034645669286
11
5.4252072047244093
21
-4.2168181102362201
0
LINE
8
BLACK
6
CONTINUOUS
10
5.4252072047244093
20
-4.2168181102362201
11
5.4241427952755901
21
-4.2172590157480316
0
LINE
8
BLACK
6
CONTINUOUS
10
5.4241427952755901
20
-4.2172590157480316
11
5.4229906692913383
21
-4.2172590157480316
0
LINE
8
BLACK
6
CONTINUOUS
10
5.4229906692913383
20
-4.2172590157480316
11
5.42192625984252
21
-4.2168181102362201
0
LINE
8
BLACK
6
CONTINUOUS
10
5.42192625984252
20
-4.2168181102362201
11
5.4211116141732285
21
-4.2160034645669286
0
LINE
8
BLACK
6
CONTINUOUS
10
5.4211116141732285
20
-4.2160034645669286
11
5.420670708661417
21
-4.2149390551181103
0
LINE
8
BLACK
6
CONTINUOUS
10
5.420670708661417
20
-4.2149390551181103
11
5.4206139763779531
21
-4.2143629921259844
0
LINE
8
BLACK
6
CONTINUOUS
10
5.4206139763779531
20
-4.2143629921259844
11
5.4206139763779531
21
-4.1779456692913381
0
LINE
8
BLACK
6
CONTINUOUS
10
5.4206139763779531
20
-4.1779456692913381
11
5.4123181496062989
21
-4.1779456692913381
0
LINE
8
BLACK
6
CONTINUOUS
10
5.4123181496062989
20
-4.1779456692913381
11
5.411742086614173
21
-4.1778889370078742
0
LINE
8
BLACK
6
CONTINUOUS
10
5.411742086614173
20
-4.1778889370078742
11
5.4106776771653546
21
-4.1774480314960627
0
LINE
8
BLACK
6
CONTINUOUS
10
5.4106776771653546
20
-4.1774480314960627
11
5.4098630314960632
21
-4.1766333858267712
0
LINE
8
BLACK
6
CONTINUOUS
10
5.4098630314960632
20
-4.1766333858267712
11
5.4094221259842517
21
-4.1755689763779529
0
LINE
8
BLACK
6
CONTINUOUS
10
5.4094221259842517
20
-4.1755689763779529
11
5.4094221259842517
21
-4.1744168503937003
0
LINE
8
BLACK
6
CONTINUOUS
10
5.4094221259842517
20
-4.1744168503937003
11
5.4098630314960632
21
-4.1733524409448819
0
LINE
8
BLACK
6
CONTINUOUS
10
5.4098630314960632
20
-4.1733524409448819
11
5.4106776771653546
21
-4.1725377952755904
0
LINE
8
BLACK
6
CONTINUOUS
10
5.4106776771653546
20
-4.1725377952755904
11
5.411742086614173
21
-4.1720968897637798
0
LINE
8
BLACK
6
CONTINUOUS
10
5.411742086614173
20
-4.1720968897637798
11
5.4123181496062989
21
-4.172040157480315
0
LINE
8
BLACK
6
CONTINUOUS
10
5.4123181496062989
20
-4.172040157480315
11
5.4348153149606295
21
-4.172040157480315
0
LINE
8
BLACK
6
CONTINUOUS
10
5.4348153149606295
20
-4.172040157480315
11
5.4353913779527554
21
-4.1720968897637798
0
LINE
8
BLACK
6
CONTINUOUS
10
5.5748315354330709
20
-4.1720968897637798
11
5.5753435826771653
21
-4.1720968897637798
0
LINE
8
BLACK
6
CONTINUOUS
10
5.5753435826771653
20
-4.1720968897637798
11
5.5754043307086611
21
-4.1721220472440947
0
LINE
8
BLACK
6
CONTINUOUS
10
5.5754043307086611
20
-4.1721220472440947
11
5.5754701968503939
21
-4.1721249606299216
0
LINE
8
BLACK
6
CONTINUOUS
10
5.5754701968503939
20
-4.1721249606299216
11
5.5759350393700782
21
-4.1723418503937006
0
LINE
8
BLACK
6
CONTINUOUS
10
5.5759350393700782
20
-4.1723418503937006
11
5.5764079921259837
21
-4.1725377952755904
0
LINE
8
BLACK
6
CONTINUOUS
10
5.5764079921259837
20
-4.1725377952755904
11
5.5764544881889764
21
-4.1725842913385822
0
LINE
8
BLACK
6
CONTINUOUS
10
5.5764544881889764
20
-4.1725842913385822
11
5.5765142125984255
21
-4.1726121653543302
0
LINE
8
BLACK
6
CONTINUOUS
10
5.5765142125984255
20
-4.1726121653543302
11
5.5768604330708662
21
-4.172990236220472
0
LINE
8
BLACK
6
CONTINUOUS
10
5.5768604330708662
20
-4.172990236220472
11
5.5772226377952752
21
-4.1733524409448819
0
LINE
8
BLACK
6
CONTINUOUS
10
5.5772226377952752
20
-4.1733524409448819
11
5.5772478346456689
21
-4.1734132677165352
0
LINE
8
BLACK
6
CONTINUOUS
10
5.5772478346456689
20
-4.1734132677165352
11
5.5772923228346452
21
-4.1734618503937009
0
LINE
8
BLACK
6
CONTINUOUS
10
5.5772923228346452
20
-4.1734618503937009
11
5.5774674015748031
21
-4.1739433464566931
0
LINE
8
BLACK
6
CONTINUOUS
10
5.5774674015748031
20
-4.1739433464566931
11
5.5776635433070867
21
-4.1744168503937003
0
LINE
8
BLACK
6
CONTINUOUS
10
5.5776635433070867
20
-4.1744168503937003
11
5.5776724409448821
21
-4.1745072047244092
0
LINE
8
BLACK
6
CONTINUOUS
10
5.5776724409448821
20
-4.1745072047244092
11
5.5776860236220474
21
-4.1745445669291339
0
LINE
8
BLACK
6
CONTINUOUS
10
5.5776860236220474
20
-4.1745445669291339
11
5.5776829527559055
21
-4.1746140944881889
0
LINE
8
BLACK
6
CONTINUOUS
10
5.5776829527559055
20
-4.1746140944881889
11
5.5777202755905506
21
-4.174992913385827
0
LINE
8
BLACK
6
CONTINUOUS
10
5.5777202755905506
20
-4.174992913385827
11
5.5777202755905506
21
-4.2143629921259844
0
LINE
8
BLACK
6
CONTINUOUS
10
5.5777202755905506
20
-4.2143629921259844
11
5.5776635433070867
21
-4.2149390551181103
0
LINE
8
BLACK
6
CONTINUOUS
10
5.5776635433070867
20
-4.2149390551181103
11
5.5772226377952752
21
-4.2160034645669286
0
LINE
8
BLACK
6
CONTINUOUS
10
5.5772226377952752
20
-4.2160034645669286
11
5.5764079921259837
21
-4.2168181102362201
0
LINE
8
BLACK
6
CONTINUOUS
10
5.5764079921259837
20
-4.2168181102362201
11
5.5753435826771653
21
-4.2172590157480316
0
LINE
8
BLACK
6
CONTINUOUS
10
5.5753435826771653
20
-4.2172590157480316
11
5.5741914566929136
21
-4.2172590157480316
0
LINE
8
BLACK
6
CONTINUOUS
10
5.5741914566929136
20
-4.2172590157480316
11
5.5731270472440944
21
-4.2168181102362201
0
LINE
8
BLACK
6
CONTINUOUS
10
5.5731270472440944
20
-4.2168181102362201
11
5.5723124015748029
21
-4.2160034645669286
0
LINE
8
BLACK
6
CONTINUOUS
10
5.5723124015748029
20
-4.2160034645669286
11
5.5718714960629923
21
-4.2149390551181103
0
LINE
8
BLACK
6
CONTINUOUS
10
5.5718714960629923
20
-4.2149390551181103
11
5.5718147637795274
21
-4.2143629921259844
0
LINE
8
BLACK
6
CONTINUOUS
10
5.5718147637795274
20
-4.2143629921259844
11
5.5718147637795274
21
-4.1883026377952755
0
LINE
8
BLACK
6
CONTINUOUS
10
5.5718147637795274
20
-4.1883026377952755
11
5.564319921259842
21
-4.2043630314960625
0
LINE
8
BLACK
6
CONTINUOUS
10
5.564319921259842
20
-4.2043630314960625
11
5.564194960629921
21
-4.2045739370078739
0
LINE
8
BLACK
6
CONTINUOUS
10
5.564194960629921
20
-4.2045739370078739
11
5.5641689763779523
21
-4.2046454330708665
0
LINE
8
BLACK
6
CONTINUOUS
10
5.5641689763779523
20
-4.2046454330708665
11
5.5641226377952755
21
-4.204695984251968
0
LINE
8
BLACK
6
CONTINUOUS
10
5.5641226377952755
20
-4.204695984251968
11
5.5640248818897637
21
-4.2048610629921255
0
LINE
8
BLACK
6
CONTINUOUS
10
5.5640248818897637
20
-4.2048610629921255
11
5.56369405511811
21
-4.2051639763779525
0
LINE
8
BLACK
6
CONTINUOUS
10
5.56369405511811
20
-4.2051639763779525
11
5.5633908661417317
21
-4.2054951181102362
0
LINE
8
BLACK
6
CONTINUOUS
10
5.5633908661417317
20
-4.2054951181102362
11
5.5632718897637794
21
-4.205550590551181
0
LINE
8
BLACK
6
CONTINUOUS
10
5.5632718897637794
20
-4.205550590551181
11
5.5631752362204727
21
-4.205639173228346
0
LINE
8
BLACK
6
CONTINUOUS
10
5.5631752362204727
20
-4.205639173228346
11
5.56275374015748
21
-4.2057924015748034
0
LINE
8
BLACK
6
CONTINUOUS
10
5.56275374015748
20
-4.2057924015748034
11
5.562346850393701
21
-4.2059823228346458
0
LINE
8
BLACK
6
CONTINUOUS
10
5.562346850393701
20
-4.2059823228346458
11
5.562215669291338
21
-4.2059880708661419
0
LINE
8
BLACK
6
CONTINUOUS
10
5.562215669291338
20
-4.2059880708661419
11
5.5620925196850388
21
-4.2060328740157482
0
LINE
8
BLACK
6
CONTINUOUS
10
5.5620925196850388
20
-4.2060328740157482
11
5.5616444094488191
21
-4.2060131889763781
0
LINE
8
BLACK
6
CONTINUOUS
10
5.5616444094488191
20
-4.2060131889763781
11
5.5611958267716535
21
-4.206032913385827
0
LINE
8
BLACK
6
CONTINUOUS
10
5.5611958267716535
20
-4.206032913385827
11
5.5610725196850392
21
-4.2059880708661419
0
LINE
8
BLACK
6
CONTINUOUS
10
5.5610725196850392
20
-4.2059880708661419
11
5.5609414960629922
21
-4.2059823228346458
0
LINE
8
BLACK
6
CONTINUOUS
10
5.5609414960629922
20
-4.2059823228346458
11
5.5605348425196848
21
-4.2057925196850396
0
LINE
8
BLACK
6
CONTINUOUS
10
5.5605348425196848
20
-4.2057925196850396
11
5.5601131102362205
21
-4.205639173228346
0
LINE
8
BLACK
6
CONTINUOUS
10
5.5601131102362205
20
-4.205639173228346
11
5.5600162992125979
21
-4.2055505118110235
0
LINE
8
BLACK
6
CONTINUOUS
10
5.5600162992125979
20
-4.2055505118110235
11
5.5598974803149606
21
-4.2054950787401575
0
LINE
8
BLACK
6
CONTINUOUS
10
5.5598974803149606
20
-4.2054950787401575
11
5.5595945275590548
21
-4.2051642519685037
0
LINE
8
BLACK
6
CONTINUOUS
10
5.5595945275590548
20
-4.2051642519685037
11
5.5592634645669294
21
-4.2048611023622042
0
LINE
8
BLACK
6
CONTINUOUS
10
5.5592634645669294
20
-4.2048611023622042
11
5.5591655905511805
21
-4.2046959055118105
0
LINE
8
BLACK
6
CONTINUOUS
10
5.5591655905511805
20
-4.2046959055118105
11
5.55911937007874
21
-4.2046454330708665
0
LINE
8
BLACK
6
CONTINUOUS
10
5.55911937007874
20
-4.2046454330708665
11
5.5590933858267713
21
-4.2045740551181101
0
LINE
8
BLACK
6
CONTINUOUS
10
5.5590933858267713
20
-4.2045740551181101
11
5.5589684251968503
21
-4.2043630708661412
0
LINE
8
BLACK
6
CONTINUOUS
10
5.5589684251968503
20
-4.2043630708661412
11
5.5514735826771648
21
-4.1883026377952755
0
LINE
8
BLACK
6
CONTINUOUS
10
5.5514735826771648
20
-4.1883026377952755
11
5.5514735826771648
21
-4.2143629921259844
0
LINE
8
BLACK
6
CONTINUOUS
10
5.5514735826771648
20
-4.2143629921259844
11
5.5514168503937009
21
-4.2149390551181103
0
LINE
8
BLACK
6
CONTINUOUS
10
5.5514168503937009
20
-4.2149390551181103
11
5.5509759448818894
21
-4.2160034645669286
0
LINE
8
BLACK
6
CONTINUOUS
10
5.5509759448818894
20
-4.2160034645669286
11
5.5501612992125979
21
-4.2168181102362201
0
LINE
8
BLACK
6
CONTINUOUS
10
5.5501612992125979
20
-4.2168181102362201
11
5.5490968897637796
21
-4.2172590157480316
0
LINE
8
BLACK
6
CONTINUOUS
10
5.5490968897637796
20
-4.2172590157480316
11
5.5479447637795278
21
-4.2172590157480316
0
LINE
8
BLACK
6
CONTINUOUS
10
5.5479447637795278
20
-4.2172590157480316
11
5.5468803543307086
21
-4.2168181102362201
0
LINE
8
BLACK
6
CONTINUOUS
10
5.5468803543307086
20
-4.2168181102362201
11
5.5460657086614171
21
-4.2160034645669286
0
LINE
8
BLACK
6
CONTINUOUS
10
5.5460657086614171
20
-4.2160034645669286
11
5.5456248031496065
21
-4.2149390551181103
0
LINE
8
BLACK
6
CONTINUOUS
10
5.5456248031496065
20
-4.2149390551181103
11
5.5455680708661417
21
-4.2143629921259844
0
LINE
8
BLACK
6
CONTINUOUS
10
5.5455680708661417
20
-4.2143629921259844
11
5.5455680708661417
21
-4.174992913385827
0
LINE
8
BLACK
6
CONTINUOUS
10
5.5455680708661417
20
-4.174992913385827
11
5.5456053543307089
21
-4.1746140944881889
0
LINE
8
BLACK
6
CONTINUOUS
10
5.5456053543307089
20
-4.1746140944881889
11
5.5456023228346458
21
-4.1745445669291339
0
LINE
8
BLACK
6
CONTINUOUS
10
5.5456023228346458
20
-4.1745445669291339
11
5.5456158661417323
21
-4.1745072047244092
0
LINE
8
BLACK
6
CONTINUOUS
10
5.5456158661417323
20
-4.1745072047244092
11
5.5456248031496065
21
-4.1744168503937003
0
LINE
8
BLACK
6
CONTINUOUS
10
5.5456248031496065
20
-4.1744168503937003
11
5.5458209055118113
21
-4.1739433464566931
0
LINE
8
BLACK
6
CONTINUOUS
10
5.5458209055118113
20
-4.1739433464566931
11
5.5459960236220471
21
-4.1734618503937009
0
LINE
8
BLACK
6
CONTINUOUS
10
5.5459960236220471
20
-4.1734618503937009
11
5.5460404724409447
21
-4.1734132677165352
0
LINE
8
BLACK
6
CONTINUOUS
10
5.5460404724409447
20
-4.1734132677165352
11
5.5460657086614171
21
-4.1733524409448819
0
LINE
8
BLACK
6
CONTINUOUS
10
5.5460657086614171
20
-4.1733524409448819
11
5.5464281102362207
21
-4.1729899999999995
0
LINE
8
BLACK
6
CONTINUOUS
10
5.5464281102362207
20
-4.1729899999999995
11
5.5467741338582677
21
-4.172612204724409
0
LINE
8
BLACK
6
CONTINUOUS
10
5.5467741338582677
20
-4.172612204724409
11
5.5468337795275593
21
-4.172584330708661
0
LINE
8
BLACK
6
CONTINUOUS
10
5.5468337795275593
20
-4.172584330708661
11
5.5468803543307086
21
-4.1725377952755904
0
LINE
8
BLACK
6
CONTINUOUS
10
5.5468803543307086
20
-4.1725377952755904
11
5.5473536220472441
21
-4.1723417322834644
0
LINE
8
BLACK
6
CONTINUOUS
10
5.5473536220472441
20
-4.1723417322834644
11
5.5478181496062993
21
-4.1721249606299216
0
LINE
8
BLACK
6
CONTINUOUS
10
5.5478181496062993
20
-4.1721249606299216
11
5.5478839370078736
21
-4.1721220472440947
0
LINE
8
BLACK
6
CONTINUOUS
10
5.5478839370078736
20
-4.1721220472440947
11
5.5479447637795278
21
-4.1720968897637798
0
LINE
8
BLACK
6
CONTINUOUS
10
5.5479447637795278
20
-4.1720968897637798
11
5.5484573228346452
21
-4.1720968897637798
0
LINE
8
BLACK
6
CONTINUOUS
10
5.5484573228346452
20
-4.1720968897637798
11
5.5489691732283459
21
-4.1720744094488191
0
LINE
8
BLACK
6
CONTINUOUS
10
5.5489691732283459
20
-4.1720744094488191
11
5.5490309842519681
21
-4.1720968897637798
0
LINE
8
BLACK
6
CONTINUOUS
10
5.5490309842519681
20
-4.1720968897637798
11
5.5490968897637796
21
-4.1720968897637798
0
LINE
8
BLACK
6
CONTINUOUS
10
5.5490968897637796
20
-4.1720968897637798
11
5.5495703543307089
21
-4.1722929921259846
0
LINE
8
BLACK
6
CONTINUOUS
10
5.5495703543307089
20
-4.1722929921259846
11
5.5500518897637798
21
-4.1724681102362204
0
LINE
8
BLACK
6
CONTINUOUS
10
5.5500518897637798
20
-4.1724681102362204
11
5.5501004330708659
21
-4.172512559055118
0
LINE
8
BLACK
6
CONTINUOUS
10
5.5501004330708659
20
-4.172512559055118
11
5.5501612992125979
21
-4.1725377952755904
0
LINE
8
BLACK
6
CONTINUOUS
10
5.5501612992125979
20
-4.1725377952755904
11
5.5505237007874015
21
-4.172900196850394
0
LINE
8
BLACK
6
CONTINUOUS
10
5.5505237007874015
20
-4.172900196850394
11
5.5509015354330709
21
-4.173246220472441
0
LINE
8
BLACK
6
CONTINUOUS
10
5.5509015354330709
20
-4.173246220472441
11
5.5509477559055114
21
-4.1733242519685039
0
LINE
8
BLACK
6
CONTINUOUS
10
5.5509477559055114
20
-4.1733242519685039
11
5.5509759448818894
21
-4.1733524409448819
0
LINE
8
BLACK
6
CONTINUOUS
10
5.5509759448818894
20
-4.1733524409448819
11
5.5510026377952757
21
-4.1734168503937008
0
LINE
8
BLACK
6
CONTINUOUS
10
5.5510026377952757
20
-4.1734168503937008
11
5.5511965748031491
21
-4.173744251968504
0
LINE
8
BLACK
6
CONTINUOUS
10
5.5511965748031491
20
-4.173744251968504
11
5.5616441338582678
21
-4.1961319291338581
0
LINE
8
BLACK
6
CONTINUOUS
10
5.5616441338582678
20
-4.1961319291338581
11
5.5720917716535432
21
-4.1737442125984252
0
LINE
8
BLACK
6
CONTINUOUS
10
5.5720917716535432
20
-4.1737442125984252
11
5.5722857480314962
21
-4.1734167322834645
0
LINE
8
BLACK
6
CONTINUOUS
10
5.5722857480314962
20
-4.1734167322834645
11
5.5723124015748029
21
-4.1733524409448819
0
LINE
8
BLACK
6
CONTINUOUS
10
5.5723124015748029
20
-4.1733524409448819
11
5.5723405118110234
21
-4.1733242913385826
0
LINE
8
BLACK
6
CONTINUOUS
10
5.5723405118110234
20
-4.1733242913385826
11
5.5723868110236223
21
-4.1732461811023622
0
LINE
8
BLACK
6
CONTINUOUS
10
5.5723868110236223
20
-4.1732461811023622
11
5.5727648818897633
21
-4.1728999212598428
0
LINE
8
BLACK
6
CONTINUOUS
10
5.5727648818897633
20
-4.1728999212598428
11
5.5731270472440944
21
-4.1725377952755904
0
LINE
8
BLACK
6
CONTINUOUS
10
5.5731270472440944
20
-4.1725377952755904
11
5.5731878740157477
21
-4.1725125984251967
0
LINE
8
BLACK
6
CONTINUOUS
10
5.5731878740157477
20
-4.1725125984251967
11
5.5732364566929133
21
-4.1724681102362204
0
LINE
8
BLACK
6
CONTINUOUS
10
5.5732364566929133
20
-4.1724681102362204
11
5.5737182677165356
21
-4.1722928740157483
0
LINE
8
BLACK
6
CONTINUOUS
10
5.5737182677165356
20
-4.1722928740157483
11
5.5741914566929136
21
-4.1720968897637798
0
LINE
8
BLACK
6
CONTINUOUS
10
5.5741914566929136
20
-4.1720968897637798
11
5.574257244094488
21
-4.1720968897637798
0
LINE
8
BLACK
6
CONTINUOUS
10
5.574257244094488
20
-4.1720968897637798
11
5.5743191732283464
21
-4.1720743700787404
0
LINE
8
BLACK
6
CONTINUOUS
10
5.5743191732283464
20
-4.1720743700787404
11
5.5748315354330709
21
-4.1720968897637798
0
LINE
8
BLACK
6
CONTINUOUS
10
5.7976303543307086
20
-4.1725377952755904
11
5.7984450000000001
21
-4.1733524409448819
0
LINE
8
BLACK
6
CONTINUOUS
10
5.7984450000000001
20
-4.1733524409448819
11
5.7988859055118107
21
-4.1744168503937003
0
LINE
8
BLACK
6
CONTINUOUS
10
5.7988859055118107
20
-4.1744168503937003
11
5.7989426377952755
21
-4.174992913385827
0
LINE
8
BLACK
6
CONTINUOUS
10
5.7989426377952755
20
-4.174992913385827
11
5.7989426377952755
21
-4.1907877952755905
0
LINE
8
BLACK
6
CONTINUOUS
10
5.7989426377952755
20
-4.1907877952755905
11
5.8155342913385821
21
-4.1907877952755905
0
LINE
8
BLACK
6
CONTINUOUS
10
5.8155342913385821
20
-4.1907877952755905
11
5.8155342913385821
21
-4.174992913385827
0
LINE
8
BLACK
6
CONTINUOUS
10
5.8155342913385821
20
-4.174992913385827
11
5.8155910236220469
21
-4.1744168503937003
0
LINE
8
BLACK
6
CONTINUOUS
10
5.8155910236220469
20
-4.1744168503937003
11
5.8160319291338585
21
-4.1733524409448819
0
LINE
8
BLACK
6
CONTINUOUS
10
5.8160319291338585
20
-4.1733524409448819
11
5.816846574803149
21
-4.1725377952755904
0
LINE
8
BLACK
6
CONTINUOUS
10
5.816846574803149
20
-4.1725377952755904
11
5.8179109842519683
21
-4.1720968897637798
0
LINE
8
BLACK
6
CONTINUOUS
10
5.8179109842519683
20
-4.1720968897637798
11
5.81906311023622
21
-4.1720968897637798
0
LINE
8
BLACK
6
CONTINUOUS
10
5.81906311023622
20
-4.1720968897637798
11
5.8201275196850393
21
-4.1725377952755904
0
LINE
8
BLACK
6
CONTINUOUS
10
5.8201275196850393
20
-4.1725377952755904
11
5.8209421653543307
21
-4.1733524409448819
0
LINE
8
BLACK
6
CONTINUOUS
10
5.8209421653543307
20
-4.1733524409448819
11
5.8213830708661414
21
-4.1744168503937003
0
LINE
8
BLACK
6
CONTINUOUS
10
5.8213830708661414
20
-4.1744168503937003
11
5.8214398031496062
21
-4.174992913385827
0
LINE
8
BLACK
6
CONTINUOUS
10
5.8214398031496062
20
-4.174992913385827
11
5.8214398031496062
21
-4.2143629921259844
0
LINE
8
BLACK
6
CONTINUOUS
10
5.8214398031496062
20
-4.2143629921259844
11
5.8213830708661414
21
-4.2149390551181103
0
LINE
8
BLACK
6
CONTINUOUS
10
5.8213830708661414
20
-4.2149390551181103
11
5.8209421653543307
21
-4.2160034645669286
0
LINE
8
BLACK
6
CONTINUOUS
10
5.8209421653543307
20
-4.2160034645669286
11
5.8201275196850393
21
-4.2168181102362201
0
LINE
8
BLACK
6
CONTINUOUS
10
5.8201275196850393
20
-4.2168181102362201
11
5.81906311023622
21
-4.2172590157480316
0
LINE
8
BLACK
6
CONTINUOUS
10
5.81906311023622
20
-4.2172590157480316
11
5.8179109842519683
21
-4.2172590157480316
0
LINE
8
BLACK
6
CONTINUOUS
10
5.8179109842519683
20
-4.2172590157480316
11
5.816846574803149
21
-4.2168181102362201
0
LINE
8
BLACK
6
CONTINUOUS
10
5.816846574803149
20
-4.2168181102362201
11
5.8160319291338585
21
-4.2160034645669286
0
LINE
8
BLACK
6
CONTINUOUS
10
5.8160319291338585
20
-4.2160034645669286
11
5.8155910236220469
21
-4.2149390551181103
0
LINE
8
BLACK
6
CONTINUOUS
10
5.8155910236220469
20
-4.2149390551181103
11
5.8155342913385821
21
-4.2143629921259844
0
LINE
8
BLACK
6
CONTINUOUS
10
5.8155342913385821
20
-4.2143629921259844
11
5.8155342913385821
21
-4.1966933070866137
0
LINE
8
BLACK
6
CONTINUOUS
10
5.8155342913385821
20
-4.1966933070866137
11
5.7989426377952755
21
-4.1966933070866137
0
LINE
8
BLACK
6
CONTINUOUS
10
5.7989426377952755
20
-4.1966933070866137
11
5.7989426377952755
21
-4.2143629921259844
0
LINE
8
BLACK
6
CONTINUOUS
10
5.7989426377952755
20
-4.2143629921259844
11
5.7988859055118107
21
-4.2149390551181103
0
LINE
8
BLACK
6
CONTINUOUS
10
5.7988859055118107
20
-4.2149390551181103
11
5.7984450000000001
21
-4.2160034645669286
0
LINE
8
BLACK
6
CONTINUOUS
10
5.7984450000000001
20
-4.2160034645669286
11
5.7976303543307086
21
-4.2168181102362201
0
LINE
8
BLACK
6
CONTINUOUS
10
5.7976303543307086
20
-4.2168181102362201
11
5.7965659448818894
21
-4.2172590157480316
0
LINE
8
BLACK
6
CONTINUOUS
10
5.7965659448818894
20
-4.2172590157480316
11
5.7954138188976376
21
-4.2172590157480316
0
LINE
8
BLACK
6
CONTINUOUS
10
5.7954138188976376
20
-4.2172590157480316
11
5.7943494094488184
21
-4.2168181102362201
0
LINE
8
BLACK
6
CONTINUOUS
10
5.7943494094488184
20
-4.2168181102362201
11
5.7935347637795278
21
-4.2160034645669286
0
LINE
8
BLACK
6
CONTINUOUS
10
5.7935347637795278
20
-4.2160034645669286
11
5.7930938582677163
21
-4.2149390551181103
0
LINE
8
BLACK
6
CONTINUOUS
10
5.7930938582677163
20
-4.2149390551181103
11
5.7930371259842515
21
-4.2143629921259844
0
LINE
8
BLACK
6
CONTINUOUS
10
5.7930371259842515
20
-4.2143629921259844
11
5.7930371259842515
21
-4.174992913385827
0
LINE
8
BLACK
6
CONTINUOUS
10
5.7930371259842515
20
-4.174992913385827
11
5.7930938582677163
21
-4.1744168503937003
0
LINE
8
BLACK
6
CONTINUOUS
10
5.7930938582677163
20
-4.1744168503937003
11
5.7935347637795278
21
-4.1733524409448819
0
LINE
8
BLACK
6
CONTINUOUS
10
5.7935347637795278
20
-4.1733524409448819
11
5.7943494094488184
21
-4.1725377952755904
0
LINE
8
BLACK
6
CONTINUOUS
10
5.7943494094488184
20
-4.1725377952755904
11
5.7954138188976376
21
-4.1720968897637798
0
LINE
8
BLACK
6
CONTINUOUS
10
5.7954138188976376
20
-4.1720968897637798
11
5.7965659448818894
21
-4.1720968897637798
0
LINE
8
BLACK
6
CONTINUOUS
10
5.7965659448818894
20
-4.1720968897637798
11
5.7976303543307086
21
-4.1725377952755904
0
LINE
8
BLACK
6
CONTINUOUS
10
5.9409228740157483
20
-4.1720968897637798
11
5.9419872834645666
21
-4.1725377952755904
0
LINE
8
BLACK
6
CONTINUOUS
10
5.9419872834645666
20
-4.1725377952755904
11
5.9428019291338581
21
-4.1733524409448819
0
LINE
8
BLACK
6
CONTINUOUS
10
5.9428019291338581
20
-4.1733524409448819
11
5.9432428346456687
21
-4.1744168503937003
0
LINE
8
BLACK
6
CONTINUOUS
10
5.9432428346456687
20
-4.1744168503937003
11
5.9432428346456687
21
-4.1755689763779529
0
LINE
8
BLACK
6
CONTINUOUS
10
5.9432428346456687
20
-4.1755689763779529
11
5.9428019291338581
21
-4.1766333858267712
0
LINE
8
BLACK
6
CONTINUOUS
10
5.9428019291338581
20
-4.1766333858267712
11
5.9419872834645666
21
-4.1774480314960627
0
LINE
8
BLACK
6
CONTINUOUS
10
5.9419872834645666
20
-4.1774480314960627
11
5.9409228740157483
21
-4.1778889370078742
0
LINE
8
BLACK
6
CONTINUOUS
10
5.9409228740157483
20
-4.1778889370078742
11
5.9403468110236215
21
-4.1779456692913381
0
LINE
8
BLACK
6
CONTINUOUS
10
5.9403468110236215
20
-4.1779456692913381
11
5.9320509842519682
21
-4.1779456692913381
0
LINE
8
BLACK
6
CONTINUOUS
10
5.9320509842519682
20
-4.1779456692913381
11
5.9320509842519682
21
-4.2143629921259844
0
LINE
8
BLACK
6
CONTINUOUS
10
5.9320509842519682
20
-4.2143629921259844
11
5.9319942519685034
21
-4.2149390551181103
0
LINE
8
BLACK
6
CONTINUOUS
10
5.9319942519685034
20
-4.2149390551181103
11
5.9315533464566927
21
-4.2160034645669286
0
LINE
8
BLACK
6
CONTINUOUS
10
5.9315533464566927
20
-4.2160034645669286
11
5.9307387007874013
21
-4.2168181102362201
0
LINE
8
BLACK
6
CONTINUOUS
10
5.9307387007874013
20
-4.2168181102362201
11
5.9296742913385829
21
-4.2172590157480316
0
LINE
8
BLACK
6
CONTINUOUS
10
5.9296742913385829
20
-4.2172590157480316
11
5.9285221653543303
21
-4.2172590157480316
0
LINE
8
BLACK
6
CONTINUOUS
10
5.9285221653543303
20
-4.2172590157480316
11
5.9274577559055119
21
-4.2168181102362201
0
LINE
8
BLACK
6
CONTINUOUS
10
5.9274577559055119
20
-4.2168181102362201
11
5.9266431102362205
21
-4.2160034645669286
0
LINE
8
BLACK
6
CONTINUOUS
10
5.9266431102362205
20
-4.2160034645669286
11
5.926202204724409
21
-4.2149390551181103
0
LINE
8
BLACK
6
CONTINUOUS
10
5.926202204724409
20
-4.2149390551181103
11
5.926145472440945
21
-4.2143629921259844
0
LINE
8
BLACK
6
CONTINUOUS
10
5.926145472440945
20
-4.2143629921259844
11
5.926145472440945
21
-4.1779456692913381
0
LINE
8
BLACK
6
CONTINUOUS
10
5.926145472440945
20
-4.1779456692913381
11
5.9178496456692908
21
-4.1779456692913381
0
LINE
8
BLACK
6
CONTINUOUS
10
5.9178496456692908
20
-4.1779456692913381
11
5.917273582677165
21
-4.1778889370078742
0
LINE
8
BLACK
6
CONTINUOUS
10
5.917273582677165
20
-4.1778889370078742
11
5.9162091732283466
21
-4.1774480314960627
0
LINE
8
BLACK
6
CONTINUOUS
10
5.9162091732283466
20
-4.1774480314960627
11
5.9153945275590551
21
-4.1766333858267712
0
LINE
8
BLACK
6
CONTINUOUS
10
5.9153945275590551
20
-4.1766333858267712
11
5.9149536220472436
21
-4.1755689763779529
0
LINE
8
BLACK
6
CONTINUOUS
10
5.9149536220472436
20
-4.1755689763779529
11
5.9149536220472436
21
-4.1744168503937003
0
LINE
8
BLACK
6
CONTINUOUS
10
5.9149536220472436
20
-4.1744168503937003
11
5.9153945275590551
21
-4.1733524409448819
0
LINE
8
BLACK
6
CONTINUOUS
10
5.9153945275590551
20
-4.1733524409448819
11
5.9162091732283466
21
-4.1725377952755904
0
LINE
8
BLACK
6
CONTINUOUS
10
5.9162091732283466
20
-4.1725377952755904
11
5.917273582677165
21
-4.1720968897637798
0
LINE
8
BLACK
6
CONTINUOUS
10
5.917273582677165
20
-4.1720968897637798
11
5.9178496456692908
21
-4.172040157480315
0
LINE
8
BLACK
6
CONTINUOUS
10
5.9178496456692908
20
-4.172040157480315
11
5.9403468110236215
21
-4.172040157480315
0
LINE
8
BLACK
6
CONTINUOUS
10
5.9403468110236215
20
-4.172040157480315
11
5.9409228740157483
21
-4.1720968897637798
0
LINE
8
BLACK
6
CONTINUOUS
10
6.0803630314960628
20
-4.1720968897637798
11
6.0808750787401573
21
-4.1720968897637798
0
LINE
8
BLACK
6
CONTINUOUS
10
6.0808750787401573
20
-4.1720968897637798
11
6.0809358267716531
21
-4.1721220472440947
0
LINE
8
BLACK
6
CONTINUOUS
10
6.0809358267716531
20
-4.1721220472440947
11
6.0810016929133859
21
-4.1721249606299216
0
LINE
8
BLACK
6
CONTINUOUS
10
6.0810016929133859
20
-4.1721249606299216
11
6.081466535433071
21
-4.1723418503937006
0
LINE
8
BLACK
6
CONTINUOUS
10
6.081466535433071
20
-4.1723418503937006
11
6.0819394881889766
21
-4.1725377952755904
0
LINE
8
BLACK
6
CONTINUOUS
10
6.0819394881889766
20
-4.1725377952755904
11
6.0819859842519683
21
-4.1725842913385822
0
LINE
8
BLACK
6
CONTINUOUS
10
6.0819859842519683
20
-4.1725842913385822
11
6.0820457086614175
21
-4.1726121653543302
0
LINE
8
BLACK
6
CONTINUOUS
10
6.0820457086614175
20
-4.1726121653543302
11
6.0823919291338582
21
-4.172990236220472
0
LINE
8
BLACK
6
CONTINUOUS
10
6.0823919291338582
20
-4.172990236220472
11
6.082754133858268
21
-4.1733524409448819
0
LINE
8
BLACK
6
CONTINUOUS
10
6.082754133858268
20
-4.1733524409448819
11
6.0827793307086608
21
-4.1734132677165352
0
LINE
8
BLACK
6
CONTINUOUS
10
6.0827793307086608
20
-4.1734132677165352
11
6.082823818897638
21
-4.1734618503937009
0
LINE
8
BLACK
6
CONTINUOUS
10
6.082823818897638
20
-4.1734618503937009
11
6.0829988976377951
21
-4.1739433464566931
0
LINE
8
BLACK
6
CONTINUOUS
10
6.0829988976377951
20
-4.1739433464566931
11
6.0831950393700787
21
-4.1744168503937003
0
LINE
8
BLACK
6
CONTINUOUS
10
6.0831950393700787
20
-4.1744168503937003
11
6.0832039370078741
21
-4.1745072047244092
0
LINE
8
BLACK
6
CONTINUOUS
10
6.0832039370078741
20
-4.1745072047244092
11
6.0832175196850393
21
-4.1745445669291339
0
LINE
8
BLACK
6
CONTINUOUS
10
6.0832175196850393
20
-4.1745445669291339
11
6.0832144488188975
21
-4.1746140944881889
0
LINE
8
BLACK
6
CONTINUOUS
10
6.0832144488188975
20
-4.1746140944881889
11
6.0832517716535435
21
-4.174992913385827
0
LINE
8
BLACK
6
CONTINUOUS
10
6.0832517716535435
20
-4.174992913385827
11
6.0832517716535435
21
-4.2143629921259844
0
LINE
8
BLACK
6
CONTINUOUS
10
6.0832517716535435
20
-4.2143629921259844
11
6.0831950393700787
21
-4.2149390551181103
0
LINE
8
BLACK
6
CONTINUOUS
10
6.0831950393700787
20
-4.2149390551181103
11
6.082754133858268
21
-4.2160034645669286
0
LINE
8
BLACK
6
CONTINUOUS
10
6.082754133858268
20
-4.2160034645669286
11
6.0819394881889766
21
-4.2168181102362201
0
LINE
8
BLACK
6
CONTINUOUS
10
6.0819394881889766
20
-4.2168181102362201
11
6.0808750787401573
21
-4.2172590157480316
0
LINE
8
BLACK
6
CONTINUOUS
10
6.0808750787401573
20
-4.2172590157480316
11
6.0797229527559056
21
-4.2172590157480316
0
LINE
8
BLACK
6
CONTINUOUS
10
6.0797229527559056
20
-4.2172590157480316
11
6.0786585433070863
21
-4.2168181102362201
0
LINE
8
BLACK
6
CONTINUOUS
10
6.0786585433070863
20
-4.2168181102362201
11
6.0778438976377949
21
-4.2160034645669286
0
LINE
8
BLACK
6
CONTINUOUS
10
6.0778438976377949
20
-4.2160034645669286
11
6.0774029921259842
21
-4.2149390551181103
0
LINE
8
BLACK
6
CONTINUOUS
10
6.0774029921259842
20
-4.2149390551181103
11
6.0773462598425194
21
-4.2143629921259844
0
LINE
8
BLACK
6
CONTINUOUS
10
6.0773462598425194
20
-4.2143629921259844
11
6.0773462598425194
21
-4.1883026377952755
0
LINE
8
BLACK
6
CONTINUOUS
10
6.0773462598425194
20
-4.1883026377952755
11
6.0698514173228348
21
-4.2043630314960625
0
LINE
8
BLACK
6
CONTINUOUS
10
6.0698514173228348
20
-4.2043630314960625
11
6.069726456692913
21
-4.2045739370078739
0
LINE
8
BLACK
6
CONTINUOUS
10
6.069726456692913
20
-4.2045739370078739
11
6.0697004724409451
21
-4.2046454330708665
0
LINE
8
BLACK
6
CONTINUOUS
10
6.0697004724409451
20
-4.2046454330708665
11
6.0696541338582675
21
-4.204695984251968
0
LINE
8
BLACK
6
CONTINUOUS
10
6.0696541338582675
20
-4.204695984251968
11
6.0695563779527557
21
-4.2048610629921255
0
LINE
8
BLACK
6
CONTINUOUS
10
6.0695563779527557
20
-4.2048610629921255
11
6.069225551181102
21
-4.2051639763779525
0
LINE
8
BLACK
6
CONTINUOUS
10
6.069225551181102
20
-4.2051639763779525
11
6.0689223622047246
21
-4.2054951181102362
0
LINE
8
BLACK
6
CONTINUOUS
10
6.0689223622047246
20
-4.2054951181102362
11
6.0688033858267714
21
-4.205550590551181
0
LINE
8
BLACK
6
CONTINUOUS
10
6.0688033858267714
20
-4.205550590551181
11
6.0687067322834647
21
-4.205639173228346
0
LINE
8
BLACK
6
CONTINUOUS
10
6.0687067322834647
20
-4.205639173228346
11
6.068285236220472
21
-4.2057924015748034
0
LINE
8
BLACK
6
CONTINUOUS
10
6.068285236220472
20
-4.2057924015748034
11
6.067878346456693
21
-4.2059823228346458
0
LINE
8
BLACK
6
CONTINUOUS
10
6.067878346456693
20
-4.2059823228346458
11
6.0677471653543309
21
-4.2059880708661419
0
LINE
8
BLACK
6
CONTINUOUS
10
6.0677471653543309
20
-4.2059880708661419
11
6.0676240157480317
21
-4.2060328740157482
0
LINE
8
BLACK
6
CONTINUOUS
10
6.0676240157480317
20
-4.2060328740157482
11
6.0671759055118111
21
-4.2060131889763781
0
LINE
8
BLACK
6
CONTINUOUS
10
6.0671759055118111
20
-4.2060131889763781
11
6.0667273228346454
21
-4.206032913385827
0
LINE
8
BLACK
6
CONTINUOUS
10
6.0667273228346454
20
-4.206032913385827
11
6.0666040157480312
21
-4.2059880708661419
0
LINE
8
BLACK
6
CONTINUOUS
10
6.0666040157480312
20
-4.2059880708661419
11
6.0664729921259841
21
-4.2059823228346458
0
LINE
8
BLACK
6
CONTINUOUS
10
6.0664729921259841
20
-4.2059823228346458
11
6.0660663385826767
21
-4.2057925196850396
0
LINE
8
BLACK
6
CONTINUOUS
10
6.0660663385826767
20
-4.2057925196850396
11
6.0656446062992124
21
-4.205639173228346
0
LINE
8
BLACK
6
CONTINUOUS
10
6.0656446062992124
20
-4.205639173228346
11
6.0655477952755907
21
-4.2055505118110235
0
LINE
8
BLACK
6
CONTINUOUS
10
6.0655477952755907
20
-4.2055505118110235
11
6.0654289763779525
21
-4.2054950787401575
0
LINE
8
BLACK
6
CONTINUOUS
10
6.0654289763779525
20
-4.2054950787401575
11
6.0651260236220468
21
-4.2051642519685037
0
LINE
8
BLACK
6
CONTINUOUS
10
6.0651260236220468
20
-4.2051642519685037
11
6.0647949606299214
21
-4.2048611023622042
0
LINE
8
BLACK
6
CONTINUOUS
10
6.0647949606299214
20
-4.2048611023622042
11
6.0646970866141734
21
-4.2046959055118105
0
LINE
8
BLACK
6
CONTINUOUS
10
6.0646970866141734
20
-4.2046959055118105
11
6.064650866141732
21
-4.2046454330708665
0
LINE
8
BLACK
6
CONTINUOUS
10
6.064650866141732
20
-4.2046454330708665
11
6.0646248818897632
21
-4.2045740551181101
0
LINE
8
BLACK
6
CONTINUOUS
10
6.0646248818897632
20
-4.2045740551181101
11
6.0644999212598423
21
-4.2043630708661412
0
LINE
8
BLACK
6
CONTINUOUS
10
6.0644999212598423
20
-4.2043630708661412
11
6.0570050787401577
21
-4.1883026377952755
0
LINE
8
BLACK
6
CONTINUOUS
10
6.0570050787401577
20
-4.1883026377952755
11
6.0570050787401577
21
-4.2143629921259844
0
LINE
8
BLACK
6
CONTINUOUS
10
6.0570050787401577
20
-4.2143629921259844
11
6.0569483464566929
21
-4.2149390551181103
0
LINE
8
BLACK
6
CONTINUOUS
10
6.0569483464566929
20
-4.2149390551181103
11
6.0565074409448814
21
-4.2160034645669286
0
LINE
8
BLACK
6
CONTINUOUS
10
6.0565074409448814
20
-4.2160034645669286
11
6.0556927952755908
21
-4.2168181102362201
0
LINE
8
BLACK
6
CONTINUOUS
10
6.0556927952755908
20
-4.2168181102362201
11
6.0546283858267715
21
-4.2172590157480316
0
LINE
8
BLACK
6
CONTINUOUS
10
6.0546283858267715
20
-4.2172590157480316
11
6.0534762598425198
21
-4.2172590157480316
0
LINE
8
BLACK
6
CONTINUOUS
10
6.0534762598425198
20
-4.2172590157480316
11
6.0524118503937006
21
-4.2168181102362201
0
LINE
8
BLACK
6
CONTINUOUS
10
6.0524118503937006
20
-4.2168181102362201
11
6.0515972047244091
21
-4.2160034645669286
0
LINE
8
BLACK
6
CONTINUOUS
10
6.0515972047244091
20
-4.2160034645669286
11
6.0511562992125985
21
-4.2149390551181103
0
LINE
8
BLACK
6
CONTINUOUS
10
6.0511562992125985
20
-4.2149390551181103
11
6.0510995669291336
21
-4.2143629921259844
0
LINE
8
BLACK
6
CONTINUOUS
10
6.0510995669291336
20
-4.2143629921259844
11
6.0510995669291336
21
-4.174992913385827
0
LINE
8
BLACK
6
CONTINUOUS
10
6.0510995669291336
20
-4.174992913385827
11
6.0511368503937009
21
-4.1746140944881889
0
LINE
8
BLACK
6
CONTINUOUS
10
6.0511368503937009
20
-4.1746140944881889
11
6.0511338188976378
21
-4.1745445669291339
0
LINE
8
BLACK
6
CONTINUOUS
10
6.0511338188976378
20
-4.1745445669291339
11
6.0511473622047243
21
-4.1745072047244092
0
LINE
8
BLACK
6
CONTINUOUS
10
6.0511473622047243
20
-4.1745072047244092
11
6.0511562992125985
21
-4.1744168503937003
0
LINE
8
BLACK
6
CONTINUOUS
10
6.0511562992125985
20
-4.1744168503937003
11
6.0513524015748033
21
-4.1739433464566931
0
LINE
8
BLACK
6
CONTINUOUS
10
6.0513524015748033
20
-4.1739433464566931
11
6.0515275196850391
21
-4.1734618503937009
0
LINE
8
BLACK
6
CONTINUOUS
10
6.0515275196850391
20
-4.1734618503937009
11
6.0515719685039366
21
-4.1734132677165352
0
LINE
8
BLACK
6
CONTINUOUS
10
6.0515719685039366
20
-4.1734132677165352
11
6.0515972047244091
21
-4.1733524409448819
0
LINE
8
BLACK
6
CONTINUOUS
10
6.0515972047244091
20
-4.1733524409448819
11
6.0519596062992127
21
-4.1729899999999995
0
LINE
8
BLACK
6
CONTINUOUS
10
6.0519596062992127
20
-4.1729899999999995
11
6.0523056299212596
21
-4.172612204724409
0
LINE
8
BLACK
6
CONTINUOUS
10
6.0523056299212596
20
-4.172612204724409
11
6.0523652755905513
21
-4.172584330708661
0
LINE
8
BLACK
6
CONTINUOUS
10
6.0523652755905513
20
-4.172584330708661
11
6.0524118503937006
21
-4.1725377952755904
0
LINE
8
BLACK
6
CONTINUOUS
10
6.0524118503937006
20
-4.1725377952755904
11
6.0528851181102361
21
-4.1723417322834644
0
LINE
8
BLACK
6
CONTINUOUS
10
6.0528851181102361
20
-4.1723417322834644
11
6.0533496456692912
21
-4.1721249606299216
0
LINE
8
BLACK
6
CONTINUOUS
10
6.0533496456692912
20
-4.1721249606299216
11
6.0534154330708656
21
-4.1721220472440947
0
LINE
8
BLACK
6
CONTINUOUS
10
6.0534154330708656
20
-4.1721220472440947
11
6.0534762598425198
21
-4.1720968897637798
0
LINE
8
BLACK
6
CONTINUOUS
10
6.0534762598425198
20
-4.1720968897637798
11
6.0539888188976381
21
-4.1720968897637798
0
LINE
8
BLACK
6
CONTINUOUS
10
6.0539888188976381
20
-4.1720968897637798
11
6.0545006692913388
21
-4.1720744094488191
0
LINE
8
BLACK
6
CONTINUOUS
10
6.0545006692913388
20
-4.1720744094488191
11
6.0545624803149609
21
-4.1720968897637798
0
LINE
8
BLACK
6
CONTINUOUS
10
6.0545624803149609
20
-4.1720968897637798
11
6.0546283858267715
21
-4.1720968897637798
0
LINE
8
BLACK
6
CONTINUOUS
10
6.0546283858267715
20
-4.1720968897637798
11
6.0551018503937009
21
-4.1722929921259846
0
LINE
8
BLACK
6
CONTINUOUS
10
6.0551018503937009
20
-4.1722929921259846
11
6.0555833858267718
21
-4.1724681102362204
0
LINE
8
BLACK
6
CONTINUOUS
10
6.0555833858267718
20
-4.1724681102362204
11
6.0556319291338578
21
-4.172512559055118
0
LINE
8
BLACK
6
CONTINUOUS
10
6.0556319291338578
20
-4.172512559055118
11
6.0556927952755908
21
-4.1725377952755904
0
LINE
8
BLACK
6
CONTINUOUS
10
6.0556927952755908
20
-4.1725377952755904
11
6.0560551968503935
21
-4.172900196850394
0
LINE
8
BLACK
6
CONTINUOUS
10
6.0560551968503935
20
-4.172900196850394
11
6.0564330314960628
21
-4.173246220472441
0
LINE
8
BLACK
6
CONTINUOUS
10
6.0564330314960628
20
-4.173246220472441
11
6.0564792519685042
21
-4.1733242519685039
0
LINE
8
BLACK
6
CONTINUOUS
10
6.0564792519685042
20
-4.1733242519685039
11
6.0565074409448814
21
-4.1733524409448819
0
LINE
8
BLACK
6
CONTINUOUS
10
6.0565074409448814
20
-4.1733524409448819
11
6.0565341338582677
21
-4.1734168503937008
0
LINE
8
BLACK
6
CONTINUOUS
10
6.0565341338582677
20
-4.1734168503937008
11
6.056728070866142
21
-4.173744251968504
0
LINE
8
BLACK
6
CONTINUOUS
10
6.056728070866142
20
-4.173744251968504
11
6.0671756299212598
21
-4.1961319291338581
0
LINE
8
BLACK
6
CONTINUOUS
10
6.0671756299212598
20
-4.1961319291338581
11
6.0776232677165352
21
-4.1737442125984252
0
LINE
8
BLACK
6
CONTINUOUS
10
6.0776232677165352
20
-4.1737442125984252
11
6.0778172440944882
21
-4.1734167322834645
0
LINE
8
BLACK
6
CONTINUOUS
10
6.0778172440944882
20
-4.1734167322834645
11
6.0778438976377949
21
-4.1733524409448819
0
LINE
8
BLACK
6
CONTINUOUS
10
6.0778438976377949
20
-4.1733524409448819
11
6.0778720078740154
21
-4.1733242913385826
0
LINE
8
BLACK
6
CONTINUOUS
10
6.0778720078740154
20
-4.1733242913385826
11
6.0779183070866143
21
-4.1732461811023622
0
LINE
8
BLACK
6
CONTINUOUS
10
6.0779183070866143
20
-4.1732461811023622
11
6.0782963779527561
21
-4.1728999212598428
0
LINE
8
BLACK
6
CONTINUOUS
10
6.0782963779527561
20
-4.1728999212598428
11
6.0786585433070863
21
-4.1725377952755904
0
LINE
8
BLACK
6
CONTINUOUS
10
6.0786585433070863
20
-4.1725377952755904
11
6.0787193700787396
21
-4.1725125984251967
0
LINE
8
BLACK
6
CONTINUOUS
10
6.0787193700787396
20
-4.1725125984251967
11
6.0787679527559053
21
-4.1724681102362204
0
LINE
8
BLACK
6
CONTINUOUS
10
6.0787679527559053
20
-4.1724681102362204
11
6.0792497637795275
21
-4.1722928740157483
0
LINE
8
BLACK
6
CONTINUOUS
10
6.0792497637795275
20
-4.1722928740157483
11
6.0797229527559056
21
-4.1720968897637798
0
LINE
8
BLACK
6
CONTINUOUS
10
6.0797229527559056
20
-4.1720968897637798
11
6.0797887401574799
21
-4.1720968897637798
0
LINE
8
BLACK
6
CONTINUOUS
10
6.0797887401574799
20
-4.1720968897637798
11
6.0798506692913383
21
-4.1720743700787404
0
LINE
8
BLACK
6
CONTINUOUS
10
6.0798506692913383
20
-4.1720743700787404
11
6.0803630314960628
21
-4.1720968897637798
0
LINE
8
BLACK
6
CONTINUOUS
10
6.3031618503937006
20
-4.1725377952755904
11
6.303976496062992
21
-4.1733524409448819
0
LINE
8
BLACK
6
CONTINUOUS
10
6.303976496062992
20
-4.1733524409448819
11
6.3044174015748027
21
-4.1744168503937003
0
LINE
8
BLACK
6
CONTINUOUS
10
6.3044174015748027
20
-4.1744168503937003
11
6.3044741338582675
21
-4.174992913385827
0
LINE
8
BLACK
6
CONTINUOUS
10
6.3044741338582675
20
-4.174992913385827
11
6.3044741338582675
21
-4.1907877952755905
0
LINE
8
BLACK
6
CONTINUOUS
10
6.3044741338582675
20
-4.1907877952755905
11
6.321065787401575
21
-4.1907877952755905
0
LINE
8
BLACK
6
CONTINUOUS
10
6.321065787401575
20
-4.1907877952755905
11
6.321065787401575
21
-4.174992913385827
0
LINE
8
BLACK
6
CONTINUOUS
10
6.321065787401575
20
-4.174992913385827
11
6.3211225196850389
21
-4.1744168503937003
0
LINE
8
BLACK
6
CONTINUOUS
10
6.3211225196850389
20
-4.1744168503937003
11
6.3215634251968504
21
-4.1733524409448819
0
LINE
8
BLACK
6
CONTINUOUS
10
6.3215634251968504
20
-4.1733524409448819
11
6.3223780708661419
21
-4.1725377952755904
0
LINE
8
BLACK
6
CONTINUOUS
10
6.3223780708661419
20
-4.1725377952755904
11
6.3234424803149603
21
-4.1720968897637798
0
LINE
8
BLACK
6
CONTINUOUS
10
6.3234424803149603
20
-4.1720968897637798
11
6.3245946062992129
21
-4.1720968897637798
0
LINE
8
BLACK
6
CONTINUOUS
10
6.3245946062992129
20
-4.1720968897637798
11
6.3256590157480312
21
-4.1725377952755904
0
LINE
8
BLACK
6
CONTINUOUS
10
6.3256590157480312
20
-4.1725377952755904
11
6.3264736614173227
21
-4.1733524409448819
0
LINE
8
BLACK
6
CONTINUOUS
10
6.3264736614173227
20
-4.1733524409448819
11
6.3269145669291333
21
-4.1744168503937003
0
LINE
8
BLACK
6
CONTINUOUS
10
6.3269145669291333
20
-4.1744168503937003
11
6.3269712992125982
21
-4.174992913385827
0
LINE
8
BLACK
6
CONTINUOUS
10
6.3269712992125982
20
-4.174992913385827
11
6.3269712992125982
21
-4.2143629921259844
0
LINE
8
BLACK
6
CONTINUOUS
10
6.3269712992125982
20
-4.2143629921259844
11
6.3269145669291333
21
-4.2149390551181103
0
LINE
8
BLACK
6
CONTINUOUS
10
6.3269145669291333
20
-4.2149390551181103
11
6.3264736614173227
21
-4.2160034645669286
0
LINE
8
BLACK
6
CONTINUOUS
10
6.3264736614173227
20
-4.2160034645669286
11
6.3256590157480312
21
-4.2168181102362201
0
LINE
8
BLACK
6
CONTINUOUS
10
6.3256590157480312
20
-4.2168181102362201
11
6.3245946062992129
21
-4.2172590157480316
0
LINE
8
BLACK
6
CONTINUOUS
10
6.3245946062992129
20
-4.2172590157480316
11
6.3234424803149603
21
-4.2172590157480316
0
LINE
8
BLACK
6
CONTINUOUS
10
6.3234424803149603
20
-4.2172590157480316
11
6.3223780708661419
21
-4.2168181102362201
0
LINE
8
BLACK
6
CONTINUOUS
10
6.3223780708661419
20
-4.2168181102362201
11
6.3215634251968504
21
-4.2160034645669286
0
LINE
8
BLACK
6
CONTINUOUS
10
6.3215634251968504
20
-4.2160034645669286
11
6.3211225196850389
21
-4.2149390551181103
0
LINE
8
BLACK
6
CONTINUOUS
10
6.3211225196850389
20
-4.2149390551181103
11
6.321065787401575
21
-4.2143629921259844
0
LINE
8
BLACK
6
CONTINUOUS
10
6.321065787401575
20
-4.2143629921259844
11
6.321065787401575
21
-4.1966933070866137
0
LINE
8
BLACK
6
CONTINUOUS
10
6.321065787401575
20
-4.1966933070866137
11
6.3044741338582675
21
-4.1966933070866137
0
LINE
8
BLACK
6
CONTINUOUS
10
6.3044741338582675
20
-4.1966933070866137
11
6.3044741338582675
21
-4.2143629921259844
0
LINE
8
BLACK
6
CONTINUOUS
10
6.3044741338582675
20
-4.2143629921259844
11
6.3044174015748027
21
-4.2149390551181103
0
LINE
8
BLACK
6
CONTINUOUS
10
6.3044174015748027
20
-4.2149390551181103
11
6.303976496062992
21
-4.2160034645669286
0
LINE
8
BLACK
6
CONTINUOUS
10
6.303976496062992
20
-4.2160034645669286
11
6.3031618503937006
21
-4.2168181102362201
0
LINE
8
BLACK
6
CONTINUOUS
10
6.3031618503937006
20
-4.2168181102362201
11
6.3020974409448813
21
-4.2172590157480316
0
LINE
8
BLACK
6
CONTINUOUS
10
6.3020974409448813
20
-4.2172590157480316
11
6.3009453149606296
21
-4.2172590157480316
0
LINE
8
BLACK
6
CONTINUOUS
10
6.3009453149606296
20
-4.2172590157480316
11
6.2998809055118112
21
-4.2168181102362201
0
LINE
8
BLACK
6
CONTINUOUS
10
6.2998809055118112
20
-4.2168181102362201
11
6.2990662598425198
21
-4.2160034645669286
0
LINE
8
BLACK
6
CONTINUOUS
10
6.2990662598425198
20
-4.2160034645669286
11
6.2986253543307082
21
-4.2149390551181103
0
LINE
8
BLACK
6
CONTINUOUS
10
6.2986253543307082
20
-4.2149390551181103
11
6.2985686220472443
21
-4.2143629921259844
0
LINE
8
BLACK
6
CONTINUOUS
10
6.2985686220472443
20
-4.2143629921259844
11
6.2985686220472443
21
-4.174992913385827
0
LINE
8
BLACK
6
CONTINUOUS
10
6.2985686220472443
20
-4.174992913385827
11
6.2986253543307082
21
-4.1744168503937003
0
LINE
8
BLACK
6
CONTINUOUS
10
6.2986253543307082
20
-4.1744168503937003
11
6.2990662598425198
21
-4.1733524409448819
0
LINE
8
BLACK
6
CONTINUOUS
10
6.2990662598425198
20
-4.1733524409448819
11
6.2998809055118112
21
-4.1725377952755904
0
LINE
8
BLACK
6
CONTINUOUS
10
6.2998809055118112
20
-4.1725377952755904
11
6.3009453149606296
21
-4.1720968897637798
0
LINE
8
BLACK
6
CONTINUOUS
10
6.3009453149606296
20
-4.1720968897637798
11
6.3020974409448813
21
-4.1720968897637798
0
LINE
8
BLACK
6
CONTINUOUS
10
6.3020974409448813
20
-4.1720968897637798
11
6.3031618503937006
21
-4.1725377952755904
0
LINE
8
BLACK
6
CONTINUOUS
10
6.5774127952755901
20
-4.1705529133858263
11
6.5782831889763775
21
-4.1713077952755908
0
LINE
8
BLACK
6
CONTINUOUS
10
6.5782831889763775
20
-4.1713077952755908
11
6.5787983858267713
21
-4.172338267716535
0
LINE
8
BLACK
6
CONTINUOUS
10
6.5787983858267713
20
-4.172338267716535
11
6.5788800787401573
21
-4.1734874803149609
0
LINE
8
BLACK
6
CONTINUOUS
10
6.5788800787401573
20
-4.1734874803149609
11
6.5787517322834645
21
-4.1740519291338583
0
LINE
8
BLACK
6
CONTINUOUS
10
6.5787517322834645
20
-4.1740519291338583
11
6.5706734251968504
21
-4.1982868503937008
0
LINE
8
BLACK
6
CONTINUOUS
10
6.5706734251968504
20
-4.1982868503937008
11
6.5823715748031493
21
-4.1982868503937008
0
LINE
8
BLACK
6
CONTINUOUS
10
6.5823715748031493
20
-4.1982868503937008
11
6.5823715748031493
21
-4.1881162598425199
0
LINE
8
BLACK
6
CONTINUOUS
10
6.5823715748031493
20
-4.1881162598425199
11
6.5824283070866141
21
-4.187540196850394
0
LINE
8
BLACK
6
CONTINUOUS
10
6.5824283070866141
20
-4.187540196850394
11
6.5828692125984247
21
-4.1864757874015748
0
LINE
8
BLACK
6
CONTINUOUS
10
6.5828692125984247
20
-4.1864757874015748
11
6.5836838582677162
21
-4.1856611417322833
0
LINE
8
BLACK
6
CONTINUOUS
10
6.5836838582677162
20
-4.1856611417322833
11
6.5847482677165354
21
-4.1852202362204727
0
LINE
8
BLACK
6
CONTINUOUS
10
6.5847482677165354
20
-4.1852202362204727
11
6.5859003937007872
21
-4.1852202362204727
0
LINE
8
BLACK
6
CONTINUOUS
10
6.5859003937007872
20
-4.1852202362204727
11
6.5869648031496064
21
-4.1856611417322833
0
LINE
8
BLACK
6
CONTINUOUS
10
6.5869648031496064
20
-4.1856611417322833
11
6.5877794488188979
21
-4.1864757874015748
0
LINE
8
BLACK
6
CONTINUOUS
10
6.5877794488188979
20
-4.1864757874015748
11
6.5882203543307085
21
-4.187540196850394
0
LINE
8
BLACK
6
CONTINUOUS
10
6.5882203543307085
20
-4.187540196850394
11
6.5882770866141733
21
-4.1881162598425199
0
LINE
8
BLACK
6
CONTINUOUS
10
6.5882770866141733
20
-4.1881162598425199
11
6.5882770866141733
21
-4.1982868503937008
0
LINE
8
BLACK
6
CONTINUOUS
10
6.5882770866141733
20
-4.1982868503937008
11
6.590948622047244
21
-4.1982868503937008
0
LINE
8
BLACK
6
CONTINUOUS
10
6.590948622047244
20
-4.1982868503937008
11
6.5915246850393698
21
-4.1983435826771656
0
LINE
8
BLACK
6
CONTINUOUS
10
6.5915246850393698
20
-4.1983435826771656
11
6.5925890944881891
21
-4.1987844881889762
0
LINE
8
BLACK
6
CONTINUOUS
10
6.5925890944881891
20
-4.1987844881889762
11
6.5934037401574805
21
-4.1995991338582677
0
LINE
8
BLACK
6
CONTINUOUS
10
6.5934037401574805
20
-4.1995991338582677
11
6.5938446456692912
21
-4.2006635433070869
0
LINE
8
BLACK
6
CONTINUOUS
10
6.5938446456692912
20
-4.2006635433070869
11
6.5938446456692912
21
-4.2018156692913387
0
LINE
8
BLACK
6
CONTINUOUS
10
6.5938446456692912
20
-4.2018156692913387
11
6.5934037401574805
21
-4.202880078740157
0
LINE
8
BLACK
6
CONTINUOUS
10
6.5934037401574805
20
-4.202880078740157
11
6.5925890944881891
21
-4.2036947244094485
0
LINE
8
BLACK
6
CONTINUOUS
10
6.5925890944881891
20
-4.2036947244094485
11
6.5915246850393698
21
-4.20413562992126
0
LINE
8
BLACK
6
CONTINUOUS
10
6.5915246850393698
20
-4.20413562992126
11
6.590948622047244
21
-4.2041923622047239
0
LINE
8
BLACK
6
CONTINUOUS
10
6.590948622047244
20
-4.2041923622047239
11
6.5882770866141733
21
-4.2041923622047239
0
LINE
8
BLACK
6
CONTINUOUS
10
6.5882770866141733
20
-4.2041923622047239
11
6.5882770866141733
21
-4.2143629921259844
0
LINE
8
BLACK
6
CONTINUOUS
10
6.5882770866141733
20
-4.2143629921259844
11
6.5882203543307085
21
-4.2149390551181103
0
LINE
8
BLACK
6
CONTINUOUS
10
6.5882203543307085
20
-4.2149390551181103
11
6.5877794488188979
21
-4.2160034645669286
0
LINE
8
BLACK
6
CONTINUOUS
10
6.5877794488188979
20
-4.2160034645669286
11
6.5869648031496064
21
-4.2168181102362201
0
LINE
8
BLACK
6
CONTINUOUS
10
6.5869648031496064
20
-4.2168181102362201
11
6.5859003937007872
21
-4.2172590157480316
0
LINE
8
BLACK
6
CONTINUOUS
10
6.5859003937007872
20
-4.2172590157480316
11
6.5847482677165354
21
-4.2172590157480316
0
LINE
8
BLACK
6
CONTINUOUS
10
6.5847482677165354
20
-4.2172590157480316
11
6.5836838582677162
21
-4.2168181102362201
0
LINE
8
BLACK
6
CONTINUOUS
10
6.5836838582677162
20
-4.2168181102362201
11
6.5828692125984247
21
-4.2160034645669286
0
LINE
8
BLACK
6
CONTINUOUS
10
6.5828692125984247
20
-4.2160034645669286
11
6.5824283070866141
21
-4.2149390551181103
0
LINE
8
BLACK
6
CONTINUOUS
10
6.5824283070866141
20
-4.2149390551181103
11
6.5823715748031493
21
-4.2143629921259844
0
LINE
8
BLACK
6
CONTINUOUS
10
6.5823715748031493
20
-4.2143629921259844
11
6.5823715748031493
21
-4.2041923622047239
0
LINE
8
BLACK
6
CONTINUOUS
10
6.5823715748031493
20
-4.2041923622047239
11
6.5665766929133857
21
-4.2041923622047239
0
LINE
8
BLACK
6
CONTINUOUS
10
6.5665766929133857
20
-4.2041923622047239
11
6.566285118110236
21
-4.2041636220472443
0
LINE
8
BLACK
6
CONTINUOUS
10
6.566285118110236
20
-4.2041636220472443
11
6.5662074015748031
21
-4.2041691732283466
0
LINE
8
BLACK
6
CONTINUOUS
10
6.5662074015748031
20
-4.2041691732283466
11
6.5661512598425196
21
-4.2041504330708657
0
LINE
8
BLACK
6
CONTINUOUS
10
6.5661512598425196
20
-4.2041504330708657
11
6.5660006299212599
21
-4.20413562992126
0
LINE
8
BLACK
6
CONTINUOUS
10
6.5660006299212599
20
-4.20413562992126
11
6.565563307086614
21
-4.2039544881889759
0
LINE
8
BLACK
6
CONTINUOUS
10
6.565563307086614
20
-4.2039544881889759
11
6.5651143700787404
21
-4.203804842519685
0
LINE
8
BLACK
6
CONTINUOUS
10
6.5651143700787404
20
-4.203804842519685
11
6.5650341732283461
21
-4.2037352755905513
0
LINE
8
BLACK
6
CONTINUOUS
10
6.5650341732283461
20
-4.2037352755905513
11
6.5649362204724406
21
-4.2036947244094485
0
LINE
8
BLACK
6
CONTINUOUS
10
6.5649362204724406
20
-4.2036947244094485
11
6.5646015748031497
21
-4.2033600787401575
0
LINE
8
BLACK
6
CONTINUOUS
10
6.5646015748031497
20
-4.2033600787401575
11
6.5642440157480317
21
-4.2030499606299214
0
LINE
8
BLACK
6
CONTINUOUS
10
6.5642440157480317
20
-4.2030499606299214
11
6.5641965748031499
21
-4.2029550787401577
0
LINE
8
BLACK
6
CONTINUOUS
10
6.5641965748031499
20
-4.2029550787401577
11
6.5641215748031492
21
-4.202880078740157
0
LINE
8
BLACK
6
CONTINUOUS
10
6.5641215748031492
20
-4.202880078740157
11
6.5639403937007872
21
-4.2024427165354332
0
LINE
8
BLACK
6
CONTINUOUS
10
6.5639403937007872
20
-4.2024427165354332
11
6.5637288188976379
21
-4.2020195275590551
0
LINE
8
BLACK
6
CONTINUOUS
10
6.5637288188976379
20
-4.2020195275590551
11
6.5637212992125979
21
-4.2019137401574804
0
LINE
8
BLACK
6
CONTINUOUS
10
6.5637212992125979
20
-4.2019137401574804
11
6.5636806692913385
21
-4.2018156692913387
0
LINE
8
BLACK
6
CONTINUOUS
10
6.5636806692913385
20
-4.2018156692913387
11
6.5636806692913385
21
-4.2013421653543306
0
LINE
8
BLACK
6
CONTINUOUS
10
6.5636806692913385
20
-4.2013421653543306
11
6.5636471259842519
21
-4.2008703149606301
0
LINE
8
BLACK
6
CONTINUOUS
10
6.5636471259842519
20
-4.2008703149606301
11
6.5636806692913385
21
-4.2007227952755901
0
LINE
8
BLACK
6
CONTINUOUS
10
6.5636806692913385
20
-4.2007227952755901
11
6.5636806692913385
21
-4.2006635433070869
0
LINE
8
BLACK
6
CONTINUOUS
10
6.5636806692913385
20
-4.2006635433070869
11
6.5637105118110233
21
-4.2005914173228343
0
LINE
8
BLACK
6
CONTINUOUS
10
6.5637105118110233
20
-4.2005914173228343
11
6.5637754724409447
21
-4.2003058661417318
0
LINE
8
BLACK
6
CONTINUOUS
10
6.5637754724409447
20
-4.2003058661417318
11
6.5731492913385825
21
-4.1721844094488185
0
LINE
8
BLACK
6
CONTINUOUS
10
6.5731492913385825
20
-4.1721844094488185
11
6.5733852755905513
21
-4.171655866141732
0
LINE
8
BLACK
6
CONTINUOUS
10
6.5733852755905513
20
-4.171655866141732
11
6.5741401574803149
21
-4.1707855118110233
0
LINE
8
BLACK
6
CONTINUOUS
10
6.5741401574803149
20
-4.1707855118110233
11
6.5751705905511812
21
-4.1702702755905507
0
LINE
8
BLACK
6
CONTINUOUS
10
6.5751705905511812
20
-4.1702702755905507
11
6.5763198031496062
21
-4.1701885826771656
0
LINE
8
BLACK
6
CONTINUOUS
10
6.5763198031496062
20
-4.1701885826771656
11
6.5774127952755901
21
-4.1705529133858263
0
LINE
8
BLACK
6
CONTINUOUS
10
6.7350712992125983
20
-4.1725377952755904
11
6.7358859448818897
21
-4.1733524409448819
0
LINE
8
BLACK
6
CONTINUOUS
10
6.7358859448818897
20
-4.1733524409448819
11
6.7363268503937004
21
-4.1744168503937003
0
LINE
8
BLACK
6
CONTINUOUS
10
6.7363268503937004
20
-4.1744168503937003
11
6.7363835826771652
21
-4.174992913385827
0
LINE
8
BLACK
6
CONTINUOUS
10
6.7363835826771652
20
-4.174992913385827
11
6.7363835826771652
21
-4.1907877952755905
0
LINE
8
BLACK
6
CONTINUOUS
10
6.7363835826771652
20
-4.1907877952755905
11
6.7529752362204727
21
-4.1907877952755905
0
LINE
8
BLACK
6
CONTINUOUS
10
6.7529752362204727
20
-4.1907877952755905
11
6.7529752362204727
21
-4.174992913385827
0
LINE
8
BLACK
6
CONTINUOUS
10
6.7529752362204727
20
-4.174992913385827
11
6.7530319685039366
21
-4.1744168503937003
0
LINE
8
BLACK
6
CONTINUOUS
10
6.7530319685039366
20
-4.1744168503937003
11
6.7534728740157481
21
-4.1733524409448819
0
LINE
8
BLACK
6
CONTINUOUS
10
6.7534728740157481
20
-4.1733524409448819
11
6.7542875196850396
21
-4.1725377952755904
0
LINE
8
BLACK
6
CONTINUOUS
10
6.7542875196850396
20
-4.1725377952755904
11
6.755351929133858
21
-4.1720968897637798
0
LINE
8
BLACK
6
CONTINUOUS
10
6.755351929133858
20
-4.1720968897637798
11
6.7565040551181097
21
-4.1720968897637798
0
LINE
8
BLACK
6
CONTINUOUS
10
6.7565040551181097
20
-4.1720968897637798
11
6.7575684645669289
21
-4.1725377952755904
0
LINE
8
BLACK
6
CONTINUOUS
10
6.7575684645669289
20
-4.1725377952755904
11
6.7583831102362204
21
-4.1733524409448819
0
LINE
8
BLACK
6
CONTINUOUS
10
6.7583831102362204
20
-4.1733524409448819
11
6.758824015748031
21
-4.1744168503937003
0
LINE
8
BLACK
6
CONTINUOUS
10
6.758824015748031
20
-4.1744168503937003
11
6.7588807480314959
21
-4.174992913385827
0
LINE
8
BLACK
6
CONTINUOUS
10
6.7588807480314959
20
-4.174992913385827
11
6.7588807480314959
21
-4.2143629921259844
0
LINE
8
BLACK
6
CONTINUOUS
10
6.7588807480314959
20
-4.2143629921259844
11
6.758824015748031
21
-4.2149390551181103
0
LINE
8
BLACK
6
CONTINUOUS
10
6.758824015748031
20
-4.2149390551181103
11
6.7583831102362204
21
-4.2160034645669286
0
LINE
8
BLACK
6
CONTINUOUS
10
6.7583831102362204
20
-4.2160034645669286
11
6.7575684645669289
21
-4.2168181102362201
0
LINE
8
BLACK
6
CONTINUOUS
10
6.7575684645669289
20
-4.2168181102362201
11
6.7565040551181097
21
-4.2172590157480316
0
LINE
8
BLACK
6
CONTINUOUS
10
6.7565040551181097
20
-4.2172590157480316
11
6.755351929133858
21
-4.2172590157480316
0
LINE
8
BLACK
6
CONTINUOUS
10
6.755351929133858
20
-4.2172590157480316
11
6.7542875196850396
21
-4.2168181102362201
0
LINE
8
BLACK
6
CONTINUOUS
10
6.7542875196850396
20
-4.2168181102362201
11
6.7534728740157481
21
-4.2160034645669286
0
LINE
8
BLACK
6
CONTINUOUS
10
6.7534728740157481
20
-4.2160034645669286
11
6.7530319685039366
21
-4.2149390551181103
0
LINE
8
BLACK
6
CONTINUOUS
10
6.7530319685039366
20
-4.2149390551181103
11
6.7529752362204727
21
-4.2143629921259844
0
LINE
8
BLACK
6
CONTINUOUS
10
6.7529752362204727
20
-4.2143629921259844
11
6.7529752362204727
21
-4.1966933070866137
0
LINE
8
BLACK
6
CONTINUOUS
10
6.7529752362204727
20
-4.1966933070866137
11
6.7363835826771652
21
-4.1966933070866137
0
LINE
8
BLACK
6
CONTINUOUS
10
6.7363835826771652
20
-4.1966933070866137
11
6.7363835826771652
21
-4.2143629921259844
0
LINE
8
BLACK
6
CONTINUOUS
10
6.7363835826771652
20
-4.2143629921259844
11
6.7363268503937004
21
-4.2149390551181103
0
LINE
8
BLACK
6
CONTINUOUS
10
6.7363268503937004
20
-4.2149390551181103
11
6.7358859448818897
21
-4.2160034645669286
0
LINE
8
BLACK
6
CONTINUOUS
10
6.7358859448818897
20
-4.2160034645669286
11
6.7350712992125983
21
-4.2168181102362201
0
LINE
8
BLACK
6
CONTINUOUS
10
6.7350712992125983
20
-4.2168181102362201
11
6.734006889763779
21
-4.2172590157480316
0
LINE
8
BLACK
6
CONTINUOUS
10
6.734006889763779
20
-4.2172590157480316
11
6.7328547637795273
21
-4.2172590157480316
0
LINE
8
BLACK
6
CONTINUOUS
10
6.7328547637795273
20
-4.2172590157480316
11
6.7317903543307089
21
-4.2168181102362201
0
LINE
8
BLACK
6
CONTINUOUS
10
6.7317903543307089
20
-4.2168181102362201
11
6.7309757086614175
21
-4.2160034645669286
0
LINE
8
BLACK
6
CONTINUOUS
10
6.7309757086614175
20
-4.2160034645669286
11
6.7305348031496059
21
-4.2149390551181103
0
LINE
8
BLACK
6
CONTINUOUS
10
6.7305348031496059
20
-4.2149390551181103
11
6.7304780708661411
21
-4.2143629921259844
0
LINE
8
BLACK
6
CONTINUOUS
10
6.7304780708661411
20
-4.2143629921259844
11
6.7304780708661411
21
-4.174992913385827
0
LINE
8
BLACK
6
CONTINUOUS
10
6.7304780708661411
20
-4.174992913385827
11
6.7305348031496059
21
-4.1744168503937003
0
LINE
8
BLACK
6
CONTINUOUS
10
6.7305348031496059
20
-4.1744168503937003
11
6.7309757086614175
21
-4.1733524409448819
0
LINE
8
BLACK
6
CONTINUOUS
10
6.7309757086614175
20
-4.1733524409448819
11
6.7317903543307089
21
-4.1725377952755904
0
LINE
8
BLACK
6
CONTINUOUS
10
6.7317903543307089
20
-4.1725377952755904
11
6.7328547637795273
21
-4.1720968897637798
0
LINE
8
BLACK
6
CONTINUOUS
10
6.7328547637795273
20
-4.1720968897637798
11
6.734006889763779
21
-4.1720968897637798
0
LINE
8
BLACK
6
CONTINUOUS
10
6.734006889763779
20
-4.1720968897637798
11
6.7350712992125983
21
-4.1725377952755904
0
LINE
8
BLACK
6
CONTINUOUS
10
6.8783638188976379
20
-4.1720968897637798
11
6.8794282283464563
21
-4.1725377952755904
0
LINE
8
BLACK
6
CONTINUOUS
10
6.8794282283464563
20
-4.1725377952755904
11
6.8802428740157477
21
-4.1733524409448819
0
LINE
8
BLACK
6
CONTINUOUS
10
6.8802428740157477
20
-4.1733524409448819
11
6.8806837795275593
21
-4.1744168503937003
0
LINE
8
BLACK
6
CONTINUOUS
10
6.8806837795275593
20
-4.1744168503937003
11
6.8806837795275593
21
-4.1755689763779529
0
LINE
8
BLACK
6
CONTINUOUS
10
6.8806837795275593
20
-4.1755689763779529
11
6.8802428740157477
21
-4.1766333858267712
0
LINE
8
BLACK
6
CONTINUOUS
10
6.8802428740157477
20
-4.1766333858267712
11
6.8794282283464563
21
-4.1774480314960627
0
LINE
8
BLACK
6
CONTINUOUS
10
6.8794282283464563
20
-4.1774480314960627
11
6.8783638188976379
21
-4.1778889370078742
0
LINE
8
BLACK
6
CONTINUOUS
10
6.8783638188976379
20
-4.1778889370078742
11
6.8777877559055121
21
-4.1779456692913381
0
LINE
8
BLACK
6
CONTINUOUS
10
6.8777877559055121
20
-4.1779456692913381
11
6.8694919291338579
21
-4.1779456692913381
0
LINE
8
BLACK
6
CONTINUOUS
10
6.8694919291338579
20
-4.1779456692913381
11
6.8694919291338579
21
-4.2143629921259844
0
LINE
8
BLACK
6
CONTINUOUS
10
6.8694919291338579
20
-4.2143629921259844
11
6.8694351968503939
21
-4.2149390551181103
0
LINE
8
BLACK
6
CONTINUOUS
10
6.8694351968503939
20
-4.2149390551181103
11
6.8689942913385824
21
-4.2160034645669286
0
LINE
8
BLACK
6
CONTINUOUS
10
6.8689942913385824
20
-4.2160034645669286
11
6.868179645669291
21
-4.2168181102362201
0
LINE
8
BLACK
6
CONTINUOUS
10
6.868179645669291
20
-4.2168181102362201
11
6.8671152362204726
21
-4.2172590157480316
0
LINE
8
BLACK
6
CONTINUOUS
10
6.8671152362204726
20
-4.2172590157480316
11
6.86596311023622
21
-4.2172590157480316
0
LINE
8
BLACK
6
CONTINUOUS
10
6.86596311023622
20
-4.2172590157480316
11
6.8648987007874016
21
-4.2168181102362201
0
LINE
8
BLACK
6
CONTINUOUS
10
6.8648987007874016
20
-4.2168181102362201
11
6.8640840551181102
21
-4.2160034645669286
0
LINE
8
BLACK
6
CONTINUOUS
10
6.8640840551181102
20
-4.2160034645669286
11
6.8636431496062986
21
-4.2149390551181103
0
LINE
8
BLACK
6
CONTINUOUS
10
6.8636431496062986
20
-4.2149390551181103
11
6.8635864173228347
21
-4.2143629921259844
0
LINE
8
BLACK
6
CONTINUOUS
10
6.8635864173228347
20
-4.2143629921259844
11
6.8635864173228347
21
-4.1779456692913381
0
LINE
8
BLACK
6
CONTINUOUS
10
6.8635864173228347
20
-4.1779456692913381
11
6.8552905905511805
21
-4.1779456692913381
0
LINE
8
BLACK
6
CONTINUOUS
10
6.8552905905511805
20
-4.1779456692913381
11
6.8547145275590546
21
-4.1778889370078742
0
LINE
8
BLACK
6
CONTINUOUS
10
6.8547145275590546
20
-4.1778889370078742
11
6.8536501181102363
21
-4.1774480314960627
0
LINE
8
BLACK
6
CONTINUOUS
10
6.8536501181102363
20
-4.1774480314960627
11
6.8528354724409448
21
-4.1766333858267712
0
LINE
8
BLACK
6
CONTINUOUS
10
6.8528354724409448
20
-4.1766333858267712
11
6.8523945669291333
21
-4.1755689763779529
0
LINE
8
BLACK
6
CONTINUOUS
10
6.8523945669291333
20
-4.1755689763779529
11
6.8523945669291333
21
-4.1744168503937003
0
LINE
8
BLACK
6
CONTINUOUS
10
6.8523945669291333
20
-4.1744168503937003
11
6.8528354724409448
21
-4.1733524409448819
0
LINE
8
BLACK
6
CONTINUOUS
10
6.8528354724409448
20
-4.1733524409448819
11
6.8536501181102363
21
-4.1725377952755904
0
LINE
8
BLACK
6
CONTINUOUS
10
6.8536501181102363
20
-4.1725377952755904
11
6.8547145275590546
21
-4.1720968897637798
0
LINE
8
BLACK
6
CONTINUOUS
10
6.8547145275590546
20
-4.1720968897637798
11
6.8552905905511805
21
-4.172040157480315
0
LINE
8
BLACK
6
CONTINUOUS
10
6.8552905905511805
20
-4.172040157480315
11
6.8777877559055121
21
-4.172040157480315
0
LINE
8
BLACK
6
CONTINUOUS
10
6.8777877559055121
20
-4.172040157480315
11
6.8783638188976379
21
-4.1720968897637798
0
LINE
8
BLACK
6
CONTINUOUS
10
4.653369488188976
20
-4.196468818897638
11
4.6544338976377952
21
-4.1969097244094486
0
LINE
8
BLACK
6
CONTINUOUS
10
4.6544338976377952
20
-4.1969097244094486
11
4.6552485433070867
21
-4.1977243700787401
0
LINE
8
BLACK
6
CONTINUOUS
10
4.6552485433070867
20
-4.1977243700787401
11
4.6556894488188973
21
-4.1987887795275594
0
LINE
8
BLACK
6
CONTINUOUS
10
4.6556894488188973
20
-4.1987887795275594
11
4.6556894488188973
21
-4.1999409055118111
0
LINE
8
BLACK
6
CONTINUOUS
10
4.6556894488188973
20
-4.1999409055118111
11
4.6552485433070867
21
-4.2010053149606295
0
LINE
8
BLACK
6
CONTINUOUS
10
4.6552485433070867
20
-4.2010053149606295
11
4.6544338976377952
21
-4.2018199606299209
0
LINE
8
BLACK
6
CONTINUOUS
10
4.6544338976377952
20
-4.2018199606299209
11
4.653369488188976
21
-4.2022608661417324
0
LINE
8
BLACK
6
CONTINUOUS
10
4.653369488188976
20
-4.2022608661417324
11
4.6527934251968501
21
-4.2023175984251964
0
LINE
8
BLACK
6
CONTINUOUS
10
4.6527934251968501
20
-4.2023175984251964
11
4.6227971653543305
21
-4.2023175984251964
0
LINE
8
BLACK
6
CONTINUOUS
10
4.6227971653543305
20
-4.2023175984251964
11
4.6222211023622046
21
-4.2022608661417324
0
LINE
8
BLACK
6
CONTINUOUS
10
4.6222211023622046
20
-4.2022608661417324
11
4.6211566929133854
21
-4.2018199606299209
0
LINE
8
BLACK
6
CONTINUOUS
10
4.6211566929133854
20
-4.2018199606299209
11
4.6203420472440948
21
-4.2010053149606295
0
LINE
8
BLACK
6
CONTINUOUS
10
4.6203420472440948
20
-4.2010053149606295
11
4.6199011417322833
21
-4.1999409055118111
0
LINE
8
BLACK
6
CONTINUOUS
10
4.6199011417322833
20
-4.1999409055118111
11
4.6199011417322833
21
-4.1987887795275594
0
LINE
8
BLACK
6
CONTINUOUS
10
4.6199011417322833
20
-4.1987887795275594
11
4.6203420472440948
21
-4.1977243700787401
0
LINE
8
BLACK
6
CONTINUOUS
10
4.6203420472440948
20
-4.1977243700787401
11
4.6211566929133854
21
-4.1969097244094486
0
LINE
8
BLACK
6
CONTINUOUS
10
4.6211566929133854
20
-4.1969097244094486
11
4.6222211023622046
21
-4.196468818897638
0
LINE
8
BLACK
6
CONTINUOUS
10
4.6222211023622046
20
-4.196468818897638
11
4.6227971653543305
21
-4.1964120866141732
0
LINE
8
BLACK
6
CONTINUOUS
10
4.6227971653543305
20
-4.1964120866141732
11
4.6527934251968501
21
-4.1964120866141732
0
LINE
8
BLACK
6
CONTINUOUS
10
4.6527934251968501
20
-4.1964120866141732
11
4.653369488188976
21
-4.196468818897638
0
LINE
8
BLACK
6
CONTINUOUS
10
4.8202236220472443
20
-4.196468818897638
11
4.8212880314960627
21
-4.1969097244094486
0
LINE
8
BLACK
6
CONTINUOUS
10
4.8212880314960627
20
-4.1969097244094486
11
4.8221026771653541
21
-4.1977243700787401
0
LINE
8
BLACK
6
CONTINUOUS
10
4.8221026771653541
20
-4.1977243700787401
11
4.8225435826771657
21
-4.1987887795275594
0
LINE
8
BLACK
6
CONTINUOUS
10
4.8225435826771657
20
-4.1987887795275594
11
4.8225435826771657
21
-4.1999409055118111
0
LINE
8
BLACK
6
CONTINUOUS
10
4.8225435826771657
20
-4.1999409055118111
11
4.8221026771653541
21
-4.2010053149606295
0
LINE
8
BLACK
6
CONTINUOUS
10
4.8221026771653541
20
-4.2010053149606295
11
4.8212880314960627
21
-4.2018199606299209
0
LINE
8
BLACK
6
CONTINUOUS
10
4.8212880314960627
20
-4.2018199606299209
11
4.8202236220472443
21
-4.2022608661417324
0
LINE
8
BLACK
6
CONTINUOUS
10
4.8202236220472443
20
-4.2022608661417324
11
4.8196475590551184
21
-4.2023175984251964
0
LINE
8
BLACK
6
CONTINUOUS
10
4.8196475590551184
20
-4.2023175984251964
11
4.7896512992125979
21
-4.2023175984251964
0
LINE
8
BLACK
6
CONTINUOUS
10
4.7896512992125979
20
-4.2023175984251964
11
4.789075236220472
21
-4.2022608661417324
0
LINE
8
BLACK
6
CONTINUOUS
10
4.789075236220472
20
-4.2022608661417324
11
4.7880108267716537
21
-4.2018199606299209
0
LINE
8
BLACK
6
CONTINUOUS
10
4.7880108267716537
20
-4.2018199606299209
11
4.7871961811023622
21
-4.2010053149606295
0
LINE
8
BLACK
6
CONTINUOUS
10
4.7871961811023622
20
-4.2010053149606295
11
4.7867552755905507
21
-4.1999409055118111
0
LINE
8
BLACK
6
CONTINUOUS
10
4.7867552755905507
20
-4.1999409055118111
11
4.7867552755905507
21
-4.1987887795275594
0
LINE
8
BLACK
6
CONTINUOUS
10
4.7867552755905507
20
-4.1987887795275594
11
4.7871961811023622
21
-4.1977243700787401
0
LINE
8
BLACK
6
CONTINUOUS
10
4.7871961811023622
20
-4.1977243700787401
11
4.7880108267716537
21
-4.1969097244094486
0
LINE
8
BLACK
6
CONTINUOUS
10
4.7880108267716537
20
-4.1969097244094486
11
4.789075236220472
21
-4.196468818897638
0
LINE
8
BLACK
6
CONTINUOUS
10
4.789075236220472
20
-4.196468818897638
11
4.7896512992125979
21
-4.1964120866141732
0
LINE
8
BLACK
6
CONTINUOUS
10
4.7896512992125979
20
-4.1964120866141732
11
4.8196475590551184
21
-4.1964120866141732
0
LINE
8
BLACK
6
CONTINUOUS
10
4.8196475590551184
20
-4.1964120866141732
11
4.8202236220472443
21
-4.196468818897638
0
LINE
8
BLACK
6
CONTINUOUS
10
5.2329167322834644
20
-4.196468818897638
11
5.2339811417322837
21
-4.1969097244094486
0
LINE
8
BLACK
6
CONTINUOUS
10
5.2339811417322837
20
-4.1969097244094486
11
5.2347957874015743
21
-4.1977243700787401
0
LINE
8
BLACK
6
CONTINUOUS
10
5.2347957874015743
20
-4.1977243700787401
11
5.2352366929133858
21
-4.1987887795275594
0
LINE
8
BLACK
6
CONTINUOUS
10
5.2352366929133858
20
-4.1987887795275594
11
5.2352366929133858
21
-4.1999409055118111
0
LINE
8
BLACK
6
CONTINUOUS
10
5.2352366929133858
20
-4.1999409055118111
11
5.2347957874015743
21
-4.2010053149606295
0
LINE
8
BLACK
6
CONTINUOUS
10
5.2347957874015743
20
-4.2010053149606295
11
5.2339811417322837
21
-4.2018199606299209
0
LINE
8
BLACK
6
CONTINUOUS
10
5.2339811417322837
20
-4.2018199606299209
11
5.2329167322834644
21
-4.2022608661417324
0
LINE
8
BLACK
6
CONTINUOUS
10
5.2329167322834644
20
-4.2022608661417324
11
5.2323406692913386
21
-4.2023175984251964
0
LINE
8
BLACK
6
CONTINUOUS
10
5.2323406692913386
20
-4.2023175984251964
11
5.2023444094488189
21
-4.2023175984251964
0
LINE
8
BLACK
6
CONTINUOUS
10
5.2023444094488189
20
-4.2023175984251964
11
5.2017683464566931
21
-4.2022608661417324
0
LINE
8
BLACK
6
CONTINUOUS
10
5.2017683464566931
20
-4.2022608661417324
11
5.2007039370078738
21
-4.2018199606299209
0
LINE
8
BLACK
6
CONTINUOUS
10
5.2007039370078738
20
-4.2018199606299209
11
5.1998892913385824
21
-4.2010053149606295
0
LINE
8
BLACK
6
CONTINUOUS
10
5.1998892913385824
20
-4.2010053149606295
11
5.1994483858267717
21
-4.1999409055118111
0
LINE
8
BLACK
6
CONTINUOUS
10
5.1994483858267717
20
-4.1999409055118111
11
5.1994483858267717
21
-4.1987887795275594
0
LINE
8
BLACK
6
CONTINUOUS
10
5.1994483858267717
20
-4.1987887795275594
11
5.1998892913385824
21
-4.1977243700787401
0
LINE
8
BLACK
6
CONTINUOUS
10
5.1998892913385824
20
-4.1977243700787401
11
5.2007039370078738
21
-4.1969097244094486
0
LINE
8
BLACK
6
CONTINUOUS
10
5.2007039370078738
20
-4.1969097244094486
11
5.2017683464566931
21
-4.196468818897638
0
LINE
8
BLACK
6
CONTINUOUS
10
5.2017683464566931
20
-4.196468818897638
11
5.2023444094488189
21
-4.1964120866141732
0
LINE
8
BLACK
6
CONTINUOUS
10
5.2023444094488189
20
-4.1964120866141732
11
5.2323406692913386
21
-4.1964120866141732
0
LINE
8
BLACK
6
CONTINUOUS
10
5.2323406692913386
20
-4.1964120866141732
11
5.2329167322834644
21
-4.196468818897638
0
LINE
8
BLACK
6
CONTINUOUS
10
5.3997708661417319
20
-4.196468818897638
11
5.4008352755905511
21
-4.1969097244094486
0
LINE
8
BLACK
6
CONTINUOUS
10
5.4008352755905511
20
-4.1969097244094486
11
5.4016499212598426
21
-4.1977243700787401
0
LINE
8
BLACK
6
CONTINUOUS
10
5.4016499212598426
20
-4.1977243700787401
11
5.4020908267716532
21
-4.1987887795275594
0
LINE
8
BLACK
6
CONTINUOUS
10
5.4020908267716532
20
-4.1987887795275594
11
5.4020908267716532
21
-4.1999409055118111
0
LINE
8
BLACK
6
CONTINUOUS
10
5.4020908267716532
20
-4.1999409055118111
11
5.4016499212598426
21
-4.2010053149606295
0
LINE
8
BLACK
6
CONTINUOUS
10
5.4016499212598426
20
-4.2010053149606295
11
5.4008352755905511
21
-4.2018199606299209
0
LINE
8
BLACK
6
CONTINUOUS
10
5.4008352755905511
20
-4.2018199606299209
11
5.3997708661417319
21
-4.2022608661417324
0
LINE
8
BLACK
6
CONTINUOUS
10
5.3997708661417319
20
-4.2022608661417324
11
5.399194803149606
21
-4.2023175984251964
0
LINE
8
BLACK
6
CONTINUOUS
10
5.399194803149606
20
-4.2023175984251964
11
5.3691985433070863
21
-4.2023175984251964
0
LINE
8
BLACK
6
CONTINUOUS
10
5.3691985433070863
20
-4.2023175984251964
11
5.3686224803149605
21
-4.2022608661417324
0
LINE
8
BLACK
6
CONTINUOUS
10
5.3686224803149605
20
-4.2022608661417324
11
5.3675580708661412
21
-4.2018199606299209
0
LINE
8
BLACK
6
CONTINUOUS
10
5.3675580708661412
20
-4.2018199606299209
11
5.3667434251968507
21
-4.2010053149606295
0
LINE
8
BLACK
6
CONTINUOUS
10
5.3667434251968507
20
-4.2010053149606295
11
5.3663025196850391
21
-4.1999409055118111
0
LINE
8
BLACK
6
CONTINUOUS
10
5.3663025196850391
20
-4.1999409055118111
11
5.3663025196850391
21
-4.1987887795275594
0
LINE
8
BLACK
6
CONTINUOUS
10
5.3663025196850391
20
-4.1987887795275594
11
5.3667434251968507
21
-4.1977243700787401
0
LINE
8
BLACK
6
CONTINUOUS
10
5.3667434251968507
20
-4.1977243700787401
11
5.3675580708661412
21
-4.1969097244094486
0
LINE
8
BLACK
6
CONTINUOUS
10
5.3675580708661412
20
-4.1969097244094486
11
5.3686224803149605
21
-4.196468818897638
0
LINE
8
BLACK
6
CONTINUOUS
10
5.3686224803149605
20
-4.196468818897638
11
5.3691985433070863
21
-4.1964120866141732
0
LINE
8
BLACK
6
CONTINUOUS
10
5.3691985433070863
20
-4.1964120866141732
11
5.399194803149606
21
-4.1964120866141732
0
LINE
8
BLACK
6
CONTINUOUS
10
5.399194803149606
20
-4.1964120866141732
11
5.3997708661417319
21
-4.196468818897638
0
LINE
8
BLACK
6
CONTINUOUS
10
5.7384482283464564
20
-4.196468818897638
11
5.7395126377952757
21
-4.1969097244094486
0
LINE
8
BLACK
6
CONTINUOUS
10
5.7395126377952757
20
-4.1969097244094486
11
5.7403272834645671
21
-4.1977243700787401
0
LINE
8
BLACK
6
CONTINUOUS
10
5.7403272834645671
20
-4.1977243700787401
11
5.7407681889763778
21
-4.1987887795275594
0
LINE
8
BLACK
6
CONTINUOUS
10
5.7407681889763778
20
-4.1987887795275594
11
5.7407681889763778
21
-4.1999409055118111
0
LINE
8
BLACK
6
CONTINUOUS
10
5.7407681889763778
20
-4.1999409055118111
11
5.7403272834645671
21
-4.2010053149606295
0
LINE
8
BLACK
6
CONTINUOUS
10
5.7403272834645671
20
-4.2010053149606295
11
5.7395126377952757
21
-4.2018199606299209
0
LINE
8
BLACK
6
CONTINUOUS
10
5.7395126377952757
20
-4.2018199606299209
11
5.7384482283464564
21
-4.2022608661417324
0
LINE
8
BLACK
6
CONTINUOUS
10
5.7384482283464564
20
-4.2022608661417324
11
5.7378721653543305
21
-4.2023175984251964
0
LINE
8
BLACK
6
CONTINUOUS
10
5.7378721653543305
20
-4.2023175984251964
11
5.7078759055118109
21
-4.2023175984251964
0
LINE
8
BLACK
6
CONTINUOUS
10
5.7078759055118109
20
-4.2023175984251964
11
5.707299842519685
21
-4.2022608661417324
0
LINE
8
BLACK
6
CONTINUOUS
10
5.707299842519685
20
-4.2022608661417324
11
5.7062354330708658
21
-4.2018199606299209
0
LINE
8
BLACK
6
CONTINUOUS
10
5.7062354330708658
20
-4.2018199606299209
11
5.7054207874015743
21
-4.2010053149606295
0
LINE
8
BLACK
6
CONTINUOUS
10
5.7054207874015743
20
-4.2010053149606295
11
5.7049798818897637
21
-4.1999409055118111
0
LINE
8
BLACK
6
CONTINUOUS
10
5.7049798818897637
20
-4.1999409055118111
11
5.7049798818897637
21
-4.1987887795275594
0
LINE
8
BLACK
6
CONTINUOUS
10
5.7049798818897637
20
-4.1987887795275594
11
5.7054207874015743
21
-4.1977243700787401
0
LINE
8
BLACK
6
CONTINUOUS
10
5.7054207874015743
20
-4.1977243700787401
11
5.7062354330708658
21
-4.1969097244094486
0
LINE
8
BLACK
6
CONTINUOUS
10
5.7062354330708658
20
-4.1969097244094486
11
5.707299842519685
21
-4.196468818897638
0
LINE
8
BLACK
6
CONTINUOUS
10
5.707299842519685
20
-4.196468818897638
11
5.7078759055118109
21
-4.1964120866141732
0
LINE
8
BLACK
6
CONTINUOUS
10
5.7078759055118109
20
-4.1964120866141732
11
5.7378721653543305
21
-4.1964120866141732
0
LINE
8
BLACK
6
CONTINUOUS
10
5.7378721653543305
20
-4.1964120866141732
11
5.7384482283464564
21
-4.196468818897638
0
LINE
8
BLACK
6
CONTINUOUS
10
5.9053023622047247
20
-4.196468818897638
11
5.9063667716535431
21
-4.1969097244094486
0
LINE
8
BLACK
6
CONTINUOUS
10
5.9063667716535431
20
-4.1969097244094486
11
5.9071814173228345
21
-4.1977243700787401
0
LINE
8
BLACK
6
CONTINUOUS
10
5.9071814173228345
20
-4.1977243700787401
11
5.9076223228346452
21
-4.1987887795275594
0
LINE
8
BLACK
6
CONTINUOUS
10
5.9076223228346452
20
-4.1987887795275594
11
5.9076223228346452
21
-4.1999409055118111
0
LINE
8
BLACK
6
CONTINUOUS
10
5.9076223228346452
20
-4.1999409055118111
11
5.9071814173228345
21
-4.2010053149606295
0
LINE
8
BLACK
6
CONTINUOUS
10
5.9071814173228345
20
-4.2010053149606295
11
5.9063667716535431
21
-4.2018199606299209
0
LINE
8
BLACK
6
CONTINUOUS
10
5.9063667716535431
20
-4.2018199606299209
11
5.9053023622047247
21
-4.2022608661417324
0
LINE
8
BLACK
6
CONTINUOUS
10
5.9053023622047247
20
-4.2022608661417324
11
5.904726299212598
21
-4.2023175984251964
0
LINE
8
BLACK
6
CONTINUOUS
10
5.904726299212598
20
-4.2023175984251964
11
5.8747300393700783
21
-4.2023175984251964
0
LINE
8
BLACK
6
CONTINUOUS
10
5.8747300393700783
20
-4.2023175984251964
11
5.8741539763779524
21
-4.2022608661417324
0
LINE
8
BLACK
6
CONTINUOUS
10
5.8741539763779524
20
-4.2022608661417324
11
5.8730895669291341
21
-4.2018199606299209
0
LINE
8
BLACK
6
CONTINUOUS
10
5.8730895669291341
20
-4.2018199606299209
11
5.8722749212598426
21
-4.2010053149606295
0
LINE
8
BLACK
6
CONTINUOUS
10
5.8722749212598426
20
-4.2010053149606295
11
5.8718340157480311
21
-4.1999409055118111
0
LINE
8
BLACK
6
CONTINUOUS
10
5.8718340157480311
20
-4.1999409055118111
11
5.8718340157480311
21
-4.1987887795275594
0
LINE
8
BLACK
6
CONTINUOUS
10
5.8718340157480311
20
-4.1987887795275594
11
5.8722749212598426
21
-4.1977243700787401
0
LINE
8
BLACK
6
CONTINUOUS
10
5.8722749212598426
20
-4.1977243700787401
11
5.8730895669291341
21
-4.1969097244094486
0
LINE
8
BLACK
6
CONTINUOUS
10
5.8730895669291341
20
-4.1969097244094486
11
5.8741539763779524
21
-4.196468818897638
0
LINE
8
BLACK
6
CONTINUOUS
10
5.8741539763779524
20
-4.196468818897638
11
5.8747300393700783
21
-4.1964120866141732
0
LINE
8
BLACK
6
CONTINUOUS
10
5.8747300393700783
20
-4.1964120866141732
11
5.904726299212598
21
-4.1964120866141732
0
LINE
8
BLACK
6
CONTINUOUS
10
5.904726299212598
20
-4.1964120866141732
11
5.9053023622047247
21
-4.196468818897638
0
LINE
8
BLACK
6
CONTINUOUS
10
6.2439797244094484
20
-4.196468818897638
11
6.2450441338582676
21
-4.1969097244094486
0
LINE
8
BLACK
6
CONTINUOUS
10
6.2450441338582676
20
-4.1969097244094486
11
6.2458587795275591
21
-4.1977243700787401
0
LINE
8
BLACK
6
CONTINUOUS
10
6.2458587795275591
20
-4.1977243700787401
11
6.2462996850393697
21
-4.1987887795275594
0
LINE
8
BLACK
6
CONTINUOUS
10
6.2462996850393697
20
-4.1987887795275594
11
6.2462996850393697
21
-4.1999409055118111
0
LINE
8
BLACK
6
CONTINUOUS
10
6.2462996850393697
20
-4.1999409055118111
11
6.2458587795275591
21
-4.2010053149606295
0
LINE
8
BLACK
6
CONTINUOUS
10
6.2458587795275591
20
-4.2010053149606295
11
6.2450441338582676
21
-4.2018199606299209
0
LINE
8
BLACK
6
CONTINUOUS
10
6.2450441338582676
20
-4.2018199606299209
11
6.2439797244094484
21
-4.2022608661417324
0
LINE
8
BLACK
6
CONTINUOUS
10
6.2439797244094484
20
-4.2022608661417324
11
6.2434036614173225
21
-4.2023175984251964
0
LINE
8
BLACK
6
CONTINUOUS
10
6.2434036614173225
20
-4.2023175984251964
11
6.2134074015748029
21
-4.2023175984251964
0
LINE
8
BLACK
6
CONTINUOUS
10
6.2134074015748029
20
-4.2023175984251964
11
6.212831338582677
21
-4.2022608661417324
0
LINE
8
BLACK
6
CONTINUOUS
10
6.212831338582677
20
-4.2022608661417324
11
6.2117669291338578
21
-4.2018199606299209
0
LINE
8
BLACK
6
CONTINUOUS
10
6.2117669291338578
20
-4.2018199606299209
11
6.2109522834645672
21
-4.2010053149606295
0
LINE
8
BLACK
6
CONTINUOUS
10
6.2109522834645672
20
-4.2010053149606295
11
6.2105113779527557
21
-4.1999409055118111
0
LINE
8
BLACK
6
CONTINUOUS
10
6.2105113779527557
20
-4.1999409055118111
11
6.2105113779527557
21
-4.1987887795275594
0
LINE
8
BLACK
6
CONTINUOUS
10
6.2105113779527557
20
-4.1987887795275594
11
6.2109522834645672
21
-4.1977243700787401
0
LINE
8
BLACK
6
CONTINUOUS
10
6.2109522834645672
20
-4.1977243700787401
11
6.2117669291338578
21
-4.1969097244094486
0
LINE
8
BLACK
6
CONTINUOUS
10
6.2117669291338578
20
-4.1969097244094486
11
6.212831338582677
21
-4.196468818897638
0
LINE
8
BLACK
6
CONTINUOUS
10
6.212831338582677
20
-4.196468818897638
11
6.2134074015748029
21
-4.1964120866141732
0
LINE
8
BLACK
6
CONTINUOUS
10
6.2134074015748029
20
-4.1964120866141732
11
6.2434036614173225
21
-4.1964120866141732
0
LINE
8
BLACK
6
CONTINUOUS
10
6.2434036614173225
20
-4.1964120866141732
11
6.2439797244094484
21
-4.196468818897638
0
LINE
8
BLACK
6
CONTINUOUS
10
6.4108338582677167
20
-4.196468818897638
11
6.411898267716535
21
-4.1969097244094486
0
LINE
8
BLACK
6
CONTINUOUS
10
6.411898267716535
20
-4.1969097244094486
11
6.4127129133858265
21
-4.1977243700787401
0
LINE
8
BLACK
6
CONTINUOUS
10
6.4127129133858265
20
-4.1977243700787401
11
6.413153818897638
21
-4.1987887795275594
0
LINE
8
BLACK
6
CONTINUOUS
10
6.413153818897638
20
-4.1987887795275594
11
6.413153818897638
21
-4.1999409055118111
0
LINE
8
BLACK
6
CONTINUOUS
10
6.413153818897638
20
-4.1999409055118111
11
6.4127129133858265
21
-4.2010053149606295
0
LINE
8
BLACK
6
CONTINUOUS
10
6.4127129133858265
20
-4.2010053149606295
11
6.411898267716535
21
-4.2018199606299209
0
LINE
8
BLACK
6
CONTINUOUS
10
6.411898267716535
20
-4.2018199606299209
11
6.4108338582677167
21
-4.2022608661417324
0
LINE
8
BLACK
6
CONTINUOUS
10
6.4108338582677167
20
-4.2022608661417324
11
6.4102577952755908
21
-4.2023175984251964
0
LINE
8
BLACK
6
CONTINUOUS
10
6.4102577952755908
20
-4.2023175984251964
11
6.3802615354330703
21
-4.2023175984251964
0
LINE
8
BLACK
6
CONTINUOUS
10
6.3802615354330703
20
-4.2023175984251964
11
6.3796854724409444
21
-4.2022608661417324
0
LINE
8
BLACK
6
CONTINUOUS
10
6.3796854724409444
20
-4.2022608661417324
11
6.3786210629921261
21
-4.2018199606299209
0
LINE
8
BLACK
6
CONTINUOUS
10
6.3786210629921261
20
-4.2018199606299209
11
6.3778064173228346
21
-4.2010053149606295
0
LINE
8
BLACK
6
CONTINUOUS
10
6.3778064173228346
20
-4.2010053149606295
11
6.3773655118110231
21
-4.1999409055118111
0
LINE
8
BLACK
6
CONTINUOUS
10
6.3773655118110231
20
-4.1999409055118111
11
6.3773655118110231
21
-4.1987887795275594
0
LINE
8
BLACK
6
CONTINUOUS
10
6.3773655118110231
20
-4.1987887795275594
11
6.3778064173228346
21
-4.1977243700787401
0
LINE
8
BLACK
6
CONTINUOUS
10
6.3778064173228346
20
-4.1977243700787401
11
6.3786210629921261
21
-4.1969097244094486
0
LINE
8
BLACK
6
CONTINUOUS
10
6.3786210629921261
20
-4.1969097244094486
11
6.3796854724409444
21
-4.196468818897638
0
LINE
8
BLACK
6
CONTINUOUS
10
6.3796854724409444
20
-4.196468818897638
11
6.3802615354330703
21
-4.1964120866141732
0
LINE
8
BLACK
6
CONTINUOUS
10
6.3802615354330703
20
-4.1964120866141732
11
6.4102577952755908
21
-4.1964120866141732
0
LINE
8
BLACK
6
CONTINUOUS
10
6.4102577952755908
20
-4.1964120866141732
11
6.4108338582677167
21
-4.196468818897638
0
LINE
8
BLACK
6
CONTINUOUS
10
6.6758891732283461
20
-4.196468818897638
11
6.6769535826771653
21
-4.1969097244094486
0
LINE
8
BLACK
6
CONTINUOUS
10
6.6769535826771653
20
-4.1969097244094486
11
6.6777682283464568
21
-4.1977243700787401
0
LINE
8
BLACK
6
CONTINUOUS
10
6.6777682283464568
20
-4.1977243700787401
11
6.6782091338582674
21
-4.1987887795275594
0
LINE
8
BLACK
6
CONTINUOUS
10
6.6782091338582674
20
-4.1987887795275594
11
6.6782091338582674
21
-4.1999409055118111
0
LINE
8
BLACK
6
CONTINUOUS
10
6.6782091338582674
20
-4.1999409055118111
11
6.6777682283464568
21
-4.2010053149606295
0
LINE
8
BLACK
6
CONTINUOUS
10
6.6777682283464568
20
-4.2010053149606295
11
6.6769535826771653
21
-4.2018199606299209
0
LINE
8
BLACK
6
CONTINUOUS
10
6.6769535826771653
20
-4.2018199606299209
11
6.6758891732283461
21
-4.2022608661417324
0
LINE
8
BLACK
6
CONTINUOUS
10
6.6758891732283461
20
-4.2022608661417324
11
6.6753131102362202
21
-4.2023175984251964
0
LINE
8
BLACK
6
CONTINUOUS
10
6.6753131102362202
20
-4.2023175984251964
11
6.6453168503937006
21
-4.2023175984251964
0
LINE
8
BLACK
6
CONTINUOUS
10
6.6453168503937006
20
-4.2023175984251964
11
6.6447407874015747
21
-4.2022608661417324
0
LINE
8
BLACK
6
CONTINUOUS
10
6.6447407874015747
20
-4.2022608661417324
11
6.6436763779527555
21
-4.2018199606299209
0
LINE
8
BLACK
6
CONTINUOUS
10
6.6436763779527555
20
-4.2018199606299209
11
6.642861732283464
21
-4.2010053149606295
0
LINE
8
BLACK
6
CONTINUOUS
10
6.642861732283464
20
-4.2010053149606295
11
6.6424208267716534
21
-4.1999409055118111
0
LINE
8
BLACK
6
CONTINUOUS
10
6.6424208267716534
20
-4.1999409055118111
11
6.6424208267716534
21
-4.1987887795275594
0
LINE
8
BLACK
6
CONTINUOUS
10
6.6424208267716534
20
-4.1987887795275594
11
6.642861732283464
21
-4.1977243700787401
0
LINE
8
BLACK
6
CONTINUOUS
10
6.642861732283464
20
-4.1977243700787401
11
6.6436763779527555
21
-4.1969097244094486
0
LINE
8
BLACK
6
CONTINUOUS
10
6.6436763779527555
20
-4.1969097244094486
11
6.6447407874015747
21
-4.196468818897638
0
LINE
8
BLACK
6
CONTINUOUS
10
6.6447407874015747
20
-4.196468818897638
11
6.6453168503937006
21
-4.1964120866141732
0
LINE
8
BLACK
6
CONTINUOUS
10
6.6453168503937006
20
-4.1964120866141732
11
6.6753131102362202
21
-4.1964120866141732
0
LINE
8
BLACK
6
CONTINUOUS
10
6.6753131102362202
20
-4.1964120866141732
11
6.6758891732283461
21
-4.196468818897638
0
LINE
8
BLACK
6
CONTINUOUS
10
6.8427433070866144
20
-4.196468818897638
11
6.8438077165354327
21
-4.1969097244094486
0
LINE
8
BLACK
6
CONTINUOUS
10
6.8438077165354327
20
-4.1969097244094486
11
6.8446223622047242
21
-4.1977243700787401
0
LINE
8
BLACK
6
CONTINUOUS
10
6.8446223622047242
20
-4.1977243700787401
11
6.8450632677165348
21
-4.1987887795275594
0
LINE
8
BLACK
6
CONTINUOUS
10
6.8450632677165348
20
-4.1987887795275594
11
6.8450632677165348
21
-4.1999409055118111
0
LINE
8
BLACK
6
CONTINUOUS
10
6.8450632677165348
20
-4.1999409055118111
11
6.8446223622047242
21
-4.2010053149606295
0
LINE
8
BLACK
6
CONTINUOUS
10
6.8446223622047242
20
-4.2010053149606295
11
6.8438077165354327
21
-4.2018199606299209
0
LINE
8
BLACK
6
CONTINUOUS
10
6.8438077165354327
20
-4.2018199606299209
11
6.8427433070866144
21
-4.2022608661417324
0
LINE
8
BLACK
6
CONTINUOUS
10
6.8427433070866144
20
-4.2022608661417324
11
6.8421672440944876
21
-4.2023175984251964
0
LINE
8
BLACK
6
CONTINUOUS
10
6.8421672440944876
20
-4.2023175984251964
11
6.812170984251968
21
-4.2023175984251964
0
LINE
8
BLACK
6
CONTINUOUS
10
6.812170984251968
20
-4.2023175984251964
11
6.8115949212598421
21
-4.2022608661417324
0
LINE
8
BLACK
6
CONTINUOUS
10
6.8115949212598421
20
-4.2022608661417324
11
6.8105305118110238
21
-4.2018199606299209
0
LINE
8
BLACK
6
CONTINUOUS
10
6.8105305118110238
20
-4.2018199606299209
11
6.8097158661417323
21
-4.2010053149606295
0
LINE
8
BLACK
6
CONTINUOUS
10
6.8097158661417323
20
-4.2010053149606295
11
6.8092749606299208
21
-4.1999409055118111
0
LINE
8
BLACK
6
CONTINUOUS
10
6.8092749606299208
20
-4.1999409055118111
11
6.8092749606299208
21
-4.1987887795275594
0
LINE
8
BLACK
6
CONTINUOUS
10
6.8092749606299208
20
-4.1987887795275594
11
6.8097158661417323
21
-4.1977243700787401
0
LINE
8
BLACK
6
CONTINUOUS
10
6.8097158661417323
20
-4.1977243700787401
11
6.8105305118110238
21
-4.1969097244094486
0
LINE
8
BLACK
6
CONTINUOUS
10
6.8105305118110238
20
-4.1969097244094486
11
6.8115949212598421
21
-4.196468818897638
0
LINE
8
BLACK
6
CONTINUOUS
10
6.8115949212598421
20
-4.196468818897638
11
6.812170984251968
21
-4.1964120866141732
0
LINE
8
BLACK
6
CONTINUOUS
10
6.812170984251968
20
-4.1964120866141732
11
6.8421672440944876
21
-4.1964120866141732
0
LINE
8
BLACK
6
CONTINUOUS
10
6.8421672440944876
20
-4.1964120866141732
11
6.8427433070866144
21
-4.196468818897638
0
CIRCLE
8
BLACK
10
4.4424665354330708
20
-4.6279311023622043
40
0.0068897637795276
0
CIRCLE
8
BLACK
10
4.5424665354330704
20
-4.6279311023622043
40
0.0068897637795276
0
CIRCLE
8
BLACK
10
4.6424664960629922
20
-4.6279311023622043
40
0.0068897637795276
0
CIRCLE
8
BLACK
10
4.7424665354330706
20
-4.6279311023622043
40
0.0068897637795276
0
CIRCLE
8
BLACK
10
4.8424665354330712
20
-4.6279311023622043
40
0.0068897637795276
0
CIRCLE
8
BLACK
10
4.9424665354330708
20
-4.6279311023622043
40
0.0068897637795276
0
CIRCLE
8
BLACK
10
5.0424665354330704
20
-4.6279311023622043
40
0.0068897637795276
0
CIRCLE
8
BLACK
10
5.1424665748031497
20
-4.6279311023622043
40
0.0068897637795276
0
CIRCLE
8
BLACK
10
5.8424665354330712
20
-4.6279311023622043
40
0.0068897637795276
0
CIRCLE
8
BLACK
10
5.942466496062992
20
-4.6279311023622043
40
0.0068897637795276
0
CIRCLE
8
BLACK
10
6.0424665748031492
20
-4.6279311023622043
40
0.0068897637795276
0
CIRCLE
8
BLACK
10
6.142466535433071
20
-4.6279311023622043
40
0.0068897637795276
0
CIRCLE
8
BLACK
10
6.2424665354330706
20
-4.6279311023622043
40
0.0068897637795276
0
CIRCLE
8
BLACK
10
6.3424665354330712
20
-4.6279311023622043
40
0.0068897637795276
0
CIRCLE
8
BLACK
10
6.442466496062992
20
-4.6279311023622043
40
0.0068897637795276
0
CIRCLE
8
BLACK
10
6.5424665354330704
20
-4.6279311023622043
40
0.0068897637795276
0
CIRCLE
8
BLACK
10
6.642466535433071
20
-4.6279311023622043
40
0.0068897637795276
0
CIRCLE
8
BLACK
10
6.7424665354330706
20
-4.6279311023622043
40
0.0068897637795276
0
CIRCLE
8
BLACK
10
5.5800000000000001
20
-4.6626377952755904
40
0.0068897637795276
0
CIRCLE
8
BLACK
10
5.4799999999999995
20
-4.6626377952755904
40
0.0068897637795276
0
CIRCLE
8
BLACK
10
5.3800000393700786
20
-4.6626377952755904
40
0.0068897637795276
0
CIRCLE
8
BLACK
10
4.4424665354330708
20
-4.6279311023622043
40
0.0068897637795276
0
CIRCLE
8
BLACK
10
4.5424665354330704
20
-4.6279311023622043
40
0.0068897637795276
0
CIRCLE
8
BLACK
10
4.6424664960629922
20
-4.6279311023622043
40
0.0068897637795276
0
CIRCLE
8
BLACK
10
4.7424665354330706
20
-4.6279311023622043
40
0.0068897637795276
0
CIRCLE
8
BLACK
10
4.8424665354330712
20
-4.6279311023622043
40
0.0068897637795276
0
CIRCLE
8
BLACK
10
4.9424665354330708
20
-4.6279311023622043
40
0.0068897637795276
0
CIRCLE
8
BLACK
10
5.0424665354330704
20
-4.6279311023622043
40
0.0068897637795276
0
CIRCLE
8
BLACK
10
5.1424665748031497
20
-4.6279311023622043
40
0.0068897637795276
0
CIRCLE
8
BLACK
10
5.8424665354330712
20
-4.6279311023622043
40
0.0068897637795276
0
CIRCLE
8
BLACK
10
5.942466496062992
20
-4.6279311023622043
40
0.0068897637795276
0
CIRCLE
8
BLACK
10
6.0424665748031492
20
-4.6279311023622043
40
0.0068897637795276
0
CIRCLE
8
BLACK
10
6.142466535433071
20
-4.6279311023622043
40
0.0068897637795276
0
CIRCLE
8
BLACK
10
6.2424665354330706
20
-4.6279311023622043
40
0.0068897637795276
0
CIRCLE
8
BLACK
10
6.3424665354330712
20
-4.6279311023622043
40
0.0068897637795276
0
CIRCLE
8
BLACK
10
6.442466496062992
20
-4.6279311023622043
40
0.0068897637795276
0
CIRCLE
8
BLACK
10
6.5424665354330704
20
-4.6279311023622043
40
0.0068897637795276
0
CIRCLE
8
BLACK
10
6.642466535433071
20
-4.6279311023622043
40
0.0068897637795276
0
CIRCLE
8
BLACK
10
6.7424665354330706
20
-4.6279311023622043
40
0.0068897637795276
0
CIRCLE
8
BLACK
10
5.5800000000000001
20
-4.6626377952755904
40
0.0068897637795276
0
CIRCLE
8
BLACK
10
5.4799999999999995
20
-4.6626377952755904
40
0.0068897637795276
0
CIRCLE
8
BLACK
10
5.3800000393700786
20
-4.6626377952755904
40
0.0068897637795276
  0
ENDSEC
  0
EOF
