  0
SECTION
  2
HEADER
  9
$ANGBASE
  50
0.0
  9
$ANGDIR
  70
1
  9
$MEASUREMENT
  70
0
  0
ENDSEC
  0
SECTION
  2
TABLES
  0
TABLE
  2
LTYPE
  70
4
  0
LTYPE
  5
40F
  2
CONTINUOUS
  70
0
  3
Solid line
  72
65
  73
0
  40
0.0
  0
LTYPE
  5
410
  2
DASHDOT
 70
0
  3
Dash Dot ____ _ ____ _
 72
65
 73
4
 40
2.0
 49
1.25
 49
-0.25
 49
0.25
 49
-0.25
  0
LTYPE
  5
411
  2
DASHED
 70
0
  3
Dashed __ __ __ __ __
 72
65
 73
2
 40
0.75
 49
0.5
 49
-0.25
  0
LTYPE
  5
43B
  2
DOTTED
 70
0
  3
Dotted .  .  .  .
 72
65
 73
2
 40
0.2
 49
0.0
 49
-0.2
  0
ENDTAB
  0
TABLE
  2
STYLE
  70
4
  0
STYLE
  2
KICAD
  70
0
  40
0
  41
1
  42
1
  50
0
  71
0
  3
isocp.shx
  0
STYLE
  2
KICADB
  70
0
  40
0
  41
1
  42
1
  50
0
  71
0
  3
isocp.shx
  0
STYLE
  2
KICADI
  70
0
  40
0
  41
1
  42
1
  50
15
  71
0
  3
isocp.shx
  0
STYLE
  2
KICADBI
  70
0
  40
0
  41
1
  42
1
  50
15
  71
0
  3
isocp.shx
  0
ENDTAB
  0
TABLE
  2
LAYER
  70
1
  0
LAYER
  2
BLACK
  70
0
  62
7
  6
CONTINUOUS
  0
ENDTAB
  0
ENDSEC
  0
SECTION
  2
ENTITIES
0
LINE
8
BLACK
6
CONTINUOUS
10
5.2462435433070862
20
-4.7823715748031494
11
5.2472155511811023
21
-4.7824405511811019
0
LINE
8
BLACK
6
CONTINUOUS
10
5.2472155511811023
20
-4.7824405511811019
11
5.24772594488189
21
-4.7825662992125979
0
LINE
8
BLACK
6
CONTINUOUS
10
5.24772594488189
20
-4.7825662992125979
11
5.2478624015748032
21
-4.7827416141732284
0
LINE
8
BLACK
6
CONTINUOUS
10
5.2478624015748032
20
-4.7827416141732284
11
5.247799173228346
21
-4.7831622834645664
0
LINE
8
BLACK
6
CONTINUOUS
10
5.247799173228346
20
-4.7831622834645664
11
5.2476196456692916
21
-4.7842402755905509
0
LINE
8
BLACK
6
CONTINUOUS
10
5.2476196456692916
20
-4.7842402755905509
11
5.2473333464566929
21
-4.7859208267716538
0
LINE
8
BLACK
6
CONTINUOUS
10
5.2473333464566929
20
-4.7859208267716538
11
5.2469497244094487
21
-4.7881492519685036
0
LINE
8
BLACK
6
CONTINUOUS
10
5.2469497244094487
20
-4.7881492519685036
11
5.2464783070866137
21
-4.7908707480314963
0
LINE
8
BLACK
6
CONTINUOUS
10
5.2464783070866137
20
-4.7908707480314963
11
5.2459286220472441
21
-4.7940306692913381
0
LINE
8
BLACK
6
CONTINUOUS
10
5.2459286220472441
20
-4.7940306692913381
11
5.2453101574803149
21
-4.7975742125984251
0
LINE
8
BLACK
6
CONTINUOUS
10
5.2453101574803149
20
-4.7975742125984251
11
5.2446324409448817
21
-4.8014466535433069
0
LINE
8
BLACK
6
CONTINUOUS
10
5.2446324409448817
20
-4.8014466535433069
11
5.2439049606299211
21
-4.8055933464566927
0
LINE
8
BLACK
6
CONTINUOUS
10
5.2439049606299211
20
-4.8055933464566927
11
5.2431372440944877
21
-4.8099594488188977
0
LINE
8
BLACK
6
CONTINUOUS
10
5.2431372440944877
20
-4.8099594488188977
11
5.2428830708661414
21
-4.8114027559055117
0
LINE
8
BLACK
6
CONTINUOUS
10
5.2428830708661414
20
-4.8114027559055117
11
5.2379155511811026
21
-4.8396023228346454
0
LINE
8
BLACK
6
CONTINUOUS
10
5.2379155511811026
20
-4.8396023228346454
11
5.2271999606299211
21
-4.8398027952755909
0
LINE
8
BLACK
6
CONTINUOUS
10
5.2271999606299211
20
-4.8398027952755909
11
5.2274341338582673
21
-4.8384372047244097
0
LINE
8
BLACK
6
CONTINUOUS
10
5.2274341338582673
20
-4.8384372047244097
11
5.2275332283464566
21
-4.8378680708661417
0
LINE
8
BLACK
6
CONTINUOUS
10
5.2275332283464566
20
-4.8378680708661417
11
5.2277472834645664
21
-4.8366449606299211
0
LINE
8
BLACK
6
CONTINUOUS
10
5.2277472834645664
20
-4.8366449606299211
11
5.2280660629921263
21
-4.8348259448818895
0
LINE
8
BLACK
6
CONTINUOUS
10
5.2280660629921263
20
-4.8348259448818895
11
5.2284794488188977
21
-4.8324692125984248
0
LINE
8
BLACK
6
CONTINUOUS
10
5.2284794488188977
20
-4.8324692125984248
11
5.2289771653543307
21
-4.8296328740157479
0
LINE
8
BLACK
6
CONTINUOUS
10
5.2289771653543307
20
-4.8296328740157479
11
5.2295490157480318
21
-4.8263750787401571
0
LINE
8
BLACK
6
CONTINUOUS
10
5.2295490157480318
20
-4.8263750787401571
11
5.2301848031496059
21
-4.8227539763779523
0
LINE
8
BLACK
6
CONTINUOUS
10
5.2301848031496059
20
-4.8227539763779523
11
5.2308743700787401
21
-4.8188277165354334
0
LINE
8
BLACK
6
CONTINUOUS
10
5.2308743700787401
20
-4.8188277165354334
11
5.2316074409448818
21
-4.8146544094488188
0
LINE
8
BLACK
6
CONTINUOUS
10
5.2316074409448818
20
-4.8146544094488188
11
5.2323738188976376
21
-4.8102921653543307
0
LINE
8
BLACK
6
CONTINUOUS
10
5.2323738188976376
20
-4.8102921653543307
11
5.2324645669291341
21
-4.8097758661417318
0
LINE
8
BLACK
6
CONTINUOUS
10
5.2324645669291341
20
-4.8097758661417318
11
5.2372607874015751
21
-4.7824801181102359
0
LINE
8
BLACK
6
CONTINUOUS
10
5.2372607874015751
20
-4.7824801181102359
11
5.2425674803149604
21
-4.7823800787401574
0
LINE
8
BLACK
6
CONTINUOUS
10
5.2425674803149604
20
-4.7823800787401574
11
5.2447231102362206
21
-4.7823533858267719
0
LINE
8
BLACK
6
CONTINUOUS
10
5.2447231102362206
20
-4.7823533858267719
11
5.2462435433070862
21
-4.7823715748031494
0
LINE
8
BLACK
6
CONTINUOUS
10
5.1991137401574798
20
-4.7823453543307082
11
5.2008790157480318
21
-4.7823659448818896
0
LINE
8
BLACK
6
CONTINUOUS
10
5.2008790157480318
20
-4.7823659448818896
11
5.2016686220472437
21
-4.7823798031496061
0
LINE
8
BLACK
6
CONTINUOUS
10
5.2016686220472437
20
-4.7823798031496061
11
5.206901299212598
21
-4.7824801181102359
0
LINE
8
BLACK
6
CONTINUOUS
10
5.206901299212598
20
-4.7824801181102359
11
5.202456850393701
21
-4.8077874409448818
0
LINE
8
BLACK
6
CONTINUOUS
10
5.202456850393701
20
-4.8077874409448818
11
5.2017045275590554
21
-4.8120702755905507
0
LINE
8
BLACK
6
CONTINUOUS
10
5.2017045275590554
20
-4.8120702755905507
11
5.2009752362204722
21
-4.816220078740157
0
LINE
8
BLACK
6
CONTINUOUS
10
5.2009752362204722
20
-4.816220078740157
11
5.2002807480314956
21
-4.8201698818897638
0
LINE
8
BLACK
6
CONTINUOUS
10
5.2002807480314956
20
-4.8201698818897638
11
5.199632874015748
21
-4.823852755905512
0
LINE
8
BLACK
6
CONTINUOUS
10
5.199632874015748
20
-4.823852755905512
11
5.1990433858267719
21
-4.8272017322834646
0
LINE
8
BLACK
6
CONTINUOUS
10
5.1990433858267719
20
-4.8272017322834646
11
5.1985240944881888
21
-4.8301498425196847
0
LINE
8
BLACK
6
CONTINUOUS
10
5.1985240944881888
20
-4.8301498425196847
11
5.1980867322834641
21
-4.832630157480315
0
LINE
8
BLACK
6
CONTINUOUS
10
5.1980867322834641
20
-4.832630157480315
11
5.1977431496062989
21
-4.8345757480314964
0
LINE
8
BLACK
6
CONTINUOUS
10
5.1977431496062989
20
-4.8345757480314964
11
5.1975051181102359
21
-4.835919645669291
0
LINE
8
BLACK
6
CONTINUOUS
10
5.1975051181102359
20
-4.835919645669291
11
5.1974125590551177
21
-4.8364388976377954
0
LINE
8
BLACK
6
CONTINUOUS
10
5.1974125590551177
20
-4.8364388976377954
11
5.1968126771653544
21
-4.8397831102362208
0
LINE
8
BLACK
6
CONTINUOUS
10
5.1968126771653544
20
-4.8397831102362208
11
5.1916131496062992
21
-4.8397831102362208
0
LINE
8
BLACK
6
CONTINUOUS
10
5.1916131496062992
20
-4.8397831102362208
11
5.1895808267716532
21
-4.8397789370078739
0
LINE
8
BLACK
6
CONTINUOUS
10
5.1895808267716532
20
-4.8397789370078739
11
5.1881616141732279
21
-4.8397556299212594
0
LINE
8
BLACK
6
CONTINUOUS
10
5.1881616141732279
20
-4.8397556299212594
11
5.1872455118110237
21
-4.8396968503937003
0
LINE
8
BLACK
6
CONTINUOUS
10
5.1872455118110237
20
-4.8396968503937003
11
5.186722598425197
21
-4.8395861811023622
0
LINE
8
BLACK
6
CONTINUOUS
10
5.186722598425197
20
-4.8395861811023622
11
5.1864828346456688
21
-4.8394073622047244
0
LINE
8
BLACK
6
CONTINUOUS
10
5.1864828346456688
20
-4.8394073622047244
11
5.1864163385826769
21
-4.8391439763779527
0
LINE
8
BLACK
6
CONTINUOUS
10
5.1864163385826769
20
-4.8391439763779527
11
5.1864136220472439
21
-4.8390105905511813
0
LINE
8
BLACK
6
CONTINUOUS
10
5.1864136220472439
20
-4.8390105905511813
11
5.1864742519685034
21
-4.8385511811023623
0
LINE
8
BLACK
6
CONTINUOUS
10
5.1864742519685034
20
-4.8385511811023623
11
5.1866485433070864
21
-4.8374534645669289
0
LINE
8
BLACK
6
CONTINUOUS
10
5.1866485433070864
20
-4.8374534645669289
11
5.1869249999999996
21
-4.8357829133858266
0
LINE
8
BLACK
6
CONTINUOUS
10
5.1869249999999996
20
-4.8357829133858266
11
5.1872921653543305
21
-4.833605236220472
0
LINE
8
BLACK
6
CONTINUOUS
10
5.1872921653543305
20
-4.833605236220472
11
5.1877385039370081
21
-4.8309859055118105
0
LINE
8
BLACK
6
CONTINUOUS
10
5.1877385039370081
20
-4.8309859055118105
11
5.1882525984251968
21
-4.8279905905511811
0
LINE
8
BLACK
6
CONTINUOUS
10
5.1882525984251968
20
-4.8279905905511811
11
5.1888229527559053
21
-4.8246848031496059
0
LINE
8
BLACK
6
CONTINUOUS
10
5.1888229527559053
20
-4.8246848031496059
11
5.1894380708661414
21
-4.8211341732283461
0
LINE
8
BLACK
6
CONTINUOUS
10
5.1894380708661414
20
-4.8211341732283461
11
5.1900864566929137
21
-4.8174042519685036
0
LINE
8
BLACK
6
CONTINUOUS
10
5.1900864566929137
20
-4.8174042519685036
11
5.1907566929133857
21
-4.8135606299212599
0
LINE
8
BLACK
6
CONTINUOUS
10
5.1907566929133857
20
-4.8135606299212599
11
5.191437283464567
21
-4.8096688976377955
0
LINE
8
BLACK
6
CONTINUOUS
10
5.191437283464567
20
-4.8096688976377955
11
5.1921166929133857
21
-4.805794645669291
0
LINE
8
BLACK
6
CONTINUOUS
10
5.1921166929133857
20
-4.805794645669291
11
5.1927835433070868
21
-4.8020034251968502
0
LINE
8
BLACK
6
CONTINUOUS
10
5.1927835433070868
20
-4.8020034251968502
11
5.1934262598425196
21
-4.7983607874015748
0
LINE
8
BLACK
6
CONTINUOUS
10
5.1934262598425196
20
-4.7983607874015748
11
5.1940333858267715
21
-4.7949324015748029
0
LINE
8
BLACK
6
CONTINUOUS
10
5.1940333858267715
20
-4.7949324015748029
11
5.1945935039370079
21
-4.7917837795275586
0
LINE
8
BLACK
6
CONTINUOUS
10
5.1945935039370079
20
-4.7917837795275586
11
5.1950950787401577
21
-4.7889805118110234
0
LINE
8
BLACK
6
CONTINUOUS
10
5.1950950787401577
20
-4.7889805118110234
11
5.1955266535433067
21
-4.7865882283464565
0
LINE
8
BLACK
6
CONTINUOUS
10
5.1955266535433067
20
-4.7865882283464565
11
5.1958767322834642
21
-4.784672440944882
0
LINE
8
BLACK
6
CONTINUOUS
10
5.1958767322834642
20
-4.784672440944882
11
5.1961338188976374
21
-4.7832987795275592
0
LINE
8
BLACK
6
CONTINUOUS
10
5.1961338188976374
20
-4.7832987795275592
11
5.1962864960629922
21
-4.7825327952755901
0
LINE
8
BLACK
6
CONTINUOUS
10
5.1962864960629922
20
-4.7825327952755901
11
5.1963231889763781
21
-4.7823922047244096
0
LINE
8
BLACK
6
CONTINUOUS
10
5.1963231889763781
20
-4.7823922047244096
11
5.1967049999999997
21
-4.7823587795275593
0
LINE
8
BLACK
6
CONTINUOUS
10
5.1967049999999997
20
-4.7823587795275593
11
5.1976787795275587
21
-4.7823430708661414
0
LINE
8
BLACK
6
CONTINUOUS
10
5.1976787795275587
20
-4.7823430708661414
11
5.1991137401574798
21
-4.7823453543307082
0
LINE
8
BLACK
6
CONTINUOUS
10
5.2892809055118111
20
-4.7831127952755903
11
5.2891904724409446
21
-4.783592755905512
0
LINE
8
BLACK
6
CONTINUOUS
10
5.2891904724409446
20
-4.783592755905512
11
5.2889858661417319
21
-4.7847279527559055
0
LINE
8
BLACK
6
CONTINUOUS
10
5.2889858661417319
20
-4.7847279527559055
11
5.2886772047244097
21
-4.7864613385826766
0
LINE
8
BLACK
6
CONTINUOUS
10
5.2886772047244097
20
-4.7864613385826766
11
5.2882745275590546
21
-4.7887358661417325
0
LINE
8
BLACK
6
CONTINUOUS
10
5.2882745275590546
20
-4.7887358661417325
11
5.2877878346456688
21
-4.7914944881889765
0
LINE
8
BLACK
6
CONTINUOUS
10
5.2877878346456688
20
-4.7914944881889765
11
5.2872272440944883
21
-4.7946800787401571
0
LINE
8
BLACK
6
CONTINUOUS
10
5.2872272440944883
20
-4.7946800787401571
11
5.2866027952755905
21
-4.7982356692913388
0
LINE
8
BLACK
6
CONTINUOUS
10
5.2866027952755905
20
-4.7982356692913388
11
5.2859245275590547
21
-4.8021041338582675
0
LINE
8
BLACK
6
CONTINUOUS
10
5.2859245275590547
20
-4.8021041338582675
11
5.2852024803149602
21
-4.8062284251968501
0
LINE
8
BLACK
6
CONTINUOUS
10
5.2852024803149602
20
-4.8062284251968501
11
5.2844466929133853
21
-4.8105514566929131
0
LINE
8
BLACK
6
CONTINUOUS
10
5.2844466929133853
20
-4.8105514566929131
11
5.2843927165354332
21
-4.8108604724409449
0
LINE
8
BLACK
6
CONTINUOUS
10
5.2843927165354332
20
-4.8108604724409449
11
5.283634094488189
21
-4.8152008267716537
0
LINE
8
BLACK
6
CONTINUOUS
10
5.283634094488189
20
-4.8152008267716537
11
5.2829079133858263
21
-4.8193505511811026
0
LINE
8
BLACK
6
CONTINUOUS
10
5.2829079133858263
20
-4.8193505511811026
11
5.2822242913385828
21
-4.8232520472440941
0
LINE
8
BLACK
6
CONTINUOUS
10
5.2822242913385828
20
-4.8232520472440941
11
5.2815933464566927
21
-4.8268477559055114
0
LINE
8
BLACK
6
CONTINUOUS
10
5.2815933464566927
20
-4.8268477559055114
11
5.2810252362204722
21
-4.8300801574803147
0
LINE
8
BLACK
6
CONTINUOUS
10
5.2810252362204722
20
-4.8300801574803147
11
5.2805300393700785
21
-4.8328916141732279
0
LINE
8
BLACK
6
CONTINUOUS
10
5.2805300393700785
20
-4.8328916141732279
11
5.280117952755905
21
-4.8352246456692916
0
LINE
8
BLACK
6
CONTINUOUS
10
5.280117952755905
20
-4.8352246456692916
11
5.2797990551181098
21
-4.8370216535433066
0
LINE
8
BLACK
6
CONTINUOUS
10
5.2797990551181098
20
-4.8370216535433066
11
5.2795835039370074
21
-4.8382250393700783
0
LINE
8
BLACK
6
CONTINUOUS
10
5.2795835039370074
20
-4.8382250393700783
11
5.2794813779527558
21
-4.8387772834645668
0
LINE
8
BLACK
6
CONTINUOUS
10
5.2794813779527558
20
-4.8387772834645668
11
5.2794790157480316
21
-4.8387888582677165
0
LINE
8
BLACK
6
CONTINUOUS
10
5.2794790157480316
20
-4.8387888582677165
11
5.2792701181102357
21
-4.8397831102362208
0
LINE
8
BLACK
6
CONTINUOUS
10
5.2792701181102357
20
-4.8397831102362208
11
5.2740566141732286
21
-4.8397831102362208
0
LINE
8
BLACK
6
CONTINUOUS
10
5.2740566141732286
20
-4.8397831102362208
11
5.2718860236220468
21
-4.8397665748031491
0
LINE
8
BLACK
6
CONTINUOUS
10
5.2718860236220468
20
-4.8397665748031491
11
5.2703587401574801
21
-4.8397124803149607
0
LINE
8
BLACK
6
CONTINUOUS
10
5.2703587401574801
20
-4.8397124803149607
11
5.2693957086614169
21
-4.8396139370078739
0
LINE
8
BLACK
6
CONTINUOUS
10
5.2693957086614169
20
-4.8396139370078739
11
5.2689178740157478
21
-4.839464133858268
0
LINE
8
BLACK
6
CONTINUOUS
10
5.2689178740157478
20
-4.839464133858268
11
5.2688297244094491
21
-4.839331181102362
0
LINE
8
BLACK
6
CONTINUOUS
10
5.2688297244094491
20
-4.839331181102362
11
5.268888700787401
21
-4.8389120866141733
0
LINE
8
BLACK
6
CONTINUOUS
10
5.268888700787401
20
-4.8389120866141733
11
5.269063622047244
21
-4.8378355118110239
0
LINE
8
BLACK
6
CONTINUOUS
10
5.269063622047244
20
-4.8378355118110239
11
5.269345078740157
21
-4.8361560629921261
0
LINE
8
BLACK
6
CONTINUOUS
10
5.269345078740157
20
-4.8361560629921261
11
5.2697237007874014
21
-4.8339283858267716
0
LINE
8
BLACK
6
CONTINUOUS
10
5.2697237007874014
20
-4.8339283858267716
11
5.270190078740157
21
-4.8312070866141728
0
LINE
8
BLACK
6
CONTINUOUS
10
5.270190078740157
20
-4.8312070866141728
11
5.2707348031496064
21
-4.8280467716535433
0
LINE
8
BLACK
6
CONTINUOUS
10
5.2707348031496064
20
-4.8280467716535433
11
5.2713484645669286
21
-4.8245020866141735
0
LINE
8
BLACK
6
CONTINUOUS
10
5.2713484645669286
20
-4.8245020866141735
11
5.2720216929133858
21
-4.8206276377952753
0
LINE
8
BLACK
6
CONTINUOUS
10
5.2720216929133858
20
-4.8206276377952753
11
5.2727450787401571
21
-4.8164781102362202
0
LINE
8
BLACK
6
CONTINUOUS
10
5.2727450787401571
20
-4.8164781102362202
11
5.2735092125984249
21
-4.8121080314960629
0
LINE
8
BLACK
6
CONTINUOUS
10
5.2735092125984249
20
-4.8121080314960629
11
5.2737753149606297
21
-4.8105892913385828
0
LINE
8
BLACK
6
CONTINUOUS
10
5.2737753149606297
20
-4.8105892913385828
11
5.2787342519685039
21
-4.7822993700787402
0
LINE
8
BLACK
6
CONTINUOUS
10
5.2787342519685039
20
-4.7822993700787402
11
5.2894642519685036
21
-4.7822993700787402
0
LINE
8
BLACK
6
CONTINUOUS
10
5.2894642519685036
20
-4.7822993700787402
11
5.2892809055118111
21
-4.7831127952755903
0
LINE
8
BLACK
6
CONTINUOUS
10
4.942740433070866
20
-4.7280335826771651
11
4.9427492519685039
21
-4.732112322834646
0
LINE
8
BLACK
6
CONTINUOUS
10
4.9427492519685039
20
-4.732112322834646
11
4.9427747637795276
21
-4.735873582677165
0
LINE
8
BLACK
6
CONTINUOUS
10
4.9427747637795276
20
-4.735873582677165
11
4.9428157480314958
21
-4.7392522440944882
0
LINE
8
BLACK
6
CONTINUOUS
10
4.9428157480314958
20
-4.7392522440944882
11
4.9428709055118105
21
-4.7421830314960625
0
LINE
8
BLACK
6
CONTINUOUS
10
4.9428709055118105
20
-4.7421830314960625
11
4.9429389370078738
21
-4.7446007874015743
0
LINE
8
BLACK
6
CONTINUOUS
10
4.9429389370078738
20
-4.7446007874015743
11
4.9430185433070868
21
-4.7464403543307085
0
LINE
8
BLACK
6
CONTINUOUS
10
4.9430185433070868
20
-4.7464403543307085
11
4.9431085039370082
21
-4.7476364566929137
0
LINE
8
BLACK
6
CONTINUOUS
10
4.9431085039370082
20
-4.7476364566929137
11
4.9431296062992125
21
-4.7478070866141735
0
LINE
8
BLACK
6
CONTINUOUS
10
4.9431296062992125
20
-4.7478070866141735
11
4.9438044881889764
21
-4.7511374803149602
0
LINE
8
BLACK
6
CONTINUOUS
10
4.9438044881889764
20
-4.7511374803149602
11
4.94483811023622
21
-4.7538556692913385
0
LINE
8
BLACK
6
CONTINUOUS
10
4.94483811023622
20
-4.7538556692913385
11
4.946265866141732
21
-4.7559962598425196
0
LINE
8
BLACK
6
CONTINUOUS
10
4.946265866141732
20
-4.7559962598425196
11
4.9481233464566925
21
-4.7575938582677164
0
LINE
8
BLACK
6
CONTINUOUS
10
4.9481233464566925
20
-4.7575938582677164
11
4.9504460236220469
21
-4.7586829921259843
0
LINE
8
BLACK
6
CONTINUOUS
10
4.9504460236220469
20
-4.7586829921259843
11
4.9532694094488185
21
-4.7592983858267717
0
LINE
8
BLACK
6
CONTINUOUS
10
4.9532694094488185
20
-4.7592983858267717
11
4.9550733858267719
21
-4.7594485039370076
0
LINE
8
BLACK
6
CONTINUOUS
10
4.9550733858267719
20
-4.7594485039370076
11
4.9583706299212595
21
-4.7593769685039371
0
LINE
8
BLACK
6
CONTINUOUS
10
4.9583706299212595
20
-4.7593769685039371
11
4.9611468503937006
21
-4.7588240944881885
0
LINE
8
BLACK
6
CONTINUOUS
10
4.9611468503937006
20
-4.7588240944881885
11
4.9634470866141731
21
-4.7577585039370076
0
LINE
8
BLACK
6
CONTINUOUS
10
4.9634470866141731
20
-4.7577585039370076
11
4.9653162992125983
21
-4.7561488976377948
0
LINE
8
BLACK
6
CONTINUOUS
10
4.9653162992125983
20
-4.7561488976377948
11
4.9667994094488188
21
-4.7539639763779524
0
LINE
8
BLACK
6
CONTINUOUS
10
4.9667994094488188
20
-4.7539639763779524
11
4.9679414173228347
21
-4.7511723622047244
0
LINE
8
BLACK
6
CONTINUOUS
10
4.9679414173228347
20
-4.7511723622047244
11
4.9681987401574803
21
-4.7503046456692912
0
LINE
8
BLACK
6
CONTINUOUS
10
4.9681987401574803
20
-4.7503046456692912
11
4.9683578346456692
21
-4.7496831889763778
0
LINE
8
BLACK
6
CONTINUOUS
10
4.9683578346456692
20
-4.7496831889763778
11
4.9684922440944881
21
-4.749019645669291
0
LINE
8
BLACK
6
CONTINUOUS
10
4.9684922440944881
20
-4.749019645669291
11
4.9686046456692914
21
-4.7482468110236216
0
LINE
8
BLACK
6
CONTINUOUS
10
4.9686046456692914
20
-4.7482468110236216
11
4.9686978346456696
21
-4.7472976377952758
0
LINE
8
BLACK
6
CONTINUOUS
10
4.9686978346456696
20
-4.7472976377952758
11
4.9687744488188974
21
-4.7461050393700788
0
LINE
8
BLACK
6
CONTINUOUS
10
4.9687744488188974
20
-4.7461050393700788
11
4.9688372834645671
21
-4.7446018503937006
0
LINE
8
BLACK
6
CONTINUOUS
10
4.9688372834645671
20
-4.7446018503937006
11
4.9688890157480312
21
-4.7427209842519682
0
LINE
8
BLACK
6
CONTINUOUS
10
4.9688890157480312
20
-4.7427209842519682
11
4.9689324015748033
21
-4.7403953543307082
0
LINE
8
BLACK
6
CONTINUOUS
10
4.9689324015748033
20
-4.7403953543307082
11
4.9689700787401572
21
-4.7375577952755901
0
LINE
8
BLACK
6
CONTINUOUS
10
4.9689700787401572
20
-4.7375577952755901
11
4.9690048425196851
21
-4.7341412598425192
0
LINE
8
BLACK
6
CONTINUOUS
10
4.9690048425196851
20
-4.7341412598425192
11
4.9690394094488184
21
-4.730078582677165
0
LINE
8
BLACK
6
CONTINUOUS
10
4.9690394094488184
20
-4.730078582677165
11
4.9690446062992129
21
-4.729425157480315
0
LINE
8
BLACK
6
CONTINUOUS
10
4.9690446062992129
20
-4.729425157480315
11
4.969189881889764
21
-4.7110773622047244
0
LINE
8
BLACK
6
CONTINUOUS
10
4.969189881889764
20
-4.7110773622047244
11
4.9796560629921256
21
-4.7110773622047244
0
LINE
8
BLACK
6
CONTINUOUS
10
4.9796560629921256
20
-4.7110773622047244
11
4.9795289763779529
21
-4.7310520866141728
0
LINE
8
BLACK
6
CONTINUOUS
10
4.9795289763779529
20
-4.7310520866141728
11
4.9795008267716536
21
-4.735363858267716
0
LINE
8
BLACK
6
CONTINUOUS
10
4.9795008267716536
20
-4.735363858267716
11
4.9794739370078736
21
-4.7390166141732282
0
LINE
8
BLACK
6
CONTINUOUS
10
4.9794739370078736
20
-4.7390166141732282
11
4.979445669291338
21
-4.7420742913385823
0
LINE
8
BLACK
6
CONTINUOUS
10
4.979445669291338
20
-4.7420742913385823
11
4.9794133464566928
21
-4.7446009842519681
0
LINE
8
BLACK
6
CONTINUOUS
10
4.9794133464566928
20
-4.7446009842519681
11
4.9793742125984251
21
-4.7466606692913382
0
LINE
8
BLACK
6
CONTINUOUS
10
4.9793742125984251
20
-4.7466606692913382
11
4.9793257086614169
21
-4.7483173622047241
0
LINE
8
BLACK
6
CONTINUOUS
10
4.9793257086614169
20
-4.7483173622047241
11
4.9792650393700786
21
-4.7496350787401571
0
LINE
8
BLACK
6
CONTINUOUS
10
4.9792650393700786
20
-4.7496350787401571
11
4.9791896456692912
21
-4.7506778346456695
0
LINE
8
BLACK
6
CONTINUOUS
10
4.9791896456692912
20
-4.7506778346456695
11
4.979096771653543
21
-4.7515096062992122
0
LINE
8
BLACK
6
CONTINUOUS
10
4.979096771653543
20
-4.7515096062992122
11
4.9789837401574806
21
-4.7521944094488191
0
LINE
8
BLACK
6
CONTINUOUS
10
4.9789837401574806
20
-4.7521944094488191
11
4.9788479133858266
21
-4.7527963385826775
0
LINE
8
BLACK
6
CONTINUOUS
10
4.9788479133858266
20
-4.7527963385826775
11
4.9786866141732284
21
-4.7533792913385824
0
LINE
8
BLACK
6
CONTINUOUS
10
4.9786866141732284
20
-4.7533792913385824
11
4.9785808267716538
21
-4.7537323622047243
0
LINE
8
BLACK
6
CONTINUOUS
10
4.9785808267716538
20
-4.7537323622047243
11
4.9770683858267715
21
-4.7576697637795275
0
LINE
8
BLACK
6
CONTINUOUS
10
4.9770683858267715
20
-4.7576697637795275
11
4.975087086614173
21
-4.7610907480314957
0
LINE
8
BLACK
6
CONTINUOUS
10
4.975087086614173
20
-4.7610907480314957
11
4.9726583070866139
21
-4.7639725590551176
0
LINE
8
BLACK
6
CONTINUOUS
10
4.9726583070866139
20
-4.7639725590551176
11
4.9698033858267712
21
-4.766292519685039
0
LINE
8
BLACK
6
CONTINUOUS
10
4.9698033858267712
20
-4.766292519685039
11
4.9665437007874011
21
-4.7680277559055115
0
LINE
8
BLACK
6
CONTINUOUS
10
4.9665437007874011
20
-4.7680277559055115
11
4.9644794881889762
21
-4.7687563385826772
0
LINE
8
BLACK
6
CONTINUOUS
10
4.9644794881889762
20
-4.7687563385826772
11
4.9630985433070869
21
-4.7690815748031499
0
LINE
8
BLACK
6
CONTINUOUS
10
4.9630985433070869
20
-4.7690815748031499
11
4.9612895669291337
21
-4.7693990157480313
0
LINE
8
BLACK
6
CONTINUOUS
10
4.9612895669291337
20
-4.7693990157480313
11
4.9593101574803145
21
-4.769674409448819
0
LINE
8
BLACK
6
CONTINUOUS
10
4.9593101574803145
20
-4.769674409448819
11
4.9574178346456694
21
-4.769873700787401
0
LINE
8
BLACK
6
CONTINUOUS
10
4.9574178346456694
20
-4.769873700787401
11
4.9558701181102363
21
-4.7699627165354332
0
LINE
8
BLACK
6
CONTINUOUS
10
4.9558701181102363
20
-4.7699627165354332
11
4.9554035826771656
21
-4.7699597244094489
0
LINE
8
BLACK
6
CONTINUOUS
10
4.9554035826771656
20
-4.7699597244094489
11
4.954372716535433
21
-4.7698923622047245
0
LINE
8
BLACK
6
CONTINUOUS
10
4.954372716535433
20
-4.7698923622047245
11
4.9529522047244097
21
-4.7697639763779529
0
LINE
8
BLACK
6
CONTINUOUS
10
4.9529522047244097
20
-4.7697639763779529
11
4.9516195669291339
21
-4.7696214173228348
0
LINE
8
BLACK
6
CONTINUOUS
10
4.9516195669291339
20
-4.7696214173228348
11
4.9476701574803146
21
-4.7688386220472436
0
LINE
8
BLACK
6
CONTINUOUS
10
4.9476701574803146
20
-4.7688386220472436
11
4.9440852362204719
21
-4.7674638976377954
0
LINE
8
BLACK
6
CONTINUOUS
10
4.9440852362204719
20
-4.7674638976377954
11
4.9409072834645666
21
-4.7655260629921257
0
LINE
8
BLACK
6
CONTINUOUS
10
4.9409072834645666
20
-4.7655260629921257
11
4.9381787795275587
21
-4.7630539370078742
0
LINE
8
BLACK
6
CONTINUOUS
10
4.9381787795275587
20
-4.7630539370078742
11
4.9359422047244097
21
-4.760076377952756
0
LINE
8
BLACK
6
CONTINUOUS
10
4.9359422047244097
20
-4.760076377952756
11
4.9349845669291339
21
-4.7583314173228342
0
LINE
8
BLACK
6
CONTINUOUS
10
4.9349845669291339
20
-4.7583314173228342
11
4.9343424803149603
21
-4.7569418503937007
0
LINE
8
BLACK
6
CONTINUOUS
10
4.9343424803149603
20
-4.7569418503937007
11
4.9337928740157482
21
-4.755557755905512
0
LINE
8
BLACK
6
CONTINUOUS
10
4.9337928740157482
20
-4.755557755905512
11
4.933329330708661
21
-4.7541131102362204
0
LINE
8
BLACK
6
CONTINUOUS
10
4.933329330708661
20
-4.7541131102362204
11
4.9329454330708664
21
-4.7525419291338578
0
LINE
8
BLACK
6
CONTINUOUS
10
4.9329454330708664
20
-4.7525419291338578
11
4.9326347244094491
21
-4.7507780708661418
0
LINE
8
BLACK
6
CONTINUOUS
10
4.9326347244094491
20
-4.7507780708661418
11
4.9323908267716536
21
-4.7487555905511813
0
LINE
8
BLACK
6
CONTINUOUS
10
4.9323908267716536
20
-4.7487555905511813
11
4.9322072440944877
21
-4.7464083858267712
0
LINE
8
BLACK
6
CONTINUOUS
10
4.9322072440944877
20
-4.7464083858267712
11
4.9320776377952757
21
-4.7436703937007874
0
LINE
8
BLACK
6
CONTINUOUS
10
4.9320776377952757
20
-4.7436703937007874
11
4.9319955511811022
21
-4.7404756692913388
0
LINE
8
BLACK
6
CONTINUOUS
10
4.9319955511811022
20
-4.7404756692913388
11
4.931954566929134
21
-4.7367580708661414
0
LINE
8
BLACK
6
CONTINUOUS
10
4.931954566929134
20
-4.7367580708661414
11
4.9319482283464566
21
-4.732451614173228
0
LINE
8
BLACK
6
CONTINUOUS
10
4.9319482283464566
20
-4.732451614173228
11
4.9319701574803148
21
-4.7274902755905508
0
LINE
8
BLACK
6
CONTINUOUS
10
4.9319701574803148
20
-4.7274902755905508
11
4.9319711023622048
21
-4.727346377952756
0
LINE
8
BLACK
6
CONTINUOUS
10
4.9319711023622048
20
-4.727346377952756
11
4.9320752362204727
21
-4.7112581496062989
0
LINE
8
BLACK
6
CONTINUOUS
10
4.9320752362204727
20
-4.7112581496062989
11
4.9374078346456693
21
-4.7111581102362203
0
LINE
8
BLACK
6
CONTINUOUS
10
4.9374078346456693
20
-4.7111581102362203
11
4.942740433070866
21
-4.7110580314960631
0
LINE
8
BLACK
6
CONTINUOUS
10
4.942740433070866
20
-4.7110580314960631
11
4.942740433070866
21
-4.7280335826771651
0
LINE
8
BLACK
6
CONTINUOUS
10
5.0603290157480316
20
-4.7111757874015749
11
5.063827165354331
21
-4.7112277559055116
0
LINE
8
BLACK
6
CONTINUOUS
10
5.063827165354331
20
-4.7112277559055116
11
5.0666898031496066
21
-4.7112797637795278
0
LINE
8
BLACK
6
CONTINUOUS
10
5.0666898031496066
20
-4.7112797637795278
11
5.0690044488188972
21
-4.7113370078740155
0
LINE
8
BLACK
6
CONTINUOUS
10
5.0690044488188972
20
-4.7113370078740155
11
5.0708587007874018
21
-4.71140468503937
0
LINE
8
BLACK
6
CONTINUOUS
10
5.0708587007874018
20
-4.71140468503937
11
5.0723400393700784
21
-4.7114879527559053
0
LINE
8
BLACK
6
CONTINUOUS
10
5.0723400393700784
20
-4.7114879527559053
11
5.0735359842519685
21
-4.7115920866141732
0
LINE
8
BLACK
6
CONTINUOUS
10
5.0735359842519685
20
-4.7115920866141732
11
5.0745341338582675
21
-4.7117222440944877
0
LINE
8
BLACK
6
CONTINUOUS
10
5.0745341338582675
20
-4.7117222440944877
11
5.0754220078740158
21
-4.7118835826771654
0
LINE
8
BLACK
6
CONTINUOUS
10
5.0754220078740158
20
-4.7118835826771654
11
5.0762870866141734
21
-4.7120813779527557
0
LINE
8
BLACK
6
CONTINUOUS
10
5.0762870866141734
20
-4.7120813779527557
11
5.0765075984251968
21
-4.7121364960629917
0
LINE
8
BLACK
6
CONTINUOUS
10
5.0765075984251968
20
-4.7121364960629917
11
5.0808191732283463
21
-4.7135663385826767
0
LINE
8
BLACK
6
CONTINUOUS
10
5.0808191732283463
20
-4.7135663385826767
11
5.0846742125984248
21
-4.715546850393701
0
LINE
8
BLACK
6
CONTINUOUS
10
5.0846742125984248
20
-4.715546850393701
11
5.0880496062992124
21
-4.7180551968503934
0
LINE
8
BLACK
6
CONTINUOUS
10
5.0880496062992124
20
-4.7180551968503934
11
5.0909221653543302
21
-4.72106874015748
0
LINE
8
BLACK
6
CONTINUOUS
10
5.0909221653543302
20
-4.72106874015748
11
5.0932688188976378
21
-4.7245646456692914
0
LINE
8
BLACK
6
CONTINUOUS
10
5.0932688188976378
20
-4.7245646456692914
11
5.0950664173228342
21
-4.7285202362204721
0
LINE
8
BLACK
6
CONTINUOUS
10
5.0950664173228342
20
-4.7285202362204721
11
5.0958943700787405
21
-4.7311911023622049
0
LINE
8
BLACK
6
CONTINUOUS
10
5.0958943700787405
20
-4.7311911023622049
11
5.0965386614173225
21
-4.7345502755905509
0
LINE
8
BLACK
6
CONTINUOUS
10
5.0965386614173225
20
-4.7345502755905509
11
5.0968609448818896
21
-4.7382669291338582
0
LINE
8
BLACK
6
CONTINUOUS
10
5.0968609448818896
20
-4.7382669291338582
11
5.0968583858267715
21
-4.7420738976377947
0
LINE
8
BLACK
6
CONTINUOUS
10
5.0968583858267715
20
-4.7420738976377947
11
5.0965281889763778
21
-4.7457038582677162
0
LINE
8
BLACK
6
CONTINUOUS
10
5.0965281889763778
20
-4.7457038582677162
11
5.0960710629921255
21
-4.7481198818897639
0
LINE
8
BLACK
6
CONTINUOUS
10
5.0960710629921255
20
-4.7481198818897639
11
5.0947027952755901
21
-4.7523609448818895
0
LINE
8
BLACK
6
CONTINUOUS
10
5.0947027952755901
20
-4.7523609448818895
11
5.092769330708661
21
-4.7562037401574804
0
LINE
8
BLACK
6
CONTINUOUS
10
5.092769330708661
20
-4.7562037401574804
11
5.0903051181102361
21
-4.7596041732283467
0
LINE
8
BLACK
6
CONTINUOUS
10
5.0903051181102361
20
-4.7596041732283467
11
5.0873448031496062
21
-4.7625182677165352
0
LINE
8
BLACK
6
CONTINUOUS
10
5.0873448031496062
20
-4.7625182677165352
11
5.0839228740157481
21
-4.7649019291338579
0
LINE
8
BLACK
6
CONTINUOUS
10
5.0839228740157481
20
-4.7649019291338579
11
5.0821842519685037
21
-4.7658172834645667
0
LINE
8
BLACK
6
CONTINUOUS
10
5.0821842519685037
20
-4.7658172834645667
11
5.0809112598425195
21
-4.7664174409448821
0
LINE
8
BLACK
6
CONTINUOUS
10
5.0809112598425195
20
-4.7664174409448821
11
5.0797822834645672
21
-4.7669133464566924
0
LINE
8
BLACK
6
CONTINUOUS
10
5.0797822834645672
20
-4.7669133464566924
11
5.0787124015748031
21
-4.7673157480314963
0
LINE
8
BLACK
6
CONTINUOUS
10
5.0787124015748031
20
-4.7673157480314963
11
5.0776166535433074
21
-4.7676353937007869
0
LINE
8
BLACK
6
CONTINUOUS
10
5.0776166535433074
20
-4.7676353937007869
11
5.0764101968503939
21
-4.767883031496063
0
LINE
8
BLACK
6
CONTINUOUS
10
5.0764101968503939
20
-4.767883031496063
11
5.0750080314960631
21
-4.7680693700787398
0
LINE
8
BLACK
6
CONTINUOUS
10
5.0750080314960631
20
-4.7680693700787398
11
5.0733253543307084
21
-4.768205157480315
0
LINE
8
BLACK
6
CONTINUOUS
10
5.0733253543307084
20
-4.768205157480315
11
5.0712771259842517
21
-4.7683011417322829
0
LINE
8
BLACK
6
CONTINUOUS
10
5.0712771259842517
20
-4.7683011417322829
11
5.0687785433070864
21
-4.768368070866142
0
LINE
8
BLACK
6
CONTINUOUS
10
5.0687785433070864
20
-4.768368070866142
11
5.0657446456692909
21
-4.7684166535433068
0
LINE
8
BLACK
6
CONTINUOUS
10
5.0657446456692909
20
-4.7684166535433068
11
5.0620905118110233
21
-4.7684575984251971
0
LINE
8
BLACK
6
CONTINUOUS
10
5.0620905118110233
20
-4.7684575984251971
11
5.0612328346456694
21
-4.7684662598425192
0
LINE
8
BLACK
6
CONTINUOUS
10
5.0612328346456694
20
-4.7684662598425192
11
5.0472234645669287
21
-4.768607086614173
0
LINE
8
BLACK
6
CONTINUOUS
10
5.0472234645669287
20
-4.768607086614173
11
5.0472234645669287
21
-4.7591612598425197
0
LINE
8
BLACK
6
CONTINUOUS
10
5.0472234645669287
20
-4.7591612598425197
11
5.0472234645669287
21
-4.7109927559055116
0
LINE
8
BLACK
6
CONTINUOUS
10
5.0472234645669287
20
-4.7109927559055116
11
5.0603290157480316
21
-4.7111757874015749
0
LINE
8
BLACK
6
CONTINUOUS
10
5.0643784645669294
20
-4.7591612598425197
11
5.0666560236220475
21
-4.7591389763779528
0
LINE
8
BLACK
6
CONTINUOUS
10
5.0666560236220475
20
-4.7591389763779528
11
5.0688236614173228
21
-4.7590771653543307
0
LINE
8
BLACK
6
CONTINUOUS
10
5.0688236614173228
20
-4.7590771653543307
11
5.0707212598425198
21
-4.7589834251968499
0
LINE
8
BLACK
6
CONTINUOUS
10
5.0707212598425198
20
-4.7589834251968499
11
5.0721887401574799
21
-4.7588653937007876
0
LINE
8
BLACK
6
CONTINUOUS
10
5.0721887401574799
20
-4.7588653937007876
11
5.0729648818897637
21
-4.7587544488188973
0
LINE
8
BLACK
6
CONTINUOUS
10
5.0729648818897637
20
-4.7587544488188973
11
5.0760420472440941
21
-4.757752992125984
0
LINE
8
BLACK
6
CONTINUOUS
10
5.0760420472440941
20
-4.757752992125984
11
5.0787318503937007
21
-4.7561545275590547
0
LINE
8
BLACK
6
CONTINUOUS
10
5.0787318503937007
20
-4.7561545275590547
11
5.0810044881889764
21
-4.753990472440945
0
LINE
8
BLACK
6
CONTINUOUS
10
5.0810044881889764
20
-4.753990472440945
11
5.0828301574803145
21
-4.7512923622047243
0
LINE
8
BLACK
6
CONTINUOUS
10
5.0828301574803145
20
-4.7512923622047243
11
5.0841790157480311
21
-4.7480915748031496
0
LINE
8
BLACK
6
CONTINUOUS
10
5.0841790157480311
20
-4.7480915748031496
11
5.0846347244094483
21
-4.7464438976377954
0
LINE
8
BLACK
6
CONTINUOUS
10
5.0846347244094483
20
-4.7464438976377954
11
5.0849911023622045
21
-4.7442362992125986
0
LINE
8
BLACK
6
CONTINUOUS
10
5.0849911023622045
20
-4.7442362992125986
11
5.085165472440945
21
-4.7415917716535434
0
LINE
8
BLACK
6
CONTINUOUS
10
5.085165472440945
20
-4.7415917716535434
11
5.0851607874015743
21
-4.738772362204724
0
LINE
8
BLACK
6
CONTINUOUS
10
5.0851607874015743
20
-4.738772362204724
11
5.0849800787401573
21
-4.7360401181102363
0
LINE
8
BLACK
6
CONTINUOUS
10
5.0849800787401573
20
-4.7360401181102363
11
5.0846262204724404
21
-4.7336570866141727
0
LINE
8
BLACK
6
CONTINUOUS
10
5.0846262204724404
20
-4.7336570866141727
11
5.0844836220472436
21
-4.7330372047244094
0
LINE
8
BLACK
6
CONTINUOUS
10
5.0844836220472436
20
-4.7330372047244094
11
5.0837293307086613
21
-4.7305345275590547
0
LINE
8
BLACK
6
CONTINUOUS
10
5.0837293307086613
20
-4.7305345275590547
11
5.0828274803149602
21
-4.7285153937007873
0
LINE
8
BLACK
6
CONTINUOUS
10
5.0828274803149602
20
-4.7285153937007873
11
5.0816525590551178
21
-4.7267406299212595
0
LINE
8
BLACK
6
CONTINUOUS
10
5.0816525590551178
20
-4.7267406299212595
11
5.0804600393700783
21
-4.7253658661417326
0
LINE
8
BLACK
6
CONTINUOUS
10
5.0804600393700783
20
-4.7253658661417326
11
5.0790624015748032
21
-4.7240218897637796
0
LINE
8
BLACK
6
CONTINUOUS
10
5.0790624015748032
20
-4.7240218897637796
11
5.0776285433070862
21
-4.7229616141732285
0
LINE
8
BLACK
6
CONTINUOUS
10
5.0776285433070862
20
-4.7229616141732285
11
5.0760521653543309
21
-4.7221546850393699
0
LINE
8
BLACK
6
CONTINUOUS
10
5.0760521653543309
20
-4.7221546850393699
11
5.0742272047244095
21
-4.7215706692913386
0
LINE
8
BLACK
6
CONTINUOUS
10
5.0742272047244095
20
-4.7215706692913386
11
5.0720474015748032
21
-4.7211791732283466
0
LINE
8
BLACK
6
CONTINUOUS
10
5.0720474015748032
20
-4.7211791732283466
11
5.0694066535433073
21
-4.7209498031496064
0
LINE
8
BLACK
6
CONTINUOUS
10
5.0694066535433073
20
-4.7209498031496064
11
5.0661987401574802
21
-4.7208521259842522
0
LINE
8
BLACK
6
CONTINUOUS
10
5.0661987401574802
20
-4.7208521259842522
11
5.0646674015748028
21
-4.7208430708661417
0
LINE
8
BLACK
6
CONTINUOUS
10
5.0646674015748028
20
-4.7208430708661417
11
5.0577079133858263
21
-4.7208387795275586
0
LINE
8
BLACK
6
CONTINUOUS
10
5.0577079133858263
20
-4.7208387795275586
11
5.0577079133858263
21
-4.7591612598425197
0
LINE
8
BLACK
6
CONTINUOUS
10
5.0577079133858263
20
-4.7591612598425197
11
5.0643784645669294
21
-4.7591612598425197
0
LINE
8
BLACK
6
CONTINUOUS
10
4.8682646456692913
20
-4.7215618503937007
11
4.8519956692913384
21
-4.7215618503937007
0
LINE
8
BLACK
6
CONTINUOUS
10
4.8519956692913384
20
-4.7215618503937007
11
4.8519956692913384
21
-4.768561102362205
0
LINE
8
BLACK
6
CONTINUOUS
10
4.8519956692913384
20
-4.768561102362205
11
4.8415112204724409
21
-4.768561102362205
0
LINE
8
BLACK
6
CONTINUOUS
10
4.8415112204724409
20
-4.768561102362205
11
4.8415112204724409
21
-4.7215618503937007
0
LINE
8
BLACK
6
CONTINUOUS
10
4.8415112204724409
20
-4.7215618503937007
11
4.825242244094488
21
-4.7215618503937007
0
LINE
8
BLACK
6
CONTINUOUS
10
4.825242244094488
20
-4.7215618503937007
11
4.825242244094488
21
-4.7110773622047244
0
LINE
8
BLACK
6
CONTINUOUS
10
4.825242244094488
20
-4.7110773622047244
11
4.8682646456692913
21
-4.7110773622047244
0
LINE
8
BLACK
6
CONTINUOUS
10
4.8682646456692913
20
-4.7110773622047244
11
4.8682646456692913
21
-4.7215618503937007
0
LINE
8
BLACK
6
CONTINUOUS
10
4.9214099999999998
20
-4.768561102362205
11
4.9105640157480313
21
-4.768561102362205
0
LINE
8
BLACK
6
CONTINUOUS
10
4.9105640157480313
20
-4.768561102362205
11
4.9105640157480313
21
-4.7439768897637791
0
LINE
8
BLACK
6
CONTINUOUS
10
4.9105640157480313
20
-4.7439768897637791
11
4.8845336220472442
21
-4.7439768897637791
0
LINE
8
BLACK
6
CONTINUOUS
10
4.8845336220472442
20
-4.7439768897637791
11
4.8845336220472442
21
-4.768561102362205
0
LINE
8
BLACK
6
CONTINUOUS
10
4.8845336220472442
20
-4.768561102362205
11
4.8740491732283466
21
-4.768561102362205
0
LINE
8
BLACK
6
CONTINUOUS
10
4.8740491732283466
20
-4.768561102362205
11
4.8740491732283466
21
-4.7110773622047244
0
LINE
8
BLACK
6
CONTINUOUS
10
4.8740491732283466
20
-4.7110773622047244
11
4.8845336220472442
21
-4.7110773622047244
0
LINE
8
BLACK
6
CONTINUOUS
10
4.8845336220472442
20
-4.7110773622047244
11
4.8845336220472442
21
-4.7338539370078738
0
LINE
8
BLACK
6
CONTINUOUS
10
4.8845336220472442
20
-4.7338539370078738
11
4.9105537007874016
21
-4.7338539370078738
0
LINE
8
BLACK
6
CONTINUOUS
10
4.9105537007874016
20
-4.7338539370078738
11
4.9106492519685041
21
-4.7225560629921262
0
LINE
8
BLACK
6
CONTINUOUS
10
4.9106492519685041
20
-4.7225560629921262
11
4.9107447637795278
21
-4.7112581496062989
0
LINE
8
BLACK
6
CONTINUOUS
10
4.9107447637795278
20
-4.7112581496062989
11
4.9160774015748032
21
-4.7111581102362203
0
LINE
8
BLACK
6
CONTINUOUS
10
4.9160774015748032
20
-4.7111581102362203
11
4.9214099999999998
21
-4.7110580314960631
0
LINE
8
BLACK
6
CONTINUOUS
10
4.9214099999999998
20
-4.7110580314960631
11
4.9214099999999998
21
-4.768561102362205
0
LINE
8
BLACK
6
CONTINUOUS
10
5.0358351574803146
20
-4.7112581496062989
11
5.0359277165354328
21
-4.7399096456692913
0
LINE
8
BLACK
6
CONTINUOUS
10
5.0359277165354328
20
-4.7399096456692913
11
5.036020275590551
21
-4.768561102362205
0
LINE
8
BLACK
6
CONTINUOUS
10
5.036020275590551
20
-4.768561102362205
11
5.0269783464566924
21
-4.768561102362205
0
LINE
8
BLACK
6
CONTINUOUS
10
5.0269783464566924
20
-4.768561102362205
11
5.0140531496062994
21
-4.7491722834645671
0
LINE
8
BLACK
6
CONTINUOUS
10
5.0140531496062994
20
-4.7491722834645671
11
5.0011279921259844
21
-4.729783503937008
0
LINE
8
BLACK
6
CONTINUOUS
10
5.0011279921259844
20
-4.729783503937008
11
5.0010344881889761
21
-4.7491722834645671
0
LINE
8
BLACK
6
CONTINUOUS
10
5.0010344881889761
20
-4.7491722834645671
11
5.00094094488189
21
-4.768561102362205
0
LINE
8
BLACK
6
CONTINUOUS
10
5.00094094488189
20
-4.768561102362205
11
4.9904627952755902
21
-4.768561102362205
0
LINE
8
BLACK
6
CONTINUOUS
10
4.9904627952755902
20
-4.768561102362205
11
4.9904627952755902
21
-4.7110773622047244
0
LINE
8
BLACK
6
CONTINUOUS
10
4.9904627952755902
20
-4.7110773622047244
11
4.9956146062992124
21
-4.7110775590551182
0
LINE
8
BLACK
6
CONTINUOUS
10
4.9956146062992124
20
-4.7110775590551182
11
5.0007664566929133
21
-4.7110777559055119
0
LINE
8
BLACK
6
CONTINUOUS
10
5.0007664566929133
20
-4.7110777559055119
11
5.0128778346456695
21
-4.7293883858267716
0
LINE
8
BLACK
6
CONTINUOUS
10
5.0128778346456695
20
-4.7293883858267716
11
5.024989173228346
21
-4.74769905511811
0
LINE
8
BLACK
6
CONTINUOUS
10
5.024989173228346
20
-4.74769905511811
11
5.025082874015748
21
-4.7293785826771648
0
LINE
8
BLACK
6
CONTINUOUS
10
5.025082874015748
20
-4.7293785826771648
11
5.0251765748031492
21
-4.7110580708661418
0
LINE
8
BLACK
6
CONTINUOUS
10
5.0251765748031492
20
-4.7110580708661418
11
5.0358351574803146
21
-4.7112581496062989
0
LINE
8
BLACK
6
CONTINUOUS
10
5.1419450787401573
20
-4.7215618503937007
11
5.1159146850393702
21
-4.7215618503937007
0
LINE
8
BLACK
6
CONTINUOUS
10
5.1159146850393702
20
-4.7215618503937007
11
5.1159146850393702
21
-4.7334809842519681
0
LINE
8
BLACK
6
CONTINUOUS
10
5.1159146850393702
20
-4.7334809842519681
11
5.1259472440944878
21
-4.7335770866141731
0
LINE
8
BLACK
6
CONTINUOUS
10
5.1259472440944878
20
-4.7335770866141731
11
5.1359797637795275
21
-4.7336731889763781
0
LINE
8
BLACK
6
CONTINUOUS
10
5.1359797637795275
20
-4.7336731889763781
11
5.1361803937007871
21
-4.7439768897637791
0
LINE
8
BLACK
6
CONTINUOUS
10
5.1361803937007871
20
-4.7439768897637791
11
5.1159146850393702
21
-4.7439768897637791
0
LINE
8
BLACK
6
CONTINUOUS
10
5.1159146850393702
20
-4.7439768897637791
11
5.1159146850393702
21
-4.7584381889763776
0
LINE
8
BLACK
6
CONTINUOUS
10
5.1159146850393702
20
-4.7584381889763776
11
5.1426681496062994
21
-4.7584381889763776
0
LINE
8
BLACK
6
CONTINUOUS
10
5.1426681496062994
20
-4.7584381889763776
11
5.1426681496062994
21
-4.768561102362205
0
LINE
8
BLACK
6
CONTINUOUS
10
5.1426681496062994
20
-4.768561102362205
11
5.1050687007874016
21
-4.768561102362205
0
LINE
8
BLACK
6
CONTINUOUS
10
5.1050687007874016
20
-4.768561102362205
11
5.1050687007874016
21
-4.7110773622047244
0
LINE
8
BLACK
6
CONTINUOUS
10
5.1050687007874016
20
-4.7110773622047244
11
5.1419450787401573
21
-4.7110773622047244
0
LINE
8
BLACK
6
CONTINUOUS
10
5.1419450787401573
20
-4.7110773622047244
11
5.1419450787401573
21
-4.7215618503937007
0
LINE
8
BLACK
6
CONTINUOUS
10
5.16345625984252
20
-4.7112870866141732
11
5.1672441732283465
21
-4.7113028346456689
0
LINE
8
BLACK
6
CONTINUOUS
10
5.1672441732283465
20
-4.7113028346456689
11
5.1703948425196851
21
-4.7113378740157481
0
LINE
8
BLACK
6
CONTINUOUS
10
5.1703948425196851
20
-4.7113378740157481
11
5.1729940944881889
21
-4.711402125984252
0
LINE
8
BLACK
6
CONTINUOUS
10
5.1729940944881889
20
-4.711402125984252
11
5.1751276771653538
21
-4.7115055905511811
0
LINE
8
BLACK
6
CONTINUOUS
10
5.1751276771653538
20
-4.7115055905511811
11
5.1768814566929136
21
-4.7116581889763776
0
LINE
8
BLACK
6
CONTINUOUS
10
5.1768814566929136
20
-4.7116581889763776
11
5.1783411811023621
21
-4.7118699212598427
0
LINE
8
BLACK
6
CONTINUOUS
10
5.1783411811023621
20
-4.7118699212598427
11
5.1795925984251969
21
-4.7121507086614169
0
LINE
8
BLACK
6
CONTINUOUS
10
5.1795925984251969
20
-4.7121507086614169
11
5.1807215748031492
21
-4.7125105511811025
0
LINE
8
BLACK
6
CONTINUOUS
10
5.1807215748031492
20
-4.7125105511811025
11
5.1818138582677165
21
-4.7129594094488185
0
LINE
8
BLACK
6
CONTINUOUS
10
5.1818138582677165
20
-4.7129594094488185
11
5.182955275590551
21
-4.7135072440944885
0
LINE
8
BLACK
6
CONTINUOUS
10
5.182955275590551
20
-4.7135072440944885
11
5.1830694488188973
21
-4.713564842519685
0
LINE
8
BLACK
6
CONTINUOUS
10
5.1830694488188973
20
-4.713564842519685
11
5.1859316929133854
21
-4.71537625984252
0
LINE
8
BLACK
6
CONTINUOUS
10
5.1859316929133854
20
-4.71537625984252
11
5.1882155905511809
21
-4.7176205118110239
0
LINE
8
BLACK
6
CONTINUOUS
10
5.1882155905511809
20
-4.7176205118110239
11
5.1899185039370082
21
-4.7202944881889763
0
LINE
8
BLACK
6
CONTINUOUS
10
5.1899185039370082
20
-4.7202944881889763
11
5.1909707480314964
21
-4.7231345669291338
0
LINE
8
BLACK
6
CONTINUOUS
10
5.1909707480314964
20
-4.7231345669291338
11
5.1913075984251966
21
-4.7250185433070868
0
LINE
8
BLACK
6
CONTINUOUS
10
5.1913075984251966
20
-4.7250185433070868
11
5.1914701968503936
21
-4.7273090944881888
0
LINE
8
BLACK
6
CONTINUOUS
10
5.1914701968503936
20
-4.7273090944881888
11
5.1914635826771649
21
-4.729760118110236
0
LINE
8
BLACK
6
CONTINUOUS
10
5.1914635826771649
20
-4.729760118110236
11
5.1912927952755901
21
-4.7321254724409449
0
LINE
8
BLACK
6
CONTINUOUS
10
5.1912927952755901
20
-4.7321254724409449
11
5.1909628740157476
21
-4.7341590551181101
0
LINE
8
BLACK
6
CONTINUOUS
10
5.1909628740157476
20
-4.7341590551181101
11
5.1907278346456689
21
-4.7350103543307087
0
LINE
8
BLACK
6
CONTINUOUS
10
5.1907278346456689
20
-4.7350103543307087
11
5.1893347637795273
21
-4.7380455511811022
0
LINE
8
BLACK
6
CONTINUOUS
10
5.1893347637795273
20
-4.7380455511811022
11
5.1873414960629924
21
-4.7406839370078737
0
LINE
8
BLACK
6
CONTINUOUS
10
5.1873414960629924
20
-4.7406839370078737
11
5.1847664173228347
21
-4.7429030314960627
0
LINE
8
BLACK
6
CONTINUOUS
10
5.1847664173228347
20
-4.7429030314960627
11
5.1837021259842517
21
-4.7435939763779524
0
LINE
8
BLACK
6
CONTINUOUS
10
5.1837021259842517
20
-4.7435939763779524
11
5.1828191338582679
21
-4.7441289370078739
0
LINE
8
BLACK
6
CONTINUOUS
10
5.1828191338582679
20
-4.7441289370078739
11
5.1822359448818895
21
-4.7444893700787398
0
LINE
8
BLACK
6
CONTINUOUS
10
5.1822359448818895
20
-4.7444893700787398
11
5.1821256692913389
21
-4.7445616141732279
0
LINE
8
BLACK
6
CONTINUOUS
10
5.1821256692913389
20
-4.7445616141732279
11
5.182261181102362
21
-4.7448905511811024
0
LINE
8
BLACK
6
CONTINUOUS
10
5.182261181102362
20
-4.7448905511811024
11
5.182704094488189
21
-4.7457840944881893
0
LINE
8
BLACK
6
CONTINUOUS
10
5.182704094488189
20
-4.7457840944881893
11
5.1834172440944881
21
-4.7471711811023622
0
LINE
8
BLACK
6
CONTINUOUS
10
5.1834172440944881
20
-4.7471711811023622
11
5.184363503937008
21
-4.7489807874015746
0
LINE
8
BLACK
6
CONTINUOUS
10
5.184363503937008
20
-4.7489807874015746
11
5.1855056692913388
21
-4.7511418110236221
0
LINE
8
BLACK
6
CONTINUOUS
10
5.1855056692913388
20
-4.7511418110236221
11
5.1868065748031498
21
-4.7535832283464563
0
LINE
8
BLACK
6
CONTINUOUS
10
5.1868065748031498
20
-4.7535832283464563
11
5.1882290551181098
21
-4.7562339370078739
0
LINE
8
BLACK
6
CONTINUOUS
10
5.1882290551181098
20
-4.7562339370078739
11
5.1882717322834644
21
-4.7563131889763781
0
LINE
8
BLACK
6
CONTINUOUS
10
5.1882717322834644
20
-4.7563131889763781
11
5.189707244094488
21
-4.7589805511811019
0
LINE
8
BLACK
6
CONTINUOUS
10
5.189707244094488
20
-4.7589805511811019
11
5.191033779527559
21
-4.7614492125984249
0
LINE
8
BLACK
6
CONTINUOUS
10
5.191033779527559
20
-4.7614492125984249
11
5.1922124015748032
21
-4.7636462992125983
0
LINE
8
BLACK
6
CONTINUOUS
10
5.1922124015748032
20
-4.7636462992125983
11
5.1932041338582673
21
-4.7654990551181102
0
LINE
8
BLACK
6
CONTINUOUS
10
5.1932041338582673
20
-4.7654990551181102
11
5.1939700000000002
21
-4.7669346850393701
0
LINE
8
BLACK
6
CONTINUOUS
10
5.1939700000000002
20
-4.7669346850393701
11
5.1944710236220475
21
-4.7678803543307087
0
LINE
8
BLACK
6
CONTINUOUS
10
5.1944710236220475
20
-4.7678803543307087
11
5.1946682677165352
21
-4.7682632677165353
0
LINE
8
BLACK
6
CONTINUOUS
10
5.1946682677165352
20
-4.7682632677165353
11
5.194668622047244
21
-4.7682641338582679
0
LINE
8
BLACK
6
CONTINUOUS
10
5.194668622047244
20
-4.7682641338582679
11
5.1943684645669288
21
-4.7683627559055113
0
LINE
8
BLACK
6
CONTINUOUS
10
5.1943684645669288
20
-4.7683627559055113
11
5.1934612598425192
21
-4.7684475196850391
0
LINE
8
BLACK
6
CONTINUOUS
10
5.1934612598425192
20
-4.7684475196850391
11
5.192062992125984
21
-4.7685125590551181
0
LINE
8
BLACK
6
CONTINUOUS
10
5.192062992125984
20
-4.7685125590551181
11
5.1902895669291338
21
-4.7685519291338583
0
LINE
8
BLACK
6
CONTINUOUS
10
5.1902895669291338
20
-4.7685519291338583
11
5.1888247244094483
21
-4.768561102362205
0
LINE
8
BLACK
6
CONTINUOUS
10
5.1888247244094483
20
-4.768561102362205
11
5.1828602755905511
21
-4.768561102362205
0
LINE
8
BLACK
6
CONTINUOUS
10
5.1828602755905511
20
-4.768561102362205
11
5.1774724015748026
21
-4.7581670472440942
0
LINE
8
BLACK
6
CONTINUOUS
10
5.1774724015748026
20
-4.7581670472440942
11
5.172084527559055
21
-4.7477729527559056
0
LINE
8
BLACK
6
CONTINUOUS
10
5.172084527559055
20
-4.7477729527559056
11
5.1614678346456691
21
-4.7475728740157477
0
LINE
8
BLACK
6
CONTINUOUS
10
5.1614678346456691
20
-4.7475728740157477
11
5.1614678346456691
21
-4.768561102362205
0
LINE
8
BLACK
6
CONTINUOUS
10
5.1614678346456691
20
-4.768561102362205
11
5.1506175196850394
21
-4.768561102362205
0
LINE
8
BLACK
6
CONTINUOUS
10
5.1506175196850394
20
-4.768561102362205
11
5.1507100787401576
21
-4.7399096456692913
0
LINE
8
BLACK
6
CONTINUOUS
10
5.1507100787401576
20
-4.7399096456692913
11
5.1507141732283461
21
-4.7386387795275589
0
LINE
8
BLACK
6
CONTINUOUS
10
5.1507141732283461
20
-4.7386387795275589
11
5.1508026377952758
21
-4.7112581496062989
0
LINE
8
BLACK
6
CONTINUOUS
10
5.1508026377952758
20
-4.7112581496062989
11
5.16345625984252
21
-4.7112870866141732
0
LINE
8
BLACK
6
CONTINUOUS
10
5.1673427559055121
20
-4.7384661023622048
11
5.1700043700787397
21
-4.7383607874015743
0
LINE
8
BLACK
6
CONTINUOUS
10
5.1700043700787397
20
-4.7383607874015743
11
5.17204062992126
21
-4.7382149212598428
0
LINE
8
BLACK
6
CONTINUOUS
10
5.17204062992126
20
-4.7382149212598428
11
5.1735485433070867
21
-4.7380184645669292
0
LINE
8
BLACK
6
CONTINUOUS
10
5.1735485433070867
20
-4.7380184645669292
11
5.1746251968503936
21
-4.7377613779527561
0
LINE
8
BLACK
6
CONTINUOUS
10
5.1746251968503936
20
-4.7377613779527561
11
5.1748197244094483
21
-4.7376935039370078
0
LINE
8
BLACK
6
CONTINUOUS
10
5.1748197244094483
20
-4.7376935039370078
11
5.1770696062992121
21
-4.7365557480314964
0
LINE
8
BLACK
6
CONTINUOUS
10
5.1770696062992121
20
-4.7365557480314964
11
5.1787222047244095
21
-4.7350333858267719
0
LINE
8
BLACK
6
CONTINUOUS
10
5.1787222047244095
20
-4.7350333858267719
11
5.1798012992125981
21
-4.7330910236220474
0
LINE
8
BLACK
6
CONTINUOUS
10
5.1798012992125981
20
-4.7330910236220474
11
5.1803307086614172
21
-4.7306931496062994
0
LINE
8
BLACK
6
CONTINUOUS
10
5.1803307086614172
20
-4.7306931496062994
11
5.1803965354330703
21
-4.7293703543307082
0
LINE
8
BLACK
6
CONTINUOUS
10
5.1803965354330703
20
-4.7293703543307082
11
5.18012811023622
21
-4.7266800787401575
0
LINE
8
BLACK
6
CONTINUOUS
10
5.18012811023622
20
-4.7266800787401575
11
5.1793044488188977
21
-4.7244338976377955
0
LINE
8
BLACK
6
CONTINUOUS
10
5.1793044488188977
20
-4.7244338976377955
11
5.1779367322834648
21
-4.7226498818897635
0
LINE
8
BLACK
6
CONTINUOUS
10
5.1779367322834648
20
-4.7226498818897635
11
5.1760361417322835
21
-4.7213461023622045
0
LINE
8
BLACK
6
CONTINUOUS
10
5.1760361417322835
20
-4.7213461023622045
11
5.1752009842519682
21
-4.7209893700787404
0
LINE
8
BLACK
6
CONTINUOUS
10
5.1752009842519682
20
-4.7209893700787404
11
5.174217755905512
21
-4.7207212598425192
0
LINE
8
BLACK
6
CONTINUOUS
10
5.174217755905512
20
-4.7207212598425192
11
5.1728314173228345
21
-4.720513031496063
0
LINE
8
BLACK
6
CONTINUOUS
10
5.1728314173228345
20
-4.720513031496063
11
5.1709458661417322
21
-4.7203548818897634
0
LINE
8
BLACK
6
CONTINUOUS
10
5.1709458661417322
20
-4.7203548818897634
11
5.1684648425196853
21
-4.7202370078740152
0
LINE
8
BLACK
6
CONTINUOUS
10
5.1684648425196853
20
-4.7202370078740152
11
5.1675235039370078
21
-4.7202060236220476
0
LINE
8
BLACK
6
CONTINUOUS
10
5.1675235039370078
20
-4.7202060236220476
11
5.1614678346456691
21
-4.7200232283464567
0
LINE
8
BLACK
6
CONTINUOUS
10
5.1614678346456691
20
-4.7200232283464567
11
5.1614678346456691
21
-4.7386387795275589
0
LINE
8
BLACK
6
CONTINUOUS
10
5.1614678346456691
20
-4.7386387795275589
11
5.1673427559055121
21
-4.7384661023622048
0
LINE
8
BLACK
6
CONTINUOUS
10
5.2335114960629916
20
-4.7110839370078743
11
5.2361012204724409
21
-4.71109842519685
0
LINE
8
BLACK
6
CONTINUOUS
10
5.2361012204724409
20
-4.71109842519685
11
5.2383691732283459
21
-4.7111208661417319
0
LINE
8
BLACK
6
CONTINUOUS
10
5.2383691732283459
20
-4.7111208661417319
11
5.240228307086614
21
-4.7111514173228342
0
LINE
8
BLACK
6
CONTINUOUS
10
5.240228307086614
20
-4.7111514173228342
11
5.2415915748031496
21
-4.7111903937007877
0
LINE
8
BLACK
6
CONTINUOUS
10
5.2415915748031496
20
-4.7111903937007877
11
5.2423718897637794
21
-4.7112380314960625
0
LINE
8
BLACK
6
CONTINUOUS
10
5.2423718897637794
20
-4.7112380314960625
11
5.2425229921259842
21
-4.7112696850393698
0
LINE
8
BLACK
6
CONTINUOUS
10
5.2425229921259842
20
-4.7112696850393698
11
5.2425336220472438
21
-4.7116768897637797
0
LINE
8
BLACK
6
CONTINUOUS
10
5.2425336220472438
20
-4.7116768897637797
11
5.2424279921259842
21
-4.7126578740157479
0
LINE
8
BLACK
6
CONTINUOUS
10
5.2424279921259842
20
-4.7126578740157479
11
5.2422243700787403
21
-4.7140759055118107
0
LINE
8
BLACK
6
CONTINUOUS
10
5.2422243700787403
20
-4.7140759055118107
11
5.2419408661417322
21
-4.7157942519685037
0
LINE
8
BLACK
6
CONTINUOUS
10
5.2419408661417322
20
-4.7157942519685037
11
5.2418621259842517
21
-4.7162407480314963
0
LINE
8
BLACK
6
CONTINUOUS
10
5.2418621259842517
20
-4.7162407480314963
11
5.2415475590551184
21
-4.7180212204724405
0
LINE
8
BLACK
6
CONTINUOUS
10
5.2415475590551184
20
-4.7180212204724405
11
5.2412849606299208
21
-4.7195424803149608
0
LINE
8
BLACK
6
CONTINUOUS
10
5.2412849606299208
20
-4.7195424803149608
11
5.2410980708661414
21
-4.7206645669291341
0
LINE
8
BLACK
6
CONTINUOUS
10
5.2410980708661414
20
-4.7206645669291341
11
5.2410105905511806
21
-4.7212474409448815
0
LINE
8
BLACK
6
CONTINUOUS
10
5.2410105905511806
20
-4.7212474409448815
11
5.2410070472440946
21
-4.7212906692913386
0
LINE
8
BLACK
6
CONTINUOUS
10
5.2410070472440946
20
-4.7212906692913386
11
5.2406591732283463
21
-4.721356102362205
0
LINE
8
BLACK
6
CONTINUOUS
10
5.2406591732283463
20
-4.721356102362205
11
5.2396733070866137
21
-4.721415866141732
0
LINE
8
BLACK
6
CONTINUOUS
10
5.2396733070866137
20
-4.721415866141732
11
5.2381343700787397
21
-4.7214679527559058
0
LINE
8
BLACK
6
CONTINUOUS
10
5.2381343700787397
20
-4.7214679527559058
11
5.2361274409448821
21
-4.7215104724409445
0
LINE
8
BLACK
6
CONTINUOUS
10
5.2361274409448821
20
-4.7215104724409445
11
5.2337375196850395
21
-4.7215413779527555
0
LINE
8
BLACK
6
CONTINUOUS
10
5.2337375196850395
20
-4.7215413779527555
11
5.2310495669291335
21
-4.7215587401574801
0
LINE
8
BLACK
6
CONTINUOUS
10
5.2310495669291335
20
-4.7215587401574801
11
5.2292809055118106
21
-4.7215618503937007
0
LINE
8
BLACK
6
CONTINUOUS
10
5.2292809055118106
20
-4.7215618503937007
11
5.2175566929133854
21
-4.7215618503937007
0
LINE
8
BLACK
6
CONTINUOUS
10
5.2175566929133854
20
-4.7215618503937007
11
5.217180472440945
21
-4.723459881889764
0
LINE
8
BLACK
6
CONTINUOUS
10
5.217180472440945
20
-4.723459881889764
11
5.2169397637795276
21
-4.7247212204724409
0
LINE
8
BLACK
6
CONTINUOUS
10
5.2169397637795276
20
-4.7247212204724409
11
5.2166341732283463
21
-4.7263874409448814
0
LINE
8
BLACK
6
CONTINUOUS
10
5.2166341732283463
20
-4.7263874409448814
11
5.2163199606299209
21
-4.7281505905511807
0
LINE
8
BLACK
6
CONTINUOUS
10
5.2163199606299209
20
-4.7281505905511807
11
5.2162394881889762
21
-4.7286117322834649
0
LINE
8
BLACK
6
CONTINUOUS
10
5.2162394881889762
20
-4.7286117322834649
11
5.215967047244094
21
-4.7301598818897634
0
LINE
8
BLACK
6
CONTINUOUS
10
5.215967047244094
20
-4.7301598818897634
11
5.2157220078740156
21
-4.7315139370078736
0
LINE
8
BLACK
6
CONTINUOUS
10
5.2157220078740156
20
-4.7315139370078736
11
5.2155435826771654
21
-4.7324589370078742
0
LINE
8
BLACK
6
CONTINUOUS
10
5.2155435826771654
20
-4.7324589370078742
11
5.2154985826771654
21
-4.7326789763779527
0
LINE
8
BLACK
6
CONTINUOUS
10
5.2154985826771654
20
-4.7326789763779527
11
5.2153224803149607
21
-4.7334924015748028
0
LINE
8
BLACK
6
CONTINUOUS
10
5.2153224803149607
20
-4.7334924015748028
11
5.224367677165354
21
-4.7334924015748028
0
LINE
8
BLACK
6
CONTINUOUS
10
5.224367677165354
20
-4.7334924015748028
11
5.2272927952755905
21
-4.7335004724409444
0
LINE
8
BLACK
6
CONTINUOUS
10
5.2272927952755905
20
-4.7335004724409444
11
5.2295610629921256
21
-4.7335267716535432
0
LINE
8
BLACK
6
CONTINUOUS
10
5.2295610629921256
20
-4.7335267716535432
11
5.231238503937008
21
-4.7335746456692913
0
LINE
8
BLACK
6
CONTINUOUS
10
5.231238503937008
20
-4.7335746456692913
11
5.2323912598425197
21
-4.7336473622047244
0
LINE
8
BLACK
6
CONTINUOUS
10
5.2323912598425197
20
-4.7336473622047244
11
5.2330853543307088
21
-4.7337483070866142
0
LINE
8
BLACK
6
CONTINUOUS
10
5.2330853543307088
20
-4.7337483070866142
11
5.2333868503937007
21
-4.7338806692913389
0
LINE
8
BLACK
6
CONTINUOUS
10
5.2333868503937007
20
-4.7338806692913389
11
5.2334123228346456
21
-4.7339443307086615
0
LINE
8
BLACK
6
CONTINUOUS
10
5.2334123228346456
20
-4.7339443307086615
11
5.2333499212598422
21
-4.734442125984252
0
LINE
8
BLACK
6
CONTINUOUS
10
5.2333499212598422
20
-4.734442125984252
11
5.233183346456693
21
-4.7354793307086611
0
LINE
8
BLACK
6
CONTINUOUS
10
5.233183346456693
20
-4.7354793307086611
11
5.2329431102362207
21
-4.7368849606299213
0
LINE
8
BLACK
6
CONTINUOUS
10
5.2329431102362207
20
-4.7368849606299213
11
5.2326596062992126
21
-4.7384880314960629
0
LINE
8
BLACK
6
CONTINUOUS
10
5.2326596062992126
20
-4.7384880314960629
11
5.232363346456693
21
-4.7401174409448821
0
LINE
8
BLACK
6
CONTINUOUS
10
5.232363346456693
20
-4.7401174409448821
11
5.2320847244094484
21
-4.7416022834645668
0
LINE
8
BLACK
6
CONTINUOUS
10
5.2320847244094484
20
-4.7416022834645668
11
5.2318541732283466
21
-4.7427714960629919
0
LINE
8
BLACK
6
CONTINUOUS
10
5.2318541732283466
20
-4.7427714960629919
11
5.2317710629921255
21
-4.7431634251968502
0
LINE
8
BLACK
6
CONTINUOUS
10
5.2317710629921255
20
-4.7431634251968502
11
5.2315914566929136
21
-4.7439768897637791
0
LINE
8
BLACK
6
CONTINUOUS
10
5.2315914566929136
20
-4.7439768897637791
11
5.2135423622047243
21
-4.7439768897637791
0
LINE
8
BLACK
6
CONTINUOUS
10
5.2135423622047243
20
-4.7439768897637791
11
5.2133577952755905
21
-4.7447903149606301
0
LINE
8
BLACK
6
CONTINUOUS
10
5.2133577952755905
20
-4.7447903149606301
11
5.2132490944881891
21
-4.745354527559055
0
LINE
8
BLACK
6
CONTINUOUS
10
5.2132490944881891
20
-4.745354527559055
11
5.2130371259842523
21
-4.7465288188976373
0
LINE
8
BLACK
6
CONTINUOUS
10
5.2130371259842523
20
-4.7465288188976373
11
5.2127398818897639
21
-4.7482104330708657
0
LINE
8
BLACK
6
CONTINUOUS
10
5.2127398818897639
20
-4.7482104330708657
11
5.212375433070866
21
-4.7502966535433071
0
LINE
8
BLACK
6
CONTINUOUS
10
5.212375433070866
20
-4.7502966535433071
11
5.2119618110236221
21
-4.7526847244094483
0
LINE
8
BLACK
6
CONTINUOUS
10
5.2119618110236221
20
-4.7526847244094483
11
5.2115320866141728
21
-4.7551844094488187
0
LINE
8
BLACK
6
CONTINUOUS
10
5.2115320866141728
20
-4.7551844094488187
11
5.2110753543307089
21
-4.7578396456692911
0
LINE
8
BLACK
6
CONTINUOUS
10
5.2110753543307089
20
-4.7578396456692911
11
5.2106384645669293
21
-4.7603589763779528
0
LINE
8
BLACK
6
CONTINUOUS
10
5.2106384645669293
20
-4.7603589763779528
11
5.2102421653543303
21
-4.7626243700787398
0
LINE
8
BLACK
6
CONTINUOUS
10
5.2102421653543303
20
-4.7626243700787398
11
5.2099071653543305
21
-4.7645178740157483
0
LINE
8
BLACK
6
CONTINUOUS
10
5.2099071653543305
20
-4.7645178740157483
11
5.2096542125984246
21
-4.7659214960629921
0
LINE
8
BLACK
6
CONTINUOUS
10
5.2096542125984246
20
-4.7659214960629921
11
5.2095149212598422
21
-4.7666630708661417
0
LINE
8
BLACK
6
CONTINUOUS
10
5.2095149212598422
20
-4.7666630708661417
11
5.2091389370078742
21
-4.768561102362205
0
LINE
8
BLACK
6
CONTINUOUS
10
5.2091389370078742
20
-4.768561102362205
11
5.2039223228346456
21
-4.768561102362205
0
LINE
8
BLACK
6
CONTINUOUS
10
5.2039223228346456
20
-4.768561102362205
11
5.2018612598425191
21
-4.7685521653543308
0
LINE
8
BLACK
6
CONTINUOUS
10
5.2018612598425191
20
-4.7685521653543308
11
5.2004177165354326
21
-4.7685175984251966
0
LINE
8
BLACK
6
CONTINUOUS
10
5.2004177165354326
20
-4.7685175984251966
11
5.1994864173228343
21
-4.7684456299212599
0
LINE
8
BLACK
6
CONTINUOUS
10
5.1994864173228343
20
-4.7684456299212599
11
5.1989619685039372
21
-4.7683246456692912
0
LINE
8
BLACK
6
CONTINUOUS
10
5.1989619685039372
20
-4.7683246456692912
11
5.1987389370078736
21
-4.7681428740157479
0
LINE
8
BLACK
6
CONTINUOUS
10
5.1987389370078736
20
-4.7681428740157479
11
5.1987057480314958
21
-4.7679820472440948
0
LINE
8
BLACK
6
CONTINUOUS
10
5.1987057480314958
20
-4.7679820472440948
11
5.1987670078740154
21
-4.7675205511811019
0
LINE
8
BLACK
6
CONTINUOUS
10
5.1987670078740154
20
-4.7675205511811019
11
5.19894311023622
21
-4.7664191732283463
0
LINE
8
BLACK
6
CONTINUOUS
10
5.19894311023622
20
-4.7664191732283463
11
5.1992224015748034
21
-4.7647437401574804
0
LINE
8
BLACK
6
CONTINUOUS
10
5.1992224015748034
20
-4.7647437401574804
11
5.1995932677165353
21
-4.7625601574803147
0
LINE
8
BLACK
6
CONTINUOUS
10
5.1995932677165353
20
-4.7625601574803147
11
5.2000440944881889
21
-4.7599342125984254
0
LINE
8
BLACK
6
CONTINUOUS
10
5.2000440944881889
20
-4.7599342125984254
11
5.2005633070866137
21
-4.7569318110236223
0
LINE
8
BLACK
6
CONTINUOUS
10
5.2005633070866137
20
-4.7569318110236223
11
5.2011392519685042
21
-4.7536187795275593
0
LINE
8
BLACK
6
CONTINUOUS
10
5.2011392519685042
20
-4.7536187795275593
11
5.2017603149606302
21
-4.7500609448818896
0
LINE
8
BLACK
6
CONTINUOUS
10
5.2017603149606302
20
-4.7500609448818896
11
5.2024149212598427
21
-4.7463242125984255
0
LINE
8
BLACK
6
CONTINUOUS
10
5.2024149212598427
20
-4.7463242125984255
11
5.2030914173228346
21
-4.7424744094488185
0
LINE
8
BLACK
6
CONTINUOUS
10
5.2030914173228346
20
-4.7424744094488185
11
5.2037781889763775
21
-4.7385773622047243
0
LINE
8
BLACK
6
CONTINUOUS
10
5.2037781889763775
20
-4.7385773622047243
11
5.2044636614173223
21
-4.7346989370078738
0
LINE
8
BLACK
6
CONTINUOUS
10
5.2044636614173223
20
-4.7346989370078738
11
5.2051361417322832
21
-4.7309049999999999
0
LINE
8
BLACK
6
CONTINUOUS
10
5.2051361417322832
20
-4.7309049999999999
11
5.205784133858268
21
-4.7272613779527557
0
LINE
8
BLACK
6
CONTINUOUS
10
5.205784133858268
20
-4.7272613779527557
11
5.206395905511811
21
-4.7238339370078739
0
LINE
8
BLACK
6
CONTINUOUS
10
5.206395905511811
20
-4.7238339370078739
11
5.2069599212598421
21
-4.7206885433070864
0
LINE
8
BLACK
6
CONTINUOUS
10
5.2069599212598421
20
-4.7206885433070864
11
5.207464527559055
21
-4.7178910236220473
0
LINE
8
BLACK
6
CONTINUOUS
10
5.207464527559055
20
-4.7178910236220473
11
5.207898149606299
21
-4.7155072440944883
0
LINE
8
BLACK
6
CONTINUOUS
10
5.207898149606299
20
-4.7155072440944883
11
5.2082491338582679
21
-4.7136030708661414
0
LINE
8
BLACK
6
CONTINUOUS
10
5.2082491338582679
20
-4.7136030708661414
11
5.2085058661417323
21
-4.7122442913385827
0
LINE
8
BLACK
6
CONTINUOUS
10
5.2085058661417323
20
-4.7122442913385827
11
5.2086567716535432
21
-4.7114968110236219
0
LINE
8
BLACK
6
CONTINUOUS
10
5.2086567716535432
20
-4.7114968110236219
11
5.2086899999999998
21
-4.7113707480314959
0
LINE
8
BLACK
6
CONTINUOUS
10
5.2086899999999998
20
-4.7113707480314959
11
5.2090725984251964
21
-4.71131562992126
0
LINE
8
BLACK
6
CONTINUOUS
10
5.2090725984251964
20
-4.71131562992126
11
5.2100911811023618
21
-4.7112655118110238
0
LINE
8
BLACK
6
CONTINUOUS
10
5.2100911811023618
20
-4.7112655118110238
11
5.2116586614173226
21
-4.7112207086614175
0
LINE
8
BLACK
6
CONTINUOUS
10
5.2116586614173226
20
-4.7112207086614175
11
5.2136879921259842
21
-4.7111814566929135
0
LINE
8
BLACK
6
CONTINUOUS
10
5.2136879921259842
20
-4.7111814566929135
11
5.2160921259842521
21
-4.7111479921259845
0
LINE
8
BLACK
6
CONTINUOUS
10
5.2160921259842521
20
-4.7111479921259845
11
5.2187839370078741
21
-4.7111206299212594
0
LINE
8
BLACK
6
CONTINUOUS
10
5.2187839370078741
20
-4.7111206299212594
11
5.2216764173228345
21
-4.7110996062992125
0
LINE
8
BLACK
6
CONTINUOUS
10
5.2216764173228345
20
-4.7110996062992125
11
5.2246824803149607
21
-4.711085118110236
0
LINE
8
BLACK
6
CONTINUOUS
10
5.2246824803149607
20
-4.711085118110236
11
5.2277150787401574
21
-4.7110775196850394
0
LINE
8
BLACK
6
CONTINUOUS
10
5.2277150787401574
20
-4.7110775196850394
11
5.2306870866141733
21
-4.7110770472440944
0
LINE
8
BLACK
6
CONTINUOUS
10
5.2306870866141733
20
-4.7110770472440944
11
5.2335114960629916
21
-4.7110839370078743
0
LINE
8
BLACK
6
CONTINUOUS
10
5.2582924015748027
20
-4.7111485039370073
11
5.2594615748031499
21
-4.7111874015748034
0
LINE
8
BLACK
6
CONTINUOUS
10
5.2594615748031499
20
-4.7111874015748034
11
5.2600919685039367
21
-4.7112513385826773
0
LINE
8
BLACK
6
CONTINUOUS
10
5.2600919685039367
20
-4.7112513385826773
11
5.2601663385826773
21
-4.7112883070866145
0
LINE
8
BLACK
6
CONTINUOUS
10
5.2601663385826773
20
-4.7112883070866145
11
5.2601052755905506
21
-4.7116994881889767
0
LINE
8
BLACK
6
CONTINUOUS
10
5.2601052755905506
20
-4.7116994881889767
11
5.2599307480314961
21
-4.712749645669291
0
LINE
8
BLACK
6
CONTINUOUS
10
5.2599307480314961
20
-4.712749645669291
11
5.2596554724409446
21
-4.7143658661417325
0
LINE
8
BLACK
6
CONTINUOUS
10
5.2596554724409446
20
-4.7143658661417325
11
5.2592923228346455
21
-4.716475157480315
0
LINE
8
BLACK
6
CONTINUOUS
10
5.2592923228346455
20
-4.716475157480315
11
5.2588541338582679
21
-4.7190046062992126
0
LINE
8
BLACK
6
CONTINUOUS
10
5.2588541338582679
20
-4.7190046062992126
11
5.2583537007874011
21
-4.7218812598425197
0
LINE
8
BLACK
6
CONTINUOUS
10
5.2583537007874011
20
-4.7218812598425197
11
5.2578038582677165
21
-4.725032125984252
0
LINE
8
BLACK
6
CONTINUOUS
10
5.2578038582677165
20
-4.725032125984252
11
5.2572174015748034
21
-4.7283843307086615
0
LINE
8
BLACK
6
CONTINUOUS
10
5.2572174015748034
20
-4.7283843307086615
11
5.2566072047244097
21
-4.731864842519685
0
LINE
8
BLACK
6
CONTINUOUS
10
5.2566072047244097
20
-4.731864842519685
11
5.2559860236220475
21
-4.7354007480314957
0
LINE
8
BLACK
6
CONTINUOUS
10
5.2559860236220475
20
-4.7354007480314957
11
5.2553667322834645
21
-4.7389190944881889
0
LINE
8
BLACK
6
CONTINUOUS
10
5.2553667322834645
20
-4.7389190944881889
11
5.2547621259842519
21
-4.742346968503937
0
LINE
8
BLACK
6
CONTINUOUS
10
5.2547621259842519
20
-4.742346968503937
11
5.2541849999999997
21
-4.7456113385826768
0
LINE
8
BLACK
6
CONTINUOUS
10
5.2541849999999997
20
-4.7456113385826768
11
5.2536482677165353
21
-4.7486393307086612
0
LINE
8
BLACK
6
CONTINUOUS
10
5.2536482677165353
20
-4.7486393307086612
11
5.2531646456692913
21
-4.7513579921259845
0
LINE
8
BLACK
6
CONTINUOUS
10
5.2531646456692913
20
-4.7513579921259845
11
5.2527470078740155
21
-4.7536942913385829
0
LINE
8
BLACK
6
CONTINUOUS
10
5.2527470078740155
20
-4.7536942913385829
11
5.2524081889763776
21
-4.7555753543307082
0
LINE
8
BLACK
6
CONTINUOUS
10
5.2524081889763776
20
-4.7555753543307082
11
5.2521609842519688
21
-4.7569282283464567
0
LINE
8
BLACK
6
CONTINUOUS
10
5.2521609842519688
20
-4.7569282283464567
11
5.2520182283464569
21
-4.7576799606299209
0
LINE
8
BLACK
6
CONTINUOUS
10
5.2520182283464569
20
-4.7576799606299209
11
5.2519906299212593
21
-4.7578055118110232
0
LINE
8
BLACK
6
CONTINUOUS
10
5.2519906299212593
20
-4.7578055118110232
11
5.2519748818897636
21
-4.7579924409448822
0
LINE
8
BLACK
6
CONTINUOUS
10
5.2519748818897636
20
-4.7579924409448822
11
5.2521035433070864
21
-4.7581385433070862
0
LINE
8
BLACK
6
CONTINUOUS
10
5.2521035433070864
20
-4.7581385433070862
11
5.2524538188976377
21
-4.7582488188976377
0
LINE
8
BLACK
6
CONTINUOUS
10
5.2524538188976377
20
-4.7582488188976377
11
5.2531028740157479
21
-4.7583282677165357
0
LINE
8
BLACK
6
CONTINUOUS
10
5.2531028740157479
20
-4.7583282677165357
11
5.2541279527559057
21
-4.7583818897637791
0
LINE
8
BLACK
6
CONTINUOUS
10
5.2541279527559057
20
-4.7583818897637791
11
5.2556062204724405
21
-4.7584146850393703
0
LINE
8
BLACK
6
CONTINUOUS
10
5.2556062204724405
20
-4.7584146850393703
11
5.2576148818897632
21
-4.7584316141732286
0
LINE
8
BLACK
6
CONTINUOUS
10
5.2576148818897632
20
-4.7584316141732286
11
5.2602311811023617
21
-4.7584376771653538
0
LINE
8
BLACK
6
CONTINUOUS
10
5.2602311811023617
20
-4.7584376771653538
11
5.2617757480314955
21
-4.7584381889763776
0
LINE
8
BLACK
6
CONTINUOUS
10
5.2617757480314955
20
-4.7584381889763776
11
5.2717491338582674
21
-4.7584381889763776
0
LINE
8
BLACK
6
CONTINUOUS
10
5.2717491338582674
20
-4.7584381889763776
11
5.2715730314960627
21
-4.7592516535433074
0
LINE
8
BLACK
6
CONTINUOUS
10
5.2715730314960627
20
-4.7592516535433074
11
5.2714335039370077
21
-4.7599655511811019
0
LINE
8
BLACK
6
CONTINUOUS
10
5.2714335039370077
20
-4.7599655511811019
11
5.2712114566929129
21
-4.761177204724409
0
LINE
8
BLACK
6
CONTINUOUS
10
5.2712114566929129
20
-4.761177204724409
11
5.2709459448818894
21
-4.7626714566929129
0
LINE
8
BLACK
6
CONTINUOUS
10
5.2709459448818894
20
-4.7626714566929129
11
5.2708330708661419
21
-4.7633188976377951
0
LINE
8
BLACK
6
CONTINUOUS
10
5.2708330708661419
20
-4.7633188976377951
11
5.2705567716535429
21
-4.7648964173228343
0
LINE
8
BLACK
6
CONTINUOUS
10
5.2705567716535429
20
-4.7648964173228343
11
5.2703042125984254
21
-4.7663086220472444
0
LINE
8
BLACK
6
CONTINUOUS
10
5.2703042125984254
20
-4.7663086220472444
11
5.2701164960629923
21
-4.7673264566929134
0
LINE
8
BLACK
6
CONTINUOUS
10
5.2701164960629923
20
-4.7673264566929134
11
5.2700697637795271
21
-4.7675668897637795
0
LINE
8
BLACK
6
CONTINUOUS
10
5.2700697637795271
20
-4.7675668897637795
11
5.2698702755905513
21
-4.768561102362205
0
LINE
8
BLACK
6
CONTINUOUS
10
5.2698702755905513
20
-4.768561102362205
11
5.2547146062992125
21
-4.768561102362205
0
LINE
8
BLACK
6
CONTINUOUS
10
5.2547146062992125
20
-4.768561102362205
11
5.2508514960629924
21
-4.7685567716535431
0
LINE
8
BLACK
6
CONTINUOUS
10
5.2508514960629924
20
-4.7685567716535431
11
5.247658346456693
21
-4.7685426771653541
0
LINE
8
BLACK
6
CONTINUOUS
10
5.247658346456693
20
-4.7685426771653541
11
5.2450821653543303
21
-4.7685172440944879
0
LINE
8
BLACK
6
CONTINUOUS
10
5.2450821653543303
20
-4.7685172440944879
11
5.2430699212598428
21
-4.768478937007874
0
LINE
8
BLACK
6
CONTINUOUS
10
5.2430699212598428
20
-4.768478937007874
11
5.2415685039370077
21
-4.7684261023622048
0
LINE
8
BLACK
6
CONTINUOUS
10
5.2415685039370077
20
-4.7684261023622048
11
5.2405249606299211
21
-4.7683572047244089
0
LINE
8
BLACK
6
CONTINUOUS
10
5.2405249606299211
20
-4.7683572047244089
11
5.2398862204724406
21
-4.7682706692913381
0
LINE
8
BLACK
6
CONTINUOUS
10
5.2398862204724406
20
-4.7682706692913381
11
5.239599251968504
21
-4.7681648818897635
0
LINE
8
BLACK
6
CONTINUOUS
10
5.239599251968504
20
-4.7681648818897635
11
5.2395707480314959
21
-4.768109212598425
0
LINE
8
BLACK
6
CONTINUOUS
10
5.2395707480314959
20
-4.768109212598425
11
5.2396339763779523
21
-4.7676900393700787
0
LINE
8
BLACK
6
CONTINUOUS
10
5.2396339763779523
20
-4.7676900393700787
11
5.2398134645669288
21
-4.7666135826771656
0
LINE
8
BLACK
6
CONTINUOUS
10
5.2398134645669288
20
-4.7666135826771656
11
5.2400997637795275
21
-4.7649344881889766
0
LINE
8
BLACK
6
CONTINUOUS
10
5.2400997637795275
20
-4.7649344881889766
11
5.2404833858267716
21
-4.7627074803149609
0
LINE
8
BLACK
6
CONTINUOUS
10
5.2404833858267716
20
-4.7627074803149609
11
5.2409547637795271
21
-4.7599872440944884
0
LINE
8
BLACK
6
CONTINUOUS
10
5.2409547637795271
20
-4.7599872440944884
11
5.2415044094488188
21
-4.7568285433070869
0
LINE
8
BLACK
6
CONTINUOUS
10
5.2415044094488188
20
-4.7568285433070869
11
5.2421228346456692
21
-4.7532859842519688
0
LINE
8
BLACK
6
CONTINUOUS
10
5.2421228346456692
20
-4.7532859842519688
11
5.2428005118110237
21
-4.7494143700787399
0
LINE
8
BLACK
6
CONTINUOUS
10
5.2428005118110237
20
-4.7494143700787399
11
5.2435279527559056
21
-4.7452683464566929
0
LINE
8
BLACK
6
CONTINUOUS
10
5.2435279527559056
20
-4.7452683464566929
11
5.2442956299212593
21
-4.7409026377952754
0
LINE
8
BLACK
6
CONTINUOUS
10
5.2442956299212593
20
-4.7409026377952754
11
5.2445500787401578
21
-4.7394577165354326
0
LINE
8
BLACK
6
CONTINUOUS
10
5.2445500787401578
20
-4.7394577165354326
11
5.2495175984251965
21
-4.7112581496062989
0
LINE
8
BLACK
6
CONTINUOUS
10
5.2495175984251965
20
-4.7112581496062989
11
5.2548419685039365
21
-4.7111581102362203
0
LINE
8
BLACK
6
CONTINUOUS
10
5.2548419685039365
20
-4.7111581102362203
11
5.2567105118110238
21
-4.7111377165354327
0
LINE
8
BLACK
6
CONTINUOUS
10
5.2567105118110238
20
-4.7111377165354327
11
5.2582924015748027
21
-4.7111485039370073
0
LINE
8
BLACK
6
CONTINUOUS
10
5.3147687795275589
20
-4.7111435433070863
11
5.3156275984251966
21
-4.7111576771653541
0
LINE
8
BLACK
6
CONTINUOUS
10
5.3156275984251966
20
-4.7111576771653541
11
5.3209848031496065
21
-4.7112581496062989
0
LINE
8
BLACK
6
CONTINUOUS
10
5.3209848031496065
20
-4.7112581496062989
11
5.3089466535433072
21
-4.7268040551181105
0
LINE
8
BLACK
6
CONTINUOUS
10
5.3089466535433072
20
-4.7268040551181105
11
5.3066630708661418
21
-4.7297581102362205
0
LINE
8
BLACK
6
CONTINUOUS
10
5.3066630708661418
20
-4.7297581102362205
11
5.3045036220472443
21
-4.7325614566929133
0
LINE
8
BLACK
6
CONTINUOUS
10
5.3045036220472443
20
-4.7325614566929133
11
5.3025108267716536
21
-4.7351581496062991
0
LINE
8
BLACK
6
CONTINUOUS
10
5.3025108267716536
20
-4.7351581496062991
11
5.3007271259842517
21
-4.7374923622047245
0
LINE
8
BLACK
6
CONTINUOUS
10
5.3007271259842517
20
-4.7374923622047245
11
5.2991951574803151
21
-4.7395082283464562
0
LINE
8
BLACK
6
CONTINUOUS
10
5.2991951574803151
20
-4.7395082283464562
11
5.2979573622047242
21
-4.7411498818897639
0
LINE
8
BLACK
6
CONTINUOUS
10
5.2979573622047242
20
-4.7411498818897639
11
5.2970562598425195
21
-4.7423614960629923
0
LINE
8
BLACK
6
CONTINUOUS
10
5.2970562598425195
20
-4.7423614960629923
11
5.2965343700787404
21
-4.7430871259842515
0
LINE
8
BLACK
6
CONTINUOUS
10
5.2965343700787404
20
-4.7430871259842515
11
5.2964270078740157
21
-4.7432538188976379
0
LINE
8
BLACK
6
CONTINUOUS
10
5.2964270078740157
20
-4.7432538188976379
11
5.2962496062992122
21
-4.7438222834645671
0
LINE
8
BLACK
6
CONTINUOUS
10
5.2962496062992122
20
-4.7438222834645671
11
5.2959717716535435
21
-4.7450112204724411
0
LINE
8
BLACK
6
CONTINUOUS
10
5.2959717716535435
20
-4.7450112204724411
11
5.2956120866141729
21
-4.7467278346456689
0
LINE
8
BLACK
6
CONTINUOUS
10
5.2956120866141729
20
-4.7467278346456689
11
5.2951889763779523
21
-4.7488793700787397
0
LINE
8
BLACK
6
CONTINUOUS
10
5.2951889763779523
20
-4.7488793700787397
11
5.2947208661417324
21
-4.751372992125984
0
LINE
8
BLACK
6
CONTINUOUS
10
5.2947208661417324
20
-4.751372992125984
11
5.2942262992125979
21
-4.7541159842519685
0
LINE
8
BLACK
6
CONTINUOUS
10
5.2942262992125979
20
-4.7541159842519685
11
5.2939445669291336
21
-4.7557266929133855
0
LINE
8
BLACK
6
CONTINUOUS
10
5.2939445669291336
20
-4.7557266929133855
11
5.2934535433070868
21
-4.7585522834645664
0
LINE
8
BLACK
6
CONTINUOUS
10
5.2934535433070868
20
-4.7585522834645664
11
5.2929947637795278
21
-4.7611670472440943
0
LINE
8
BLACK
6
CONTINUOUS
10
5.2929947637795278
20
-4.7611670472440943
11
5.2925843307086611
21
-4.7634811023622046
0
LINE
8
BLACK
6
CONTINUOUS
10
5.2925843307086611
20
-4.7634811023622046
11
5.2922383858267716
21
-4.7654044488188978
0
LINE
8
BLACK
6
CONTINUOUS
10
5.2922383858267716
20
-4.7654044488188978
11
5.2919730314960631
21
-4.7668472047244093
0
LINE
8
BLACK
6
CONTINUOUS
10
5.2919730314960631
20
-4.7668472047244093
11
5.2918044094488188
21
-4.7677194094488184
0
LINE
8
BLACK
6
CONTINUOUS
10
5.2918044094488188
20
-4.7677194094488184
11
5.291757283464567
21
-4.7679284251968506
0
LINE
8
BLACK
6
CONTINUOUS
10
5.291757283464567
20
-4.7679284251968506
11
5.2916161811023619
21
-4.7681778346456696
0
LINE
8
BLACK
6
CONTINUOUS
10
5.2916161811023619
20
-4.7681778346456696
11
5.2912899606299213
21
-4.7683521653543304
0
LINE
8
BLACK
6
CONTINUOUS
10
5.2912899606299213
20
-4.7683521653543304
11
5.2906669685039365
21
-4.7684646062992124
0
LINE
8
BLACK
6
CONTINUOUS
10
5.2906669685039365
20
-4.7684646062992124
11
5.2896355511811022
21
-4.7685281496062988
0
LINE
8
BLACK
6
CONTINUOUS
10
5.2896355511811022
20
-4.7685281496062988
11
5.2880840157480318
21
-4.7685559055118105
0
LINE
8
BLACK
6
CONTINUOUS
10
5.2880840157480318
20
-4.7685559055118105
11
5.2863531102362202
21
-4.768561102362205
0
LINE
8
BLACK
6
CONTINUOUS
10
5.2863531102362202
20
-4.768561102362205
11
5.2845042519685039
21
-4.7685464960629922
0
LINE
8
BLACK
6
CONTINUOUS
10
5.2845042519685039
20
-4.7685464960629922
11
5.2829434645669293
21
-4.7685063385826769
0
LINE
8
BLACK
6
CONTINUOUS
10
5.2829434645669293
20
-4.7685063385826769
11
5.2817981889763779
21
-4.7684461023622049
0
LINE
8
BLACK
6
CONTINUOUS
10
5.2817981889763779
20
-4.7684461023622049
11
5.2811957480314957
21
-4.7683712598425192
0
LINE
8
BLACK
6
CONTINUOUS
10
5.2811957480314957
20
-4.7683712598425192
11
5.2811352362204724
21
-4.7683372440944884
0
LINE
8
BLACK
6
CONTINUOUS
10
5.2811352362204724
20
-4.7683372440944884
11
5.2811955905511807
21
-4.7679409842519682
0
LINE
8
BLACK
6
CONTINUOUS
10
5.2811955905511807
20
-4.7679409842519682
11
5.2813672047244093
21
-4.7669154330708663
0
LINE
8
BLACK
6
CONTINUOUS
10
5.2813672047244093
20
-4.7669154330708663
11
5.2816357874015747
21
-4.7653433070866145
0
LINE
8
BLACK
6
CONTINUOUS
10
5.2816357874015747
20
-4.7653433070866145
11
5.281987047244094
21
-4.7633074015748029
0
LINE
8
BLACK
6
CONTINUOUS
10
5.281987047244094
20
-4.7633074015748029
11
5.282406732283464
21
-4.7608904724409449
0
LINE
8
BLACK
6
CONTINUOUS
10
5.282406732283464
20
-4.7608904724409449
11
5.2828805511811021
21
-4.7581753149606296
0
LINE
8
BLACK
6
CONTINUOUS
10
5.2828805511811021
20
-4.7581753149606296
11
5.2833098818897639
21
-4.7557251968503937
0
LINE
8
BLACK
6
CONTINUOUS
10
5.2833098818897639
20
-4.7557251968503937
11
5.2854845275590554
21
-4.7433370078740156
0
LINE
8
BLACK
6
CONTINUOUS
10
5.2854845275590554
20
-4.7433370078740156
11
5.2787907086614174
21
-4.7273981102362201
0
LINE
8
BLACK
6
CONTINUOUS
10
5.2787907086614174
20
-4.7273981102362201
11
5.2774501181102362
21
-4.7242019291338577
0
LINE
8
BLACK
6
CONTINUOUS
10
5.2774501181102362
20
-4.7242019291338577
11
5.2761990944881889
21
-4.7212114566929131
0
LINE
8
BLACK
6
CONTINUOUS
10
5.2761990944881889
20
-4.7212114566929131
11
5.2750648425196847
21
-4.7184922047244093
0
LINE
8
BLACK
6
CONTINUOUS
10
5.2750648425196847
20
-4.7184922047244093
11
5.2740745275590548
21
-4.7161098425196846
0
LINE
8
BLACK
6
CONTINUOUS
10
5.2740745275590548
20
-4.7161098425196846
11
5.2732553937007873
21
-4.7141298818897637
0
LINE
8
BLACK
6
CONTINUOUS
10
5.2732553937007873
20
-4.7141298818897637
11
5.2726346456692914
21
-4.7126179133858264
0
LINE
8
BLACK
6
CONTINUOUS
10
5.2726346456692914
20
-4.7126179133858264
11
5.2722394488188975
21
-4.7116395669291338
0
LINE
8
BLACK
6
CONTINUOUS
10
5.2722394488188975
20
-4.7116395669291338
11
5.2720970078740157
21
-4.7112603543307081
0
LINE
8
BLACK
6
CONTINUOUS
10
5.2720970078740157
20
-4.7112603543307081
11
5.2720968897637794
21
-4.7112591338582677
0
LINE
8
BLACK
6
CONTINUOUS
10
5.2720968897637794
20
-4.7112591338582677
11
5.2724379133858266
21
-4.7111968110236218
0
LINE
8
BLACK
6
CONTINUOUS
10
5.2724379133858266
20
-4.7111968110236218
11
5.2733793307086616
21
-4.711155118110236
0
LINE
8
BLACK
6
CONTINUOUS
10
5.2733793307086616
20
-4.711155118110236
11
5.2747987401574798
21
-4.711136220472441
0
LINE
8
BLACK
6
CONTINUOUS
10
5.2747987401574798
20
-4.711136220472441
11
5.2765737401574802
21
-4.7111423228346458
0
LINE
8
BLACK
6
CONTINUOUS
10
5.2765737401574802
20
-4.7111423228346458
11
5.2777431102362202
21
-4.7111585826771654
0
LINE
8
BLACK
6
CONTINUOUS
10
5.2777431102362202
20
-4.7111585826771654
11
5.2833892913385823
21
-4.7112581496062989
0
LINE
8
BLACK
6
CONTINUOUS
10
5.2833892913385823
20
-4.7112581496062989
11
5.2879564173228344
21
-4.7225476771653545
0
LINE
8
BLACK
6
CONTINUOUS
10
5.2879564173228344
20
-4.7225476771653545
11
5.2890442913385822
21
-4.7252240157480312
0
LINE
8
BLACK
6
CONTINUOUS
10
5.2890442913385822
20
-4.7252240157480312
11
5.2900500787401574
21
-4.7276735433070867
0
LINE
8
BLACK
6
CONTINUOUS
10
5.2900500787401574
20
-4.7276735433070867
11
5.2909411023622042
21
-4.7298188976377951
0
LINE
8
BLACK
6
CONTINUOUS
10
5.2909411023622042
20
-4.7298188976377951
11
5.2916848425196852
21
-4.7315825984251969
0
LINE
8
BLACK
6
CONTINUOUS
10
5.2916848425196852
20
-4.7315825984251969
11
5.2922487007874013
21
-4.7328872440944885
0
LINE
8
BLACK
6
CONTINUOUS
10
5.2922487007874013
20
-4.7328872440944885
11
5.2926001574803152
21
-4.733655433070866
0
LINE
8
BLACK
6
CONTINUOUS
10
5.2926001574803152
20
-4.733655433070866
11
5.2927042913385822
21
-4.7338330314960633
0
LINE
8
BLACK
6
CONTINUOUS
10
5.2927042913385822
20
-4.7338330314960633
11
5.2929519291338583
21
-4.7335512992125981
0
LINE
8
BLACK
6
CONTINUOUS
10
5.2929519291338583
20
-4.7335512992125981
11
5.2935806692913383
21
-4.7327499606299215
0
LINE
8
BLACK
6
CONTINUOUS
10
5.2935806692913383
20
-4.7327499606299215
11
5.2945430708661414
21
-4.731491771653543
0
LINE
8
BLACK
6
CONTINUOUS
10
5.2945430708661414
20
-4.731491771653543
11
5.2957917322834644
21
-4.7298395275590552
0
LINE
8
BLACK
6
CONTINUOUS
10
5.2957917322834644
20
-4.7298395275590552
11
5.2972792125984247
21
-4.7278560236220475
0
LINE
8
BLACK
6
CONTINUOUS
10
5.2972792125984247
20
-4.7278560236220475
11
5.2989581496062987
21
-4.7256040551181098
0
LINE
8
BLACK
6
CONTINUOUS
10
5.2989581496062987
20
-4.7256040551181098
11
5.3007811023622047
21
-4.7231464173228348
0
LINE
8
BLACK
6
CONTINUOUS
10
5.3007811023622047
20
-4.7231464173228348
11
5.3011918110236218
21
-4.7225911023622045
0
LINE
8
BLACK
6
CONTINUOUS
10
5.3011918110236218
20
-4.7225911023622045
11
5.3030483464566931
21
-4.7200888976377948
0
LINE
8
BLACK
6
CONTINUOUS
10
5.3030483464566931
20
-4.7200888976377948
11
5.3047800787401576
21
-4.7177728740157479
0
LINE
8
BLACK
6
CONTINUOUS
10
5.3047800787401576
20
-4.7177728740157479
11
5.3063381889763779
21
-4.7157070078740153
0
LINE
8
BLACK
6
CONTINUOUS
10
5.3063381889763779
20
-4.7157070078740153
11
5.307673818897638
21
-4.713955236220472
0
LINE
8
BLACK
6
CONTINUOUS
10
5.307673818897638
20
-4.713955236220472
11
5.3087381889763776
21
-4.7125815354330705
0
LINE
8
BLACK
6
CONTINUOUS
10
5.3087381889763776
20
-4.7125815354330705
11
5.3094824015748028
21
-4.7116498818897634
0
LINE
8
BLACK
6
CONTINUOUS
10
5.3094824015748028
20
-4.7116498818897634
11
5.3098576771653541
21
-4.7112242125984247
0
LINE
8
BLACK
6
CONTINUOUS
10
5.3098576771653541
20
-4.7112242125984247
11
5.3098844881889766
21
-4.7112052755905509
0
LINE
8
BLACK
6
CONTINUOUS
10
5.3098844881889766
20
-4.7112052755905509
11
5.3103663779527555
21
-4.7111595669291342
0
LINE
8
BLACK
6
CONTINUOUS
10
5.3103663779527555
20
-4.7111595669291342
11
5.3114331102362202
21
-4.7111332677165354
0
LINE
8
BLACK
6
CONTINUOUS
10
5.3114331102362202
20
-4.7111332677165354
11
5.3129465748031492
21
-4.711127559055118
0
LINE
8
BLACK
6
CONTINUOUS
10
5.3129465748031492
20
-4.711127559055118
11
5.3147687795275589
21
-4.7111435433070863
0
LINE
8
BLACK
6
CONTINUOUS
10
5.2649121259842522
20
-4.6402641732283465
11
5.2666785039370074
21
-4.6402837401574804
0
LINE
8
BLACK
6
CONTINUOUS
10
5.2666785039370074
20
-4.6402837401574804
11
5.2674602362204723
21
-4.6402973622047243
0
LINE
8
BLACK
6
CONTINUOUS
10
5.2674602362204723
20
-4.6402973622047243
11
5.2726855118110239
21
-4.6403976771653541
0
LINE
8
BLACK
6
CONTINUOUS
10
5.2726855118110239
20
-4.6403976771653541
11
5.2680729921259841
21
-4.6666088188976378
0
LINE
8
BLACK
6
CONTINUOUS
10
5.2680729921259841
20
-4.6666088188976378
11
5.2673118110236219
21
-4.6709353149606301
0
LINE
8
BLACK
6
CONTINUOUS
10
5.2673118110236219
20
-4.6709353149606301
11
5.2665785826771652
21
-4.6751052362204719
0
LINE
8
BLACK
6
CONTINUOUS
10
5.2665785826771652
20
-4.6751052362204719
11
5.2658842913385824
21
-4.67905594488189
0
LINE
8
BLACK
6
CONTINUOUS
10
5.2658842913385824
20
-4.67905594488189
11
5.2652399606299207
21
-4.6827247637795271
0
LINE
8
BLACK
6
CONTINUOUS
10
5.2652399606299207
20
-4.6827247637795271
11
5.264656496062992
21
-4.686049015748031
0
LINE
8
BLACK
6
CONTINUOUS
10
5.264656496062992
20
-4.686049015748031
11
5.2641449606299213
21
-4.6889660629921259
0
LINE
8
BLACK
6
CONTINUOUS
10
5.2641449606299213
20
-4.6889660629921259
11
5.2637163385826771
21
-4.691413267716535
0
LINE
8
BLACK
6
CONTINUOUS
10
5.2637163385826771
20
-4.691413267716535
11
5.2633816141732286
21
-4.6933278740157478
0
LINE
8
BLACK
6
CONTINUOUS
10
5.2633816141732286
20
-4.6933278740157478
11
5.2631518110236222
21
-4.6946472834645672
0
LINE
8
BLACK
6
CONTINUOUS
10
5.2631518110236222
20
-4.6946472834645672
11
5.2630460629921263
21
-4.6952603149606302
0
LINE
8
BLACK
6
CONTINUOUS
10
5.2630460629921263
20
-4.6952603149606302
11
5.2626317322834648
21
-4.6977006692913381
0
LINE
8
BLACK
6
CONTINUOUS
10
5.2626317322834648
20
-4.6977006692913381
11
5.2518372834645666
21
-4.6977006692913381
0
LINE
8
BLACK
6
CONTINUOUS
10
5.2518372834645666
20
-4.6977006692913381
11
5.2520324015748034
21
-4.6968872047244092
0
LINE
8
BLACK
6
CONTINUOUS
10
5.2520324015748034
20
-4.6968872047244092
11
5.2521245669291341
21
-4.6964092913385826
0
LINE
8
BLACK
6
CONTINUOUS
10
5.2521245669291341
20
-4.6964092913385826
11
5.2523314566929136
21
-4.6952752362204722
0
LINE
8
BLACK
6
CONTINUOUS
10
5.2523314566929136
20
-4.6952752362204722
11
5.2526431102362201
21
-4.6935410629921259
0
LINE
8
BLACK
6
CONTINUOUS
10
5.2526431102362201
20
-4.6935410629921259
11
5.25304968503937
21
-4.6912628740157478
0
LINE
8
BLACK
6
CONTINUOUS
10
5.25304968503937
20
-4.6912628740157478
11
5.253541141732283
21
-4.6884967322834648
0
LINE
8
BLACK
6
CONTINUOUS
10
5.253541141732283
20
-4.6884967322834648
11
5.2541075590551181
21
-4.6852987007874018
0
LINE
8
BLACK
6
CONTINUOUS
10
5.2541075590551181
20
-4.6852987007874018
11
5.2547390157480312
21
-4.6817248425196851
0
LINE
8
BLACK
6
CONTINUOUS
10
5.2547390157480312
20
-4.6817248425196851
11
5.2554255905511811
21
-4.6778312598425194
0
LINE
8
BLACK
6
CONTINUOUS
10
5.2554255905511811
20
-4.6778312598425194
11
5.2561573228346452
21
-4.6736739763779527
0
LINE
8
BLACK
6
CONTINUOUS
10
5.2561573228346452
20
-4.6736739763779527
11
5.2569242125984248
21
-4.669309094488189
0
LINE
8
BLACK
6
CONTINUOUS
10
5.2569242125984248
20
-4.669309094488189
11
5.2571087401574799
21
-4.6682579133858271
0
LINE
8
BLACK
6
CONTINUOUS
10
5.2571087401574799
20
-4.6682579133858271
11
5.2578794881889763
21
-4.663872755905512
0
LINE
8
BLACK
6
CONTINUOUS
10
5.2578794881889763
20
-4.663872755905512
11
5.2586159055118111
21
-4.6596971653543307
0
LINE
8
BLACK
6
CONTINUOUS
10
5.2586159055118111
20
-4.6596971653543307
11
5.2593081889763775
21
-4.6557854330708661
0
LINE
8
BLACK
6
CONTINUOUS
10
5.2593081889763775
20
-4.6557854330708661
11
5.2599466535433068
21
-4.652191771653543
0
LINE
8
BLACK
6
CONTINUOUS
10
5.2599466535433068
20
-4.652191771653543
11
5.2605215748031497
21
-4.6489705118110232
0
LINE
8
BLACK
6
CONTINUOUS
10
5.2605215748031497
20
-4.6489705118110232
11
5.2610232677165349
21
-4.6461759055118108
0
LINE
8
BLACK
6
CONTINUOUS
10
5.2610232677165349
20
-4.6461759055118108
11
5.2614419291338583
21
-4.6438622047244094
0
LINE
8
BLACK
6
CONTINUOUS
10
5.2614419291338583
20
-4.6438622047244094
11
5.2617679527559051
21
-4.6420836614173231
0
LINE
8
BLACK
6
CONTINUOUS
10
5.2617679527559051
20
-4.6420836614173231
11
5.2619914960629917
21
-4.6408946062992129
0
LINE
8
BLACK
6
CONTINUOUS
10
5.2619914960629917
20
-4.6408946062992129
11
5.2621029527559058
21
-4.6403492519685035
0
LINE
8
BLACK
6
CONTINUOUS
10
5.2621029527559058
20
-4.6403492519685035
11
5.2621124015748029
21
-4.640319527559055
0
LINE
8
BLACK
6
CONTINUOUS
10
5.2621124015748029
20
-4.640319527559055
11
5.2624978346456688
21
-4.6402825984251965
0
LINE
8
BLACK
6
CONTINUOUS
10
5.2624978346456688
20
-4.6402825984251965
11
5.2634748425196847
21
-4.6402639763779527
0
LINE
8
BLACK
6
CONTINUOUS
10
5.2634748425196847
20
-4.6402639763779527
11
5.2649121259842522
21
-4.6402641732283465
0
LINE
8
BLACK
6
CONTINUOUS
10
5.3106534645669292
20
-4.6402345669291334
11
5.3122216141732279
21
-4.6402831102362203
0
LINE
8
BLACK
6
CONTINUOUS
10
5.3122216141732279
20
-4.6402831102362203
11
5.3133759842519686
21
-4.6403559055118109
0
LINE
8
BLACK
6
CONTINUOUS
10
5.3133759842519686
20
-4.6403559055118109
11
5.3139887795275591
21
-4.6404464173228348
0
LINE
8
BLACK
6
CONTINUOUS
10
5.3139887795275591
20
-4.6404464173228348
11
5.3140539370078743
21
-4.6404880708661418
0
LINE
8
BLACK
6
CONTINUOUS
10
5.3140539370078743
20
-4.6404880708661418
11
5.3139960236220469
21
-4.640878267716535
0
LINE
8
BLACK
6
CONTINUOUS
10
5.3139960236220469
20
-4.640878267716535
11
5.313822362204724
21
-4.6419266535433072
0
LINE
8
BLACK
6
CONTINUOUS
10
5.313822362204724
20
-4.6419266535433072
11
5.3135423228346452
21
-4.643579212598425
0
LINE
8
BLACK
6
CONTINUOUS
10
5.3135423228346452
20
-4.643579212598425
11
5.3131652362204722
21
-4.6457819291338582
0
LINE
8
BLACK
6
CONTINUOUS
10
5.3131652362204722
20
-4.6457819291338582
11
5.3127003543307083
21
-4.6484808661417318
0
LINE
8
BLACK
6
CONTINUOUS
10
5.3127003543307083
20
-4.6484808661417318
11
5.3121570866141727
21
-4.6516220078740158
0
LINE
8
BLACK
6
CONTINUOUS
10
5.3121570866141727
20
-4.6516220078740158
11
5.3115447244094485
21
-4.6551513385826775
0
LINE
8
BLACK
6
CONTINUOUS
10
5.3115447244094485
20
-4.6551513385826775
11
5.3108725984251963
21
-4.6590148818897639
0
LINE
8
BLACK
6
CONTINUOUS
10
5.3108725984251963
20
-4.6590148818897639
11
5.3101500393700789
21
-4.6631586220472441
0
LINE
8
BLACK
6
CONTINUOUS
10
5.3101500393700789
20
-4.6631586220472441
11
5.3093863779527561
21
-4.6675286220472438
0
LINE
8
BLACK
6
CONTINUOUS
10
5.3093863779527561
20
-4.6675286220472438
11
5.309088622047244
21
-4.669229960629921
0
LINE
8
BLACK
6
CONTINUOUS
10
5.309088622047244
20
-4.669229960629921
11
5.3041040944881885
21
-4.6977006692913381
0
LINE
8
BLACK
6
CONTINUOUS
10
5.3041040944881885
20
-4.6977006692913381
11
5.2933698818897641
21
-4.6977006692913381
0
LINE
8
BLACK
6
CONTINUOUS
10
5.2933698818897641
20
-4.6977006692913381
11
5.293577834645669
21
-4.6967064566929135
0
LINE
8
BLACK
6
CONTINUOUS
10
5.293577834645669
20
-4.6967064566929135
11
5.2936723622047239
21
-4.6961968503937008
0
LINE
8
BLACK
6
CONTINUOUS
10
5.2936723622047239
20
-4.6961968503937008
11
5.2938809448818898
21
-4.6950325196850393
0
LINE
8
BLACK
6
CONTINUOUS
10
5.2938809448818898
20
-4.6950325196850393
11
5.2941935039370076
21
-4.693270984251968
0
LINE
8
BLACK
6
CONTINUOUS
10
5.2941935039370076
20
-4.693270984251968
11
5.2945998818897637
21
-4.6909698031496063
0
LINE
8
BLACK
6
CONTINUOUS
10
5.2945998818897637
20
-4.6909698031496063
11
5.2950900000000001
21
-4.6881865748031499
0
LINE
8
BLACK
6
CONTINUOUS
10
5.2950900000000001
20
-4.6881865748031499
11
5.2956537007874012
21
-4.6849788188976378
0
LINE
8
BLACK
6
CONTINUOUS
10
5.2956537007874012
20
-4.6849788188976378
11
5.296280866141732
21
-4.6814041338582673
0
LINE
8
BLACK
6
CONTINUOUS
10
5.296280866141732
20
-4.6814041338582673
11
5.296961338582677
21
-4.677520078740157
0
LINE
8
BLACK
6
CONTINUOUS
10
5.296961338582677
20
-4.677520078740157
11
5.2976850393700783
21
-4.6733842125984255
0
LINE
8
BLACK
6
CONTINUOUS
10
5.2976850393700783
20
-4.6733842125984255
11
5.2984418503937007
21
-4.6690540551181101
0
LINE
8
BLACK
6
CONTINUOUS
10
5.2984418503937007
20
-4.6690540551181101
11
5.2984900393700789
21
-4.6687780314960632
0
LINE
8
BLACK
6
CONTINUOUS
10
5.2984900393700789
20
-4.6687780314960632
11
5.299247716535433
21
-4.664443188976378
0
LINE
8
BLACK
6
CONTINUOUS
10
5.299247716535433
20
-4.664443188976378
11
5.2999724409448818
21
-4.6603030708661413
0
LINE
8
BLACK
6
CONTINUOUS
10
5.2999724409448818
20
-4.6603030708661413
11
5.3006541338582673
21
-4.6564148031496062
0
LINE
8
BLACK
6
CONTINUOUS
10
5.3006541338582673
20
-4.6564148031496062
11
5.301282755905512
21
-4.6528354330708659
0
LINE
8
BLACK
6
CONTINUOUS
10
5.301282755905512
20
-4.6528354330708659
11
5.301848228346457
21
-4.6496220472440948
0
LINE
8
BLACK
6
CONTINUOUS
10
5.301848228346457
20
-4.6496220472440948
11
5.3023405118110238
21
-4.6468316535433072
0
LINE
8
BLACK
6
CONTINUOUS
10
5.3023405118110238
20
-4.6468316535433072
11
5.3027495669291334
21
-4.6445213385826767
0
LINE
8
BLACK
6
CONTINUOUS
10
5.3027495669291334
20
-4.6445213385826767
11
5.3030653543307089
21
-4.642748149606299
0
LINE
8
BLACK
6
CONTINUOUS
10
5.3030653543307089
20
-4.642748149606299
11
5.303277755905512
21
-4.6415691732283459
0
LINE
8
BLACK
6
CONTINUOUS
10
5.303277755905512
20
-4.6415691732283459
11
5.3033767716535429
21
-4.6410414566929132
0
LINE
8
BLACK
6
CONTINUOUS
10
5.3033767716535429
20
-4.6410414566929132
11
5.3033792125984247
21
-4.6410303937007873
0
LINE
8
BLACK
6
CONTINUOUS
10
5.3033792125984247
20
-4.6410303937007873
11
5.3034768503937011
21
-4.6407133070866138
0
LINE
8
BLACK
6
CONTINUOUS
10
5.3034768503937011
20
-4.6407133070866138
11
5.3036772834645669
21
-4.6404915748031499
0
LINE
8
BLACK
6
CONTINUOUS
10
5.3036772834645669
20
-4.6404915748031499
11
5.3040940551181102
21
-4.640348188976378
0
LINE
8
BLACK
6
CONTINUOUS
10
5.3040940551181102
20
-4.640348188976378
11
5.3048407874015746
21
-4.6402661023622045
0
LINE
8
BLACK
6
CONTINUOUS
10
5.3048407874015746
20
-4.6402661023622045
11
5.3060311811023624
21
-4.6402281889763781
0
LINE
8
BLACK
6
CONTINUOUS
10
5.3060311811023624
20
-4.6402281889763781
11
5.3077788188976376
21
-4.6402174409448822
0
LINE
8
BLACK
6
CONTINUOUS
10
5.3077788188976376
20
-4.6402174409448822
11
5.3087993700787397
21
-4.6402169291338584
0
LINE
8
BLACK
6
CONTINUOUS
10
5.3087993700787397
20
-4.6402169291338584
11
5.3106534645669292
21
-4.6402345669291334
0
LINE
8
BLACK
6
CONTINUOUS
10
5.2314386614173225
20
-4.6415628346456694
11
5.2313396456692915
21
-4.6421319291338579
0
LINE
8
BLACK
6
CONTINUOUS
10
5.2313396456692915
20
-4.6421319291338579
11
5.2311255511811021
21
-4.6433550393700784
0
LINE
8
BLACK
6
CONTINUOUS
10
5.2311255511811021
20
-4.6433550393700784
11
5.2308065748031494
21
-4.6451739763779525
0
LINE
8
BLACK
6
CONTINUOUS
10
5.2308065748031494
20
-4.6451739763779525
11
5.2303929527559054
21
-4.6475306692913385
0
LINE
8
BLACK
6
CONTINUOUS
10
5.2303929527559054
20
-4.6475306692913385
11
5.2298948818897637
21
-4.6503669291338579
0
LINE
8
BLACK
6
CONTINUOUS
10
5.2298948818897637
20
-4.6503669291338579
11
5.2293225984251963
21
-4.6536246062992124
0
LINE
8
BLACK
6
CONTINUOUS
10
5.2293225984251963
20
-4.6536246062992124
11
5.2286862598425197
21
-4.6572456299212597
0
LINE
8
BLACK
6
CONTINUOUS
10
5.2286862598425197
20
-4.6572456299212597
11
5.2279961417322838
21
-4.661171811023622
0
LINE
8
BLACK
6
CONTINUOUS
10
5.2279961417322838
20
-4.661171811023622
11
5.2272624015748033
21
-4.665345039370079
0
LINE
8
BLACK
6
CONTINUOUS
10
5.2272624015748033
20
-4.665345039370079
11
5.2264952755905512
21
-4.6697071653543309
0
LINE
8
BLACK
6
CONTINUOUS
10
5.2264952755905512
20
-4.6697071653543309
11
5.2264043700787397
21
-4.6702241732283465
0
LINE
8
BLACK
6
CONTINUOUS
10
5.2264043700787397
20
-4.6702241732283465
11
5.2216034645669289
21
-4.6975198818897637
0
LINE
8
BLACK
6
CONTINUOUS
10
5.2216034645669289
20
-4.6975198818897637
11
5.2163006692913383
21
-4.6976199606299209
0
LINE
8
BLACK
6
CONTINUOUS
10
5.2163006692913383
20
-4.6976199606299209
11
5.2141458267716532
21
-4.6976466535433072
0
LINE
8
BLACK
6
CONTINUOUS
10
5.2141458267716532
20
-4.6976466535433072
11
5.2126262204724405
21
-4.6976284251968501
0
LINE
8
BLACK
6
CONTINUOUS
10
5.2126262204724405
20
-4.6976284251968501
11
5.211654921259842
21
-4.6975593307086614
0
LINE
8
BLACK
6
CONTINUOUS
10
5.211654921259842
20
-4.6975593307086614
11
5.2111451968503939
21
-4.6974334251968504
0
LINE
8
BLACK
6
CONTINUOUS
10
5.2111451968503939
20
-4.6974334251968504
11
5.2110092913385824
21
-4.6972584251968499
0
LINE
8
BLACK
6
CONTINUOUS
10
5.2110092913385824
20
-4.6972584251968499
11
5.2110724015748033
21
-4.6968377165354331
0
LINE
8
BLACK
6
CONTINUOUS
10
5.2110724015748033
20
-4.6968377165354331
11
5.2112517716535436
21
-4.6957597244094487
0
LINE
8
BLACK
6
CONTINUOUS
10
5.2112517716535436
20
-4.6957597244094487
11
5.2115378346456689
21
-4.6940791338582679
0
LINE
8
BLACK
6
CONTINUOUS
10
5.2115378346456689
20
-4.6940791338582679
11
5.211921141732283
21
-4.6918506692913384
0
LINE
8
BLACK
6
CONTINUOUS
10
5.211921141732283
20
-4.6918506692913384
11
5.2123922047244093
21
-4.6891290944881892
0
LINE
8
BLACK
6
CONTINUOUS
10
5.2123922047244093
20
-4.6891290944881892
11
5.2129414566929135
21
-4.6859691732283464
0
LINE
8
BLACK
6
CONTINUOUS
10
5.2129414566929135
20
-4.6859691732283464
11
5.2135594881889764
21
-4.6824255511811019
0
LINE
8
BLACK
6
CONTINUOUS
10
5.2135594881889764
20
-4.6824255511811019
11
5.2142366929133859
21
-4.6785530314960626
0
LINE
8
BLACK
6
CONTINUOUS
10
5.2142366929133859
20
-4.6785530314960626
11
5.2149636614173227
21
-4.6744062992125981
0
LINE
8
BLACK
6
CONTINUOUS
10
5.2149636614173227
20
-4.6744062992125981
11
5.2157308267716536
21
-4.6700401181102364
0
LINE
8
BLACK
6
CONTINUOUS
10
5.2157308267716536
20
-4.6700401181102364
11
5.2159847244094486
21
-4.6685972440944878
0
LINE
8
BLACK
6
CONTINUOUS
10
5.2159847244094486
20
-4.6685972440944878
11
5.2209487401574801
21
-4.6403976771653541
0
LINE
8
BLACK
6
CONTINUOUS
10
5.2209487401574801
20
-4.6403976771653541
11
5.231672125984252
21
-4.6401972047244096
0
LINE
8
BLACK
6
CONTINUOUS
10
5.231672125984252
20
-4.6401972047244096
11
5.2314386614173225
21
-4.6415628346456694
0
LINE
8
BLACK
6
CONTINUOUS
10
6.2329954330708661
20
-4.4896243307086614
11
6.2338100787401576
21
-4.4904389763779529
0
LINE
8
BLACK
6
CONTINUOUS
10
6.2338100787401576
20
-4.4904389763779529
11
6.2342509842519682
21
-4.4915033858267712
0
LINE
8
BLACK
6
CONTINUOUS
10
6.2342509842519682
20
-4.4915033858267712
11
6.234307716535433
21
-4.4920794488188971
0
LINE
8
BLACK
6
CONTINUOUS
10
6.234307716535433
20
-4.4920794488188971
11
6.234307716535433
21
-4.5202009055118113
0
LINE
8
BLACK
6
CONTINUOUS
10
6.234307716535433
20
-4.5202009055118113
11
6.2342789763779525
21
-4.5204924803149602
0
LINE
8
BLACK
6
CONTINUOUS
10
6.2342789763779525
20
-4.5204924803149602
11
6.2342845275590548
21
-4.5205702362204727
0
LINE
8
BLACK
6
CONTINUOUS
10
6.2342845275590548
20
-4.5205702362204727
11
6.2342612598425191
21
-4.5206724803149605
0
LINE
8
BLACK
6
CONTINUOUS
10
6.2342612598425191
20
-4.5206724803149605
11
6.2342509842519682
21
-4.5207769685039372
0
LINE
8
BLACK
6
CONTINUOUS
10
6.2342509842519682
20
-4.5207769685039372
11
6.2342211023622047
21
-4.5208490157480314
0
LINE
8
BLACK
6
CONTINUOUS
10
6.2342211023622047
20
-4.5208490157480314
11
6.234156181102362
21
-4.5211346850393701
0
LINE
8
BLACK
6
CONTINUOUS
10
6.234156181102362
20
-4.5211346850393701
11
6.2322814173228345
21
-4.526758937007874
0
LINE
8
BLACK
6
CONTINUOUS
10
6.2322814173228345
20
-4.526758937007874
11
6.2320454330708657
21
-4.5272875196850393
0
LINE
8
BLACK
6
CONTINUOUS
10
6.2320454330708657
20
-4.5272875196850393
11
6.2319759055118107
21
-4.5273676377952752
0
LINE
8
BLACK
6
CONTINUOUS
10
6.2319759055118107
20
-4.5273676377952752
11
6.2319353543307088
21
-4.5274656299212594
0
LINE
8
BLACK
6
CONTINUOUS
10
6.2319353543307088
20
-4.5274656299212594
11
6.2315681496062991
21
-4.5279130708661413
0
LINE
8
BLACK
6
CONTINUOUS
10
6.2315681496062991
20
-4.5279130708661413
11
6.2278185826771653
21
-4.5316626771653539
0
LINE
8
BLACK
6
CONTINUOUS
10
6.2278185826771653
20
-4.5316626771653539
11
6.2273711417322835
21
-4.5320298818897635
0
LINE
8
BLACK
6
CONTINUOUS
10
6.2273711417322835
20
-4.5320298818897635
11
6.2272730708661417
21
-4.5320704724409451
0
LINE
8
BLACK
6
CONTINUOUS
10
6.2272730708661417
20
-4.5320704724409451
11
6.2271929527559058
21
-4.5321400000000001
0
LINE
8
BLACK
6
CONTINUOUS
10
6.2271929527559058
20
-4.5321400000000001
11
6.2266644094488184
21
-4.532375984251968
0
LINE
8
BLACK
6
CONTINUOUS
10
6.2266644094488184
20
-4.532375984251968
11
6.2210401181102357
21
-4.5342507480314955
0
LINE
8
BLACK
6
CONTINUOUS
10
6.2210401181102357
20
-4.5342507480314955
11
6.2207545275590546
21
-4.5343156692913382
0
LINE
8
BLACK
6
CONTINUOUS
10
6.2207545275590546
20
-4.5343156692913382
11
6.2206824409448815
21
-4.5343455511811026
0
LINE
8
BLACK
6
CONTINUOUS
10
6.2206824409448815
20
-4.5343455511811026
11
6.220577913385827
21
-4.5343558267716535
0
LINE
8
BLACK
6
CONTINUOUS
10
6.220577913385827
20
-4.5343558267716535
11
6.2204756692913383
21
-4.5343790944881892
0
LINE
8
BLACK
6
CONTINUOUS
10
6.2204756692913383
20
-4.5343790944881892
11
6.2203979133858267
21
-4.5343735433070869
0
LINE
8
BLACK
6
CONTINUOUS
10
6.2203979133858267
20
-4.5343735433070869
11
6.2201063779527557
21
-4.5344022834645665
0
LINE
8
BLACK
6
CONTINUOUS
10
6.2201063779527557
20
-4.5344022834645665
11
6.2163568503937006
21
-4.5344022834645665
0
LINE
8
BLACK
6
CONTINUOUS
10
6.2163568503937006
20
-4.5344022834645665
11
6.2157807874015747
21
-4.5343455511811026
0
LINE
8
BLACK
6
CONTINUOUS
10
6.2157807874015747
20
-4.5343455511811026
11
6.2147163779527554
21
-4.5339046456692911
0
LINE
8
BLACK
6
CONTINUOUS
10
6.2147163779527554
20
-4.5339046456692911
11
6.213901732283464
21
-4.5330899999999996
0
LINE
8
BLACK
6
CONTINUOUS
10
6.213901732283464
20
-4.5330899999999996
11
6.2134608267716533
21
-4.5320255905511813
0
LINE
8
BLACK
6
CONTINUOUS
10
6.2134608267716533
20
-4.5320255905511813
11
6.2134608267716533
21
-4.5308734645669286
0
LINE
8
BLACK
6
CONTINUOUS
10
6.2134608267716533
20
-4.5308734645669286
11
6.213901732283464
21
-4.5298090551181103
0
LINE
8
BLACK
6
CONTINUOUS
10
6.213901732283464
20
-4.5298090551181103
11
6.2147163779527554
21
-4.5289944094488188
0
LINE
8
BLACK
6
CONTINUOUS
10
6.2147163779527554
20
-4.5289944094488188
11
6.2157807874015747
21
-4.5285535039370082
0
LINE
8
BLACK
6
CONTINUOUS
10
6.2157807874015747
20
-4.5285535039370082
11
6.2163568503937006
21
-4.5284967716535434
0
LINE
8
BLACK
6
CONTINUOUS
10
6.2163568503937006
20
-4.5284967716535434
11
6.2196272440944878
21
-4.5284967716535434
0
LINE
8
BLACK
6
CONTINUOUS
10
6.2196272440944878
20
-4.5284967716535434
11
6.2241356299212596
21
-4.526993937007874
0
LINE
8
BLACK
6
CONTINUOUS
10
6.2241356299212596
20
-4.526993937007874
11
6.2268993700787396
21
-4.5242301574803152
0
LINE
8
BLACK
6
CONTINUOUS
10
6.2268993700787396
20
-4.5242301574803152
11
6.228402204724409
21
-4.5197217716535434
0
LINE
8
BLACK
6
CONTINUOUS
10
6.228402204724409
20
-4.5197217716535434
11
6.228402204724409
21
-4.4920794488188971
0
LINE
8
BLACK
6
CONTINUOUS
10
6.228402204724409
20
-4.4920794488188971
11
6.2284589370078738
21
-4.4915033858267712
0
LINE
8
BLACK
6
CONTINUOUS
10
6.2284589370078738
20
-4.4915033858267712
11
6.2288998425196853
21
-4.4904389763779529
0
LINE
8
BLACK
6
CONTINUOUS
10
6.2288998425196853
20
-4.4904389763779529
11
6.2297144881889759
21
-4.4896243307086614
0
LINE
8
BLACK
6
CONTINUOUS
10
6.2297144881889759
20
-4.4896243307086614
11
6.2307788976377951
21
-4.4891834251968499
0
LINE
8
BLACK
6
CONTINUOUS
10
6.2307788976377951
20
-4.4891834251968499
11
6.2319310236220469
21
-4.4891834251968499
0
LINE
8
BLACK
6
CONTINUOUS
10
6.2319310236220469
20
-4.4891834251968499
11
6.2329954330708661
21
-4.4896243307086614
0
LINE
8
BLACK
6
CONTINUOUS
10
6.2694263385826767
20
-4.4891834251968499
11
6.270490748031496
21
-4.4896243307086614
0
LINE
8
BLACK
6
CONTINUOUS
10
6.270490748031496
20
-4.4896243307086614
11
6.2713053937007874
21
-4.4904389763779529
0
LINE
8
BLACK
6
CONTINUOUS
10
6.2713053937007874
20
-4.4904389763779529
11
6.2717462992125981
21
-4.4915033858267712
0
LINE
8
BLACK
6
CONTINUOUS
10
6.2717462992125981
20
-4.4915033858267712
11
6.2717462992125981
21
-4.4926555118110238
0
LINE
8
BLACK
6
CONTINUOUS
10
6.2717462992125981
20
-4.4926555118110238
11
6.2713053937007874
21
-4.4937199212598422
0
LINE
8
BLACK
6
CONTINUOUS
10
6.2713053937007874
20
-4.4937199212598422
11
6.270490748031496
21
-4.4945345669291337
0
LINE
8
BLACK
6
CONTINUOUS
10
6.270490748031496
20
-4.4945345669291337
11
6.2694263385826767
21
-4.4949754724409452
0
LINE
8
BLACK
6
CONTINUOUS
10
6.2694263385826767
20
-4.4949754724409452
11
6.2688502755905509
21
-4.4950322047244091
0
LINE
8
BLACK
6
CONTINUOUS
10
6.2688502755905509
20
-4.4950322047244091
11
6.2527748425196847
21
-4.4950322047244091
0
LINE
8
BLACK
6
CONTINUOUS
10
6.2527748425196847
20
-4.4950322047244091
11
6.2517977165354326
21
-4.5048034645669288
0
LINE
8
BLACK
6
CONTINUOUS
10
6.2517977165354326
20
-4.5048034645669288
11
6.2525316535433069
21
-4.5044365354330704
0
LINE
8
BLACK
6
CONTINUOUS
10
6.2525316535433069
20
-4.5044365354330704
11
6.2530722440944881
21
-4.504229645669291
0
LINE
8
BLACK
6
CONTINUOUS
10
6.2530722440944881
20
-4.504229645669291
11
6.2531781102362203
21
-4.5042220866141731
0
LINE
8
BLACK
6
CONTINUOUS
10
6.2531781102362203
20
-4.5042220866141731
11
6.2532761023622045
21
-4.5041815354330712
0
LINE
8
BLACK
6
CONTINUOUS
10
6.2532761023622045
20
-4.5041815354330712
11
6.2538521653543304
21
-4.5041248031496064
0
LINE
8
BLACK
6
CONTINUOUS
10
6.2538521653543304
20
-4.5041248031496064
11
6.2632259842519682
21
-4.5041248031496064
0
LINE
8
BLACK
6
CONTINUOUS
10
6.2632259842519682
20
-4.5041248031496064
11
6.2638020472440941
21
-4.5041815354330712
0
LINE
8
BLACK
6
CONTINUOUS
10
6.2638020472440941
20
-4.5041815354330712
11
6.2639000393700783
21
-4.5042221259842519
0
LINE
8
BLACK
6
CONTINUOUS
10
6.2639000393700783
20
-4.5042221259842519
11
6.2640058661417317
21
-4.504229645669291
0
LINE
8
BLACK
6
CONTINUOUS
10
6.2640058661417317
20
-4.504229645669291
11
6.2645464960629917
21
-4.5044365354330704
0
LINE
8
BLACK
6
CONTINUOUS
10
6.2645464960629917
20
-4.5044365354330704
11
6.2682960236220469
21
-4.506311299212598
0
LINE
8
BLACK
6
CONTINUOUS
10
6.2682960236220469
20
-4.506311299212598
11
6.2685440157480317
21
-4.5064673622047247
0
LINE
8
BLACK
6
CONTINUOUS
10
6.2685440157480317
20
-4.5064673622047247
11
6.2686159842519684
21
-4.5064972047244094
0
LINE
8
BLACK
6
CONTINUOUS
10
6.2686159842519684
20
-4.5064972047244094
11
6.2686969291338581
21
-4.5065636614173226
0
LINE
8
BLACK
6
CONTINUOUS
10
6.2686969291338581
20
-4.5065636614173226
11
6.2687859055118107
21
-4.5066196456692911
0
LINE
8
BLACK
6
CONTINUOUS
10
6.2687859055118107
20
-4.5066196456692911
11
6.2688370472440944
21
-4.5066786220472439
0
LINE
8
BLACK
6
CONTINUOUS
10
6.2688370472440944
20
-4.5066786220472439
11
6.2690634251968502
21
-4.5068644094488191
0
LINE
8
BLACK
6
CONTINUOUS
10
6.2690634251968502
20
-4.5068644094488191
11
6.2709381889763778
21
-4.5087391732283466
0
LINE
8
BLACK
6
CONTINUOUS
10
6.2709381889763778
20
-4.5087391732283466
11
6.2711239370078742
21
-4.5089655118110237
0
LINE
8
BLACK
6
CONTINUOUS
10
6.2711239370078742
20
-4.5089655118110237
11
6.2711829527559058
21
-4.5090166929133861
0
LINE
8
BLACK
6
CONTINUOUS
10
6.2711829527559058
20
-4.5090166929133861
11
6.2712388976377955
21
-4.50910562992126
0
LINE
8
BLACK
6
CONTINUOUS
10
6.2712388976377955
20
-4.50910562992126
11
6.2713053937007874
21
-4.5091866141732284
0
LINE
8
BLACK
6
CONTINUOUS
10
6.2713053937007874
20
-4.5091866141732284
11
6.2713351968503934
21
-4.5092585433070864
0
LINE
8
BLACK
6
CONTINUOUS
10
6.2713351968503934
20
-4.5092585433070864
11
6.271491299212598
21
-4.5095065748031491
0
LINE
8
BLACK
6
CONTINUOUS
10
6.271491299212598
20
-4.5095065748031491
11
6.2733660629921255
21
-4.5132561023622042
0
LINE
8
BLACK
6
CONTINUOUS
10
6.2733660629921255
20
-4.5132561023622042
11
6.273572952755905
21
-4.5137966929133855
0
LINE
8
BLACK
6
CONTINUOUS
10
6.273572952755905
20
-4.5137966929133855
11
6.273580472440945
21
-4.5139025590551176
0
LINE
8
BLACK
6
CONTINUOUS
10
6.273580472440945
20
-4.5139025590551176
11
6.2736210629921256
21
-4.5140005511811019
0
LINE
8
BLACK
6
CONTINUOUS
10
6.2736210629921256
20
-4.5140005511811019
11
6.2736777952755904
21
-4.5145766141732286
0
LINE
8
BLACK
6
CONTINUOUS
10
6.2736777952755904
20
-4.5145766141732286
11
6.2736777952755904
21
-4.5239504330708664
0
LINE
8
BLACK
6
CONTINUOUS
10
6.2736777952755904
20
-4.5239504330708664
11
6.2736210629921256
21
-4.5245264960629923
0
LINE
8
BLACK
6
CONTINUOUS
10
6.2736210629921256
20
-4.5245264960629923
11
6.273580472440945
21
-4.5246244488188978
0
LINE
8
BLACK
6
CONTINUOUS
10
6.273580472440945
20
-4.5246244488188978
11
6.273572952755905
21
-4.5247303543307087
0
LINE
8
BLACK
6
CONTINUOUS
10
6.273572952755905
20
-4.5247303543307087
11
6.2733660629921255
21
-4.52527094488189
0
LINE
8
BLACK
6
CONTINUOUS
10
6.2733660629921255
20
-4.52527094488189
11
6.271491299212598
21
-4.5290204724409451
0
LINE
8
BLACK
6
CONTINUOUS
10
6.271491299212598
20
-4.5290204724409451
11
6.2713352362204722
21
-4.5292683464566927
0
LINE
8
BLACK
6
CONTINUOUS
10
6.2713352362204722
20
-4.5292683464566927
11
6.2713054330708662
21
-4.529340393700787
0
LINE
8
BLACK
6
CONTINUOUS
10
6.2713054330708662
20
-4.529340393700787
11
6.2712388976377955
21
-4.5294214173228342
0
LINE
8
BLACK
6
CONTINUOUS
10
6.2712388976377955
20
-4.5294214173228342
11
6.2711829527559058
21
-4.5295103543307089
0
LINE
8
BLACK
6
CONTINUOUS
10
6.2711829527559058
20
-4.5295103543307089
11
6.2711239370078742
21
-4.5295614960629917
0
LINE
8
BLACK
6
CONTINUOUS
10
6.2711239370078742
20
-4.5295614960629917
11
6.2709381889763778
21
-4.5297878740157476
0
LINE
8
BLACK
6
CONTINUOUS
10
6.2709381889763778
20
-4.5297878740157476
11
6.269063464566929
21
-4.5316626377952751
0
LINE
8
BLACK
6
CONTINUOUS
10
6.269063464566929
20
-4.5316626377952751
11
6.2688370866141732
21
-4.5318483858267715
0
LINE
8
BLACK
6
CONTINUOUS
10
6.2688370866141732
20
-4.5318483858267715
11
6.2687859055118107
21
-4.5319074409448818
0
LINE
8
BLACK
6
CONTINUOUS
10
6.2687859055118107
20
-4.5319074409448818
11
6.2686969291338581
21
-4.5319634251968504
0
LINE
8
BLACK
6
CONTINUOUS
10
6.2686969291338581
20
-4.5319634251968504
11
6.2686159842519684
21
-4.5320298818897635
0
LINE
8
BLACK
6
CONTINUOUS
10
6.2686159842519684
20
-4.5320298818897635
11
6.2685440157480317
21
-4.5320596850393704
0
LINE
8
BLACK
6
CONTINUOUS
10
6.2685440157480317
20
-4.5320596850393704
11
6.2682960236220469
21
-4.5322157874015749
0
LINE
8
BLACK
6
CONTINUOUS
10
6.2682960236220469
20
-4.5322157874015749
11
6.2645464960629917
21
-4.5340905511811025
0
LINE
8
BLACK
6
CONTINUOUS
10
6.2645464960629917
20
-4.5340905511811025
11
6.2640058661417317
21
-4.534297440944882
0
LINE
8
BLACK
6
CONTINUOUS
10
6.2640058661417317
20
-4.534297440944882
11
6.2639000393700783
21
-4.5343049212598423
0
LINE
8
BLACK
6
CONTINUOUS
10
6.2639000393700783
20
-4.5343049212598423
11
6.2638020472440941
21
-4.5343455511811026
0
LINE
8
BLACK
6
CONTINUOUS
10
6.2638020472440941
20
-4.5343455511811026
11
6.2632259842519682
21
-4.5344022834645665
0
LINE
8
BLACK
6
CONTINUOUS
10
6.2632259842519682
20
-4.5344022834645665
11
6.2538521653543304
21
-4.5344022834645665
0
LINE
8
BLACK
6
CONTINUOUS
10
6.2538521653543304
20
-4.5344022834645665
11
6.2532761023622045
21
-4.5343455511811026
0
LINE
8
BLACK
6
CONTINUOUS
10
6.2532761023622045
20
-4.5343455511811026
11
6.2531781102362203
21
-4.5343049606299211
0
LINE
8
BLACK
6
CONTINUOUS
10
6.2531781102362203
20
-4.5343049606299211
11
6.2530722440944881
21
-4.534297440944882
0
LINE
8
BLACK
6
CONTINUOUS
10
6.2530722440944881
20
-4.534297440944882
11
6.2525316535433069
21
-4.5340905511811025
0
LINE
8
BLACK
6
CONTINUOUS
10
6.2525316535433069
20
-4.5340905511811025
11
6.2487821259842518
21
-4.5322157874015749
0
LINE
8
BLACK
6
CONTINUOUS
10
6.2487821259842518
20
-4.5322157874015749
11
6.2485340944881891
21
-4.5320596850393704
0
LINE
8
BLACK
6
CONTINUOUS
10
6.2485340944881891
20
-4.5320596850393704
11
6.2484621653543302
21
-4.5320298818897635
0
LINE
8
BLACK
6
CONTINUOUS
10
6.2484621653543302
20
-4.5320298818897635
11
6.2483811811023617
21
-4.5319634251968504
0
LINE
8
BLACK
6
CONTINUOUS
10
6.2483811811023617
20
-4.5319634251968504
11
6.2482922440944879
21
-4.5319074409448818
0
LINE
8
BLACK
6
CONTINUOUS
10
6.2482922440944879
20
-4.5319074409448818
11
6.2482410236220467
21
-4.5318483858267715
0
LINE
8
BLACK
6
CONTINUOUS
10
6.2482410236220467
20
-4.5318483858267715
11
6.2480146850393696
21
-4.5316626377952751
0
LINE
8
BLACK
6
CONTINUOUS
10
6.2480146850393696
20
-4.5316626377952751
11
6.2461399212598421
21
-4.5297878346456688
0
LINE
8
BLACK
6
CONTINUOUS
10
6.2461399212598421
20
-4.5297878346456688
11
6.2457727165354333
21
-4.529340393700787
0
LINE
8
BLACK
6
CONTINUOUS
10
6.2457727165354333
20
-4.529340393700787
11
6.2453318503937005
21
-4.5282759842519686
0
LINE
8
BLACK
6
CONTINUOUS
10
6.2453318503937005
20
-4.5282759842519686
11
6.2453318503937005
21
-4.5271238976377948
0
LINE
8
BLACK
6
CONTINUOUS
10
6.2453318503937005
20
-4.5271238976377948
11
6.2457727559055121
21
-4.5260594881889764
0
LINE
8
BLACK
6
CONTINUOUS
10
6.2457727559055121
20
-4.5260594881889764
11
6.2465874409448814
21
-4.5252448031496062
0
LINE
8
BLACK
6
CONTINUOUS
10
6.2465874409448814
20
-4.5252448031496062
11
6.2476518503937006
21
-4.5248039370078743
0
LINE
8
BLACK
6
CONTINUOUS
10
6.2476518503937006
20
-4.5248039370078743
11
6.2488039370078736
21
-4.5248039370078743
0
LINE
8
BLACK
6
CONTINUOUS
10
6.2488039370078736
20
-4.5248039370078743
11
6.2498683464566929
21
-4.525244842519685
0
LINE
8
BLACK
6
CONTINUOUS
10
6.2498683464566929
20
-4.525244842519685
11
6.2503158267716534
21
-4.5256120866141734
0
LINE
8
BLACK
6
CONTINUOUS
10
6.2503158267716534
20
-4.5256120866141734
11
6.2518517322834644
21
-4.527148031496063
0
LINE
8
BLACK
6
CONTINUOUS
10
6.2518517322834644
20
-4.527148031496063
11
6.254549212598425
21
-4.5284967716535434
0
LINE
8
BLACK
6
CONTINUOUS
10
6.254549212598425
20
-4.5284967716535434
11
6.2625289370078736
21
-4.5284967716535434
0
LINE
8
BLACK
6
CONTINUOUS
10
6.2625289370078736
20
-4.5284967716535434
11
6.2652263779527555
21
-4.527148031496063
0
LINE
8
BLACK
6
CONTINUOUS
10
6.2652263779527555
20
-4.527148031496063
11
6.2664235039370073
21
-4.5259508661417325
0
LINE
8
BLACK
6
CONTINUOUS
10
6.2664235039370073
20
-4.5259508661417325
11
6.2677722834645664
21
-4.5232533858267718
0
LINE
8
BLACK
6
CONTINUOUS
10
6.2677722834645664
20
-4.5232533858267718
11
6.2677722834645664
21
-4.5152736614173223
0
LINE
8
BLACK
6
CONTINUOUS
10
6.2677722834645664
20
-4.5152736614173223
11
6.2664235433070861
21
-4.5125761811023617
0
LINE
8
BLACK
6
CONTINUOUS
10
6.2664235433070861
20
-4.5125761811023617
11
6.2652264173228343
21
-4.5113790551181099
0
LINE
8
BLACK
6
CONTINUOUS
10
6.2652264173228343
20
-4.5113790551181099
11
6.2625289370078736
21
-4.5100303149606296
0
LINE
8
BLACK
6
CONTINUOUS
10
6.2625289370078736
20
-4.5100303149606296
11
6.254549212598425
21
-4.5100303149606296
0
LINE
8
BLACK
6
CONTINUOUS
10
6.254549212598425
20
-4.5100303149606296
11
6.2518517322834644
21
-4.5113790551181099
0
LINE
8
BLACK
6
CONTINUOUS
10
6.2518517322834644
20
-4.5113790551181099
11
6.2503157874015747
21
-4.5129149999999996
0
LINE
8
BLACK
6
CONTINUOUS
10
6.2503157874015747
20
-4.5129149999999996
11
6.2498683464566929
21
-4.5132822047244092
0
LINE
8
BLACK
6
CONTINUOUS
10
6.2498683464566929
20
-4.5132822047244092
11
6.2497309842519684
21
-4.513339094488189
0
LINE
8
BLACK
6
CONTINUOUS
10
6.2497309842519684
20
-4.513339094488189
11
6.2496159055118108
21
-4.5134332677165352
0
LINE
8
BLACK
6
CONTINUOUS
10
6.2496159055118108
20
-4.5134332677165352
11
6.2492025196850394
21
-4.5135579527559058
0
LINE
8
BLACK
6
CONTINUOUS
10
6.2492025196850394
20
-4.5135579527559058
11
6.2488038976377949
21
-4.5137231102362207
0
LINE
8
BLACK
6
CONTINUOUS
10
6.2488038976377949
20
-4.5137231102362207
11
6.2486552755905507
21
-4.5137231102362207
0
LINE
8
BLACK
6
CONTINUOUS
10
6.2486552755905507
20
-4.5137231102362207
11
6.2485129133858264
21
-4.5137660629921257
0
LINE
8
BLACK
6
CONTINUOUS
10
6.2485129133858264
20
-4.5137660629921257
11
6.2480833858267717
21
-4.5137231102362207
0
LINE
8
BLACK
6
CONTINUOUS
10
6.2480833858267717
20
-4.5137231102362207
11
6.2476518503937006
21
-4.5137231102362207
0
LINE
8
BLACK
6
CONTINUOUS
10
6.2476518503937006
20
-4.5137231102362207
11
6.2475144881889761
21
-4.5136661811023622
0
LINE
8
BLACK
6
CONTINUOUS
10
6.2475144881889761
20
-4.5136661811023622
11
6.247366496062992
21
-4.5136514173228344
0
LINE
8
BLACK
6
CONTINUOUS
10
6.247366496062992
20
-4.5136514173228344
11
6.2469861023622046
21
-4.5134473622047242
0
LINE
8
BLACK
6
CONTINUOUS
10
6.2469861023622046
20
-4.5134473622047242
11
6.2465874015748026
21
-4.5132822047244092
0
LINE
8
BLACK
6
CONTINUOUS
10
6.2465874015748026
20
-4.5132822047244092
11
6.2464822047244093
21
-4.5131770078740159
0
LINE
8
BLACK
6
CONTINUOUS
10
6.2464822047244093
20
-4.5131770078740159
11
6.2463512598425197
21
-4.5131067716535433
0
LINE
8
BLACK
6
CONTINUOUS
10
6.2463512598425197
20
-4.5131067716535433
11
6.2460779921259837
21
-4.5127727952755903
0
LINE
8
BLACK
6
CONTINUOUS
10
6.2460779921259837
20
-4.5127727952755903
11
6.2457727559055121
21
-4.5124675590551178
0
LINE
8
BLACK
6
CONTINUOUS
10
6.2457727559055121
20
-4.5124675590551178
11
6.2457158267716535
21
-4.5123301968503933
0
LINE
8
BLACK
6
CONTINUOUS
10
6.2457158267716535
20
-4.5123301968503933
11
6.2456216929133861
21
-4.5122151181102357
0
LINE
8
BLACK
6
CONTINUOUS
10
6.2456216929133861
20
-4.5122151181102357
11
6.2454969685039368
21
-4.5118017322834643
0
LINE
8
BLACK
6
CONTINUOUS
10
6.2454969685039368
20
-4.5118017322834643
11
6.2453318503937005
21
-4.5114031102362206
0
LINE
8
BLACK
6
CONTINUOUS
10
6.2453318503937005
20
-4.5114031102362206
11
6.2453318503937005
21
-4.5112544488188977
0
LINE
8
BLACK
6
CONTINUOUS
10
6.2453318503937005
20
-4.5112544488188977
11
6.2452888976377947
21
-4.5111121259842522
0
LINE
8
BLACK
6
CONTINUOUS
10
6.2452888976377947
20
-4.5111121259842522
11
6.2452897637795273
21
-4.5105332677165357
0
LINE
8
BLACK
6
CONTINUOUS
10
6.2452897637795273
20
-4.5105332677165357
11
6.2471645275590548
21
-4.4917856299212602
0
LINE
8
BLACK
6
CONTINUOUS
10
6.2471645275590548
20
-4.4917856299212602
11
6.2472066141732281
21
-4.4915756692913389
0
LINE
8
BLACK
6
CONTINUOUS
10
6.2472066141732281
20
-4.4915756692913389
11
6.2472066141732281
21
-4.4915033858267712
0
LINE
8
BLACK
6
CONTINUOUS
10
6.2472066141732281
20
-4.4915033858267712
11
6.2472346850393699
21
-4.4914355511811026
0
LINE
8
BLACK
6
CONTINUOUS
10
6.2472346850393699
20
-4.4914355511811026
11
6.2472783070866145
21
-4.4912180708661413
0
LINE
8
BLACK
6
CONTINUOUS
10
6.2472783070866145
20
-4.4912180708661413
11
6.2474823228346459
21
-4.4908377559055115
0
LINE
8
BLACK
6
CONTINUOUS
10
6.2474823228346459
20
-4.4908377559055115
11
6.2476475196850396
21
-4.4904389763779529
0
LINE
8
BLACK
6
CONTINUOUS
10
6.2476475196850396
20
-4.4904389763779529
11
6.2477526771653542
21
-4.4903337795275586
0
LINE
8
BLACK
6
CONTINUOUS
10
6.2477526771653542
20
-4.4903337795275586
11
6.2478229527559055
21
-4.490202834645669
0
LINE
8
BLACK
6
CONTINUOUS
10
6.2478229527559055
20
-4.490202834645669
11
6.2481568897637798
21
-4.4899295669291339
0
LINE
8
BLACK
6
CONTINUOUS
10
6.2481568897637798
20
-4.4899295669291339
11
6.2484621653543302
21
-4.4896243307086614
0
LINE
8
BLACK
6
CONTINUOUS
10
6.2484621653543302
20
-4.4896243307086614
11
6.2485994881889759
21
-4.4895674015748028
0
LINE
8
BLACK
6
CONTINUOUS
10
6.2485994881889759
20
-4.4895674015748028
11
6.2487146062992123
21
-4.4894732677165354
0
LINE
8
BLACK
6
CONTINUOUS
10
6.2487146062992123
20
-4.4894732677165354
11
6.2491278740157483
21
-4.4893485433070861
0
LINE
8
BLACK
6
CONTINUOUS
10
6.2491278740157483
20
-4.4893485433070861
11
6.2495265748031494
21
-4.4891834251968499
0
LINE
8
BLACK
6
CONTINUOUS
10
6.2495265748031494
20
-4.4891834251968499
11
6.2497472440944879
21
-4.4891616535433068
0
LINE
8
BLACK
6
CONTINUOUS
10
6.2497472440944879
20
-4.4891616535433068
11
6.2498175984251967
21
-4.4891404724409449
0
LINE
8
BLACK
6
CONTINUOUS
10
6.2498175984251967
20
-4.4891404724409449
11
6.2498895669291334
21
-4.4891476377952753
0
LINE
8
BLACK
6
CONTINUOUS
10
6.2498895669291334
20
-4.4891476377952753
11
6.2501026377952753
21
-4.489126692913386
0
LINE
8
BLACK
6
CONTINUOUS
10
6.2501026377952753
20
-4.489126692913386
11
6.2688502755905509
21
-4.489126692913386
0
LINE
8
BLACK
6
CONTINUOUS
10
6.2688502755905509
20
-4.489126692913386
11
6.2694263385826767
21
-4.4891834251968499
0
LINE
8
BLACK
6
CONTINUOUS
10
5.2147080314960625
20
-4.48678968503937
11
5.215522677165354
21
-4.4876043307086615
0
LINE
8
BLACK
6
CONTINUOUS
10
5.215522677165354
20
-4.4876043307086615
11
5.2159635826771655
21
-4.4886687401574799
0
LINE
8
BLACK
6
CONTINUOUS
10
5.2159635826771655
20
-4.4886687401574799
11
5.2160203149606295
21
-4.4892448031496066
0
LINE
8
BLACK
6
CONTINUOUS
10
5.2160203149606295
20
-4.4892448031496066
11
5.2160203149606295
21
-4.5173662598425199
0
LINE
8
BLACK
6
CONTINUOUS
10
5.2160203149606295
20
-4.5173662598425199
11
5.2159915748031498
21
-4.5176578346456688
0
LINE
8
BLACK
6
CONTINUOUS
10
5.2159915748031498
20
-4.5176578346456688
11
5.2159971259842521
21
-4.5177355905511813
0
LINE
8
BLACK
6
CONTINUOUS
10
5.2159971259842521
20
-4.5177355905511813
11
5.2159738582677164
21
-4.5178378346456691
0
LINE
8
BLACK
6
CONTINUOUS
10
5.2159738582677164
20
-4.5178378346456691
11
5.2159635826771655
21
-4.5179423228346458
0
LINE
8
BLACK
6
CONTINUOUS
10
5.2159635826771655
20
-4.5179423228346458
11
5.2159337007874012
21
-4.5180143700787401
0
LINE
8
BLACK
6
CONTINUOUS
10
5.2159337007874012
20
-4.5180143700787401
11
5.2158687795275593
21
-4.5183000393700787
0
LINE
8
BLACK
6
CONTINUOUS
10
5.2158687795275593
20
-4.5183000393700787
11
5.2139940157480318
21
-4.5239242913385826
0
LINE
8
BLACK
6
CONTINUOUS
10
5.2139940157480318
20
-4.5239242913385826
11
5.213758031496063
21
-4.5244528740157479
0
LINE
8
BLACK
6
CONTINUOUS
10
5.213758031496063
20
-4.5244528740157479
11
5.213688503937008
21
-4.5245329921259838
0
LINE
8
BLACK
6
CONTINUOUS
10
5.213688503937008
20
-4.5245329921259838
11
5.2136479527559052
21
-4.5246309842519681
0
LINE
8
BLACK
6
CONTINUOUS
10
5.2136479527559052
20
-4.5246309842519681
11
5.2132807480314955
21
-4.5250784251968499
0
LINE
8
BLACK
6
CONTINUOUS
10
5.2132807480314955
20
-4.5250784251968499
11
5.2095311811023617
21
-4.5288280314960625
0
LINE
8
BLACK
6
CONTINUOUS
10
5.2095311811023617
20
-4.5288280314960625
11
5.2090837401574799
21
-4.5291952362204722
0
LINE
8
BLACK
6
CONTINUOUS
10
5.2090837401574799
20
-4.5291952362204722
11
5.2089856692913381
21
-4.5292358267716537
0
LINE
8
BLACK
6
CONTINUOUS
10
5.2089856692913381
20
-4.5292358267716537
11
5.2089055511811022
21
-4.5293053543307087
0
LINE
8
BLACK
6
CONTINUOUS
10
5.2089055511811022
20
-4.5293053543307087
11
5.2083770078740157
21
-4.5295413385826775
0
LINE
8
BLACK
6
CONTINUOUS
10
5.2083770078740157
20
-4.5295413385826775
11
5.202752716535433
21
-4.531416102362205
0
LINE
8
BLACK
6
CONTINUOUS
10
5.202752716535433
20
-4.531416102362205
11
5.2024671259842519
21
-4.5314810236220469
0
LINE
8
BLACK
6
CONTINUOUS
10
5.2024671259842519
20
-4.5314810236220469
11
5.2023950393700789
21
-4.5315109055118112
0
LINE
8
BLACK
6
CONTINUOUS
10
5.2023950393700789
20
-4.5315109055118112
11
5.2022905118110234
21
-4.5315211811023621
0
LINE
8
BLACK
6
CONTINUOUS
10
5.2022905118110234
20
-4.5315211811023621
11
5.2021882677165356
21
-4.5315444488188978
0
LINE
8
BLACK
6
CONTINUOUS
10
5.2021882677165356
20
-4.5315444488188978
11
5.2021105118110231
21
-4.5315388976377955
0
LINE
8
BLACK
6
CONTINUOUS
10
5.2021105118110231
20
-4.5315388976377955
11
5.201818976377953
21
-4.5315676377952752
0
LINE
8
BLACK
6
CONTINUOUS
10
5.201818976377953
20
-4.5315676377952752
11
5.1980694488188979
21
-4.5315676377952752
0
LINE
8
BLACK
6
CONTINUOUS
10
5.1980694488188979
20
-4.5315676377952752
11
5.1974933858267711
21
-4.5315109055118112
0
LINE
8
BLACK
6
CONTINUOUS
10
5.1974933858267711
20
-4.5315109055118112
11
5.1964289763779528
21
-4.5310699999999997
0
LINE
8
BLACK
6
CONTINUOUS
10
5.1964289763779528
20
-4.5310699999999997
11
5.1956143307086613
21
-4.5302553543307083
0
LINE
8
BLACK
6
CONTINUOUS
10
5.1956143307086613
20
-4.5302553543307083
11
5.1951734251968507
21
-4.5291909448818899
0
LINE
8
BLACK
6
CONTINUOUS
10
5.1951734251968507
20
-4.5291909448818899
11
5.1951734251968507
21
-4.5280388188976373
0
LINE
8
BLACK
6
CONTINUOUS
10
5.1951734251968507
20
-4.5280388188976373
11
5.1956143307086613
21
-4.5269744094488189
0
LINE
8
BLACK
6
CONTINUOUS
10
5.1956143307086613
20
-4.5269744094488189
11
5.1964289763779528
21
-4.5261597637795274
0
LINE
8
BLACK
6
CONTINUOUS
10
5.1964289763779528
20
-4.5261597637795274
11
5.1974933858267711
21
-4.5257188582677168
0
LINE
8
BLACK
6
CONTINUOUS
10
5.1974933858267711
20
-4.5257188582677168
11
5.1980694488188979
21
-4.525662125984252
0
LINE
8
BLACK
6
CONTINUOUS
10
5.1980694488188979
20
-4.525662125984252
11
5.2013398425196851
21
-4.525662125984252
0
LINE
8
BLACK
6
CONTINUOUS
10
5.2013398425196851
20
-4.525662125984252
11
5.2058482283464569
21
-4.5241592913385826
0
LINE
8
BLACK
6
CONTINUOUS
10
5.2058482283464569
20
-4.5241592913385826
11
5.2086119685039369
21
-4.5213955118110238
0
LINE
8
BLACK
6
CONTINUOUS
10
5.2086119685039369
20
-4.5213955118110238
11
5.2101148031496063
21
-4.516887125984252
0
LINE
8
BLACK
6
CONTINUOUS
10
5.2101148031496063
20
-4.516887125984252
11
5.2101148031496063
21
-4.4892448031496066
0
LINE
8
BLACK
6
CONTINUOUS
10
5.2101148031496063
20
-4.4892448031496066
11
5.2101715354330711
21
-4.4886687401574799
0
LINE
8
BLACK
6
CONTINUOUS
10
5.2101715354330711
20
-4.4886687401574799
11
5.2106124409448817
21
-4.4876043307086615
0
LINE
8
BLACK
6
CONTINUOUS
10
5.2106124409448817
20
-4.4876043307086615
11
5.2114270866141732
21
-4.48678968503937
0
LINE
8
BLACK
6
CONTINUOUS
10
5.2114270866141732
20
-4.48678968503937
11
5.2124914960629924
21
-4.4863487795275594
0
LINE
8
BLACK
6
CONTINUOUS
10
5.2124914960629924
20
-4.4863487795275594
11
5.2136436220472442
21
-4.4863487795275594
0
LINE
8
BLACK
6
CONTINUOUS
10
5.2136436220472442
20
-4.4863487795275594
11
5.2147080314960625
21
-4.48678968503937
0
LINE
8
BLACK
6
CONTINUOUS
10
5.252742283464567
20
-4.4863220472440943
11
5.2528197637795273
21
-4.4863168897637795
0
LINE
8
BLACK
6
CONTINUOUS
10
5.2528197637795273
20
-4.4863168897637795
11
5.2528731102362203
21
-4.486334921259842
0
LINE
8
BLACK
6
CONTINUOUS
10
5.2528731102362203
20
-4.486334921259842
11
5.2530137007874016
21
-4.4863487795275594
0
LINE
8
BLACK
6
CONTINUOUS
10
5.2530137007874016
20
-4.4863487795275594
11
5.253456889763779
21
-4.4865323622047244
0
LINE
8
BLACK
6
CONTINUOUS
10
5.253456889763779
20
-4.4865323622047244
11
5.2539111417322832
21
-4.4866859842519684
0
LINE
8
BLACK
6
CONTINUOUS
10
5.2539111417322832
20
-4.4866859842519684
11
5.2539861023622043
21
-4.4867515354330711
0
LINE
8
BLACK
6
CONTINUOUS
10
5.2539861023622043
20
-4.4867515354330711
11
5.25407811023622
21
-4.48678968503937
0
LINE
8
BLACK
6
CONTINUOUS
10
5.25407811023622
20
-4.48678968503937
11
5.2544170866141728
21
-4.4871286614173229
0
LINE
8
BLACK
6
CONTINUOUS
10
5.2544170866141728
20
-4.4871286614173229
11
5.2547782283464564
21
-4.4874446456692914
0
LINE
8
BLACK
6
CONTINUOUS
10
5.2547782283464564
20
-4.4874446456692914
11
5.2548224015748026
21
-4.4875339763779527
0
LINE
8
BLACK
6
CONTINUOUS
10
5.2548224015748026
20
-4.4875339763779527
11
5.2548927559055114
21
-4.4876043307086615
0
LINE
8
BLACK
6
CONTINUOUS
10
5.2548927559055114
20
-4.4876043307086615
11
5.2550762204724411
21
-4.4880472440944885
0
LINE
8
BLACK
6
CONTINUOUS
10
5.2550762204724411
20
-4.4880472440944885
11
5.2552889370078741
21
-4.4884774015748032
0
LINE
8
BLACK
6
CONTINUOUS
10
5.2552889370078741
20
-4.4884774015748032
11
5.2552955511811019
21
-4.4885767322834642
0
LINE
8
BLACK
6
CONTINUOUS
10
5.2552955511811019
20
-4.4885767322834642
11
5.2553336614173229
21
-4.4886687401574799
0
LINE
8
BLACK
6
CONTINUOUS
10
5.2553336614173229
20
-4.4886687401574799
11
5.2553336614173229
21
-4.4891484251968503
0
LINE
8
BLACK
6
CONTINUOUS
10
5.2553336614173229
20
-4.4891484251968503
11
5.2553655511811019
21
-4.4896269291338582
0
LINE
8
BLACK
6
CONTINUOUS
10
5.2553655511811019
20
-4.4896269291338582
11
5.2553336614173229
21
-4.4897212204724406
0
LINE
8
BLACK
6
CONTINUOUS
10
5.2553336614173229
20
-4.4897212204724406
11
5.2553336614173229
21
-4.4898208661417325
0
LINE
8
BLACK
6
CONTINUOUS
10
5.2553336614173229
20
-4.4898208661417325
11
5.2551500393700783
21
-4.4902640551181099
0
LINE
8
BLACK
6
CONTINUOUS
10
5.2551500393700783
20
-4.4902640551181099
11
5.254996456692913
21
-4.4907183070866141
0
LINE
8
BLACK
6
CONTINUOUS
10
5.254996456692913
20
-4.4907183070866141
11
5.2549143307086617
21
-4.4908331496062992
0
LINE
8
BLACK
6
CONTINUOUS
10
5.2549143307086617
20
-4.4908331496062992
11
5.2548927559055114
21
-4.4908852755905508
0
LINE
8
BLACK
6
CONTINUOUS
10
5.2548927559055114
20
-4.4908852755905508
11
5.2548377952755905
21
-4.4909401968503939
0
LINE
8
BLACK
6
CONTINUOUS
10
5.2548377952755905
20
-4.4909401968503939
11
5.2546598031496066
21
-4.4911892125984254
0
LINE
8
BLACK
6
CONTINUOUS
10
5.2546598031496066
20
-4.4911892125984254
11
5.2457268897637794
21
-4.5013982283464564
0
LINE
8
BLACK
6
CONTINUOUS
10
5.2457268897637794
20
-4.5013982283464564
11
5.2462590944881891
21
-4.5016018897637791
0
LINE
8
BLACK
6
CONTINUOUS
10
5.2462590944881891
20
-4.5016018897637791
11
5.2500086220472442
21
-4.5034766535433066
0
LINE
8
BLACK
6
CONTINUOUS
10
5.2500086220472442
20
-4.5034766535433066
11
5.2502566141732281
21
-4.5036327165354333
0
LINE
8
BLACK
6
CONTINUOUS
10
5.2502566141732281
20
-4.5036327165354333
11
5.2503285826771648
21
-4.503662559055118
0
LINE
8
BLACK
6
CONTINUOUS
10
5.2503285826771648
20
-4.503662559055118
11
5.2504095275590554
21
-4.5037290157480312
0
LINE
8
BLACK
6
CONTINUOUS
10
5.2504095275590554
20
-4.5037290157480312
11
5.250498503937008
21
-4.5037849999999997
0
LINE
8
BLACK
6
CONTINUOUS
10
5.250498503937008
20
-4.5037849999999997
11
5.2505496456692908
21
-4.5038439763779525
0
LINE
8
BLACK
6
CONTINUOUS
10
5.2505496456692908
20
-4.5038439763779525
11
5.2507760236220475
21
-4.5040297637795277
0
LINE
8
BLACK
6
CONTINUOUS
10
5.2507760236220475
20
-4.5040297637795277
11
5.2526507874015751
21
-4.5059045275590552
0
LINE
8
BLACK
6
CONTINUOUS
10
5.2526507874015751
20
-4.5059045275590552
11
5.2528365354330706
21
-4.5061308661417323
0
LINE
8
BLACK
6
CONTINUOUS
10
5.2528365354330706
20
-4.5061308661417323
11
5.2528955511811022
21
-4.5061820472440948
0
LINE
8
BLACK
6
CONTINUOUS
10
5.2528955511811022
20
-4.5061820472440948
11
5.2529514960629919
21
-4.5062709842519686
0
LINE
8
BLACK
6
CONTINUOUS
10
5.2529514960629919
20
-4.5062709842519686
11
5.2530179921259839
21
-4.506351968503937
0
LINE
8
BLACK
6
CONTINUOUS
10
5.2530179921259839
20
-4.506351968503937
11
5.2530477952755907
21
-4.5064238976377951
0
LINE
8
BLACK
6
CONTINUOUS
10
5.2530477952755907
20
-4.5064238976377951
11
5.2532038976377953
21
-4.5066719291338577
0
LINE
8
BLACK
6
CONTINUOUS
10
5.2532038976377953
20
-4.5066719291338577
11
5.2550786614173228
21
-4.5104214566929137
0
LINE
8
BLACK
6
CONTINUOUS
10
5.2550786614173228
20
-4.5104214566929137
11
5.2552855511811023
21
-4.5109620472440941
0
LINE
8
BLACK
6
CONTINUOUS
10
5.2552855511811023
20
-4.5109620472440941
11
5.2552930708661414
21
-4.5110679133858262
0
LINE
8
BLACK
6
CONTINUOUS
10
5.2552930708661414
20
-4.5110679133858262
11
5.2553336614173229
21
-4.5111659055118105
0
LINE
8
BLACK
6
CONTINUOUS
10
5.2553336614173229
20
-4.5111659055118105
11
5.2553903937007869
21
-4.5117419685039373
0
LINE
8
BLACK
6
CONTINUOUS
10
5.2553903937007869
20
-4.5117419685039373
11
5.2553903937007869
21
-4.521115787401575
0
LINE
8
BLACK
6
CONTINUOUS
10
5.2553903937007869
20
-4.521115787401575
11
5.2553336614173229
21
-4.5216918503937009
0
LINE
8
BLACK
6
CONTINUOUS
10
5.2553336614173229
20
-4.5216918503937009
11
5.2552930708661414
21
-4.5217898031496064
0
LINE
8
BLACK
6
CONTINUOUS
10
5.2552930708661414
20
-4.5217898031496064
11
5.2552855511811023
21
-4.5218957086614173
0
LINE
8
BLACK
6
CONTINUOUS
10
5.2552855511811023
20
-4.5218957086614173
11
5.2550786614173228
21
-4.5224362992125986
0
LINE
8
BLACK
6
CONTINUOUS
10
5.2550786614173228
20
-4.5224362992125986
11
5.2532038976377953
21
-4.5261858267716537
0
LINE
8
BLACK
6
CONTINUOUS
10
5.2532038976377953
20
-4.5261858267716537
11
5.2530478346456695
21
-4.5264337007874014
0
LINE
8
BLACK
6
CONTINUOUS
10
5.2530478346456695
20
-4.5264337007874014
11
5.2530180314960626
21
-4.5265057480314956
0
LINE
8
BLACK
6
CONTINUOUS
10
5.2530180314960626
20
-4.5265057480314956
11
5.2529514960629919
21
-4.5265867716535428
0
LINE
8
BLACK
6
CONTINUOUS
10
5.2529514960629919
20
-4.5265867716535428
11
5.2528955511811022
21
-4.5266757086614176
0
LINE
8
BLACK
6
CONTINUOUS
10
5.2528955511811022
20
-4.5266757086614176
11
5.2528365354330706
21
-4.5267268503937004
0
LINE
8
BLACK
6
CONTINUOUS
10
5.2528365354330706
20
-4.5267268503937004
11
5.2526507874015751
21
-4.5269532283464562
0
LINE
8
BLACK
6
CONTINUOUS
10
5.2526507874015751
20
-4.5269532283464562
11
5.2507760629921263
21
-4.5288279921259837
0
LINE
8
BLACK
6
CONTINUOUS
10
5.2507760629921263
20
-4.5288279921259837
11
5.2505496850393696
21
-4.5290137401574802
0
LINE
8
BLACK
6
CONTINUOUS
10
5.2505496850393696
20
-4.5290137401574802
11
5.250498503937008
21
-4.5290727952755905
0
LINE
8
BLACK
6
CONTINUOUS
10
5.250498503937008
20
-4.5290727952755905
11
5.2504095275590554
21
-4.529128779527559
0
LINE
8
BLACK
6
CONTINUOUS
10
5.2504095275590554
20
-4.529128779527559
11
5.2503285826771648
21
-4.5291952362204722
0
LINE
8
BLACK
6
CONTINUOUS
10
5.2503285826771648
20
-4.5291952362204722
11
5.2502566141732281
21
-4.529225039370079
0
LINE
8
BLACK
6
CONTINUOUS
10
5.2502566141732281
20
-4.529225039370079
11
5.2500086220472442
21
-4.5293811417322836
0
LINE
8
BLACK
6
CONTINUOUS
10
5.2500086220472442
20
-4.5293811417322836
11
5.2462590944881891
21
-4.5312559055118111
0
LINE
8
BLACK
6
CONTINUOUS
10
5.2462590944881891
20
-4.5312559055118111
11
5.245718464566929
21
-4.5314627952755906
0
LINE
8
BLACK
6
CONTINUOUS
10
5.245718464566929
20
-4.5314627952755906
11
5.2456126377952756
21
-4.5314702755905509
0
LINE
8
BLACK
6
CONTINUOUS
10
5.2456126377952756
20
-4.5314702755905509
11
5.2455146456692914
21
-4.5315109055118112
0
LINE
8
BLACK
6
CONTINUOUS
10
5.2455146456692914
20
-4.5315109055118112
11
5.2449385826771655
21
-4.5315676377952752
0
LINE
8
BLACK
6
CONTINUOUS
10
5.2449385826771655
20
-4.5315676377952752
11
5.2336900000000002
21
-4.5315676377952752
0
LINE
8
BLACK
6
CONTINUOUS
10
5.2336900000000002
20
-4.5315676377952752
11
5.2331139370078743
21
-4.5315109055118112
0
LINE
8
BLACK
6
CONTINUOUS
10
5.2331139370078743
20
-4.5315109055118112
11
5.23301594488189
21
-4.5314703149606297
0
LINE
8
BLACK
6
CONTINUOUS
10
5.23301594488189
20
-4.5314703149606297
11
5.232910078740157
21
-4.5314627952755906
0
LINE
8
BLACK
6
CONTINUOUS
10
5.232910078740157
20
-4.5314627952755906
11
5.2323694881889766
21
-4.5312559055118111
0
LINE
8
BLACK
6
CONTINUOUS
10
5.2323694881889766
20
-4.5312559055118111
11
5.2286199606299215
21
-4.5293811417322836
0
LINE
8
BLACK
6
CONTINUOUS
10
5.2286199606299215
20
-4.5293811417322836
11
5.228371929133858
21
-4.529225039370079
0
LINE
8
BLACK
6
CONTINUOUS
10
5.228371929133858
20
-4.529225039370079
11
5.2282999999999999
21
-4.5291952362204722
0
LINE
8
BLACK
6
CONTINUOUS
10
5.2282999999999999
20
-4.5291952362204722
11
5.2282190157480315
21
-4.529128779527559
0
LINE
8
BLACK
6
CONTINUOUS
10
5.2282190157480315
20
-4.529128779527559
11
5.2281300787401577
21
-4.5290727952755905
0
LINE
8
BLACK
6
CONTINUOUS
10
5.2281300787401577
20
-4.5290727952755905
11
5.2280788582677165
21
-4.5290137401574802
0
LINE
8
BLACK
6
CONTINUOUS
10
5.2280788582677165
20
-4.5290137401574802
11
5.2278525196850394
21
-4.5288279921259837
0
LINE
8
BLACK
6
CONTINUOUS
10
5.2278525196850394
20
-4.5288279921259837
11
5.2259777559055118
21
-4.5269531889763774
0
LINE
8
BLACK
6
CONTINUOUS
10
5.2259777559055118
20
-4.5269531889763774
11
5.2256105511811022
21
-4.5265057480314956
0
LINE
8
BLACK
6
CONTINUOUS
10
5.2256105511811022
20
-4.5265057480314956
11
5.2251696850393703
21
-4.5254413385826773
0
LINE
8
BLACK
6
CONTINUOUS
10
5.2251696850393703
20
-4.5254413385826773
11
5.2251696850393703
21
-4.5242892519685034
0
LINE
8
BLACK
6
CONTINUOUS
10
5.2251696850393703
20
-4.5242892519685034
11
5.2256105905511809
21
-4.523224842519685
0
LINE
8
BLACK
6
CONTINUOUS
10
5.2256105905511809
20
-4.523224842519685
11
5.2264252755905511
21
-4.5224101574803148
0
LINE
8
BLACK
6
CONTINUOUS
10
5.2264252755905511
20
-4.5224101574803148
11
5.2274896850393704
21
-4.5219692913385829
0
LINE
8
BLACK
6
CONTINUOUS
10
5.2274896850393704
20
-4.5219692913385829
11
5.2286417716535434
21
-4.5219692913385829
0
LINE
8
BLACK
6
CONTINUOUS
10
5.2286417716535434
20
-4.5219692913385829
11
5.2297061811023617
21
-4.5224101968503936
0
LINE
8
BLACK
6
CONTINUOUS
10
5.2297061811023617
20
-4.5224101968503936
11
5.2301536614173223
21
-4.522777440944882
0
LINE
8
BLACK
6
CONTINUOUS
10
5.2301536614173223
20
-4.522777440944882
11
5.2316895669291341
21
-4.5243133858267717
0
LINE
8
BLACK
6
CONTINUOUS
10
5.2316895669291341
20
-4.5243133858267717
11
5.2343870472440948
21
-4.525662125984252
0
LINE
8
BLACK
6
CONTINUOUS
10
5.2343870472440948
20
-4.525662125984252
11
5.2442415354330709
21
-4.525662125984252
0
LINE
8
BLACK
6
CONTINUOUS
10
5.2442415354330709
20
-4.525662125984252
11
5.2469389763779528
21
-4.5243133858267717
0
LINE
8
BLACK
6
CONTINUOUS
10
5.2469389763779528
20
-4.5243133858267717
11
5.2481361023622046
21
-4.5231162204724411
0
LINE
8
BLACK
6
CONTINUOUS
10
5.2481361023622046
20
-4.5231162204724411
11
5.2494848818897637
21
-4.5204187401574805
0
LINE
8
BLACK
6
CONTINUOUS
10
5.2494848818897637
20
-4.5204187401574805
11
5.2494848818897637
21
-4.512439015748031
0
LINE
8
BLACK
6
CONTINUOUS
10
5.2494848818897637
20
-4.512439015748031
11
5.2481361417322834
21
-4.5097415354330703
0
LINE
8
BLACK
6
CONTINUOUS
10
5.2481361417322834
20
-4.5097415354330703
11
5.2469390157480316
21
-4.5085444094488185
0
LINE
8
BLACK
6
CONTINUOUS
10
5.2469390157480316
20
-4.5085444094488185
11
5.2442415354330709
21
-4.5071956692913382
0
LINE
8
BLACK
6
CONTINUOUS
10
5.2442415354330709
20
-4.5071956692913382
11
5.2393142913385828
21
-4.5071956692913382
0
LINE
8
BLACK
6
CONTINUOUS
10
5.2393142913385828
20
-4.5071956692913382
11
5.2390096062992129
21
-4.5071656299212597
0
LINE
8
BLACK
6
CONTINUOUS
10
5.2390096062992129
20
-4.5071656299212597
11
5.2389321653543304
21
-4.5071708267716533
0
LINE
8
BLACK
6
CONTINUOUS
10
5.2389321653543304
20
-4.5071708267716533
11
5.2388787795275586
21
-4.507152755905512
0
LINE
8
BLACK
6
CONTINUOUS
10
5.2388787795275586
20
-4.507152755905512
11
5.238738228346457
21
-4.5071389370078743
0
LINE
8
BLACK
6
CONTINUOUS
10
5.238738228346457
20
-4.5071389370078743
11
5.2382949999999999
21
-4.5069553149606296
0
LINE
8
BLACK
6
CONTINUOUS
10
5.2382949999999999
20
-4.5069553149606296
11
5.2378407874015744
21
-4.5068017322834644
0
LINE
8
BLACK
6
CONTINUOUS
10
5.2378407874015744
20
-4.5068017322834644
11
5.2377657874015746
21
-4.5067361417322838
0
LINE
8
BLACK
6
CONTINUOUS
10
5.2377657874015746
20
-4.5067361417322838
11
5.2376738188976377
21
-4.5066980314960627
0
LINE
8
BLACK
6
CONTINUOUS
10
5.2376738188976377
20
-4.5066980314960627
11
5.2373348031496061
21
-4.5063590157480311
0
LINE
8
BLACK
6
CONTINUOUS
10
5.2373348031496061
20
-4.5063590157480311
11
5.2369737007874013
21
-4.5060430708661414
0
LINE
8
BLACK
6
CONTINUOUS
10
5.2369737007874013
20
-4.5060430708661414
11
5.2369294881889763
21
-4.5059537007874013
0
LINE
8
BLACK
6
CONTINUOUS
10
5.2369294881889763
20
-4.5059537007874013
11
5.2368591732283463
21
-4.5058833858267713
0
LINE
8
BLACK
6
CONTINUOUS
10
5.2368591732283463
20
-4.5058833858267713
11
5.2366756692913388
21
-4.5054404330708664
0
LINE
8
BLACK
6
CONTINUOUS
10
5.2366756692913388
20
-4.5054404330708664
11
5.2364629921259844
21
-4.5050103149606295
0
LINE
8
BLACK
6
CONTINUOUS
10
5.2364629921259844
20
-4.5050103149606295
11
5.236456338582677
21
-4.5049109448818898
0
LINE
8
BLACK
6
CONTINUOUS
10
5.236456338582677
20
-4.5049109448818898
11
5.2364182677165356
21
-4.5048189763779529
0
LINE
8
BLACK
6
CONTINUOUS
10
5.2364182677165356
20
-4.5048189763779529
11
5.2364182677165356
21
-4.5043392519685037
0
LINE
8
BLACK
6
CONTINUOUS
10
5.2364182677165356
20
-4.5043392519685037
11
5.2363863779527557
21
-4.5038607874015746
0
LINE
8
BLACK
6
CONTINUOUS
10
5.2363863779527557
20
-4.5038607874015746
11
5.2364182677165356
21
-4.5037664566929134
0
LINE
8
BLACK
6
CONTINUOUS
10
5.2364182677165356
20
-4.5037664566929134
11
5.2364182677165356
21
-4.5036668503937003
0
LINE
8
BLACK
6
CONTINUOUS
10
5.2364182677165356
20
-4.5036668503937003
11
5.2366018503937006
21
-4.5032236220472441
0
LINE
8
BLACK
6
CONTINUOUS
10
5.2366018503937006
20
-4.5032236220472441
11
5.2367554724409446
21
-4.5027694094488186
0
LINE
8
BLACK
6
CONTINUOUS
10
5.2367554724409446
20
-4.5027694094488186
11
5.2368375590551182
21
-4.5026545275590548
0
LINE
8
BLACK
6
CONTINUOUS
10
5.2368375590551182
20
-4.5026545275590548
11
5.2368591732283463
21
-4.5026024409448819
0
LINE
8
BLACK
6
CONTINUOUS
10
5.2368591732283463
20
-4.5026024409448819
11
5.2369140944881885
21
-4.5025474803149601
0
LINE
8
BLACK
6
CONTINUOUS
10
5.2369140944881885
20
-4.5025474803149601
11
5.237092125984252
21
-4.5022985039370074
0
LINE
8
BLACK
6
CONTINUOUS
10
5.237092125984252
20
-4.5022985039370074
11
5.2459304724409446
21
-4.4921975590551178
0
LINE
8
BLACK
6
CONTINUOUS
10
5.2459304724409446
20
-4.4921975590551178
11
5.2280657086614175
21
-4.4921975590551178
0
LINE
8
BLACK
6
CONTINUOUS
10
5.2280657086614175
20
-4.4921975590551178
11
5.2274896456692916
21
-4.4921408267716538
0
LINE
8
BLACK
6
CONTINUOUS
10
5.2274896456692916
20
-4.4921408267716538
11
5.2264252362204724
21
-4.4916999212598423
0
LINE
8
BLACK
6
CONTINUOUS
10
5.2264252362204724
20
-4.4916999212598423
11
5.2256105905511809
21
-4.4908852755905508
0
LINE
8
BLACK
6
CONTINUOUS
10
5.2256105905511809
20
-4.4908852755905508
11
5.2251696850393703
21
-4.4898208661417325
0
LINE
8
BLACK
6
CONTINUOUS
10
5.2251696850393703
20
-4.4898208661417325
11
5.2251696850393703
21
-4.4886687401574799
0
LINE
8
BLACK
6
CONTINUOUS
10
5.2251696850393703
20
-4.4886687401574799
11
5.2256105905511809
21
-4.4876043307086615
0
LINE
8
BLACK
6
CONTINUOUS
10
5.2256105905511809
20
-4.4876043307086615
11
5.2264252362204724
21
-4.48678968503937
0
LINE
8
BLACK
6
CONTINUOUS
10
5.2264252362204724
20
-4.48678968503937
11
5.2274896456692916
21
-4.4863487795275594
0
LINE
8
BLACK
6
CONTINUOUS
10
5.2274896456692916
20
-4.4863487795275594
11
5.2280657086614175
21
-4.4862920472440946
0
LINE
8
BLACK
6
CONTINUOUS
10
5.2280657086614175
20
-4.4862920472440946
11
5.2524376377952757
21
-4.4862920472440946
0
LINE
8
BLACK
6
CONTINUOUS
10
5.2524376377952757
20
-4.4862920472440946
11
5.252742283464567
21
-4.4863220472440943
0
LINE
8
BLACK
6
CONTINUOUS
10
5.7238517322834648
20
-4.48678968503937
11
5.7246663779527553
21
-4.4876043307086615
0
LINE
8
BLACK
6
CONTINUOUS
10
5.7246663779527553
20
-4.4876043307086615
11
5.7251072834645669
21
-4.4886687401574799
0
LINE
8
BLACK
6
CONTINUOUS
10
5.7251072834645669
20
-4.4886687401574799
11
5.7251640157480317
21
-4.4892448031496066
0
LINE
8
BLACK
6
CONTINUOUS
10
5.7251640157480317
20
-4.4892448031496066
11
5.7251640157480317
21
-4.5173662598425199
0
LINE
8
BLACK
6
CONTINUOUS
10
5.7251640157480317
20
-4.5173662598425199
11
5.7251352755905511
21
-4.5176578346456688
0
LINE
8
BLACK
6
CONTINUOUS
10
5.7251352755905511
20
-4.5176578346456688
11
5.7251408267716535
21
-4.5177355905511813
0
LINE
8
BLACK
6
CONTINUOUS
10
5.7251408267716535
20
-4.5177355905511813
11
5.7251175590551178
21
-4.5178378346456691
0
LINE
8
BLACK
6
CONTINUOUS
10
5.7251175590551178
20
-4.5178378346456691
11
5.7251072834645669
21
-4.5179423228346458
0
LINE
8
BLACK
6
CONTINUOUS
10
5.7251072834645669
20
-4.5179423228346458
11
5.7250774015748034
21
-4.5180143700787401
0
LINE
8
BLACK
6
CONTINUOUS
10
5.7250774015748034
20
-4.5180143700787401
11
5.7250124803149607
21
-4.5183000393700787
0
LINE
8
BLACK
6
CONTINUOUS
10
5.7250124803149607
20
-4.5183000393700787
11
5.7231377165354331
21
-4.5239242913385826
0
LINE
8
BLACK
6
CONTINUOUS
10
5.7231377165354331
20
-4.5239242913385826
11
5.7229017322834643
21
-4.5244528740157479
0
LINE
8
BLACK
6
CONTINUOUS
10
5.7229017322834643
20
-4.5244528740157479
11
5.7228322047244093
21
-4.5245329921259838
0
LINE
8
BLACK
6
CONTINUOUS
10
5.7228322047244093
20
-4.5245329921259838
11
5.7227916535433065
21
-4.5246309842519681
0
LINE
8
BLACK
6
CONTINUOUS
10
5.7227916535433065
20
-4.5246309842519681
11
5.7224244488188978
21
-4.5250784251968499
0
LINE
8
BLACK
6
CONTINUOUS
10
5.7224244488188978
20
-4.5250784251968499
11
5.7186748818897639
21
-4.5288280314960625
0
LINE
8
BLACK
6
CONTINUOUS
10
5.7186748818897639
20
-4.5288280314960625
11
5.7182274409448821
21
-4.5291952362204722
0
LINE
8
BLACK
6
CONTINUOUS
10
5.7182274409448821
20
-4.5291952362204722
11
5.7181293700787403
21
-4.5292358267716537
0
LINE
8
BLACK
6
CONTINUOUS
10
5.7181293700787403
20
-4.5292358267716537
11
5.7180492519685036
21
-4.5293053543307087
0
LINE
8
BLACK
6
CONTINUOUS
10
5.7180492519685036
20
-4.5293053543307087
11
5.717520708661417
21
-4.5295413385826775
0
LINE
8
BLACK
6
CONTINUOUS
10
5.717520708661417
20
-4.5295413385826775
11
5.7118964173228344
21
-4.531416102362205
0
LINE
8
BLACK
6
CONTINUOUS
10
5.7118964173228344
20
-4.531416102362205
11
5.7116108267716532
21
-4.5314810236220469
0
LINE
8
BLACK
6
CONTINUOUS
10
5.7116108267716532
20
-4.5314810236220469
11
5.7115387401574802
21
-4.5315109055118112
0
LINE
8
BLACK
6
CONTINUOUS
10
5.7115387401574802
20
-4.5315109055118112
11
5.7114342125984248
21
-4.5315211811023621
0
LINE
8
BLACK
6
CONTINUOUS
10
5.7114342125984248
20
-4.5315211811023621
11
5.711331968503937
21
-4.5315444488188978
0
LINE
8
BLACK
6
CONTINUOUS
10
5.711331968503937
20
-4.5315444488188978
11
5.7112542125984254
21
-4.5315388976377955
0
LINE
8
BLACK
6
CONTINUOUS
10
5.7112542125984254
20
-4.5315388976377955
11
5.7109626771653543
21
-4.5315676377952752
0
LINE
8
BLACK
6
CONTINUOUS
10
5.7109626771653543
20
-4.5315676377952752
11
5.7072131496062992
21
-4.5315676377952752
0
LINE
8
BLACK
6
CONTINUOUS
10
5.7072131496062992
20
-4.5315676377952752
11
5.7066370866141733
21
-4.5315109055118112
0
LINE
8
BLACK
6
CONTINUOUS
10
5.7066370866141733
20
-4.5315109055118112
11
5.7055726771653541
21
-4.5310699999999997
0
LINE
8
BLACK
6
CONTINUOUS
10
5.7055726771653541
20
-4.5310699999999997
11
5.7047580314960626
21
-4.5302553543307083
0
LINE
8
BLACK
6
CONTINUOUS
10
5.7047580314960626
20
-4.5302553543307083
11
5.704317125984252
21
-4.5291909448818899
0
LINE
8
BLACK
6
CONTINUOUS
10
5.704317125984252
20
-4.5291909448818899
11
5.704317125984252
21
-4.5280388188976373
0
LINE
8
BLACK
6
CONTINUOUS
10
5.704317125984252
20
-4.5280388188976373
11
5.7047580314960626
21
-4.5269744094488189
0
LINE
8
BLACK
6
CONTINUOUS
10
5.7047580314960626
20
-4.5269744094488189
11
5.7055726771653541
21
-4.5261597637795274
0
LINE
8
BLACK
6
CONTINUOUS
10
5.7055726771653541
20
-4.5261597637795274
11
5.7066370866141733
21
-4.5257188582677168
0
LINE
8
BLACK
6
CONTINUOUS
10
5.7066370866141733
20
-4.5257188582677168
11
5.7072131496062992
21
-4.525662125984252
0
LINE
8
BLACK
6
CONTINUOUS
10
5.7072131496062992
20
-4.525662125984252
11
5.7104835433070864
21
-4.525662125984252
0
LINE
8
BLACK
6
CONTINUOUS
10
5.7104835433070864
20
-4.525662125984252
11
5.7149919291338582
21
-4.5241592913385826
0
LINE
8
BLACK
6
CONTINUOUS
10
5.7149919291338582
20
-4.5241592913385826
11
5.7177556692913383
21
-4.5213955118110238
0
LINE
8
BLACK
6
CONTINUOUS
10
5.7177556692913383
20
-4.5213955118110238
11
5.7192585039370076
21
-4.516887125984252
0
LINE
8
BLACK
6
CONTINUOUS
10
5.7192585039370076
20
-4.516887125984252
11
5.7192585039370076
21
-4.4892448031496066
0
LINE
8
BLACK
6
CONTINUOUS
10
5.7192585039370076
20
-4.4892448031496066
11
5.7193152362204724
21
-4.4886687401574799
0
LINE
8
BLACK
6
CONTINUOUS
10
5.7193152362204724
20
-4.4886687401574799
11
5.7197561417322831
21
-4.4876043307086615
0
LINE
8
BLACK
6
CONTINUOUS
10
5.7197561417322831
20
-4.4876043307086615
11
5.7205707874015745
21
-4.48678968503937
0
LINE
8
BLACK
6
CONTINUOUS
10
5.7205707874015745
20
-4.48678968503937
11
5.7216351968503938
21
-4.4863487795275594
0
LINE
8
BLACK
6
CONTINUOUS
10
5.7216351968503938
20
-4.4863487795275594
11
5.7227873228346455
21
-4.4863487795275594
0
LINE
8
BLACK
6
CONTINUOUS
10
5.7227873228346455
20
-4.4863487795275594
11
5.7238517322834648
21
-4.48678968503937
0
LINE
8
BLACK
6
CONTINUOUS
10
5.7584078740157478
20
-4.4863487795275594
11
5.7594722834645671
21
-4.48678968503937
0
LINE
8
BLACK
6
CONTINUOUS
10
5.7594722834645671
20
-4.48678968503937
11
5.7602869291338585
21
-4.4876043307086615
0
LINE
8
BLACK
6
CONTINUOUS
10
5.7602869291338585
20
-4.4876043307086615
11
5.7607278346456692
21
-4.4886687401574799
0
LINE
8
BLACK
6
CONTINUOUS
10
5.7607278346456692
20
-4.4886687401574799
11
5.7607278346456692
21
-4.4898208661417325
0
LINE
8
BLACK
6
CONTINUOUS
10
5.7607278346456692
20
-4.4898208661417325
11
5.7602869291338585
21
-4.4908852755905508
0
LINE
8
BLACK
6
CONTINUOUS
10
5.7602869291338585
20
-4.4908852755905508
11
5.7594722834645671
21
-4.4916999212598423
0
LINE
8
BLACK
6
CONTINUOUS
10
5.7594722834645671
20
-4.4916999212598423
11
5.7584078740157478
21
-4.4921408267716538
0
LINE
8
BLACK
6
CONTINUOUS
10
5.7584078740157478
20
-4.4921408267716538
11
5.757831811023622
21
-4.4921975590551178
0
LINE
8
BLACK
6
CONTINUOUS
10
5.757831811023622
20
-4.4921975590551178
11
5.7510298031496063
21
-4.4921975590551178
0
LINE
8
BLACK
6
CONTINUOUS
10
5.7510298031496063
20
-4.4921975590551178
11
5.7483323228346457
21
-4.4935462992125981
0
LINE
8
BLACK
6
CONTINUOUS
10
5.7483323228346457
20
-4.4935462992125981
11
5.7470031102362205
21
-4.4948754724409445
0
LINE
8
BLACK
6
CONTINUOUS
10
5.7470031102362205
20
-4.4948754724409445
11
5.7436994881889767
21
-4.4998309448818894
0
LINE
8
BLACK
6
CONTINUOUS
10
5.7436994881889767
20
-4.4998309448818894
11
5.7429701968503934
21
-4.5027481496062993
0
LINE
8
BLACK
6
CONTINUOUS
10
5.7429701968503934
20
-4.5027481496062993
11
5.7452627165354331
21
-4.5016018897637791
0
LINE
8
BLACK
6
CONTINUOUS
10
5.7452627165354331
20
-4.5016018897637791
11
5.7458033070866144
21
-4.5013949999999996
0
LINE
8
BLACK
6
CONTINUOUS
10
5.7458033070866144
20
-4.5013949999999996
11
5.7459091732283465
21
-4.5013874409448817
0
LINE
8
BLACK
6
CONTINUOUS
10
5.7459091732283465
20
-4.5013874409448817
11
5.7460071653543308
21
-4.5013468897637798
0
LINE
8
BLACK
6
CONTINUOUS
10
5.7460071653543308
20
-4.5013468897637798
11
5.7465832283464566
21
-4.501290157480315
0
LINE
8
BLACK
6
CONTINUOUS
10
5.7465832283464566
20
-4.501290157480315
11
5.7540822834645668
21
-4.501290157480315
0
LINE
8
BLACK
6
CONTINUOUS
10
5.7540822834645668
20
-4.501290157480315
11
5.7546583464566927
21
-4.5013468897637798
0
LINE
8
BLACK
6
CONTINUOUS
10
5.7546583464566927
20
-4.5013468897637798
11
5.754756338582677
21
-4.5013874803149605
0
LINE
8
BLACK
6
CONTINUOUS
10
5.754756338582677
20
-4.5013874803149605
11
5.7548621653543304
21
-4.5013949999999996
0
LINE
8
BLACK
6
CONTINUOUS
10
5.7548621653543304
20
-4.5013949999999996
11
5.7554027952755904
21
-4.5016018897637791
0
LINE
8
BLACK
6
CONTINUOUS
10
5.7554027952755904
20
-4.5016018897637791
11
5.7591523228346455
21
-4.5034766535433066
0
LINE
8
BLACK
6
CONTINUOUS
10
5.7591523228346455
20
-4.5034766535433066
11
5.7594003149606294
21
-4.5036327165354333
0
LINE
8
BLACK
6
CONTINUOUS
10
5.7594003149606294
20
-4.5036327165354333
11
5.7594722834645671
21
-4.503662559055118
0
LINE
8
BLACK
6
CONTINUOUS
10
5.7594722834645671
20
-4.503662559055118
11
5.7595532283464568
21
-4.5037290157480312
0
LINE
8
BLACK
6
CONTINUOUS
10
5.7595532283464568
20
-4.5037290157480312
11
5.7596422047244094
21
-4.5037849999999997
0
LINE
8
BLACK
6
CONTINUOUS
10
5.7596422047244094
20
-4.5037849999999997
11
5.7596933464566931
21
-4.5038439763779525
0
LINE
8
BLACK
6
CONTINUOUS
10
5.7596933464566931
20
-4.5038439763779525
11
5.7599197244094489
21
-4.5040297637795277
0
LINE
8
BLACK
6
CONTINUOUS
10
5.7599197244094489
20
-4.5040297637795277
11
5.7617944881889764
21
-4.5059045275590552
0
LINE
8
BLACK
6
CONTINUOUS
10
5.7617944881889764
20
-4.5059045275590552
11
5.761980236220472
21
-4.5061308661417323
0
LINE
8
BLACK
6
CONTINUOUS
10
5.761980236220472
20
-4.5061308661417323
11
5.7620392519685035
21
-4.5061820472440948
0
LINE
8
BLACK
6
CONTINUOUS
10
5.7620392519685035
20
-4.5061820472440948
11
5.7620951968503933
21
-4.5062709842519686
0
LINE
8
BLACK
6
CONTINUOUS
10
5.7620951968503933
20
-4.5062709842519686
11
5.7621616929133861
21
-4.506351968503937
0
LINE
8
BLACK
6
CONTINUOUS
10
5.7621616929133861
20
-4.506351968503937
11
5.7621914960629921
21
-4.5064238976377951
0
LINE
8
BLACK
6
CONTINUOUS
10
5.7621914960629921
20
-4.5064238976377951
11
5.7623475984251966
21
-4.5066719291338577
0
LINE
8
BLACK
6
CONTINUOUS
10
5.7623475984251966
20
-4.5066719291338577
11
5.7642223622047242
21
-4.5104214566929137
0
LINE
8
BLACK
6
CONTINUOUS
10
5.7642223622047242
20
-4.5104214566929137
11
5.7644292519685036
21
-4.5109620472440941
0
LINE
8
BLACK
6
CONTINUOUS
10
5.7644292519685036
20
-4.5109620472440941
11
5.7644367716535427
21
-4.5110679133858262
0
LINE
8
BLACK
6
CONTINUOUS
10
5.7644367716535427
20
-4.5110679133858262
11
5.7644773622047243
21
-4.5111659055118105
0
LINE
8
BLACK
6
CONTINUOUS
10
5.7644773622047243
20
-4.5111659055118105
11
5.7645340944881891
21
-4.5117419685039373
0
LINE
8
BLACK
6
CONTINUOUS
10
5.7645340944881891
20
-4.5117419685039373
11
5.7645340944881891
21
-4.521115787401575
0
LINE
8
BLACK
6
CONTINUOUS
10
5.7645340944881891
20
-4.521115787401575
11
5.7644773622047243
21
-4.5216918503937009
0
LINE
8
BLACK
6
CONTINUOUS
10
5.7644773622047243
20
-4.5216918503937009
11
5.7644367716535427
21
-4.5217898031496064
0
LINE
8
BLACK
6
CONTINUOUS
10
5.7644367716535427
20
-4.5217898031496064
11
5.7644292519685036
21
-4.5218957086614173
0
LINE
8
BLACK
6
CONTINUOUS
10
5.7644292519685036
20
-4.5218957086614173
11
5.7642223622047242
21
-4.5224362992125986
0
LINE
8
BLACK
6
CONTINUOUS
10
5.7642223622047242
20
-4.5224362992125986
11
5.7623475984251966
21
-4.5261858267716537
0
LINE
8
BLACK
6
CONTINUOUS
10
5.7623475984251966
20
-4.5261858267716537
11
5.7621915354330708
21
-4.5264337007874014
0
LINE
8
BLACK
6
CONTINUOUS
10
5.7621915354330708
20
-4.5264337007874014
11
5.7621617322834648
21
-4.5265057480314956
0
LINE
8
BLACK
6
CONTINUOUS
10
5.7621617322834648
20
-4.5265057480314956
11
5.7620951968503933
21
-4.5265867716535428
0
LINE
8
BLACK
6
CONTINUOUS
10
5.7620951968503933
20
-4.5265867716535428
11
5.7620392519685035
21
-4.5266757086614176
0
LINE
8
BLACK
6
CONTINUOUS
10
5.7620392519685035
20
-4.5266757086614176
11
5.761980236220472
21
-4.5267268503937004
0
LINE
8
BLACK
6
CONTINUOUS
10
5.761980236220472
20
-4.5267268503937004
11
5.7617944881889764
21
-4.5269532283464562
0
LINE
8
BLACK
6
CONTINUOUS
10
5.7617944881889764
20
-4.5269532283464562
11
5.7599197637795276
21
-4.5288279921259837
0
LINE
8
BLACK
6
CONTINUOUS
10
5.7599197637795276
20
-4.5288279921259837
11
5.7596933858267718
21
-4.5290137401574802
0
LINE
8
BLACK
6
CONTINUOUS
10
5.7596933858267718
20
-4.5290137401574802
11
5.7596422047244094
21
-4.5290727952755905
0
LINE
8
BLACK
6
CONTINUOUS
10
5.7596422047244094
20
-4.5290727952755905
11
5.7595532283464568
21
-4.529128779527559
0
LINE
8
BLACK
6
CONTINUOUS
10
5.7595532283464568
20
-4.529128779527559
11
5.7594722834645671
21
-4.5291952362204722
0
LINE
8
BLACK
6
CONTINUOUS
10
5.7594722834645671
20
-4.5291952362204722
11
5.7594003149606294
21
-4.529225039370079
0
LINE
8
BLACK
6
CONTINUOUS
10
5.7594003149606294
20
-4.529225039370079
11
5.7591523228346455
21
-4.5293811417322836
0
LINE
8
BLACK
6
CONTINUOUS
10
5.7591523228346455
20
-4.5293811417322836
11
5.7554027952755904
21
-4.5312559055118111
0
LINE
8
BLACK
6
CONTINUOUS
10
5.7554027952755904
20
-4.5312559055118111
11
5.7548621653543304
21
-4.5314627952755906
0
LINE
8
BLACK
6
CONTINUOUS
10
5.7548621653543304
20
-4.5314627952755906
11
5.754756338582677
21
-4.5314702755905509
0
LINE
8
BLACK
6
CONTINUOUS
10
5.754756338582677
20
-4.5314702755905509
11
5.7546583464566927
21
-4.5315109055118112
0
LINE
8
BLACK
6
CONTINUOUS
10
5.7546583464566927
20
-4.5315109055118112
11
5.7540822834645668
21
-4.5315676377952752
0
LINE
8
BLACK
6
CONTINUOUS
10
5.7540822834645668
20
-4.5315676377952752
11
5.7465832283464566
21
-4.5315676377952752
0
LINE
8
BLACK
6
CONTINUOUS
10
5.7465832283464566
20
-4.5315676377952752
11
5.7460071653543308
21
-4.5315109055118112
0
LINE
8
BLACK
6
CONTINUOUS
10
5.7460071653543308
20
-4.5315109055118112
11
5.7459091732283465
21
-4.5314703149606297
0
LINE
8
BLACK
6
CONTINUOUS
10
5.7459091732283465
20
-4.5314703149606297
11
5.7458033070866144
21
-4.5314627952755906
0
LINE
8
BLACK
6
CONTINUOUS
10
5.7458033070866144
20
-4.5314627952755906
11
5.7452627165354331
21
-4.5312559055118111
0
LINE
8
BLACK
6
CONTINUOUS
10
5.7452627165354331
20
-4.5312559055118111
11
5.741513188976378
21
-4.5293811417322836
0
LINE
8
BLACK
6
CONTINUOUS
10
5.741513188976378
20
-4.5293811417322836
11
5.7412651574803144
21
-4.529225039370079
0
LINE
8
BLACK
6
CONTINUOUS
10
5.7412651574803144
20
-4.529225039370079
11
5.7411932283464564
21
-4.5291952362204722
0
LINE
8
BLACK
6
CONTINUOUS
10
5.7411932283464564
20
-4.5291952362204722
11
5.7411122440944879
21
-4.529128779527559
0
LINE
8
BLACK
6
CONTINUOUS
10
5.7411122440944879
20
-4.529128779527559
11
5.7410233070866141
21
-4.5290727952755905
0
LINE
8
BLACK
6
CONTINUOUS
10
5.7410233070866141
20
-4.5290727952755905
11
5.7409720866141729
21
-4.5290137401574802
0
LINE
8
BLACK
6
CONTINUOUS
10
5.7409720866141729
20
-4.5290137401574802
11
5.7407457480314958
21
-4.5288279921259837
0
LINE
8
BLACK
6
CONTINUOUS
10
5.7407457480314958
20
-4.5288279921259837
11
5.7388709842519683
21
-4.5269531889763774
0
LINE
8
BLACK
6
CONTINUOUS
10
5.7388709842519683
20
-4.5269531889763774
11
5.7386852362204719
21
-4.5267268503937004
0
LINE
8
BLACK
6
CONTINUOUS
10
5.7386852362204719
20
-4.5267268503937004
11
5.7386262598425199
21
-4.5266757086614176
0
LINE
8
BLACK
6
CONTINUOUS
10
5.7386262598425199
20
-4.5266757086614176
11
5.7385702755905514
21
-4.5265867716535428
0
LINE
8
BLACK
6
CONTINUOUS
10
5.7385702755905514
20
-4.5265867716535428
11
5.7385037795275586
21
-4.5265057480314956
0
LINE
8
BLACK
6
CONTINUOUS
10
5.7385037795275586
20
-4.5265057480314956
11
5.7384739370078739
21
-4.5264337007874014
0
LINE
8
BLACK
6
CONTINUOUS
10
5.7384739370078739
20
-4.5264337007874014
11
5.7383179133858269
21
-4.5261858267716537
0
LINE
8
BLACK
6
CONTINUOUS
10
5.7383179133858269
20
-4.5261858267716537
11
5.7364431496062993
21
-4.5224362992125986
0
LINE
8
BLACK
6
CONTINUOUS
10
5.7364431496062993
20
-4.5224362992125986
11
5.7362362598425198
21
-4.5218956692913386
0
LINE
8
BLACK
6
CONTINUOUS
10
5.7362362598425198
20
-4.5218956692913386
11
5.7362287401574799
21
-4.5217898425196852
0
LINE
8
BLACK
6
CONTINUOUS
10
5.7362287401574799
20
-4.5217898425196852
11
5.7361881496062992
21
-4.5216918503937009
0
LINE
8
BLACK
6
CONTINUOUS
10
5.7361881496062992
20
-4.5216918503937009
11
5.7361314173228344
21
-4.521115787401575
0
LINE
8
BLACK
6
CONTINUOUS
10
5.7361314173228344
20
-4.521115787401575
11
5.7361314173228344
21
-4.5061176771653546
0
LINE
8
BLACK
6
CONTINUOUS
10
5.7361314173228344
20
-4.5061176771653546
11
5.7361412992125986
21
-4.5060171259842523
0
LINE
8
BLACK
6
CONTINUOUS
10
5.7361412992125986
20
-4.5060171259842523
11
5.7361349212598425
21
-4.5059741338582677
0
LINE
8
BLACK
6
CONTINUOUS
10
5.7361349212598425
20
-4.5059741338582677
11
5.7361667716535436
21
-4.5057586220472441
0
LINE
8
BLACK
6
CONTINUOUS
10
5.7361667716535436
20
-4.5057586220472441
11
5.7361881496062992
21
-4.5055416141732278
0
LINE
8
BLACK
6
CONTINUOUS
10
5.7361881496062992
20
-4.5055416141732278
11
5.7362047637795275
21
-4.505501377952756
0
LINE
8
BLACK
6
CONTINUOUS
10
5.7362047637795275
20
-4.505501377952756
11
5.736219566929134
21
-4.5054015354330712
0
LINE
8
BLACK
6
CONTINUOUS
10
5.736219566929134
20
-4.5054015354330712
11
5.7380943307086616
21
-4.4979024803149601
0
LINE
8
BLACK
6
CONTINUOUS
10
5.7380943307086616
20
-4.4979024803149601
11
5.7382155905511807
21
-4.4975629921259843
0
LINE
8
BLACK
6
CONTINUOUS
10
5.7382155905511807
20
-4.4975629921259843
11
5.7382297637795272
21
-4.4974914960629917
0
LINE
8
BLACK
6
CONTINUOUS
10
5.7382297637795272
20
-4.4974914960629917
11
5.7382643307086614
21
-4.4974266141732286
0
LINE
8
BLACK
6
CONTINUOUS
10
5.7382643307086614
20
-4.4974266141732286
11
5.7382890944881888
21
-4.497357362204724
0
LINE
8
BLACK
6
CONTINUOUS
10
5.7382890944881888
20
-4.497357362204724
11
5.7383325196850397
21
-4.49729874015748
0
LINE
8
BLACK
6
CONTINUOUS
10
5.7383325196850397
20
-4.49729874015748
11
5.7385020866141732
21
-4.4969807086614173
0
LINE
8
BLACK
6
CONTINUOUS
10
5.7385020866141732
20
-4.4969807086614173
11
5.7422516141732283
21
-4.4913564173228346
0
LINE
8
BLACK
6
CONTINUOUS
10
5.7422516141732283
20
-4.4913564173228346
11
5.742252952755905
21
-4.4913547244094483
0
LINE
8
BLACK
6
CONTINUOUS
10
5.742252952755905
20
-4.4913547244094483
11
5.7422533464566925
21
-4.4913538582677166
0
LINE
8
BLACK
6
CONTINUOUS
10
5.7422533464566925
20
-4.4913538582677166
11
5.7424300393700785
21
-4.4911385433070867
0
LINE
8
BLACK
6
CONTINUOUS
10
5.7424300393700785
20
-4.4911385433070867
11
5.7426183858267716
21
-4.4909085826771653
0
LINE
8
BLACK
6
CONTINUOUS
10
5.7426183858267716
20
-4.4909085826771653
11
5.7426192125984254
21
-4.490907992125984
0
LINE
8
BLACK
6
CONTINUOUS
10
5.7426192125984254
20
-4.490907992125984
11
5.7426205511811022
21
-4.4909064173228348
0
LINE
8
BLACK
6
CONTINUOUS
10
5.7426205511811022
20
-4.4909064173228348
11
5.7444953149606297
21
-4.4890316535433072
0
LINE
8
BLACK
6
CONTINUOUS
10
5.7444953149606297
20
-4.4890316535433072
11
5.7447216535433068
21
-4.4888458661417321
0
LINE
8
BLACK
6
CONTINUOUS
10
5.7447216535433068
20
-4.4888458661417321
11
5.7447728346456692
21
-4.4887868897637793
0
LINE
8
BLACK
6
CONTINUOUS
10
5.7447728346456692
20
-4.4887868897637793
11
5.7448617716535431
21
-4.4887309055118108
0
LINE
8
BLACK
6
CONTINUOUS
10
5.7448617716535431
20
-4.4887309055118108
11
5.7449427559055115
21
-4.4886644488188976
0
LINE
8
BLACK
6
CONTINUOUS
10
5.7449427559055115
20
-4.4886644488188976
11
5.7450146850393695
21
-4.4886346062992128
0
LINE
8
BLACK
6
CONTINUOUS
10
5.7450146850393695
20
-4.4886346062992128
11
5.7452627165354331
21
-4.4884785433070862
0
LINE
8
BLACK
6
CONTINUOUS
10
5.7452627165354331
20
-4.4884785433070862
11
5.7490122440944882
21
-4.4866037795275586
0
LINE
8
BLACK
6
CONTINUOUS
10
5.7490122440944882
20
-4.4866037795275586
11
5.7495528346456695
21
-4.4863968897637791
0
LINE
8
BLACK
6
CONTINUOUS
10
5.7495528346456695
20
-4.4863968897637791
11
5.7496587007874016
21
-4.4863893307086613
0
LINE
8
BLACK
6
CONTINUOUS
10
5.7496587007874016
20
-4.4863893307086613
11
5.7497566929133859
21
-4.4863487795275594
0
LINE
8
BLACK
6
CONTINUOUS
10
5.7497566929133859
20
-4.4863487795275594
11
5.7503327559055117
21
-4.4862920472440946
0
LINE
8
BLACK
6
CONTINUOUS
10
5.7503327559055117
20
-4.4862920472440946
11
5.757831811023622
21
-4.4862920472440946
0
LINE
8
BLACK
6
CONTINUOUS
10
5.757831811023622
20
-4.4862920472440946
11
5.7584078740157478
21
-4.4863487795275594
0
LINE
8
BLACK
6
CONTINUOUS
10
5.7445827952755906
20
-4.5085444094488185
11
5.7433856692913388
21
-4.5097415354330703
0
LINE
8
BLACK
6
CONTINUOUS
10
5.7433856692913388
20
-4.5097415354330703
11
5.7420369291338584
21
-4.512439015748031
0
LINE
8
BLACK
6
CONTINUOUS
10
5.7420369291338584
20
-4.512439015748031
11
5.7420369291338584
21
-4.5204187401574805
0
LINE
8
BLACK
6
CONTINUOUS
10
5.7420369291338584
20
-4.5204187401574805
11
5.7433856692913388
21
-4.5231162204724411
0
LINE
8
BLACK
6
CONTINUOUS
10
5.7433856692913388
20
-4.5231162204724411
11
5.7445827952755906
21
-4.5243133858267717
0
LINE
8
BLACK
6
CONTINUOUS
10
5.7445827952755906
20
-4.5243133858267717
11
5.7472802755905512
21
-4.525662125984252
0
LINE
8
BLACK
6
CONTINUOUS
10
5.7472802755905512
20
-4.525662125984252
11
5.7533852362204723
21
-4.525662125984252
0
LINE
8
BLACK
6
CONTINUOUS
10
5.7533852362204723
20
-4.525662125984252
11
5.7560826771653542
21
-4.5243133858267717
0
LINE
8
BLACK
6
CONTINUOUS
10
5.7560826771653542
20
-4.5243133858267717
11
5.757279803149606
21
-4.5231162204724411
0
LINE
8
BLACK
6
CONTINUOUS
10
5.757279803149606
20
-4.5231162204724411
11
5.758628582677165
21
-4.5204187401574805
0
LINE
8
BLACK
6
CONTINUOUS
10
5.758628582677165
20
-4.5204187401574805
11
5.758628582677165
21
-4.512439015748031
0
LINE
8
BLACK
6
CONTINUOUS
10
5.758628582677165
20
-4.512439015748031
11
5.7572798425196847
21
-4.5097415354330703
0
LINE
8
BLACK
6
CONTINUOUS
10
5.7572798425196847
20
-4.5097415354330703
11
5.7560827165354329
21
-4.5085444094488185
0
LINE
8
BLACK
6
CONTINUOUS
10
5.7560827165354329
20
-4.5085444094488185
11
5.7533852362204723
21
-4.5071956692913382
0
LINE
8
BLACK
6
CONTINUOUS
10
5.7533852362204723
20
-4.5071956692913382
11
5.7472802755905512
21
-4.5071956692913382
0
LINE
8
BLACK
6
CONTINUOUS
10
5.7472802755905512
20
-4.5071956692913382
11
5.7445827952755906
21
-4.5085444094488185
0
LINE
8
BLACK
6
CONTINUOUS
10
6.6685170866141732
20
-4.4796243307086616
11
6.6693317322834647
21
-4.4804389763779531
0
LINE
8
BLACK
6
CONTINUOUS
10
6.6693317322834647
20
-4.4804389763779531
11
6.6697726377952753
21
-4.4815033858267714
0
LINE
8
BLACK
6
CONTINUOUS
10
6.6697726377952753
20
-4.4815033858267714
11
6.6698293700787401
21
-4.4820794488188973
0
LINE
8
BLACK
6
CONTINUOUS
10
6.6698293700787401
20
-4.4820794488188973
11
6.6698293700787401
21
-4.5102009055118106
0
LINE
8
BLACK
6
CONTINUOUS
10
6.6698293700787401
20
-4.5102009055118106
11
6.6698006299212595
21
-4.5104924803149604
0
LINE
8
BLACK
6
CONTINUOUS
10
6.6698006299212595
20
-4.5104924803149604
11
6.6698061811023619
21
-4.510570236220472
0
LINE
8
BLACK
6
CONTINUOUS
10
6.6698061811023619
20
-4.510570236220472
11
6.6697829133858262
21
-4.5106724803149607
0
LINE
8
BLACK
6
CONTINUOUS
10
6.6697829133858262
20
-4.5106724803149607
11
6.6697726377952753
21
-4.5107769685039365
0
LINE
8
BLACK
6
CONTINUOUS
10
6.6697726377952753
20
-4.5107769685039365
11
6.6697427559055118
21
-4.5108490157480317
0
LINE
8
BLACK
6
CONTINUOUS
10
6.6697427559055118
20
-4.5108490157480317
11
6.6696778346456691
21
-4.5111346850393703
0
LINE
8
BLACK
6
CONTINUOUS
10
6.6696778346456691
20
-4.5111346850393703
11
6.6678030708661415
21
-4.5167589370078742
0
LINE
8
BLACK
6
CONTINUOUS
10
6.6678030708661415
20
-4.5167589370078742
11
6.6675670866141727
21
-4.5172875196850395
0
LINE
8
BLACK
6
CONTINUOUS
10
6.6675670866141727
20
-4.5172875196850395
11
6.6674975590551178
21
-4.5173676377952754
0
LINE
8
BLACK
6
CONTINUOUS
10
6.6674975590551178
20
-4.5173676377952754
11
6.6674570078740159
21
-4.5174656299212597
0
LINE
8
BLACK
6
CONTINUOUS
10
6.6674570078740159
20
-4.5174656299212597
11
6.6670898031496062
21
-4.5179130708661415
0
LINE
8
BLACK
6
CONTINUOUS
10
6.6670898031496062
20
-4.5179130708661415
11
6.6633402362204723
21
-4.5216626771653541
0
LINE
8
BLACK
6
CONTINUOUS
10
6.6633402362204723
20
-4.5216626771653541
11
6.6628927952755905
21
-4.5220298818897637
0
LINE
8
BLACK
6
CONTINUOUS
10
6.6628927952755905
20
-4.5220298818897637
11
6.6627947244094488
21
-4.5220704724409444
0
LINE
8
BLACK
6
CONTINUOUS
10
6.6627947244094488
20
-4.5220704724409444
11
6.6627146062992129
21
-4.5221400000000003
0
LINE
8
BLACK
6
CONTINUOUS
10
6.6627146062992129
20
-4.5221400000000003
11
6.6621860629921255
21
-4.5223759842519682
0
LINE
8
BLACK
6
CONTINUOUS
10
6.6621860629921255
20
-4.5223759842519682
11
6.6565617716535428
21
-4.5242507480314957
0
LINE
8
BLACK
6
CONTINUOUS
10
6.6565617716535428
20
-4.5242507480314957
11
6.6562761811023616
21
-4.5243156692913384
0
LINE
8
BLACK
6
CONTINUOUS
10
6.6562761811023616
20
-4.5243156692913384
11
6.6562040944881886
21
-4.5243455511811019
0
LINE
8
BLACK
6
CONTINUOUS
10
6.6562040944881886
20
-4.5243455511811019
11
6.6560995669291341
21
-4.5243558267716537
0
LINE
8
BLACK
6
CONTINUOUS
10
6.6560995669291341
20
-4.5243558267716537
11
6.6559973228346454
21
-4.5243790944881885
0
LINE
8
BLACK
6
CONTINUOUS
10
6.6559973228346454
20
-4.5243790944881885
11
6.6559195669291338
21
-4.5243735433070862
0
LINE
8
BLACK
6
CONTINUOUS
10
6.6559195669291338
20
-4.5243735433070862
11
6.6556280314960627
21
-4.5244022834645667
0
LINE
8
BLACK
6
CONTINUOUS
10
6.6556280314960627
20
-4.5244022834645667
11
6.6518785039370076
21
-4.5244022834645667
0
LINE
8
BLACK
6
CONTINUOUS
10
6.6518785039370076
20
-4.5244022834645667
11
6.6513024409448818
21
-4.5243455511811019
0
LINE
8
BLACK
6
CONTINUOUS
10
6.6513024409448818
20
-4.5243455511811019
11
6.6502380314960625
21
-4.5239046456692913
0
LINE
8
BLACK
6
CONTINUOUS
10
6.6502380314960625
20
-4.5239046456692913
11
6.6494233858267711
21
-4.5230899999999998
0
LINE
8
BLACK
6
CONTINUOUS
10
6.6494233858267711
20
-4.5230899999999998
11
6.6489824803149604
21
-4.5220255905511806
0
LINE
8
BLACK
6
CONTINUOUS
10
6.6489824803149604
20
-4.5220255905511806
11
6.6489824803149604
21
-4.5208734645669288
0
LINE
8
BLACK
6
CONTINUOUS
10
6.6489824803149604
20
-4.5208734645669288
11
6.6494233858267711
21
-4.5198090551181105
0
LINE
8
BLACK
6
CONTINUOUS
10
6.6494233858267711
20
-4.5198090551181105
11
6.6502380314960625
21
-4.518994409448819
0
LINE
8
BLACK
6
CONTINUOUS
10
6.6502380314960625
20
-4.518994409448819
11
6.6513024409448818
21
-4.5185535039370075
0
LINE
8
BLACK
6
CONTINUOUS
10
6.6513024409448818
20
-4.5185535039370075
11
6.6518785039370076
21
-4.5184967716535436
0
LINE
8
BLACK
6
CONTINUOUS
10
6.6518785039370076
20
-4.5184967716535436
11
6.6551488976377948
21
-4.5184967716535436
0
LINE
8
BLACK
6
CONTINUOUS
10
6.6551488976377948
20
-4.5184967716535436
11
6.6596572834645666
21
-4.5169939370078742
0
LINE
8
BLACK
6
CONTINUOUS
10
6.6596572834645666
20
-4.5169939370078742
11
6.6624210236220467
21
-4.5142301574803145
0
LINE
8
BLACK
6
CONTINUOUS
10
6.6624210236220467
20
-4.5142301574803145
11
6.663923858267716
21
-4.5097217716535436
0
LINE
8
BLACK
6
CONTINUOUS
10
6.663923858267716
20
-4.5097217716535436
11
6.663923858267716
21
-4.4820794488188973
0
LINE
8
BLACK
6
CONTINUOUS
10
6.663923858267716
20
-4.4820794488188973
11
6.6639805905511809
21
-4.4815033858267714
0
LINE
8
BLACK
6
CONTINUOUS
10
6.6639805905511809
20
-4.4815033858267714
11
6.6644214960629924
21
-4.4804389763779531
0
LINE
8
BLACK
6
CONTINUOUS
10
6.6644214960629924
20
-4.4804389763779531
11
6.665236141732283
21
-4.4796243307086616
0
LINE
8
BLACK
6
CONTINUOUS
10
6.665236141732283
20
-4.4796243307086616
11
6.6663005511811022
21
-4.4791834251968501
0
LINE
8
BLACK
6
CONTINUOUS
10
6.6663005511811022
20
-4.4791834251968501
11
6.6674526771653539
21
-4.4791834251968501
0
LINE
8
BLACK
6
CONTINUOUS
10
6.6674526771653539
20
-4.4791834251968501
11
6.6685170866141732
21
-4.4796243307086616
0
LINE
8
BLACK
6
CONTINUOUS
10
6.7086975196850389
20
-4.4791834251968501
11
6.7087144488188972
21
-4.4791904330708663
0
LINE
8
BLACK
6
CONTINUOUS
10
6.7087144488188972
20
-4.4791904330708663
11
6.7087327559055119
21
-4.4791906692913388
0
LINE
8
BLACK
6
CONTINUOUS
10
6.7087327559055119
20
-4.4791906692913388
11
6.7092448031496064
21
-4.4794101181102359
0
LINE
8
BLACK
6
CONTINUOUS
10
6.7092448031496064
20
-4.4794101181102359
11
6.7097619291338582
21
-4.4796243307086616
0
LINE
8
BLACK
6
CONTINUOUS
10
6.7097619291338582
20
-4.4796243307086616
11
6.7097748818897633
21
-4.4796372834645668
0
LINE
8
BLACK
6
CONTINUOUS
10
6.7097748818897633
20
-4.4796372834645668
11
6.7097917322834641
21
-4.4796445275590546
0
LINE
8
BLACK
6
CONTINUOUS
10
6.7097917322834641
20
-4.4796445275590546
11
6.7101812992125982
21
-4.4800437007874017
0
LINE
8
BLACK
6
CONTINUOUS
10
6.7101812992125982
20
-4.4800437007874017
11
6.7105765748031496
21
-4.4804389763779531
0
LINE
8
BLACK
6
CONTINUOUS
10
6.7105765748031496
20
-4.4804389763779531
11
6.7105835826771649
21
-4.4804559055118105
0
LINE
8
BLACK
6
CONTINUOUS
10
6.7105835826771649
20
-4.4804559055118105
11
6.7105964173228347
21
-4.4804690551181103
0
LINE
8
BLACK
6
CONTINUOUS
10
6.7105964173228347
20
-4.4804690551181103
11
6.7108040157480318
21
-4.4809880314960626
0
LINE
8
BLACK
6
CONTINUOUS
10
6.7108040157480318
20
-4.4809880314960626
11
6.7110174803149603
21
-4.4815033858267714
0
LINE
8
BLACK
6
CONTINUOUS
10
6.7110174803149603
20
-4.4815033858267714
11
6.7110174803149603
21
-4.4815216929133861
0
LINE
8
BLACK
6
CONTINUOUS
10
6.7110174803149603
20
-4.4815216929133861
11
6.7110242913385827
21
-4.4815387401574798
0
LINE
8
BLACK
6
CONTINUOUS
10
6.7110242913385827
20
-4.4815387401574798
11
6.7110174803149603
21
-4.4820970078740157
0
LINE
8
BLACK
6
CONTINUOUS
10
6.7110174803149603
20
-4.4820970078740157
11
6.7110174803149603
21
-4.4826555118110232
0
LINE
8
BLACK
6
CONTINUOUS
10
6.7110174803149603
20
-4.4826555118110232
11
6.7110104330708662
21
-4.4826724409448815
0
LINE
8
BLACK
6
CONTINUOUS
10
6.7110104330708662
20
-4.4826724409448815
11
6.7110102362204724
21
-4.4826907874015749
0
LINE
8
BLACK
6
CONTINUOUS
10
6.7110102362204724
20
-4.4826907874015749
11
6.7108354724409445
21
-4.4832425984251971
0
LINE
8
BLACK
6
CONTINUOUS
10
6.7108354724409445
20
-4.4832425984251971
11
6.6939625984251965
21
-4.5226126771653545
0
LINE
8
BLACK
6
CONTINUOUS
10
6.6939625984251965
20
-4.5226126771653545
11
6.6936835433070865
21
-4.5231198031496058
0
LINE
8
BLACK
6
CONTINUOUS
10
6.6936835433070865
20
-4.5231198031496058
11
6.6928589763779529
21
-4.5239244881889764
0
LINE
8
BLACK
6
CONTINUOUS
10
6.6928589763779529
20
-4.5239244881889764
11
6.6917892913385826
21
-4.5243523622047244
0
LINE
8
BLACK
6
CONTINUOUS
10
6.6917892913385826
20
-4.5243523622047244
11
6.6906372834645671
21
-4.5243383070866141
0
LINE
8
BLACK
6
CONTINUOUS
10
6.6906372834645671
20
-4.5243383070866141
11
6.6895783070866139
21
-4.5238844881889761
0
LINE
8
BLACK
6
CONTINUOUS
10
6.6895783070866139
20
-4.5238844881889761
11
6.6887736220472442
21
-4.5230599212598426
0
LINE
8
BLACK
6
CONTINUOUS
10
6.6887736220472442
20
-4.5230599212598426
11
6.6883457480314963
21
-4.5219902362204722
0
LINE
8
BLACK
6
CONTINUOUS
10
6.6883457480314963
20
-4.5219902362204722
11
6.6883598031496065
21
-4.5208382283464568
0
LINE
8
BLACK
6
CONTINUOUS
10
6.6883598031496065
20
-4.5208382283464568
11
6.6885345669291336
21
-4.5202863779527558
0
LINE
8
BLACK
6
CONTINUOUS
10
6.6885345669291336
20
-4.5202863779527558
11
6.7036434645669294
21
-4.4850322047244093
0
LINE
8
BLACK
6
CONTINUOUS
10
6.7036434645669294
20
-4.4850322047244093
11
6.6818747637795273
21
-4.4850322047244093
0
LINE
8
BLACK
6
CONTINUOUS
10
6.6818747637795273
20
-4.4850322047244093
11
6.6812987007874014
21
-4.4849754724409445
0
LINE
8
BLACK
6
CONTINUOUS
10
6.6812987007874014
20
-4.4849754724409445
11
6.6802342913385822
21
-4.4845345669291339
0
LINE
8
BLACK
6
CONTINUOUS
10
6.6802342913385822
20
-4.4845345669291339
11
6.6794196456692916
21
-4.4837199212598424
0
LINE
8
BLACK
6
CONTINUOUS
10
6.6794196456692916
20
-4.4837199212598424
11
6.6789787401574801
21
-4.4826555118110232
0
LINE
8
BLACK
6
CONTINUOUS
10
6.6789787401574801
20
-4.4826555118110232
11
6.6789787401574801
21
-4.4815033858267714
0
LINE
8
BLACK
6
CONTINUOUS
10
6.6789787401574801
20
-4.4815033858267714
11
6.6794196456692916
21
-4.4804389763779531
0
LINE
8
BLACK
6
CONTINUOUS
10
6.6794196456692916
20
-4.4804389763779531
11
6.6802342913385822
21
-4.4796243307086616
0
LINE
8
BLACK
6
CONTINUOUS
10
6.6802342913385822
20
-4.4796243307086616
11
6.6812987007874014
21
-4.4791834251968501
0
LINE
8
BLACK
6
CONTINUOUS
10
6.6812987007874014
20
-4.4791834251968501
11
6.6818747637795273
21
-4.4791266929133862
0
LINE
8
BLACK
6
CONTINUOUS
10
6.6818747637795273
20
-4.4791266929133862
11
6.708121456692913
21
-4.4791266929133862
0
LINE
8
BLACK
6
CONTINUOUS
10
6.708121456692913
20
-4.4791266929133862
11
6.7086975196850389
21
-4.4791834251968501
0
LINE
8
BLACK
6
CONTINUOUS
10
4.6315485826771656
20
-4.4767896850393702
11
4.6323632283464562
21
-4.4776043307086617
0
LINE
8
BLACK
6
CONTINUOUS
10
4.6323632283464562
20
-4.4776043307086617
11
4.6328041338582677
21
-4.4786687401574801
0
LINE
8
BLACK
6
CONTINUOUS
10
4.6328041338582677
20
-4.4786687401574801
11
4.6328608661417325
21
-4.4792448031496059
0
LINE
8
BLACK
6
CONTINUOUS
10
4.6328608661417325
20
-4.4792448031496059
11
4.6328608661417325
21
-4.5073662598425193
0
LINE
8
BLACK
6
CONTINUOUS
10
4.6328608661417325
20
-4.5073662598425193
11
4.632832125984252
21
-4.507657834645669
0
LINE
8
BLACK
6
CONTINUOUS
10
4.632832125984252
20
-4.507657834645669
11
4.6328376771653543
21
-4.5077355905511807
0
LINE
8
BLACK
6
CONTINUOUS
10
4.6328376771653543
20
-4.5077355905511807
11
4.6328144094488186
21
-4.5078378346456693
0
LINE
8
BLACK
6
CONTINUOUS
10
4.6328144094488186
20
-4.5078378346456693
11
4.6328041338582677
21
-4.5079423228346451
0
LINE
8
BLACK
6
CONTINUOUS
10
4.6328041338582677
20
-4.5079423228346451
11
4.6327742519685042
21
-4.5080143700787403
0
LINE
8
BLACK
6
CONTINUOUS
10
4.6327742519685042
20
-4.5080143700787403
11
4.6327093307086615
21
-4.5083000393700789
0
LINE
8
BLACK
6
CONTINUOUS
10
4.6327093307086615
20
-4.5083000393700789
11
4.630834566929134
21
-4.5139242913385829
0
LINE
8
BLACK
6
CONTINUOUS
10
4.630834566929134
20
-4.5139242913385829
11
4.6305985826771652
21
-4.5144528740157481
0
LINE
8
BLACK
6
CONTINUOUS
10
4.6305985826771652
20
-4.5144528740157481
11
4.6305290551181102
21
-4.514532992125984
0
LINE
8
BLACK
6
CONTINUOUS
10
4.6305290551181102
20
-4.514532992125984
11
4.6304885039370074
21
-4.5146309842519683
0
LINE
8
BLACK
6
CONTINUOUS
10
4.6304885039370074
20
-4.5146309842519683
11
4.6301212992125986
21
-4.5150784251968501
0
LINE
8
BLACK
6
CONTINUOUS
10
4.6301212992125986
20
-4.5150784251968501
11
4.6263717322834648
21
-4.5188280314960627
0
LINE
8
BLACK
6
CONTINUOUS
10
4.6263717322834648
20
-4.5188280314960627
11
4.625924291338583
21
-4.5191952362204724
0
LINE
8
BLACK
6
CONTINUOUS
10
4.625924291338583
20
-4.5191952362204724
11
4.6258262204724412
21
-4.519235826771653
0
LINE
8
BLACK
6
CONTINUOUS
10
4.6258262204724412
20
-4.519235826771653
11
4.6257461023622044
21
-4.5193053543307089
0
LINE
8
BLACK
6
CONTINUOUS
10
4.6257461023622044
20
-4.5193053543307089
11
4.6252175590551179
21
-4.5195413385826768
0
LINE
8
BLACK
6
CONTINUOUS
10
4.6252175590551179
20
-4.5195413385826768
11
4.6195932677165352
21
-4.5214161023622044
0
LINE
8
BLACK
6
CONTINUOUS
10
4.6195932677165352
20
-4.5214161023622044
11
4.6193076771653541
21
-4.5214810236220471
0
LINE
8
BLACK
6
CONTINUOUS
10
4.6193076771653541
20
-4.5214810236220471
11
4.619235590551181
21
-4.5215109055118106
0
LINE
8
BLACK
6
CONTINUOUS
10
4.619235590551181
20
-4.5215109055118106
11
4.6191310629921256
21
-4.5215211811023623
0
LINE
8
BLACK
6
CONTINUOUS
10
4.6191310629921256
20
-4.5215211811023623
11
4.6190288188976378
21
-4.5215444488188972
0
LINE
8
BLACK
6
CONTINUOUS
10
4.6190288188976378
20
-4.5215444488188972
11
4.6189510629921262
21
-4.5215388976377948
0
LINE
8
BLACK
6
CONTINUOUS
10
4.6189510629921262
20
-4.5215388976377948
11
4.6186595275590552
21
-4.5215676377952754
0
LINE
8
BLACK
6
CONTINUOUS
10
4.6186595275590552
20
-4.5215676377952754
11
4.6149100000000001
21
-4.5215676377952754
0
LINE
8
BLACK
6
CONTINUOUS
10
4.6149100000000001
20
-4.5215676377952754
11
4.6143339370078742
21
-4.5215109055118106
0
LINE
8
BLACK
6
CONTINUOUS
10
4.6143339370078742
20
-4.5215109055118106
11
4.6132695275590549
21
-4.5210699999999999
0
LINE
8
BLACK
6
CONTINUOUS
10
4.6132695275590549
20
-4.5210699999999999
11
4.6124548818897635
21
-4.5202553543307085
0
LINE
8
BLACK
6
CONTINUOUS
10
4.6124548818897635
20
-4.5202553543307085
11
4.6120139763779529
21
-4.5191909448818901
0
LINE
8
BLACK
6
CONTINUOUS
10
4.6120139763779529
20
-4.5191909448818901
11
4.6120139763779529
21
-4.5180388188976375
0
LINE
8
BLACK
6
CONTINUOUS
10
4.6120139763779529
20
-4.5180388188976375
11
4.6124548818897635
21
-4.5169744094488191
0
LINE
8
BLACK
6
CONTINUOUS
10
4.6124548818897635
20
-4.5169744094488191
11
4.6132695275590549
21
-4.5161597637795277
0
LINE
8
BLACK
6
CONTINUOUS
10
4.6132695275590549
20
-4.5161597637795277
11
4.6143339370078742
21
-4.5157188582677161
0
LINE
8
BLACK
6
CONTINUOUS
10
4.6143339370078742
20
-4.5157188582677161
11
4.6149100000000001
21
-4.5156621259842522
0
LINE
8
BLACK
6
CONTINUOUS
10
4.6149100000000001
20
-4.5156621259842522
11
4.6181803937007873
21
-4.5156621259842522
0
LINE
8
BLACK
6
CONTINUOUS
10
4.6181803937007873
20
-4.5156621259842522
11
4.6226887795275591
21
-4.5141592913385828
0
LINE
8
BLACK
6
CONTINUOUS
10
4.6226887795275591
20
-4.5141592913385828
11
4.6254525196850391
21
-4.5113955118110232
0
LINE
8
BLACK
6
CONTINUOUS
10
4.6254525196850391
20
-4.5113955118110232
11
4.6269553543307085
21
-4.5068871259842522
0
LINE
8
BLACK
6
CONTINUOUS
10
4.6269553543307085
20
-4.5068871259842522
11
4.6269553543307085
21
-4.4792448031496059
0
LINE
8
BLACK
6
CONTINUOUS
10
4.6269553543307085
20
-4.4792448031496059
11
4.6270120866141733
21
-4.4786687401574801
0
LINE
8
BLACK
6
CONTINUOUS
10
4.6270120866141733
20
-4.4786687401574801
11
4.6274529921259839
21
-4.4776043307086617
0
LINE
8
BLACK
6
CONTINUOUS
10
4.6274529921259839
20
-4.4776043307086617
11
4.6282676377952754
21
-4.4767896850393702
0
LINE
8
BLACK
6
CONTINUOUS
10
4.6282676377952754
20
-4.4767896850393702
11
4.6293320472440946
21
-4.4763487795275587
0
LINE
8
BLACK
6
CONTINUOUS
10
4.6293320472440946
20
-4.4763487795275587
11
4.6304841732283464
21
-4.4763487795275587
0
LINE
8
BLACK
6
CONTINUOUS
10
4.6304841732283464
20
-4.4763487795275587
11
4.6315485826771656
21
-4.4767896850393702
0
LINE
8
BLACK
6
CONTINUOUS
10
4.6623551968503936
20
-4.4763487795275587
11
4.6624531889763778
21
-4.4763893700787403
0
LINE
8
BLACK
6
CONTINUOUS
10
4.6624531889763778
20
-4.4763893700787403
11
4.6625590157480312
21
-4.4763968897637794
0
LINE
8
BLACK
6
CONTINUOUS
10
4.6625590157480312
20
-4.4763968897637794
11
4.6630996456692912
21
-4.4766037795275588
0
LINE
8
BLACK
6
CONTINUOUS
10
4.6630996456692912
20
-4.4766037795275588
11
4.6668491732283464
21
-4.4784785433070864
0
LINE
8
BLACK
6
CONTINUOUS
10
4.6668491732283464
20
-4.4784785433070864
11
4.6670971653543303
21
-4.4786346062992122
0
LINE
8
BLACK
6
CONTINUOUS
10
4.6670971653543303
20
-4.4786346062992122
11
4.6671691338582679
21
-4.4786644488188978
0
LINE
8
BLACK
6
CONTINUOUS
10
4.6671691338582679
20
-4.4786644488188978
11
4.6672500787401576
21
-4.478730905511811
0
LINE
8
BLACK
6
CONTINUOUS
10
4.6672500787401576
20
-4.478730905511811
11
4.6673390551181102
21
-4.4787868897637795
0
LINE
8
BLACK
6
CONTINUOUS
10
4.6673390551181102
20
-4.4787868897637795
11
4.6673901968503939
21
-4.4788458661417323
0
LINE
8
BLACK
6
CONTINUOUS
10
4.6673901968503939
20
-4.4788458661417323
11
4.6676165748031497
21
-4.4790316535433066
0
LINE
8
BLACK
6
CONTINUOUS
10
4.6676165748031497
20
-4.4790316535433066
11
4.6694913385826773
21
-4.4809064173228341
0
LINE
8
BLACK
6
CONTINUOUS
10
4.6694913385826773
20
-4.4809064173228341
11
4.6696770866141728
21
-4.4811327559055121
0
LINE
8
BLACK
6
CONTINUOUS
10
4.6696770866141728
20
-4.4811327559055121
11
4.6697361023622044
21
-4.4811839370078737
0
LINE
8
BLACK
6
CONTINUOUS
10
4.6697361023622044
20
-4.4811839370078737
11
4.6697920472440941
21
-4.4812728740157484
0
LINE
8
BLACK
6
CONTINUOUS
10
4.6697920472440941
20
-4.4812728740157484
11
4.6698585433070869
21
-4.4813538582677168
0
LINE
8
BLACK
6
CONTINUOUS
10
4.6698585433070869
20
-4.4813538582677168
11
4.6698883464566929
21
-4.4814257874015748
0
LINE
8
BLACK
6
CONTINUOUS
10
4.6698883464566929
20
-4.4814257874015748
11
4.6700444488188975
21
-4.4816738188976375
0
LINE
8
BLACK
6
CONTINUOUS
10
4.6700444488188975
20
-4.4816738188976375
11
4.671919212598425
21
-4.4854233464566926
0
LINE
8
BLACK
6
CONTINUOUS
10
4.671919212598425
20
-4.4854233464566926
11
4.6721261023622045
21
-4.4859639370078739
0
LINE
8
BLACK
6
CONTINUOUS
10
4.6721261023622045
20
-4.4859639370078739
11
4.6721336220472436
21
-4.486069803149606
0
LINE
8
BLACK
6
CONTINUOUS
10
4.6721336220472436
20
-4.486069803149606
11
4.6721742125984251
21
-4.4861677952755903
0
LINE
8
BLACK
6
CONTINUOUS
10
4.6721742125984251
20
-4.4861677952755903
11
4.6722309448818899
21
-4.4867438582677162
0
LINE
8
BLACK
6
CONTINUOUS
10
4.6722309448818899
20
-4.4867438582677162
11
4.6722309448818899
21
-4.4904933858267713
0
LINE
8
BLACK
6
CONTINUOUS
10
4.6722309448818899
20
-4.4904933858267713
11
4.6722022047244094
21
-4.4907849606299211
0
LINE
8
BLACK
6
CONTINUOUS
10
4.6722022047244094
20
-4.4907849606299211
11
4.6722077559055117
21
-4.4908627165354327
0
LINE
8
BLACK
6
CONTINUOUS
10
4.6722077559055117
20
-4.4908627165354327
11
4.672184488188976
21
-4.4909649606299213
0
LINE
8
BLACK
6
CONTINUOUS
10
4.672184488188976
20
-4.4909649606299213
11
4.6721742125984251
21
-4.4910694488188971
0
LINE
8
BLACK
6
CONTINUOUS
10
4.6721742125984251
20
-4.4910694488188971
11
4.6721443307086616
21
-4.4911414960629923
0
LINE
8
BLACK
6
CONTINUOUS
10
4.6721443307086616
20
-4.4911414960629923
11
4.6720794094488189
21
-4.491427165354331
0
LINE
8
BLACK
6
CONTINUOUS
10
4.6720794094488189
20
-4.491427165354331
11
4.6702046456692914
21
-4.4970514173228349
0
LINE
8
BLACK
6
CONTINUOUS
10
4.6702046456692914
20
-4.4970514173228349
11
4.6699686614173226
21
-4.4975800000000001
0
LINE
8
BLACK
6
CONTINUOUS
10
4.6699686614173226
20
-4.4975800000000001
11
4.6698991732283464
21
-4.4976600787401573
0
LINE
8
BLACK
6
CONTINUOUS
10
4.6698991732283464
20
-4.4976600787401573
11
4.6698585826771648
21
-4.497758149606299
0
LINE
8
BLACK
6
CONTINUOUS
10
4.6698585826771648
20
-4.497758149606299
11
4.6694913385826773
21
-4.4982055905511809
0
LINE
8
BLACK
6
CONTINUOUS
10
4.6694913385826773
20
-4.4982055905511809
11
4.6520348425196847
21
-4.5156621259842522
0
LINE
8
BLACK
6
CONTINUOUS
10
4.6520348425196847
20
-4.5156621259842522
11
4.6692781889763779
21
-4.5156621259842522
0
LINE
8
BLACK
6
CONTINUOUS
10
4.6692781889763779
20
-4.5156621259842522
11
4.6698542519685038
21
-4.5157188582677161
0
LINE
8
BLACK
6
CONTINUOUS
10
4.6698542519685038
20
-4.5157188582677161
11
4.670918661417323
21
-4.5161597637795277
0
LINE
8
BLACK
6
CONTINUOUS
10
4.670918661417323
20
-4.5161597637795277
11
4.6717333070866145
21
-4.5169744094488191
0
LINE
8
BLACK
6
CONTINUOUS
10
4.6717333070866145
20
-4.5169744094488191
11
4.6721742125984251
21
-4.5180388188976375
0
LINE
8
BLACK
6
CONTINUOUS
10
4.6721742125984251
20
-4.5180388188976375
11
4.6721742125984251
21
-4.5191909448818901
0
LINE
8
BLACK
6
CONTINUOUS
10
4.6721742125984251
20
-4.5191909448818901
11
4.6717333070866145
21
-4.5202553543307085
0
LINE
8
BLACK
6
CONTINUOUS
10
4.6717333070866145
20
-4.5202553543307085
11
4.670918661417323
21
-4.5210699999999999
0
LINE
8
BLACK
6
CONTINUOUS
10
4.670918661417323
20
-4.5210699999999999
11
4.6698542519685038
21
-4.5215109055118106
0
LINE
8
BLACK
6
CONTINUOUS
10
4.6698542519685038
20
-4.5215109055118106
11
4.6692781889763779
21
-4.5215676377952754
0
LINE
8
BLACK
6
CONTINUOUS
10
4.6692781889763779
20
-4.5215676377952754
11
4.6449062598425197
21
-4.5215676377952754
0
LINE
8
BLACK
6
CONTINUOUS
10
4.6449062598425197
20
-4.5215676377952754
11
4.6443301968503938
21
-4.5215109055118106
0
LINE
8
BLACK
6
CONTINUOUS
10
4.6443301968503938
20
-4.5215109055118106
11
4.6432657874015746
21
-4.5210699999999999
0
LINE
8
BLACK
6
CONTINUOUS
10
4.6432657874015746
20
-4.5210699999999999
11
4.6424511417322831
21
-4.5202553543307085
0
LINE
8
BLACK
6
CONTINUOUS
10
4.6424511417322831
20
-4.5202553543307085
11
4.6420102362204725
21
-4.5191909448818901
0
LINE
8
BLACK
6
CONTINUOUS
10
4.6420102362204725
20
-4.5191909448818901
11
4.6420102362204725
21
-4.5180388188976375
0
LINE
8
BLACK
6
CONTINUOUS
10
4.6420102362204725
20
-4.5180388188976375
11
4.6424511417322831
21
-4.5169744094488191
0
LINE
8
BLACK
6
CONTINUOUS
10
4.6424511417322831
20
-4.5169744094488191
11
4.6428183464566928
21
-4.5165269685039373
0
LINE
8
BLACK
6
CONTINUOUS
10
4.6428183464566928
20
-4.5165269685039373
11
4.6648225984251965
21
-4.4945226377952752
0
LINE
8
BLACK
6
CONTINUOUS
10
4.6648225984251965
20
-4.4945226377952752
11
4.6663254330708659
21
-4.4900142519685042
0
LINE
8
BLACK
6
CONTINUOUS
10
4.6663254330708659
20
-4.4900142519685042
11
4.6663254330708659
21
-4.4874409055118107
0
LINE
8
BLACK
6
CONTINUOUS
10
4.6663254330708659
20
-4.4874409055118107
11
4.6649766929133856
21
-4.4847434251968501
0
LINE
8
BLACK
6
CONTINUOUS
10
4.6649766929133856
20
-4.4847434251968501
11
4.6637795669291338
21
-4.4835462992125983
0
LINE
8
BLACK
6
CONTINUOUS
10
4.6637795669291338
20
-4.4835462992125983
11
4.6610820866141731
21
-4.482197559055118
0
LINE
8
BLACK
6
CONTINUOUS
10
4.6610820866141731
20
-4.482197559055118
11
4.6531023622047245
21
-4.482197559055118
0
LINE
8
BLACK
6
CONTINUOUS
10
4.6531023622047245
20
-4.482197559055118
11
4.6504048818897639
21
-4.4835462992125983
0
LINE
8
BLACK
6
CONTINUOUS
10
4.6504048818897639
20
-4.4835462992125983
11
4.6488689370078742
21
-4.485082244094488
0
LINE
8
BLACK
6
CONTINUOUS
10
4.6488689370078742
20
-4.485082244094488
11
4.6484214960629924
21
-4.4854494488188976
0
LINE
8
BLACK
6
CONTINUOUS
10
4.6484214960629924
20
-4.4854494488188976
11
4.6473570472440944
21
-4.4858903543307083
0
LINE
8
BLACK
6
CONTINUOUS
10
4.6473570472440944
20
-4.4858903543307083
11
4.6462050000000001
21
-4.4858903543307083
0
LINE
8
BLACK
6
CONTINUOUS
10
4.6462050000000001
20
-4.4858903543307083
11
4.6451405511811021
21
-4.4854494488188976
0
LINE
8
BLACK
6
CONTINUOUS
10
4.6451405511811021
20
-4.4854494488188976
11
4.6443259055118107
21
-4.4846348031496062
0
LINE
8
BLACK
6
CONTINUOUS
10
4.6443259055118107
20
-4.4846348031496062
11
4.643885
21
-4.4835703543307082
0
LINE
8
BLACK
6
CONTINUOUS
10
4.643885
20
-4.4835703543307082
11
4.643885
21
-4.4824183070866139
0
LINE
8
BLACK
6
CONTINUOUS
10
4.643885
20
-4.4824183070866139
11
4.6443259055118107
21
-4.4813538582677168
0
LINE
8
BLACK
6
CONTINUOUS
10
4.6443259055118107
20
-4.4813538582677168
11
4.6446931102362203
21
-4.4809064173228341
0
LINE
8
BLACK
6
CONTINUOUS
10
4.6446931102362203
20
-4.4809064173228341
11
4.6465678740157479
21
-4.4790316535433066
0
LINE
8
BLACK
6
CONTINUOUS
10
4.6465678740157479
20
-4.4790316535433066
11
4.646794212598425
21
-4.4788458661417323
0
LINE
8
BLACK
6
CONTINUOUS
10
4.646794212598425
20
-4.4788458661417323
11
4.6468453937007874
21
-4.4787868897637795
0
LINE
8
BLACK
6
CONTINUOUS
10
4.6468453937007874
20
-4.4787868897637795
11
4.6469343307086612
21
-4.478730905511811
0
LINE
8
BLACK
6
CONTINUOUS
10
4.6469343307086612
20
-4.478730905511811
11
4.6470153149606297
21
-4.4786644488188978
0
LINE
8
BLACK
6
CONTINUOUS
10
4.6470153149606297
20
-4.4786644488188978
11
4.6470872440944877
21
-4.4786346062992122
0
LINE
8
BLACK
6
CONTINUOUS
10
4.6470872440944877
20
-4.4786346062992122
11
4.6473352755905513
21
-4.4784785433070864
0
LINE
8
BLACK
6
CONTINUOUS
10
4.6473352755905513
20
-4.4784785433070864
11
4.6510848031496064
21
-4.4766037795275588
0
LINE
8
BLACK
6
CONTINUOUS
10
4.6510848031496064
20
-4.4766037795275588
11
4.6516253937007876
21
-4.4763968897637794
0
LINE
8
BLACK
6
CONTINUOUS
10
4.6516253937007876
20
-4.4763968897637794
11
4.6517312598425198
21
-4.4763893307086615
0
LINE
8
BLACK
6
CONTINUOUS
10
4.6517312598425198
20
-4.4763893307086615
11
4.6518292519685041
21
-4.4763487795275587
0
LINE
8
BLACK
6
CONTINUOUS
10
4.6518292519685041
20
-4.4763487795275587
11
4.6524053149606299
21
-4.4762920472440948
0
LINE
8
BLACK
6
CONTINUOUS
10
4.6524053149606299
20
-4.4762920472440948
11
4.6617791338582677
21
-4.4762920472440948
0
LINE
8
BLACK
6
CONTINUOUS
10
4.6617791338582677
20
-4.4762920472440948
11
4.6623551968503936
21
-4.4763487795275587
0
LINE
8
BLACK
6
CONTINUOUS
10
6.46260562992126
20
-4.3693322440944877
11
6.4627854330708656
21
-4.3702362204724405
0
LINE
8
BLACK
6
CONTINUOUS
10
6.4627854330708656
20
-4.3702362204724405
11
6.4627854330708656
21
-4.4273228346456692
0
LINE
8
BLACK
6
CONTINUOUS
10
6.4627854330708656
20
-4.4273228346456692
11
6.46260562992126
21
-4.428226811023622
0
LINE
8
BLACK
6
CONTINUOUS
10
6.46260562992126
20
-4.428226811023622
11
6.4613272047244097
21
-4.4295052362204723
0
LINE
8
BLACK
6
CONTINUOUS
10
6.4613272047244097
20
-4.4295052362204723
11
6.4604232283464569
21
-4.4296850393700788
0
LINE
8
BLACK
6
CONTINUOUS
10
6.4604232283464569
20
-4.4296850393700788
11
6.3919192913385823
21
-4.4296850393700788
0
LINE
8
BLACK
6
CONTINUOUS
10
6.3919192913385823
20
-4.4296850393700788
11
6.3919192913385823
21
-4.4662992125984253
0
LINE
8
BLACK
6
CONTINUOUS
10
6.3919192913385823
20
-4.4662992125984253
11
6.3917394881889766
21
-4.4672031889763781
0
LINE
8
BLACK
6
CONTINUOUS
10
6.3917394881889766
20
-4.4672031889763781
11
6.3904610629921255
21
-4.4684816141732284
0
LINE
8
BLACK
6
CONTINUOUS
10
6.3904610629921255
20
-4.4684816141732284
11
6.3886531102362207
21
-4.4684816141732284
0
LINE
8
BLACK
6
CONTINUOUS
10
6.3886531102362207
20
-4.4684816141732284
11
6.3873746850393696
21
-4.4672031889763781
0
LINE
8
BLACK
6
CONTINUOUS
10
6.3873746850393696
20
-4.4672031889763781
11
6.3871948818897639
21
-4.4662992125984253
0
LINE
8
BLACK
6
CONTINUOUS
10
6.3871948818897639
20
-4.4662992125984253
11
6.3871948818897639
21
-4.4273228346456692
0
LINE
8
BLACK
6
CONTINUOUS
10
6.3871948818897639
20
-4.4273228346456692
11
6.3873746850393696
21
-4.4264188582677164
0
LINE
8
BLACK
6
CONTINUOUS
10
6.3873746850393696
20
-4.4264188582677164
11
6.3886531102362207
21
-4.4251404330708661
0
LINE
8
BLACK
6
CONTINUOUS
10
6.3886531102362207
20
-4.4251404330708661
11
6.3895570866141727
21
-4.4249606299212596
0
LINE
8
BLACK
6
CONTINUOUS
10
6.3895570866141727
20
-4.4249606299212596
11
6.4580610236220473
21
-4.4249606299212596
0
LINE
8
BLACK
6
CONTINUOUS
10
6.4580610236220473
20
-4.4249606299212596
11
6.4580610236220473
21
-4.3702362204724405
0
LINE
8
BLACK
6
CONTINUOUS
10
6.4580610236220473
20
-4.3702362204724405
11
6.4582408267716538
21
-4.3693322440944877
0
LINE
8
BLACK
6
CONTINUOUS
10
6.4582408267716538
20
-4.3693322440944877
11
6.4595192519685041
21
-4.3680538188976374
0
LINE
8
BLACK
6
CONTINUOUS
10
6.4595192519685041
20
-4.3680538188976374
11
6.4613272047244097
21
-4.3680538188976374
0
LINE
8
BLACK
6
CONTINUOUS
10
6.4613272047244097
20
-4.3680538188976374
11
6.46260562992126
21
-4.3693322440944877
0
LINE
8
BLACK
6
CONTINUOUS
10
5.4443182283464564
20
-4.3664975984251964
11
5.4444980314960629
21
-4.3674015748031492
0
LINE
8
BLACK
6
CONTINUOUS
10
5.4444980314960629
20
-4.3674015748031492
11
5.4444980314960629
21
-4.4244881889763779
0
LINE
8
BLACK
6
CONTINUOUS
10
5.4444980314960629
20
-4.4244881889763779
11
5.4443182283464564
21
-4.4253921653543307
0
LINE
8
BLACK
6
CONTINUOUS
10
5.4443182283464564
20
-4.4253921653543307
11
5.4430398031496061
21
-4.426670590551181
0
LINE
8
BLACK
6
CONTINUOUS
10
5.4430398031496061
20
-4.426670590551181
11
5.4421358267716533
21
-4.4268503937007875
0
LINE
8
BLACK
6
CONTINUOUS
10
5.4421358267716533
20
-4.4268503937007875
11
5.3736318897637796
21
-4.4268503937007875
0
LINE
8
BLACK
6
CONTINUOUS
10
5.3736318897637796
20
-4.4268503937007875
11
5.3736318897637796
21
-4.463464566929134
0
LINE
8
BLACK
6
CONTINUOUS
10
5.3736318897637796
20
-4.463464566929134
11
5.3734520866141731
21
-4.4643685433070868
0
LINE
8
BLACK
6
CONTINUOUS
10
5.3734520866141731
20
-4.4643685433070868
11
5.3721736614173228
21
-4.4656469685039371
0
LINE
8
BLACK
6
CONTINUOUS
10
5.3721736614173228
20
-4.4656469685039371
11
5.3703657086614172
21
-4.4656469685039371
0
LINE
8
BLACK
6
CONTINUOUS
10
5.3703657086614172
20
-4.4656469685039371
11
5.3690872834645669
21
-4.4643685433070868
0
LINE
8
BLACK
6
CONTINUOUS
10
5.3690872834645669
20
-4.4643685433070868
11
5.3689074803149603
21
-4.463464566929134
0
LINE
8
BLACK
6
CONTINUOUS
10
5.3689074803149603
20
-4.463464566929134
11
5.3689074803149603
21
-4.4244881889763779
0
LINE
8
BLACK
6
CONTINUOUS
10
5.3689074803149603
20
-4.4244881889763779
11
5.3690872834645669
21
-4.423584212598425
0
LINE
8
BLACK
6
CONTINUOUS
10
5.3690872834645669
20
-4.423584212598425
11
5.3703657086614172
21
-4.4223057874015748
0
LINE
8
BLACK
6
CONTINUOUS
10
5.3703657086614172
20
-4.4223057874015748
11
5.37126968503937
21
-4.4221259842519682
0
LINE
8
BLACK
6
CONTINUOUS
10
5.37126968503937
20
-4.4221259842519682
11
5.4397736220472437
21
-4.4221259842519682
0
LINE
8
BLACK
6
CONTINUOUS
10
5.4397736220472437
20
-4.4221259842519682
11
5.4397736220472437
21
-4.3674015748031492
0
LINE
8
BLACK
6
CONTINUOUS
10
5.4397736220472437
20
-4.3674015748031492
11
5.4399534251968502
21
-4.3664975984251964
0
LINE
8
BLACK
6
CONTINUOUS
10
5.4399534251968502
20
-4.3664975984251964
11
5.4412318503937005
21
-4.3652191732283461
0
LINE
8
BLACK
6
CONTINUOUS
10
5.4412318503937005
20
-4.3652191732283461
11
5.4430398031496061
21
-4.3652191732283461
0
LINE
8
BLACK
6
CONTINUOUS
10
5.4430398031496061
20
-4.3652191732283461
11
5.4443182283464564
21
-4.3664975984251964
0
LINE
8
BLACK
6
CONTINUOUS
10
5.9780682283464568
20
-4.3664975984251964
11
5.9782480314960624
21
-4.3674015748031492
0
LINE
8
BLACK
6
CONTINUOUS
10
5.9782480314960624
20
-4.3674015748031492
11
5.9782480314960624
21
-4.4244881889763779
0
LINE
8
BLACK
6
CONTINUOUS
10
5.9782480314960624
20
-4.4244881889763779
11
5.9780682283464568
21
-4.4253921653543307
0
LINE
8
BLACK
6
CONTINUOUS
10
5.9780682283464568
20
-4.4253921653543307
11
5.9767898031496065
21
-4.426670590551181
0
LINE
8
BLACK
6
CONTINUOUS
10
5.9767898031496065
20
-4.426670590551181
11
5.9758858267716537
21
-4.4268503937007875
0
LINE
8
BLACK
6
CONTINUOUS
10
5.9758858267716537
20
-4.4268503937007875
11
5.9073818897637791
21
-4.4268503937007875
0
LINE
8
BLACK
6
CONTINUOUS
10
5.9073818897637791
20
-4.4268503937007875
11
5.9073818897637791
21
-4.463464566929134
0
LINE
8
BLACK
6
CONTINUOUS
10
5.9073818897637791
20
-4.463464566929134
11
5.9072020866141735
21
-4.4643685433070868
0
LINE
8
BLACK
6
CONTINUOUS
10
5.9072020866141735
20
-4.4643685433070868
11
5.9059236614173223
21
-4.4656469685039371
0
LINE
8
BLACK
6
CONTINUOUS
10
5.9059236614173223
20
-4.4656469685039371
11
5.9041157086614175
21
-4.4656469685039371
0
LINE
8
BLACK
6
CONTINUOUS
10
5.9041157086614175
20
-4.4656469685039371
11
5.9028372834645664
21
-4.4643685433070868
0
LINE
8
BLACK
6
CONTINUOUS
10
5.9028372834645664
20
-4.4643685433070868
11
5.9026574803149607
21
-4.463464566929134
0
LINE
8
BLACK
6
CONTINUOUS
10
5.9026574803149607
20
-4.463464566929134
11
5.9026574803149607
21
-4.4244881889763779
0
LINE
8
BLACK
6
CONTINUOUS
10
5.9026574803149607
20
-4.4244881889763779
11
5.9028372834645664
21
-4.423584212598425
0
LINE
8
BLACK
6
CONTINUOUS
10
5.9028372834645664
20
-4.423584212598425
11
5.9041157086614175
21
-4.4223057874015748
0
LINE
8
BLACK
6
CONTINUOUS
10
5.9041157086614175
20
-4.4223057874015748
11
5.9050196850393704
21
-4.4221259842519682
0
LINE
8
BLACK
6
CONTINUOUS
10
5.9050196850393704
20
-4.4221259842519682
11
5.9735236220472441
21
-4.4221259842519682
0
LINE
8
BLACK
6
CONTINUOUS
10
5.9735236220472441
20
-4.4221259842519682
11
5.9735236220472441
21
-4.3674015748031492
0
LINE
8
BLACK
6
CONTINUOUS
10
5.9735236220472441
20
-4.3674015748031492
11
5.9737034251968506
21
-4.3664975984251964
0
LINE
8
BLACK
6
CONTINUOUS
10
5.9737034251968506
20
-4.3664975984251964
11
5.9749818503937009
21
-4.3652191732283461
0
LINE
8
BLACK
6
CONTINUOUS
10
5.9749818503937009
20
-4.3652191732283461
11
5.9767898031496065
21
-4.3652191732283461
0
LINE
8
BLACK
6
CONTINUOUS
10
5.9767898031496065
20
-4.3652191732283461
11
5.9780682283464568
21
-4.3664975984251964
0
LINE
8
BLACK
6
CONTINUOUS
10
6.8489146850393698
20
-4.3593322440944879
11
6.8490944881889764
21
-4.3602362204724407
0
LINE
8
BLACK
6
CONTINUOUS
10
6.8490944881889764
20
-4.3602362204724407
11
6.8490944881889764
21
-4.4173228346456694
0
LINE
8
BLACK
6
CONTINUOUS
10
6.8490944881889764
20
-4.4173228346456694
11
6.8489146850393698
21
-4.4182268110236222
0
LINE
8
BLACK
6
CONTINUOUS
10
6.8489146850393698
20
-4.4182268110236222
11
6.8476362598425196
21
-4.4195052362204725
0
LINE
8
BLACK
6
CONTINUOUS
10
6.8476362598425196
20
-4.4195052362204725
11
6.8467322834645667
21
-4.4196850393700791
0
LINE
8
BLACK
6
CONTINUOUS
10
6.8467322834645667
20
-4.4196850393700791
11
6.778228346456693
21
-4.4196850393700791
0
LINE
8
BLACK
6
CONTINUOUS
10
6.778228346456693
20
-4.4196850393700791
11
6.778228346456693
21
-4.4562992125984247
0
LINE
8
BLACK
6
CONTINUOUS
10
6.778228346456693
20
-4.4562992125984247
11
6.7780485433070865
21
-4.4572031889763775
0
LINE
8
BLACK
6
CONTINUOUS
10
6.7780485433070865
20
-4.4572031889763775
11
6.7767701181102362
21
-4.4584816141732286
0
LINE
8
BLACK
6
CONTINUOUS
10
6.7767701181102362
20
-4.4584816141732286
11
6.7749621653543306
21
-4.4584816141732286
0
LINE
8
BLACK
6
CONTINUOUS
10
6.7749621653543306
20
-4.4584816141732286
11
6.7736837401574803
21
-4.4572031889763775
0
LINE
8
BLACK
6
CONTINUOUS
10
6.7736837401574803
20
-4.4572031889763775
11
6.7735039370078738
21
-4.4562992125984247
0
LINE
8
BLACK
6
CONTINUOUS
10
6.7735039370078738
20
-4.4562992125984247
11
6.7735039370078738
21
-4.4173228740157482
0
LINE
8
BLACK
6
CONTINUOUS
10
6.7735039370078738
20
-4.4173228740157482
11
6.7736837401574803
21
-4.4164188976377954
0
LINE
8
BLACK
6
CONTINUOUS
10
6.7736837401574803
20
-4.4164188976377954
11
6.7749621653543306
21
-4.4151404724409451
0
LINE
8
BLACK
6
CONTINUOUS
10
6.7749621653543306
20
-4.4151404724409451
11
6.7758661417322834
21
-4.4149606692913386
0
LINE
8
BLACK
6
CONTINUOUS
10
6.7758661417322834
20
-4.4149606692913386
11
6.8443700787401571
21
-4.4149606299212598
0
LINE
8
BLACK
6
CONTINUOUS
10
6.8443700787401571
20
-4.4149606299212598
11
6.8443700787401571
21
-4.3602362204724407
0
LINE
8
BLACK
6
CONTINUOUS
10
6.8443700787401571
20
-4.3602362204724407
11
6.8445498818897637
21
-4.3593322440944879
0
LINE
8
BLACK
6
CONTINUOUS
10
6.8445498818897637
20
-4.3593322440944879
11
6.8458283070866139
21
-4.3580538188976377
0
LINE
8
BLACK
6
CONTINUOUS
10
6.8458283070866139
20
-4.3580538188976377
11
6.8476362598425196
21
-4.3580538188976377
0
LINE
8
BLACK
6
CONTINUOUS
10
6.8476362598425196
20
-4.3580538188976377
11
6.8489146850393698
21
-4.3593322440944879
0
LINE
8
BLACK
6
CONTINUOUS
10
4.959583976377953
20
-4.3564975984251966
11
4.9597637795275586
21
-4.3574015748031494
0
LINE
8
BLACK
6
CONTINUOUS
10
4.9597637795275586
20
-4.3574015748031494
11
4.9597637795275586
21
-4.4144881889763781
0
LINE
8
BLACK
6
CONTINUOUS
10
4.9597637795275586
20
-4.4144881889763781
11
4.959583976377953
21
-4.4153921653543309
0
LINE
8
BLACK
6
CONTINUOUS
10
4.959583976377953
20
-4.4153921653543309
11
4.9583055511811018
21
-4.4166705905511812
0
LINE
8
BLACK
6
CONTINUOUS
10
4.9583055511811018
20
-4.4166705905511812
11
4.9574015748031499
21
-4.4168503937007877
0
LINE
8
BLACK
6
CONTINUOUS
10
4.9574015748031499
20
-4.4168503937007877
11
4.8888976377952753
21
-4.4168503937007877
0
LINE
8
BLACK
6
CONTINUOUS
10
4.8888976377952753
20
-4.4168503937007877
11
4.8888976377952753
21
-4.4534645669291342
0
LINE
8
BLACK
6
CONTINUOUS
10
4.8888976377952753
20
-4.4534645669291342
11
4.8887178346456688
21
-4.4543685433070861
0
LINE
8
BLACK
6
CONTINUOUS
10
4.8887178346456688
20
-4.4543685433070861
11
4.8874394094488185
21
-4.4556469685039373
0
LINE
8
BLACK
6
CONTINUOUS
10
4.8874394094488185
20
-4.4556469685039373
11
4.8856314566929129
21
-4.4556469685039373
0
LINE
8
BLACK
6
CONTINUOUS
10
4.8856314566929129
20
-4.4556469685039373
11
4.8843530314960626
21
-4.4543685433070861
0
LINE
8
BLACK
6
CONTINUOUS
10
4.8843530314960626
20
-4.4543685433070861
11
4.884173228346457
21
-4.4534645669291342
0
LINE
8
BLACK
6
CONTINUOUS
10
4.884173228346457
20
-4.4534645669291342
11
4.884173228346457
21
-4.4144881889763781
0
LINE
8
BLACK
6
CONTINUOUS
10
4.884173228346457
20
-4.4144881889763781
11
4.8843530314960626
21
-4.4135842125984253
0
LINE
8
BLACK
6
CONTINUOUS
10
4.8843530314960626
20
-4.4135842125984253
11
4.8856314566929129
21
-4.412305787401575
0
LINE
8
BLACK
6
CONTINUOUS
10
4.8856314566929129
20
-4.412305787401575
11
4.8865354330708657
21
-4.4121259842519684
0
LINE
8
BLACK
6
CONTINUOUS
10
4.8865354330708657
20
-4.4121259842519684
11
4.9550393700787403
21
-4.4121259842519684
0
LINE
8
BLACK
6
CONTINUOUS
10
4.9550393700787403
20
-4.4121259842519684
11
4.9550393700787403
21
-4.3574015748031494
0
LINE
8
BLACK
6
CONTINUOUS
10
4.9550393700787403
20
-4.3574015748031494
11
4.9552191732283459
21
-4.3564975984251966
0
LINE
8
BLACK
6
CONTINUOUS
10
4.9552191732283459
20
-4.3564975984251966
11
4.9564975984251971
21
-4.3552191732283463
0
LINE
8
BLACK
6
CONTINUOUS
10
4.9564975984251971
20
-4.3552191732283463
11
4.9583055511811018
21
-4.3552191732283463
0
LINE
8
BLACK
6
CONTINUOUS
10
4.9583055511811018
20
-4.3552191732283463
11
4.959583976377953
21
-4.3564975984251966
0
LINE
8
BLACK
6
CONTINUOUS
10
6.0307158661417324
20
-4.3693322440944877
11
6.030895669291338
21
-4.3702362204724405
0
LINE
8
BLACK
6
CONTINUOUS
10
6.030895669291338
20
-4.3702362204724405
11
6.030895669291338
21
-4.4249606299212596
0
LINE
8
BLACK
6
CONTINUOUS
10
6.030895669291338
20
-4.4249606299212596
11
6.0993996062992126
21
-4.4249606299212596
0
LINE
8
BLACK
6
CONTINUOUS
10
6.0993996062992126
20
-4.4249606299212596
11
6.1003035826771654
21
-4.4251404330708661
0
LINE
8
BLACK
6
CONTINUOUS
10
6.1003035826771654
20
-4.4251404330708661
11
6.1015820078740157
21
-4.4264188582677164
0
LINE
8
BLACK
6
CONTINUOUS
10
6.1015820078740157
20
-4.4264188582677164
11
6.1015820078740157
21
-4.428226811023622
0
LINE
8
BLACK
6
CONTINUOUS
10
6.1015820078740157
20
-4.428226811023622
11
6.1003035826771654
21
-4.4295052362204723
0
LINE
8
BLACK
6
CONTINUOUS
10
6.1003035826771654
20
-4.4295052362204723
11
6.0993996062992126
21
-4.4296850393700788
0
LINE
8
BLACK
6
CONTINUOUS
10
6.0993996062992126
20
-4.4296850393700788
11
6.0285334645669293
21
-4.4296850393700788
0
LINE
8
BLACK
6
CONTINUOUS
10
6.0285334645669293
20
-4.4296850393700788
11
6.0276294881889765
21
-4.4295052362204723
0
LINE
8
BLACK
6
CONTINUOUS
10
6.0276294881889765
20
-4.4295052362204723
11
6.0263510629921262
21
-4.428226811023622
0
LINE
8
BLACK
6
CONTINUOUS
10
6.0263510629921262
20
-4.428226811023622
11
6.0261712598425197
21
-4.4273228346456692
0
LINE
8
BLACK
6
CONTINUOUS
10
6.0261712598425197
20
-4.4273228346456692
11
6.0261712598425197
21
-4.3702362204724405
0
LINE
8
BLACK
6
CONTINUOUS
10
6.0261712598425197
20
-4.3702362204724405
11
6.0263510629921262
21
-4.3693322440944877
0
LINE
8
BLACK
6
CONTINUOUS
10
6.0263510629921262
20
-4.3693322440944877
11
6.0276294881889765
21
-4.3680538188976374
0
LINE
8
BLACK
6
CONTINUOUS
10
6.0276294881889765
20
-4.3680538188976374
11
6.0294374409448821
21
-4.3680538188976374
0
LINE
8
BLACK
6
CONTINUOUS
10
6.0294374409448821
20
-4.3680538188976374
11
6.0307158661417324
21
-4.3693322440944877
0
LINE
8
BLACK
6
CONTINUOUS
10
5.0124284645669288
20
-4.3664975984251964
11
5.0126082677165353
21
-4.3674015748031492
0
LINE
8
BLACK
6
CONTINUOUS
10
5.0126082677165353
20
-4.3674015748031492
11
5.0126082677165353
21
-4.4221259842519682
0
LINE
8
BLACK
6
CONTINUOUS
10
5.0126082677165353
20
-4.4221259842519682
11
5.0811122047244091
21
-4.4221259842519682
0
LINE
8
BLACK
6
CONTINUOUS
10
5.0811122047244091
20
-4.4221259842519682
11
5.0820161811023619
21
-4.4223057874015748
0
LINE
8
BLACK
6
CONTINUOUS
10
5.0820161811023619
20
-4.4223057874015748
11
5.0832946062992121
21
-4.423584212598425
0
LINE
8
BLACK
6
CONTINUOUS
10
5.0832946062992121
20
-4.423584212598425
11
5.0832946062992121
21
-4.4253921653543307
0
LINE
8
BLACK
6
CONTINUOUS
10
5.0832946062992121
20
-4.4253921653543307
11
5.0820161811023619
21
-4.426670590551181
0
LINE
8
BLACK
6
CONTINUOUS
10
5.0820161811023619
20
-4.426670590551181
11
5.0811122047244091
21
-4.4268503937007875
0
LINE
8
BLACK
6
CONTINUOUS
10
5.0811122047244091
20
-4.4268503937007875
11
5.0102460629921257
21
-4.4268503937007875
0
LINE
8
BLACK
6
CONTINUOUS
10
5.0102460629921257
20
-4.4268503937007875
11
5.0093420866141729
21
-4.426670590551181
0
LINE
8
BLACK
6
CONTINUOUS
10
5.0093420866141729
20
-4.426670590551181
11
5.0080636614173226
21
-4.4253921653543307
0
LINE
8
BLACK
6
CONTINUOUS
10
5.0080636614173226
20
-4.4253921653543307
11
5.0078838582677161
21
-4.4244881889763779
0
LINE
8
BLACK
6
CONTINUOUS
10
5.0078838582677161
20
-4.4244881889763779
11
5.0078838582677161
21
-4.3674015748031492
0
LINE
8
BLACK
6
CONTINUOUS
10
5.0078838582677161
20
-4.3674015748031492
11
5.0080636614173226
21
-4.3664975984251964
0
LINE
8
BLACK
6
CONTINUOUS
10
5.0080636614173226
20
-4.3664975984251964
11
5.0093420866141729
21
-4.3652191732283461
0
LINE
8
BLACK
6
CONTINUOUS
10
5.0093420866141729
20
-4.3652191732283461
11
5.0111500393700785
21
-4.3652191732283461
0
LINE
8
BLACK
6
CONTINUOUS
10
5.0111500393700785
20
-4.3652191732283461
11
5.0124284645669288
21
-4.3664975984251964
0
LINE
8
BLACK
6
CONTINUOUS
10
5.496965866141732
20
-4.3664975984251964
11
5.4971456692913385
21
-4.3674015748031492
0
LINE
8
BLACK
6
CONTINUOUS
10
5.4971456692913385
20
-4.3674015748031492
11
5.4971456692913385
21
-4.4221259842519682
0
LINE
8
BLACK
6
CONTINUOUS
10
5.4971456692913385
20
-4.4221259842519682
11
5.5656496062992122
21
-4.4221259842519682
0
LINE
8
BLACK
6
CONTINUOUS
10
5.5656496062992122
20
-4.4221259842519682
11
5.566553582677165
21
-4.4223057874015748
0
LINE
8
BLACK
6
CONTINUOUS
10
5.566553582677165
20
-4.4223057874015748
11
5.5678320078740153
21
-4.423584212598425
0
LINE
8
BLACK
6
CONTINUOUS
10
5.5678320078740153
20
-4.423584212598425
11
5.5678320078740153
21
-4.4253921653543307
0
LINE
8
BLACK
6
CONTINUOUS
10
5.5678320078740153
20
-4.4253921653543307
11
5.566553582677165
21
-4.426670590551181
0
LINE
8
BLACK
6
CONTINUOUS
10
5.566553582677165
20
-4.426670590551181
11
5.5656496062992122
21
-4.4268503937007875
0
LINE
8
BLACK
6
CONTINUOUS
10
5.5656496062992122
20
-4.4268503937007875
11
5.4947834645669289
21
-4.4268503937007875
0
LINE
8
BLACK
6
CONTINUOUS
10
5.4947834645669289
20
-4.4268503937007875
11
5.4938794881889761
21
-4.426670590551181
0
LINE
8
BLACK
6
CONTINUOUS
10
5.4938794881889761
20
-4.426670590551181
11
5.4926010629921258
21
-4.4253921653543307
0
LINE
8
BLACK
6
CONTINUOUS
10
5.4926010629921258
20
-4.4253921653543307
11
5.4924212598425193
21
-4.4244881889763779
0
LINE
8
BLACK
6
CONTINUOUS
10
5.4924212598425193
20
-4.4244881889763779
11
5.4924212598425193
21
-4.3674015748031492
0
LINE
8
BLACK
6
CONTINUOUS
10
5.4924212598425193
20
-4.3674015748031492
11
5.4926010629921258
21
-4.3664975984251964
0
LINE
8
BLACK
6
CONTINUOUS
10
5.4926010629921258
20
-4.3664975984251964
11
5.4938794881889761
21
-4.3652191732283461
0
LINE
8
BLACK
6
CONTINUOUS
10
5.4938794881889761
20
-4.3652191732283461
11
5.4956874409448817
21
-4.3652191732283461
0
LINE
8
BLACK
6
CONTINUOUS
10
5.4956874409448817
20
-4.3652191732283461
11
5.496965866141732
21
-4.3664975984251964
0
LINE
8
BLACK
6
CONTINUOUS
10
6.5154501181102358
20
-4.3593322440944879
11
6.5156299212598423
21
-4.3602362204724407
0
LINE
8
BLACK
6
CONTINUOUS
10
6.5156299212598423
20
-4.3602362204724407
11
6.5156299212598423
21
-4.4149606299212598
0
LINE
8
BLACK
6
CONTINUOUS
10
6.5156299212598423
20
-4.4149606299212598
11
6.584133858267716
21
-4.4149606692913386
0
LINE
8
BLACK
6
CONTINUOUS
10
6.584133858267716
20
-4.4149606692913386
11
6.5850378346456688
21
-4.4151404724409451
0
LINE
8
BLACK
6
CONTINUOUS
10
6.5850378346456688
20
-4.4151404724409451
11
6.5863162598425191
21
-4.4164188976377954
0
LINE
8
BLACK
6
CONTINUOUS
10
6.5863162598425191
20
-4.4164188976377954
11
6.5863162598425191
21
-4.418226850393701
0
LINE
8
BLACK
6
CONTINUOUS
10
6.5863162598425191
20
-4.418226850393701
11
6.5850378346456688
21
-4.4195052755905513
0
LINE
8
BLACK
6
CONTINUOUS
10
6.5850378346456688
20
-4.4195052755905513
11
6.584133858267716
21
-4.4196850787401578
0
LINE
8
BLACK
6
CONTINUOUS
10
6.584133858267716
20
-4.4196850787401578
11
6.5132677165354327
21
-4.4196850393700791
0
LINE
8
BLACK
6
CONTINUOUS
10
6.5132677165354327
20
-4.4196850393700791
11
6.5123637401574799
21
-4.4195052362204725
0
LINE
8
BLACK
6
CONTINUOUS
10
6.5123637401574799
20
-4.4195052362204725
11
6.5110853149606296
21
-4.4182268110236222
0
LINE
8
BLACK
6
CONTINUOUS
10
6.5110853149606296
20
-4.4182268110236222
11
6.5109055118110231
21
-4.4173228346456694
0
LINE
8
BLACK
6
CONTINUOUS
10
6.5109055118110231
20
-4.4173228346456694
11
6.5109055118110231
21
-4.3602362204724407
0
LINE
8
BLACK
6
CONTINUOUS
10
6.5109055118110231
20
-4.3602362204724407
11
6.5110853149606296
21
-4.3593322440944879
0
LINE
8
BLACK
6
CONTINUOUS
10
6.5110853149606296
20
-4.3593322440944879
11
6.5123637401574799
21
-4.3580538188976377
0
LINE
8
BLACK
6
CONTINUOUS
10
6.5123637401574799
20
-4.3580538188976377
11
6.5141716929133855
21
-4.3580538188976377
0
LINE
8
BLACK
6
CONTINUOUS
10
6.5141716929133855
20
-4.3580538188976377
11
6.5154501181102358
21
-4.3593322440944879
0
LINE
8
BLACK
6
CONTINUOUS
10
4.3308438188976375
20
-4.3564975984251966
11
4.331023622047244
21
-4.3574015748031494
0
LINE
8
BLACK
6
CONTINUOUS
10
4.331023622047244
20
-4.3574015748031494
11
4.331023622047244
21
-4.4121259842519684
0
LINE
8
BLACK
6
CONTINUOUS
10
4.331023622047244
20
-4.4121259842519684
11
4.3995275590551177
21
-4.4121259842519684
0
LINE
8
BLACK
6
CONTINUOUS
10
4.3995275590551177
20
-4.4121259842519684
11
4.4004315354330705
21
-4.412305787401575
0
LINE
8
BLACK
6
CONTINUOUS
10
4.4004315354330705
20
-4.412305787401575
11
4.4017099606299208
21
-4.4135842125984253
0
LINE
8
BLACK
6
CONTINUOUS
10
4.4017099606299208
20
-4.4135842125984253
11
4.4017099606299208
21
-4.4153921653543309
0
LINE
8
BLACK
6
CONTINUOUS
10
4.4017099606299208
20
-4.4153921653543309
11
4.4004315354330705
21
-4.4166705905511812
0
LINE
8
BLACK
6
CONTINUOUS
10
4.4004315354330705
20
-4.4166705905511812
11
4.3995275590551177
21
-4.4168503937007877
0
LINE
8
BLACK
6
CONTINUOUS
10
4.3995275590551177
20
-4.4168503937007877
11
4.3286614173228344
21
-4.4168503937007877
0
LINE
8
BLACK
6
CONTINUOUS
10
4.3286614173228344
20
-4.4168503937007877
11
4.3277574409448816
21
-4.4166705905511812
0
LINE
8
BLACK
6
CONTINUOUS
10
4.3277574409448816
20
-4.4166705905511812
11
4.3264790157480313
21
-4.4153921653543309
0
LINE
8
BLACK
6
CONTINUOUS
10
4.3264790157480313
20
-4.4153921653543309
11
4.3262992125984248
21
-4.4144881889763781
0
LINE
8
BLACK
6
CONTINUOUS
10
4.3262992125984248
20
-4.4144881889763781
11
4.3262992125984248
21
-4.3574015748031494
0
LINE
8
BLACK
6
CONTINUOUS
10
4.3262992125984248
20
-4.3574015748031494
11
4.3264790157480313
21
-4.3564975984251966
0
LINE
8
BLACK
6
CONTINUOUS
10
4.3264790157480313
20
-4.3564975984251966
11
4.3277574409448816
21
-4.3552191732283463
0
LINE
8
BLACK
6
CONTINUOUS
10
4.3277574409448816
20
-4.3552191732283463
11
4.3295653937007872
21
-4.3552191732283463
0
LINE
8
BLACK
6
CONTINUOUS
10
4.3295653937007872
20
-4.3552191732283463
11
4.3308438188976375
21
-4.3564975984251966
0
LINE
8
BLACK
6
CONTINUOUS
10
6.411327204724409
20
-4.2570302362204719
11
6.4126056299212593
21
-4.2583086614173231
0
LINE
8
BLACK
6
CONTINUOUS
10
6.4126056299212593
20
-4.2583086614173231
11
6.4126056299212593
21
-4.2601166141732278
0
LINE
8
BLACK
6
CONTINUOUS
10
6.4126056299212593
20
-4.2601166141732278
11
6.411327204724409
21
-4.261395039370079
0
LINE
8
BLACK
6
CONTINUOUS
10
6.411327204724409
20
-4.261395039370079
11
6.4104232283464562
21
-4.2615748425196847
0
LINE
8
BLACK
6
CONTINUOUS
10
6.4104232283464562
20
-4.2615748425196847
11
6.0785334645669291
21
-4.2615748425196847
0
LINE
8
BLACK
6
CONTINUOUS
10
6.0785334645669291
20
-4.2615748425196847
11
6.0776294881889763
21
-4.261395039370079
0
LINE
8
BLACK
6
CONTINUOUS
10
6.0776294881889763
20
-4.261395039370079
11
6.076351062992126
21
-4.2601166141732278
0
LINE
8
BLACK
6
CONTINUOUS
10
6.076351062992126
20
-4.2601166141732278
11
6.076351062992126
21
-4.2583086614173231
0
LINE
8
BLACK
6
CONTINUOUS
10
6.076351062992126
20
-4.2583086614173231
11
6.0776294881889763
21
-4.2570302362204719
0
LINE
8
BLACK
6
CONTINUOUS
10
6.0776294881889763
20
-4.2570302362204719
11
6.0785334645669291
21
-4.2568504330708663
0
LINE
8
BLACK
6
CONTINUOUS
10
6.0785334645669291
20
-4.2568504330708663
11
6.4104232283464562
21
-4.2568504330708663
0
LINE
8
BLACK
6
CONTINUOUS
10
6.4104232283464562
20
-4.2568504330708663
11
6.411327204724409
21
-4.2570302362204719
0
LINE
8
BLACK
6
CONTINUOUS
10
5.3930398031496063
20
-4.2541955905511806
11
5.3943182283464566
21
-4.2554740157480317
0
LINE
8
BLACK
6
CONTINUOUS
10
5.3943182283464566
20
-4.2554740157480317
11
5.3943182283464566
21
-4.2572819685039365
0
LINE
8
BLACK
6
CONTINUOUS
10
5.3943182283464566
20
-4.2572819685039365
11
5.3930398031496063
21
-4.2585603937007876
0
LINE
8
BLACK
6
CONTINUOUS
10
5.3930398031496063
20
-4.2585603937007876
11
5.3921358267716535
21
-4.2587401968503933
0
LINE
8
BLACK
6
CONTINUOUS
10
5.3921358267716535
20
-4.2587401968503933
11
5.0602460629921255
21
-4.2587401968503933
0
LINE
8
BLACK
6
CONTINUOUS
10
5.0602460629921255
20
-4.2587401968503933
11
5.0593420866141727
21
-4.2585603937007876
0
LINE
8
BLACK
6
CONTINUOUS
10
5.0593420866141727
20
-4.2585603937007876
11
5.0580636614173224
21
-4.2572819685039365
0
LINE
8
BLACK
6
CONTINUOUS
10
5.0580636614173224
20
-4.2572819685039365
11
5.0580636614173224
21
-4.2554740157480317
0
LINE
8
BLACK
6
CONTINUOUS
10
5.0580636614173224
20
-4.2554740157480317
11
5.0593420866141727
21
-4.2541955905511806
0
LINE
8
BLACK
6
CONTINUOUS
10
5.0593420866141727
20
-4.2541955905511806
11
5.0602460629921255
21
-4.2540157874015749
0
LINE
8
BLACK
6
CONTINUOUS
10
5.0602460629921255
20
-4.2540157874015749
11
5.3921358267716535
21
-4.2540157874015749
0
LINE
8
BLACK
6
CONTINUOUS
10
5.3921358267716535
20
-4.2540157874015749
11
5.3930398031496063
21
-4.2541955905511806
0
LINE
8
BLACK
6
CONTINUOUS
10
5.9267898031496058
20
-4.2541955511811027
11
5.928068228346457
21
-4.255473976377953
0
LINE
8
BLACK
6
CONTINUOUS
10
5.928068228346457
20
-4.255473976377953
11
5.928068228346457
21
-4.2572819291338586
0
LINE
8
BLACK
6
CONTINUOUS
10
5.928068228346457
20
-4.2572819291338586
11
5.9267898031496058
21
-4.2585603543307089
0
LINE
8
BLACK
6
CONTINUOUS
10
5.9267898031496058
20
-4.2585603543307089
11
5.925885826771653
21
-4.2587401574803145
0
LINE
8
BLACK
6
CONTINUOUS
10
5.925885826771653
20
-4.2587401574803145
11
5.5447834645669287
21
-4.2587401574803145
0
LINE
8
BLACK
6
CONTINUOUS
10
5.5447834645669287
20
-4.2587401574803145
11
5.5438794881889759
21
-4.2585603543307089
0
LINE
8
BLACK
6
CONTINUOUS
10
5.5438794881889759
20
-4.2585603543307089
11
5.5426010629921256
21
-4.2572819291338586
0
LINE
8
BLACK
6
CONTINUOUS
10
5.5426010629921256
20
-4.2572819291338586
11
5.5426010629921256
21
-4.255473976377953
0
LINE
8
BLACK
6
CONTINUOUS
10
5.5426010629921256
20
-4.255473976377953
11
5.5438794881889759
21
-4.2541955511811027
0
LINE
8
BLACK
6
CONTINUOUS
10
5.5438794881889759
20
-4.2541955511811027
11
5.5447834645669287
21
-4.2540157480314962
0
LINE
8
BLACK
6
CONTINUOUS
10
5.5447834645669287
20
-4.2540157480314962
11
5.925885826771653
21
-4.2540157480314962
0
LINE
8
BLACK
6
CONTINUOUS
10
5.925885826771653
20
-4.2540157480314962
11
5.9267898031496058
21
-4.2541955511811027
0
LINE
8
BLACK
6
CONTINUOUS
10
6.7976362598425197
20
-4.2470301968503934
11
6.79891468503937
21
-4.2483086220472437
0
LINE
8
BLACK
6
CONTINUOUS
10
6.79891468503937
20
-4.2483086220472437
11
6.79891468503937
21
-4.2501165748031493
0
LINE
8
BLACK
6
CONTINUOUS
10
6.79891468503937
20
-4.2501165748031493
11
6.7976362598425197
21
-4.2513949999999996
0
LINE
8
BLACK
6
CONTINUOUS
10
6.7976362598425197
20
-4.2513949999999996
11
6.7967322834645669
21
-4.2515748031496061
0
LINE
8
BLACK
6
CONTINUOUS
10
6.7967322834645669
20
-4.2515748031496061
11
6.5632677165354325
21
-4.2515748031496061
0
LINE
8
BLACK
6
CONTINUOUS
10
6.5632677165354325
20
-4.2515748031496061
11
6.5623637401574806
21
-4.2513949999999996
0
LINE
8
BLACK
6
CONTINUOUS
10
6.5623637401574806
20
-4.2513949999999996
11
6.5610853149606294
21
-4.2501165748031493
0
LINE
8
BLACK
6
CONTINUOUS
10
6.5610853149606294
20
-4.2501165748031493
11
6.5610853149606294
21
-4.2483086220472437
0
LINE
8
BLACK
6
CONTINUOUS
10
6.5610853149606294
20
-4.2483086220472437
11
6.5623637401574806
21
-4.2470301968503934
0
LINE
8
BLACK
6
CONTINUOUS
10
6.5623637401574806
20
-4.2470301968503934
11
6.5632677165354325
21
-4.2468503937007869
0
LINE
8
BLACK
6
CONTINUOUS
10
6.5632677165354325
20
-4.2468503937007869
11
6.7967322834645669
21
-4.2468503937007869
0
LINE
8
BLACK
6
CONTINUOUS
10
6.7967322834645669
20
-4.2468503937007869
11
6.7976362598425197
21
-4.2470301968503934
0
LINE
8
BLACK
6
CONTINUOUS
10
4.908305551181102
20
-4.2441955905511808
11
4.9095839763779523
21
-4.2454740157480311
0
LINE
8
BLACK
6
CONTINUOUS
10
4.9095839763779523
20
-4.2454740157480311
11
4.9095839763779523
21
-4.2472819685039367
0
LINE
8
BLACK
6
CONTINUOUS
10
4.9095839763779523
20
-4.2472819685039367
11
4.908305551181102
21
-4.248560393700787
0
LINE
8
BLACK
6
CONTINUOUS
10
4.908305551181102
20
-4.248560393700787
11
4.9074015748031492
21
-4.2487401968503935
0
LINE
8
BLACK
6
CONTINUOUS
10
4.9074015748031492
20
-4.2487401968503935
11
4.3786614173228342
21
-4.2487401968503935
0
LINE
8
BLACK
6
CONTINUOUS
10
4.3786614173228342
20
-4.2487401968503935
11
4.3777574409448814
21
-4.248560393700787
0
LINE
8
BLACK
6
CONTINUOUS
10
4.3777574409448814
20
-4.248560393700787
11
4.3764790157480311
21
-4.2472819685039367
0
LINE
8
BLACK
6
CONTINUOUS
10
4.3764790157480311
20
-4.2472819685039367
11
4.3764790157480311
21
-4.2454740157480311
0
LINE
8
BLACK
6
CONTINUOUS
10
4.3764790157480311
20
-4.2454740157480311
11
4.3777574409448814
21
-4.2441955905511808
0
LINE
8
BLACK
6
CONTINUOUS
10
4.3777574409448814
20
-4.2441955905511808
11
4.3786614173228342
21
-4.2440157874015751
0
LINE
8
BLACK
6
CONTINUOUS
10
4.3786614173228342
20
-4.2440157874015751
11
4.9074015748031492
21
-4.2440157874015751
0
LINE
8
BLACK
6
CONTINUOUS
10
4.9074015748031492
20
-4.2440157874015751
11
4.908305551181102
21
-4.2441955905511808
0
CIRCLE
8
BLACK
10
4.4424665354330708
20
-4.6279311023622043
40
0.0068897637795276
0
CIRCLE
8
BLACK
10
4.5424665354330704
20
-4.6279311023622043
40
0.0068897637795276
0
CIRCLE
8
BLACK
10
4.6424664960629922
20
-4.6279311023622043
40
0.0068897637795276
0
CIRCLE
8
BLACK
10
4.7424665354330706
20
-4.6279311023622043
40
0.0068897637795276
0
CIRCLE
8
BLACK
10
4.8424665354330712
20
-4.6279311023622043
40
0.0068897637795276
0
CIRCLE
8
BLACK
10
4.9424665354330708
20
-4.6279311023622043
40
0.0068897637795276
0
CIRCLE
8
BLACK
10
5.0424665354330704
20
-4.6279311023622043
40
0.0068897637795276
0
CIRCLE
8
BLACK
10
5.1424665748031497
20
-4.6279311023622043
40
0.0068897637795276
0
CIRCLE
8
BLACK
10
5.8424665354330712
20
-4.6279311023622043
40
0.0068897637795276
0
CIRCLE
8
BLACK
10
5.942466496062992
20
-4.6279311023622043
40
0.0068897637795276
0
CIRCLE
8
BLACK
10
6.0424665748031492
20
-4.6279311023622043
40
0.0068897637795276
0
CIRCLE
8
BLACK
10
6.142466535433071
20
-4.6279311023622043
40
0.0068897637795276
0
CIRCLE
8
BLACK
10
6.2424665354330706
20
-4.6279311023622043
40
0.0068897637795276
0
CIRCLE
8
BLACK
10
6.3424665354330712
20
-4.6279311023622043
40
0.0068897637795276
0
CIRCLE
8
BLACK
10
6.442466496062992
20
-4.6279311023622043
40
0.0068897637795276
0
CIRCLE
8
BLACK
10
6.5424665354330704
20
-4.6279311023622043
40
0.0068897637795276
0
CIRCLE
8
BLACK
10
6.642466535433071
20
-4.6279311023622043
40
0.0068897637795276
0
CIRCLE
8
BLACK
10
6.7424665354330706
20
-4.6279311023622043
40
0.0068897637795276
0
CIRCLE
8
BLACK
10
5.5800000000000001
20
-4.6626377952755904
40
0.0068897637795276
0
CIRCLE
8
BLACK
10
5.4799999999999995
20
-4.6626377952755904
40
0.0068897637795276
0
CIRCLE
8
BLACK
10
5.3800000393700786
20
-4.6626377952755904
40
0.0068897637795276
0
CIRCLE
8
BLACK
10
4.4424665354330708
20
-4.6279311023622043
40
0.0068897637795276
0
CIRCLE
8
BLACK
10
4.5424665354330704
20
-4.6279311023622043
40
0.0068897637795276
0
CIRCLE
8
BLACK
10
4.6424664960629922
20
-4.6279311023622043
40
0.0068897637795276
0
CIRCLE
8
BLACK
10
4.7424665354330706
20
-4.6279311023622043
40
0.0068897637795276
0
CIRCLE
8
BLACK
10
4.8424665354330712
20
-4.6279311023622043
40
0.0068897637795276
0
CIRCLE
8
BLACK
10
4.9424665354330708
20
-4.6279311023622043
40
0.0068897637795276
0
CIRCLE
8
BLACK
10
5.0424665354330704
20
-4.6279311023622043
40
0.0068897637795276
0
CIRCLE
8
BLACK
10
5.1424665748031497
20
-4.6279311023622043
40
0.0068897637795276
0
CIRCLE
8
BLACK
10
5.8424665354330712
20
-4.6279311023622043
40
0.0068897637795276
0
CIRCLE
8
BLACK
10
5.942466496062992
20
-4.6279311023622043
40
0.0068897637795276
0
CIRCLE
8
BLACK
10
6.0424665748031492
20
-4.6279311023622043
40
0.0068897637795276
0
CIRCLE
8
BLACK
10
6.142466535433071
20
-4.6279311023622043
40
0.0068897637795276
0
CIRCLE
8
BLACK
10
6.2424665354330706
20
-4.6279311023622043
40
0.0068897637795276
0
CIRCLE
8
BLACK
10
6.3424665354330712
20
-4.6279311023622043
40
0.0068897637795276
0
CIRCLE
8
BLACK
10
6.442466496062992
20
-4.6279311023622043
40
0.0068897637795276
0
CIRCLE
8
BLACK
10
6.5424665354330704
20
-4.6279311023622043
40
0.0068897637795276
0
CIRCLE
8
BLACK
10
6.642466535433071
20
-4.6279311023622043
40
0.0068897637795276
0
CIRCLE
8
BLACK
10
6.7424665354330706
20
-4.6279311023622043
40
0.0068897637795276
0
CIRCLE
8
BLACK
10
5.5800000000000001
20
-4.6626377952755904
40
0.0068897637795276
0
CIRCLE
8
BLACK
10
5.4799999999999995
20
-4.6626377952755904
40
0.0068897637795276
0
CIRCLE
8
BLACK
10
5.3800000393700786
20
-4.6626377952755904
40
0.0068897637795276
  0
ENDSEC
  0
EOF
