  0
SECTION
  2
HEADER
  9
$ANGBASE
  50
0.0
  9
$ANGDIR
  70
1
  9
$MEASUREMENT
  70
0
  0
ENDSEC
  0
SECTION
  2
TABLES
  0
TABLE
  2
LTYPE
  70
4
  0
LTYPE
  5
40F
  2
CONTINUOUS
  70
0
  3
Solid line
  72
65
  73
0
  40
0.0
  0
LTYPE
  5
410
  2
DASHDOT
 70
0
  3
Dash Dot ____ _ ____ _
 72
65
 73
4
 40
2.0
 49
1.25
 49
-0.25
 49
0.25
 49
-0.25
  0
LTYPE
  5
411
  2
DASHED
 70
0
  3
Dashed __ __ __ __ __
 72
65
 73
2
 40
0.75
 49
0.5
 49
-0.25
  0
LTYPE
  5
43B
  2
DOTTED
 70
0
  3
Dotted .  .  .  .
 72
65
 73
2
 40
0.2
 49
0.0
 49
-0.2
  0
ENDTAB
  0
TABLE
  2
STYLE
  70
4
  0
STYLE
  2
KICAD
  70
0
  40
0
  41
1
  42
1
  50
0
  71
0
  3
isocp.shx
  0
STYLE
  2
KICADB
  70
0
  40
0
  41
1
  42
1
  50
0
  71
0
  3
isocp.shx
  0
STYLE
  2
KICADI
  70
0
  40
0
  41
1
  42
1
  50
15
  71
0
  3
isocp.shx
  0
STYLE
  2
KICADBI
  70
0
  40
0
  41
1
  42
1
  50
15
  71
0
  3
isocp.shx
  0
ENDTAB
  0
TABLE
  2
LAYER
  70
1
  0
LAYER
  2
BLACK
  70
0
  62
7
  6
CONTINUOUS
  0
ENDTAB
  0
ENDSEC
  0
SECTION
  2
ENTITIES
0
LINE
8
BLACK
6
CONTINUOUS
10
5.3845426771653546
20
-4.8052254330708664
11
5.385607086614173
21
-4.805666338582677
0
LINE
8
BLACK
6
CONTINUOUS
10
5.385607086614173
20
-4.805666338582677
11
5.3864217322834644
21
-4.8064809842519685
0
LINE
8
BLACK
6
CONTINUOUS
10
5.3864217322834644
20
-4.8064809842519685
11
5.3868626377952751
21
-4.8075453937007877
0
LINE
8
BLACK
6
CONTINUOUS
10
5.3868626377952751
20
-4.8075453937007877
11
5.3869193700787399
21
-4.8081214566929136
0
LINE
8
BLACK
6
CONTINUOUS
10
5.3869193700787399
20
-4.8081214566929136
11
5.3869193700787399
21
-4.8156205118110238
0
LINE
8
BLACK
6
CONTINUOUS
10
5.3869193700787399
20
-4.8156205118110238
11
5.3868626377952751
21
-4.8161965748031497
0
LINE
8
BLACK
6
CONTINUOUS
10
5.3868626377952751
20
-4.8161965748031497
11
5.3864217322834644
21
-4.817260984251968
0
LINE
8
BLACK
6
CONTINUOUS
10
5.3864217322834644
20
-4.817260984251968
11
5.385607086614173
21
-4.8180756299212595
0
LINE
8
BLACK
6
CONTINUOUS
10
5.385607086614173
20
-4.8180756299212595
11
5.3845426771653546
21
-4.818516535433071
0
LINE
8
BLACK
6
CONTINUOUS
10
5.3845426771653546
20
-4.818516535433071
11
5.383390551181102
21
-4.818516535433071
0
LINE
8
BLACK
6
CONTINUOUS
10
5.383390551181102
20
-4.818516535433071
11
5.3823261417322836
21
-4.8180756299212595
0
LINE
8
BLACK
6
CONTINUOUS
10
5.3823261417322836
20
-4.8180756299212595
11
5.3815114960629922
21
-4.817260984251968
0
LINE
8
BLACK
6
CONTINUOUS
10
5.3815114960629922
20
-4.817260984251968
11
5.3810705905511806
21
-4.8161965748031497
0
LINE
8
BLACK
6
CONTINUOUS
10
5.3810705905511806
20
-4.8161965748031497
11
5.3810138582677167
21
-4.8156205118110238
0
LINE
8
BLACK
6
CONTINUOUS
10
5.3810138582677167
20
-4.8156205118110238
11
5.3810138582677167
21
-4.8110742125984247
0
LINE
8
BLACK
6
CONTINUOUS
10
5.3810138582677167
20
-4.8110742125984247
11
5.3720663385826768
21
-4.8110742125984247
0
LINE
8
BLACK
6
CONTINUOUS
10
5.3720663385826768
20
-4.8110742125984247
11
5.3715492519685037
21
-4.8115912598425199
0
LINE
8
BLACK
6
CONTINUOUS
10
5.3715492519685037
20
-4.8115912598425199
11
5.3700464566929131
21
-4.8160996850393696
0
LINE
8
BLACK
6
CONTINUOUS
10
5.3700464566929131
20
-4.8160996850393696
11
5.3700464566929131
21
-4.8188908267716535
0
LINE
8
BLACK
6
CONTINUOUS
10
5.3700464566929131
20
-4.8188908267716535
11
5.3715492519685037
21
-4.8233992519685041
0
LINE
8
BLACK
6
CONTINUOUS
10
5.3715492519685037
20
-4.8233992519685041
11
5.3744671259842516
21
-4.8263171259842519
0
LINE
8
BLACK
6
CONTINUOUS
10
5.3744671259842516
20
-4.8263171259842519
11
5.3774981102362203
21
-4.8278325984251964
0
LINE
8
BLACK
6
CONTINUOUS
10
5.3774981102362203
20
-4.8278325984251964
11
5.3843301574803144
21
-4.8295406299212598
0
LINE
8
BLACK
6
CONTINUOUS
10
5.3843301574803144
20
-4.8295406299212598
11
5.389227362204724
21
-4.8295406299212598
0
LINE
8
BLACK
6
CONTINUOUS
10
5.389227362204724
20
-4.8295406299212598
11
5.396059409448819
21
-4.8278325984251964
0
LINE
8
BLACK
6
CONTINUOUS
10
5.396059409448819
20
-4.8278325984251964
11
5.3990903937007877
21
-4.8263171259842519
0
LINE
8
BLACK
6
CONTINUOUS
10
5.3990903937007877
20
-4.8263171259842519
11
5.4020082283464568
21
-4.8233992913385828
0
LINE
8
BLACK
6
CONTINUOUS
10
5.4020082283464568
20
-4.8233992913385828
11
5.4035110236220474
21
-4.818890905511811
0
LINE
8
BLACK
6
CONTINUOUS
10
5.4035110236220474
20
-4.818890905511811
11
5.4035110236220474
21
-4.8144427952755908
0
LINE
8
BLACK
6
CONTINUOUS
10
5.4035110236220474
20
-4.8144427952755908
11
5.4019479921259839
21
-4.8113167322834647
0
LINE
8
BLACK
6
CONTINUOUS
10
5.4019479921259839
20
-4.8113167322834647
11
5.4017411023622044
21
-4.8107761023622047
0
LINE
8
BLACK
6
CONTINUOUS
10
5.4017411023622044
20
-4.8107761023622047
11
5.4016594488188971
21
-4.8096268897637797
0
LINE
8
BLACK
6
CONTINUOUS
10
5.4016594488188971
20
-4.8096268897637797
11
5.4020237795275587
21
-4.8085339370078737
0
LINE
8
BLACK
6
CONTINUOUS
10
5.4020237795275587
20
-4.8085339370078737
11
5.4027786220472436
21
-4.8076635433070862
0
LINE
8
BLACK
6
CONTINUOUS
10
5.4027786220472436
20
-4.8076635433070862
11
5.4038091338582674
21
-4.8071483070866137
0
LINE
8
BLACK
6
CONTINUOUS
10
5.4038091338582674
20
-4.8071483070866137
11
5.4049583464566924
21
-4.8070666535433073
0
LINE
8
BLACK
6
CONTINUOUS
10
5.4049583464566924
20
-4.8070666535433073
11
5.4060512992125984
21
-4.807430984251968
0
LINE
8
BLACK
6
CONTINUOUS
10
5.4060512992125984
20
-4.807430984251968
11
5.4069216929133859
21
-4.8081858267716537
0
LINE
8
BLACK
6
CONTINUOUS
10
5.4069216929133859
20
-4.8081858267716537
11
5.407230039370079
21
-4.8086757086614176
0
LINE
8
BLACK
6
CONTINUOUS
10
5.407230039370079
20
-4.8086757086614176
11
5.4091048031496065
21
-4.8124252362204727
0
LINE
8
BLACK
6
CONTINUOUS
10
5.4091048031496065
20
-4.8124252362204727
11
5.409311692913386
21
-4.8129658267716531
0
LINE
8
BLACK
6
CONTINUOUS
10
5.409311692913386
20
-4.8129658267716531
11
5.4093192125984251
21
-4.8130716929133861
0
LINE
8
BLACK
6
CONTINUOUS
10
5.4093192125984251
20
-4.8130716929133861
11
5.4093598031496057
21
-4.8131696850393704
0
LINE
8
BLACK
6
CONTINUOUS
10
5.4093598031496057
20
-4.8131696850393704
11
5.4094165354330705
21
-4.8137457480314962
0
LINE
8
BLACK
6
CONTINUOUS
10
5.4094165354330705
20
-4.8137457480314962
11
5.4094165354330705
21
-4.8193700393700789
0
LINE
8
BLACK
6
CONTINUOUS
10
5.4094165354330705
20
-4.8193700393700789
11
5.40938779527559
21
-4.8196616141732278
0
LINE
8
BLACK
6
CONTINUOUS
10
5.40938779527559
20
-4.8196616141732278
11
5.4093933464566932
21
-4.8197393700787403
0
LINE
8
BLACK
6
CONTINUOUS
10
5.4093933464566932
20
-4.8197393700787403
11
5.4093700787401575
21
-4.8198416141732281
0
LINE
8
BLACK
6
CONTINUOUS
10
5.4093700787401575
20
-4.8198416141732281
11
5.4093598031496057
21
-4.8199461023622048
0
LINE
8
BLACK
6
CONTINUOUS
10
5.4093598031496057
20
-4.8199461023622048
11
5.4093299212598422
21
-4.820018149606299
0
LINE
8
BLACK
6
CONTINUOUS
10
5.4093299212598422
20
-4.820018149606299
11
5.4092649999999995
21
-4.8203038188976377
0
LINE
8
BLACK
6
CONTINUOUS
10
5.4092649999999995
20
-4.8203038188976377
11
5.407390236220472
21
-4.8259280708661416
0
LINE
8
BLACK
6
CONTINUOUS
10
5.407390236220472
20
-4.8259280708661416
11
5.4071542519685041
21
-4.8264566535433069
0
LINE
8
BLACK
6
CONTINUOUS
10
5.4071542519685041
20
-4.8264566535433069
11
5.4070847637795278
21
-4.826536732283464
0
LINE
8
BLACK
6
CONTINUOUS
10
5.4070847637795278
20
-4.826536732283464
11
5.4070441732283463
21
-4.8266348031496058
0
LINE
8
BLACK
6
CONTINUOUS
10
5.4070441732283463
20
-4.8266348031496058
11
5.4066769291338579
21
-4.8270822440944885
0
LINE
8
BLACK
6
CONTINUOUS
10
5.4066769291338579
20
-4.8270822440944885
11
5.4029274015748028
21
-4.8308317716535436
0
LINE
8
BLACK
6
CONTINUOUS
10
5.4029274015748028
20
-4.8308317716535436
11
5.402701023622047
21
-4.8310175196850391
0
LINE
8
BLACK
6
CONTINUOUS
10
5.402701023622047
20
-4.8310175196850391
11
5.4026498818897633
21
-4.8310765354330707
0
LINE
8
BLACK
6
CONTINUOUS
10
5.4026498818897633
20
-4.8310765354330707
11
5.4025609055118107
21
-4.8311324803149605
0
LINE
8
BLACK
6
CONTINUOUS
10
5.4025609055118107
20
-4.8311324803149605
11
5.402479960629921
21
-4.8311989763779524
0
LINE
8
BLACK
6
CONTINUOUS
10
5.402479960629921
20
-4.8311989763779524
11
5.4024079921259842
21
-4.8312287795275592
0
LINE
8
BLACK
6
CONTINUOUS
10
5.4024079921259842
20
-4.8312287795275592
11
5.4021600000000003
21
-4.8313848818897638
0
LINE
8
BLACK
6
CONTINUOUS
10
5.4021600000000003
20
-4.8313848818897638
11
5.3984104724409452
21
-4.8332596456692913
0
LINE
8
BLACK
6
CONTINUOUS
10
5.3984104724409452
20
-4.8332596456692913
11
5.3983683464566932
21
-4.8332757480314958
0
LINE
8
BLACK
6
CONTINUOUS
10
5.3983683464566932
20
-4.8332757480314958
11
5.3983512204724411
21
-4.8332884645669294
0
LINE
8
BLACK
6
CONTINUOUS
10
5.3983512204724411
20
-4.8332884645669294
11
5.3981092519685037
21
-4.8333748818897639
0
LINE
8
BLACK
6
CONTINUOUS
10
5.3981092519685037
20
-4.8333748818897639
11
5.3978698425196852
21
-4.8334665354330708
0
LINE
8
BLACK
6
CONTINUOUS
10
5.3978698425196852
20
-4.8334665354330708
11
5.3978485826771649
21
-4.8334680314960625
0
LINE
8
BLACK
6
CONTINUOUS
10
5.3978485826771649
20
-4.8334680314960625
11
5.397806102362205
21
-4.8334832283464566
0
LINE
8
BLACK
6
CONTINUOUS
10
5.397806102362205
20
-4.8334832283464566
11
5.3903070472440939
21
-4.8353579921259842
0
LINE
8
BLACK
6
CONTINUOUS
10
5.3903070472440939
20
-4.8353579921259842
11
5.3902071653543304
21
-4.835372755905512
0
LINE
8
BLACK
6
CONTINUOUS
10
5.3902071653543304
20
-4.835372755905512
11
5.3901669685039373
21
-4.835389409448819
0
LINE
8
BLACK
6
CONTINUOUS
10
5.3901669685039373
20
-4.835389409448819
11
5.3899499212598423
21
-4.8354107480314958
0
LINE
8
BLACK
6
CONTINUOUS
10
5.3899499212598423
20
-4.8354107480314958
11
5.3897344488188974
21
-4.8354426377952757
0
LINE
8
BLACK
6
CONTINUOUS
10
5.3897344488188974
20
-4.8354426377952757
11
5.389691417322835
21
-4.8354362204724408
0
LINE
8
BLACK
6
CONTINUOUS
10
5.389691417322835
20
-4.8354362204724408
11
5.3895909055118105
21
-4.8354461417322829
0
LINE
8
BLACK
6
CONTINUOUS
10
5.3895909055118105
20
-4.8354461417322829
11
5.3839666141732279
21
-4.8354461417322829
0
LINE
8
BLACK
6
CONTINUOUS
10
5.3839666141732279
20
-4.8354461417322829
11
5.3838660629921256
21
-4.8354362204724408
0
LINE
8
BLACK
6
CONTINUOUS
10
5.3838660629921256
20
-4.8354362204724408
11
5.3838230708661419
21
-4.8354426377952757
0
LINE
8
BLACK
6
CONTINUOUS
10
5.3838230708661419
20
-4.8354426377952757
11
5.3836075590551182
21
-4.8354107480314958
0
LINE
8
BLACK
6
CONTINUOUS
10
5.3836075590551182
20
-4.8354107480314958
11
5.383390551181102
21
-4.835389409448819
0
LINE
8
BLACK
6
CONTINUOUS
10
5.383390551181102
20
-4.835389409448819
11
5.3833503149606301
21
-4.835372755905512
0
LINE
8
BLACK
6
CONTINUOUS
10
5.3833503149606301
20
-4.835372755905512
11
5.3832504724409445
21
-4.8353579921259842
0
LINE
8
BLACK
6
CONTINUOUS
10
5.3832504724409445
20
-4.8353579921259842
11
5.3757514173228342
21
-4.8334832283464566
0
LINE
8
BLACK
6
CONTINUOUS
10
5.3757514173228342
20
-4.8334832283464566
11
5.3757088976377956
21
-4.8334680314960625
0
LINE
8
BLACK
6
CONTINUOUS
10
5.3757088976377956
20
-4.8334680314960625
11
5.3756876377952754
21
-4.8334665354330708
0
LINE
8
BLACK
6
CONTINUOUS
10
5.3756876377952754
20
-4.8334665354330708
11
5.3754478740157481
21
-4.8333747637795277
0
LINE
8
BLACK
6
CONTINUOUS
10
5.3754478740157481
20
-4.8333747637795277
11
5.3752062992125982
21
-4.8332884645669294
0
LINE
8
BLACK
6
CONTINUOUS
10
5.3752062992125982
20
-4.8332884645669294
11
5.3751891338582674
21
-4.8332757480314958
0
LINE
8
BLACK
6
CONTINUOUS
10
5.3751891338582674
20
-4.8332757480314958
11
5.3751470472440941
21
-4.8332596456692913
0
LINE
8
BLACK
6
CONTINUOUS
10
5.3751470472440941
20
-4.8332596456692913
11
5.371397519685039
21
-4.8313848818897638
0
LINE
8
BLACK
6
CONTINUOUS
10
5.371397519685039
20
-4.8313848818897638
11
5.3711496850393701
21
-4.8312288582677168
0
LINE
8
BLACK
6
CONTINUOUS
10
5.3711496850393701
20
-4.8312288582677168
11
5.3710775590551183
21
-4.8311990157480311
0
LINE
8
BLACK
6
CONTINUOUS
10
5.3710775590551183
20
-4.8311990157480311
11
5.3709963779527561
21
-4.8311324015748029
0
LINE
8
BLACK
6
CONTINUOUS
10
5.3709963779527561
20
-4.8311324015748029
11
5.3709076377952751
21
-4.8310765354330707
0
LINE
8
BLACK
6
CONTINUOUS
10
5.3709076377952751
20
-4.8310765354330707
11
5.3708564960629923
21
-4.8310175984251966
0
LINE
8
BLACK
6
CONTINUOUS
10
5.3708564960629923
20
-4.8310175984251966
11
5.3706301181102365
21
-4.8308317716535436
0
LINE
8
BLACK
6
CONTINUOUS
10
5.3706301181102365
20
-4.8308317716535436
11
5.3668805905511814
21
-4.8270822440944885
0
LINE
8
BLACK
6
CONTINUOUS
10
5.3668805905511814
20
-4.8270822440944885
11
5.3665133858267717
21
-4.8266348031496058
0
LINE
8
BLACK
6
CONTINUOUS
10
5.3665133858267717
20
-4.8266348031496058
11
5.3664727952755902
21
-4.8265368110236215
0
LINE
8
BLACK
6
CONTINUOUS
10
5.3664727952755902
20
-4.8265368110236215
11
5.3664032677165352
21
-4.8264566535433069
0
LINE
8
BLACK
6
CONTINUOUS
10
5.3664032677165352
20
-4.8264566535433069
11
5.3661672834645664
21
-4.8259281102362204
0
LINE
8
BLACK
6
CONTINUOUS
10
5.3661672834645664
20
-4.8259281102362204
11
5.3642924803149601
21
-4.8203038188976377
0
LINE
8
BLACK
6
CONTINUOUS
10
5.3642924803149601
20
-4.8203038188976377
11
5.3642275196850395
21
-4.820018149606299
0
LINE
8
BLACK
6
CONTINUOUS
10
5.3642275196850395
20
-4.820018149606299
11
5.3641976771653539
21
-4.8199461023622048
0
LINE
8
BLACK
6
CONTINUOUS
10
5.3641976771653539
20
-4.8199461023622048
11
5.3641873622047243
21
-4.8198416141732281
0
LINE
8
BLACK
6
CONTINUOUS
10
5.3641873622047243
20
-4.8198416141732281
11
5.3641641338582673
21
-4.8197393700787403
0
LINE
8
BLACK
6
CONTINUOUS
10
5.3641641338582673
20
-4.8197393700787403
11
5.3641696456692909
21
-4.8196615748031499
0
LINE
8
BLACK
6
CONTINUOUS
10
5.3641696456692909
20
-4.8196615748031499
11
5.36414094488189
21
-4.8193700393700789
0
LINE
8
BLACK
6
CONTINUOUS
10
5.36414094488189
20
-4.8193700393700789
11
5.36414094488189
21
-4.8156205118110238
0
LINE
8
BLACK
6
CONTINUOUS
10
5.36414094488189
20
-4.8156205118110238
11
5.3641696456692909
21
-4.815328937007874
0
LINE
8
BLACK
6
CONTINUOUS
10
5.3641696456692909
20
-4.815328937007874
11
5.3641641338582673
21
-4.8152511811023624
0
LINE
8
BLACK
6
CONTINUOUS
10
5.3641641338582673
20
-4.8152511811023624
11
5.3641873622047243
21
-4.815148897637795
0
LINE
8
BLACK
6
CONTINUOUS
10
5.3641873622047243
20
-4.815148897637795
11
5.3641976771653539
21
-4.8150444488188979
0
LINE
8
BLACK
6
CONTINUOUS
10
5.3641976771653539
20
-4.8150444488188979
11
5.3642275196850395
21
-4.814972362204724
0
LINE
8
BLACK
6
CONTINUOUS
10
5.3642275196850395
20
-4.814972362204724
11
5.3642924803149601
21
-4.8146867322834641
0
LINE
8
BLACK
6
CONTINUOUS
10
5.3642924803149601
20
-4.8146867322834641
11
5.3661672834645664
21
-4.8090624409448814
0
LINE
8
BLACK
6
CONTINUOUS
10
5.3661672834645664
20
-4.8090624409448814
11
5.3664032677165352
21
-4.8085338976377949
0
LINE
8
BLACK
6
CONTINUOUS
10
5.3664032677165352
20
-4.8085338976377949
11
5.3664727952755902
21
-4.8084537007874015
0
LINE
8
BLACK
6
CONTINUOUS
10
5.3664727952755902
20
-4.8084537007874015
11
5.3665133858267717
21
-4.808355748031496
0
LINE
8
BLACK
6
CONTINUOUS
10
5.3665133858267717
20
-4.808355748031496
11
5.3668805905511814
21
-4.8079083070866142
0
LINE
8
BLACK
6
CONTINUOUS
10
5.3668805905511814
20
-4.8079083070866142
11
5.3687553543307089
21
-4.8060335433070867
0
LINE
8
BLACK
6
CONTINUOUS
10
5.3687553543307089
20
-4.8060335433070867
11
5.3692027952755907
21
-4.805666338582677
0
LINE
8
BLACK
6
CONTINUOUS
10
5.3692027952755907
20
-4.805666338582677
11
5.3702672047244091
21
-4.8052254330708664
0
LINE
8
BLACK
6
CONTINUOUS
10
5.3702672047244091
20
-4.8052254330708664
11
5.370843267716535
21
-4.8051687007874015
0
LINE
8
BLACK
6
CONTINUOUS
10
5.370843267716535
20
-4.8051687007874015
11
5.3839666141732279
21
-4.8051687007874015
0
LINE
8
BLACK
6
CONTINUOUS
10
5.3839666141732279
20
-4.8051687007874015
11
5.3845426771653546
21
-4.8052254330708664
0
LINE
8
BLACK
6
CONTINUOUS
10
5.4787323228346452
20
-4.7981672834645668
11
5.4795469685039366
21
-4.7989819291338582
0
LINE
8
BLACK
6
CONTINUOUS
10
5.4795469685039366
20
-4.7989819291338582
11
5.4799878740157482
21
-4.8000463385826775
0
LINE
8
BLACK
6
CONTINUOUS
10
5.4799878740157482
20
-4.8000463385826775
11
5.4800446062992121
21
-4.8006224015748034
0
LINE
8
BLACK
6
CONTINUOUS
10
5.4800446062992121
20
-4.8006224015748034
11
5.4800446062992121
21
-4.8126677559055118
0
LINE
8
BLACK
6
CONTINUOUS
10
5.4800446062992121
20
-4.8126677559055118
11
5.4920899606299214
21
-4.8126677559055118
0
LINE
8
BLACK
6
CONTINUOUS
10
5.4920899606299214
20
-4.8126677559055118
11
5.4926660236220473
21
-4.8127244881889766
0
LINE
8
BLACK
6
CONTINUOUS
10
5.4926660236220473
20
-4.8127244881889766
11
5.4937304330708656
21
-4.8131653937007872
0
LINE
8
BLACK
6
CONTINUOUS
10
5.4937304330708656
20
-4.8131653937007872
11
5.4945450787401571
21
-4.8139800393700787
0
LINE
8
BLACK
6
CONTINUOUS
10
5.4945450787401571
20
-4.8139800393700787
11
5.4949859842519686
21
-4.8150444488188979
0
LINE
8
BLACK
6
CONTINUOUS
10
5.4949859842519686
20
-4.8150444488188979
11
5.4949859842519686
21
-4.8161965748031497
0
LINE
8
BLACK
6
CONTINUOUS
10
5.4949859842519686
20
-4.8161965748031497
11
5.4945450787401571
21
-4.817260984251968
0
LINE
8
BLACK
6
CONTINUOUS
10
5.4945450787401571
20
-4.817260984251968
11
5.4937304330708656
21
-4.8180756299212595
0
LINE
8
BLACK
6
CONTINUOUS
10
5.4937304330708656
20
-4.8180756299212595
11
5.4926660236220473
21
-4.818516535433071
0
LINE
8
BLACK
6
CONTINUOUS
10
5.4926660236220473
20
-4.818516535433071
11
5.4920899606299214
21
-4.8185732677165349
0
LINE
8
BLACK
6
CONTINUOUS
10
5.4920899606299214
20
-4.8185732677165349
11
5.4800446062992121
21
-4.8185732677165349
0
LINE
8
BLACK
6
CONTINUOUS
10
5.4800446062992121
20
-4.8185732677165349
11
5.4800446062992121
21
-4.8306186220472442
0
LINE
8
BLACK
6
CONTINUOUS
10
5.4800446062992121
20
-4.8306186220472442
11
5.4799878740157482
21
-4.8311946850393701
0
LINE
8
BLACK
6
CONTINUOUS
10
5.4799878740157482
20
-4.8311946850393701
11
5.4795469685039366
21
-4.8322590944881885
0
LINE
8
BLACK
6
CONTINUOUS
10
5.4795469685039366
20
-4.8322590944881885
11
5.4787323228346452
21
-4.8330737401574799
0
LINE
8
BLACK
6
CONTINUOUS
10
5.4787323228346452
20
-4.8330737401574799
11
5.4776679133858268
21
-4.8335146456692915
0
LINE
8
BLACK
6
CONTINUOUS
10
5.4776679133858268
20
-4.8335146456692915
11
5.4765157874015751
21
-4.8335146456692915
0
LINE
8
BLACK
6
CONTINUOUS
10
5.4765157874015751
20
-4.8335146456692915
11
5.4754513779527558
21
-4.8330737401574799
0
LINE
8
BLACK
6
CONTINUOUS
10
5.4754513779527558
20
-4.8330737401574799
11
5.4746367322834644
21
-4.8322590944881885
0
LINE
8
BLACK
6
CONTINUOUS
10
5.4746367322834644
20
-4.8322590944881885
11
5.4741958267716537
21
-4.8311946850393701
0
LINE
8
BLACK
6
CONTINUOUS
10
5.4741958267716537
20
-4.8311946850393701
11
5.4741390944881889
21
-4.8306186220472442
0
LINE
8
BLACK
6
CONTINUOUS
10
5.4741390944881889
20
-4.8306186220472442
11
5.4741390944881889
21
-4.8185732677165349
0
LINE
8
BLACK
6
CONTINUOUS
10
5.4741390944881889
20
-4.8185732677165349
11
5.4620937007874018
21
-4.8185732677165349
0
LINE
8
BLACK
6
CONTINUOUS
10
5.4620937007874018
20
-4.8185732677165349
11
5.4615176377952759
21
-4.818516535433071
0
LINE
8
BLACK
6
CONTINUOUS
10
5.4615176377952759
20
-4.818516535433071
11
5.4604532283464566
21
-4.8180756299212595
0
LINE
8
BLACK
6
CONTINUOUS
10
5.4604532283464566
20
-4.8180756299212595
11
5.4596385826771652
21
-4.817260984251968
0
LINE
8
BLACK
6
CONTINUOUS
10
5.4596385826771652
20
-4.817260984251968
11
5.4591976771653545
21
-4.8161965748031497
0
LINE
8
BLACK
6
CONTINUOUS
10
5.4591976771653545
20
-4.8161965748031497
11
5.4591976771653545
21
-4.8150444488188979
0
LINE
8
BLACK
6
CONTINUOUS
10
5.4591976771653545
20
-4.8150444488188979
11
5.4596385826771652
21
-4.8139800393700787
0
LINE
8
BLACK
6
CONTINUOUS
10
5.4596385826771652
20
-4.8139800393700787
11
5.4604532283464566
21
-4.8131653937007872
0
LINE
8
BLACK
6
CONTINUOUS
10
5.4604532283464566
20
-4.8131653937007872
11
5.4615176377952759
21
-4.8127244881889766
0
LINE
8
BLACK
6
CONTINUOUS
10
5.4615176377952759
20
-4.8127244881889766
11
5.4620937007874018
21
-4.8126677559055118
0
LINE
8
BLACK
6
CONTINUOUS
10
5.4620937007874018
20
-4.8126677559055118
11
5.4741390944881889
21
-4.8126677559055118
0
LINE
8
BLACK
6
CONTINUOUS
10
5.4741390944881889
20
-4.8126677559055118
11
5.4741390944881889
21
-4.8006224015748034
0
LINE
8
BLACK
6
CONTINUOUS
10
5.4741390944881889
20
-4.8006224015748034
11
5.4741958267716537
21
-4.8000463385826775
0
LINE
8
BLACK
6
CONTINUOUS
10
5.4741958267716537
20
-4.8000463385826775
11
5.4746367322834644
21
-4.7989819291338582
0
LINE
8
BLACK
6
CONTINUOUS
10
5.4746367322834644
20
-4.7989819291338582
11
5.4754513779527558
21
-4.7981672834645668
0
LINE
8
BLACK
6
CONTINUOUS
10
5.4754513779527558
20
-4.7981672834645668
11
5.4765157874015751
21
-4.7977263779527561
0
LINE
8
BLACK
6
CONTINUOUS
10
5.4765157874015751
20
-4.7977263779527561
11
5.4776679133858268
21
-4.7977263779527561
0
LINE
8
BLACK
6
CONTINUOUS
10
5.4776679133858268
20
-4.7977263779527561
11
5.4787323228346452
21
-4.7981672834645668
0
LINE
8
BLACK
6
CONTINUOUS
10
5.5616404724409447
20
-4.7319543700787401
11
5.5624551181102362
21
-4.7327690157480315
0
LINE
8
BLACK
6
CONTINUOUS
10
5.5624551181102362
20
-4.7327690157480315
11
5.5628960236220468
21
-4.7338334251968499
0
LINE
8
BLACK
6
CONTINUOUS
10
5.5628960236220468
20
-4.7338334251968499
11
5.5629527559055116
21
-4.7344094881889767
0
LINE
8
BLACK
6
CONTINUOUS
10
5.5629527559055116
20
-4.7344094881889767
11
5.5629527559055116
21
-4.7570472440944878
0
LINE
8
BLACK
6
CONTINUOUS
10
5.5629527559055116
20
-4.7570472440944878
11
5.5954330708661413
21
-4.7570472440944878
0
LINE
8
BLACK
6
CONTINUOUS
10
5.5954330708661413
20
-4.7570472440944878
11
5.5960091338582671
21
-4.7571039763779526
0
LINE
8
BLACK
6
CONTINUOUS
10
5.5960091338582671
20
-4.7571039763779526
11
5.5970735433070864
21
-4.7575448818897641
0
LINE
8
BLACK
6
CONTINUOUS
10
5.5970735433070864
20
-4.7575448818897641
11
5.5978881889763779
21
-4.7583595275590547
0
LINE
8
BLACK
6
CONTINUOUS
10
5.5978881889763779
20
-4.7583595275590547
11
5.5983290944881885
21
-4.7594239370078739
0
LINE
8
BLACK
6
CONTINUOUS
10
5.5983290944881885
20
-4.7594239370078739
11
5.5983858267716533
21
-4.7599999999999998
0
LINE
8
BLACK
6
CONTINUOUS
10
5.5983858267716533
20
-4.7599999999999998
11
5.5983858267716533
21
-4.7895275590551183
0
LINE
8
BLACK
6
CONTINUOUS
10
5.5983858267716533
20
-4.7895275590551183
11
5.5983290944881885
21
-4.7901036220472442
0
LINE
8
BLACK
6
CONTINUOUS
10
5.5983290944881885
20
-4.7901036220472442
11
5.5978881889763779
21
-4.7911680314960625
0
LINE
8
BLACK
6
CONTINUOUS
10
5.5978881889763779
20
-4.7911680314960625
11
5.5970735433070864
21
-4.791982677165354
0
LINE
8
BLACK
6
CONTINUOUS
10
5.5970735433070864
20
-4.791982677165354
11
5.5960091338582671
21
-4.7924235826771655
0
LINE
8
BLACK
6
CONTINUOUS
10
5.5960091338582671
20
-4.7924235826771655
11
5.5954330708661413
21
-4.7924803149606294
0
LINE
8
BLACK
6
CONTINUOUS
10
5.5954330708661413
20
-4.7924803149606294
11
5.5629527559055116
21
-4.7924803149606294
0
LINE
8
BLACK
6
CONTINUOUS
10
5.5629527559055116
20
-4.7924803149606294
11
5.5629527559055116
21
-4.8142913385826773
0
LINE
8
BLACK
6
CONTINUOUS
10
5.5629527559055116
20
-4.8142913385826773
11
5.5628960236220468
21
-4.8148674015748032
0
LINE
8
BLACK
6
CONTINUOUS
10
5.5628960236220468
20
-4.8148674015748032
11
5.5624551181102362
21
-4.8159318110236216
0
LINE
8
BLACK
6
CONTINUOUS
10
5.5624551181102362
20
-4.8159318110236216
11
5.5616404724409447
21
-4.816746456692913
0
LINE
8
BLACK
6
CONTINUOUS
10
5.5616404724409447
20
-4.816746456692913
11
5.5605760629921255
21
-4.8171873622047245
0
LINE
8
BLACK
6
CONTINUOUS
10
5.5605760629921255
20
-4.8171873622047245
11
5.5594239370078737
21
-4.8171873622047245
0
LINE
8
BLACK
6
CONTINUOUS
10
5.5594239370078737
20
-4.8171873622047245
11
5.5583595275590554
21
-4.816746456692913
0
LINE
8
BLACK
6
CONTINUOUS
10
5.5583595275590554
20
-4.816746456692913
11
5.5575448818897639
21
-4.8159318110236216
0
LINE
8
BLACK
6
CONTINUOUS
10
5.5575448818897639
20
-4.8159318110236216
11
5.5571039763779524
21
-4.8148674015748032
0
LINE
8
BLACK
6
CONTINUOUS
10
5.5571039763779524
20
-4.8148674015748032
11
5.5570472440944885
21
-4.8142913385826773
0
LINE
8
BLACK
6
CONTINUOUS
10
5.5570472440944885
20
-4.8142913385826773
11
5.5570472440944885
21
-4.7895275590551183
0
LINE
8
BLACK
6
CONTINUOUS
10
5.5570472440944885
20
-4.7895275590551183
11
5.5571039763779524
21
-4.7889514960629924
0
LINE
8
BLACK
6
CONTINUOUS
10
5.5571039763779524
20
-4.7889514960629924
11
5.5575448818897639
21
-4.7878870866141732
0
LINE
8
BLACK
6
CONTINUOUS
10
5.5575448818897639
20
-4.7878870866141732
11
5.5583595275590554
21
-4.7870724409448817
0
LINE
8
BLACK
6
CONTINUOUS
10
5.5583595275590554
20
-4.7870724409448817
11
5.5594239370078737
21
-4.7866315354330711
0
LINE
8
BLACK
6
CONTINUOUS
10
5.5594239370078737
20
-4.7866315354330711
11
5.5599999999999996
21
-4.7865748031496063
0
LINE
8
BLACK
6
CONTINUOUS
10
5.5599999999999996
20
-4.7865748031496063
11
5.5924803149606301
21
-4.7865748031496063
0
LINE
8
BLACK
6
CONTINUOUS
10
5.5924803149606301
20
-4.7865748031496063
11
5.5924803149606301
21
-4.7629527559055118
0
LINE
8
BLACK
6
CONTINUOUS
10
5.5924803149606301
20
-4.7629527559055118
11
5.5599999999999996
21
-4.7629527559055118
0
LINE
8
BLACK
6
CONTINUOUS
10
5.5599999999999996
20
-4.7629527559055118
11
5.5594239370078737
21
-4.762896023622047
0
LINE
8
BLACK
6
CONTINUOUS
10
5.5594239370078737
20
-4.762896023622047
11
5.5583595275590554
21
-4.7624551181102364
0
LINE
8
BLACK
6
CONTINUOUS
10
5.5583595275590554
20
-4.7624551181102364
11
5.5575448818897639
21
-4.7616404724409449
0
LINE
8
BLACK
6
CONTINUOUS
10
5.5575448818897639
20
-4.7616404724409449
11
5.5571039763779524
21
-4.7605760629921257
0
LINE
8
BLACK
6
CONTINUOUS
10
5.5571039763779524
20
-4.7605760629921257
11
5.5570472440944885
21
-4.7599999999999998
0
LINE
8
BLACK
6
CONTINUOUS
10
5.5570472440944885
20
-4.7599999999999998
11
5.5570472440944885
21
-4.7344094881889767
0
LINE
8
BLACK
6
CONTINUOUS
10
5.5570472440944885
20
-4.7344094881889767
11
5.5571039763779524
21
-4.7338334251968499
0
LINE
8
BLACK
6
CONTINUOUS
10
5.5571039763779524
20
-4.7338334251968499
11
5.5575448818897639
21
-4.7327690157480315
0
LINE
8
BLACK
6
CONTINUOUS
10
5.5575448818897639
20
-4.7327690157480315
11
5.5583595275590554
21
-4.7319543700787401
0
LINE
8
BLACK
6
CONTINUOUS
10
5.5583595275590554
20
-4.7319543700787401
11
5.5594239370078737
21
-4.7315134645669294
0
LINE
8
BLACK
6
CONTINUOUS
10
5.5594239370078737
20
-4.7315134645669294
11
5.5605760629921255
21
-4.7315134645669294
0
LINE
8
BLACK
6
CONTINUOUS
10
5.5605760629921255
20
-4.7315134645669294
11
5.5616404724409447
21
-4.7319543700787401
0
LINE
8
BLACK
6
CONTINUOUS
10
5.4070398425196853
20
-4.7658553543307089
11
5.4081042519685036
21
-4.7662962598425196
0
LINE
8
BLACK
6
CONTINUOUS
10
5.4081042519685036
20
-4.7662962598425196
11
5.4089188976377951
21
-4.767110905511811
0
LINE
8
BLACK
6
CONTINUOUS
10
5.4089188976377951
20
-4.767110905511811
11
5.4093598031496057
21
-4.7681753149606294
0
LINE
8
BLACK
6
CONTINUOUS
10
5.4093598031496057
20
-4.7681753149606294
11
5.4093598031496057
21
-4.769327440944882
0
LINE
8
BLACK
6
CONTINUOUS
10
5.4093598031496057
20
-4.769327440944882
11
5.4089188976377951
21
-4.7703918503937004
0
LINE
8
BLACK
6
CONTINUOUS
10
5.4089188976377951
20
-4.7703918503937004
11
5.4081042519685036
21
-4.7712064960629919
0
LINE
8
BLACK
6
CONTINUOUS
10
5.4081042519685036
20
-4.7712064960629919
11
5.4070398425196853
21
-4.7716474015748034
0
LINE
8
BLACK
6
CONTINUOUS
10
5.4070398425196853
20
-4.7716474015748034
11
5.4064637795275585
21
-4.7717041338582673
0
LINE
8
BLACK
6
CONTINUOUS
10
5.4064637795275585
20
-4.7717041338582673
11
5.3782124803149607
21
-4.7717041338582673
0
LINE
8
BLACK
6
CONTINUOUS
10
5.3782124803149607
20
-4.7717041338582673
11
5.407928779527559
21
-4.7886848425196851
0
LINE
8
BLACK
6
CONTINUOUS
10
5.407928779527559
20
-4.7886848425196851
11
5.408050196850394
21
-4.7887710236220471
0
LINE
8
BLACK
6
CONTINUOUS
10
5.408050196850394
20
-4.7887710236220471
11
5.4081042519685036
21
-4.7887934251968503
0
LINE
8
BLACK
6
CONTINUOUS
10
5.4081042519685036
20
-4.7887934251968503
11
5.4081592519685042
21
-4.7888484251968499
0
LINE
8
BLACK
6
CONTINUOUS
10
5.4081592519685042
20
-4.7888484251968499
11
5.4084007874015745
21
-4.7890198818897636
0
LINE
8
BLACK
6
CONTINUOUS
10
5.4084007874015745
20
-4.7890198818897636
11
5.4086412598425193
21
-4.7893304330708659
0
LINE
8
BLACK
6
CONTINUOUS
10
5.4086412598425193
20
-4.7893304330708659
11
5.4089188976377951
21
-4.7896080708661417
0
LINE
8
BLACK
6
CONTINUOUS
10
5.4089188976377951
20
-4.7896080708661417
11
5.4089909448818894
21
-4.7897820078740159
0
LINE
8
BLACK
6
CONTINUOUS
10
5.4089909448818894
20
-4.7897820078740159
11
5.409106181102362
21
-4.7899308267716538
0
LINE
8
BLACK
6
CONTINUOUS
10
5.409106181102362
20
-4.7899308267716538
11
5.4092094881889761
21
-4.7903096062992123
0
LINE
8
BLACK
6
CONTINUOUS
10
5.4092094881889761
20
-4.7903096062992123
11
5.4093598031496057
21
-4.790672480314961
0
LINE
8
BLACK
6
CONTINUOUS
10
5.4093598031496057
20
-4.790672480314961
11
5.4093598031496057
21
-4.7908606692913382
0
LINE
8
BLACK
6
CONTINUOUS
10
5.4093598031496057
20
-4.7908606692913382
11
5.4094093307086615
21
-4.7910422834645665
0
LINE
8
BLACK
6
CONTINUOUS
10
5.4094093307086615
20
-4.7910422834645665
11
5.4093598031496057
21
-4.7914318897637793
0
LINE
8
BLACK
6
CONTINUOUS
10
5.4093598031496057
20
-4.7914318897637793
11
5.4093598031496057
21
-4.7918246062992127
0
LINE
8
BLACK
6
CONTINUOUS
10
5.4093598031496057
20
-4.7918246062992127
11
5.4092877559055115
21
-4.7919984251968506
0
LINE
8
BLACK
6
CONTINUOUS
10
5.4092877559055115
20
-4.7919984251968506
11
5.4092640551181104
21
-4.7921851968503937
0
LINE
8
BLACK
6
CONTINUOUS
10
5.4092640551181104
20
-4.7921851968503937
11
5.4090691338582673
21
-4.7925262992125983
0
LINE
8
BLACK
6
CONTINUOUS
10
5.4090691338582673
20
-4.7925262992125983
11
5.4089188976377951
21
-4.7928890157480311
0
LINE
8
BLACK
6
CONTINUOUS
10
5.4089188976377951
20
-4.7928890157480311
11
5.4087858661417325
21
-4.7930220078740158
0
LINE
8
BLACK
6
CONTINUOUS
10
5.4087858661417325
20
-4.7930220078740158
11
5.4086924409448818
21
-4.7931855511811019
0
LINE
8
BLACK
6
CONTINUOUS
10
5.4086924409448818
20
-4.7931855511811019
11
5.4083818110236219
21
-4.7934260629921255
0
LINE
8
BLACK
6
CONTINUOUS
10
5.4083818110236219
20
-4.7934260629921255
11
5.4081042519685036
21
-4.7937036614173225
0
LINE
8
BLACK
6
CONTINUOUS
10
5.4081042519685036
20
-4.7937036614173225
11
5.4079303543307082
21
-4.7937756692913389
0
LINE
8
BLACK
6
CONTINUOUS
10
5.4079303543307082
20
-4.7937756692913389
11
5.4077815354330712
21
-4.7938909448818894
0
LINE
8
BLACK
6
CONTINUOUS
10
5.4077815354330712
20
-4.7938909448818894
11
5.4074026377952755
21
-4.7939942519685035
0
LINE
8
BLACK
6
CONTINUOUS
10
5.4074026377952755
20
-4.7939942519685035
11
5.4070398425196853
21
-4.794144566929134
0
LINE
8
BLACK
6
CONTINUOUS
10
5.4070398425196853
20
-4.794144566929134
11
5.4067452362204724
21
-4.7941735433070862
0
LINE
8
BLACK
6
CONTINUOUS
10
5.4067452362204724
20
-4.7941735433070862
11
5.4066700393700788
21
-4.7941940944881889
0
LINE
8
BLACK
6
CONTINUOUS
10
5.4066700393700788
20
-4.7941940944881889
11
5.4066119291338586
21
-4.7941866929133861
0
LINE
8
BLACK
6
CONTINUOUS
10
5.4066119291338586
20
-4.7941866929133861
11
5.4064637795275585
21
-4.794201299212598
0
LINE
8
BLACK
6
CONTINUOUS
10
5.4064637795275585
20
-4.794201299212598
11
5.3670937007874011
21
-4.794201299212598
0
LINE
8
BLACK
6
CONTINUOUS
10
5.3670937007874011
20
-4.794201299212598
11
5.3665176377952752
21
-4.794144566929134
0
LINE
8
BLACK
6
CONTINUOUS
10
5.3665176377952752
20
-4.794144566929134
11
5.3654532283464569
21
-4.7937036614173225
0
LINE
8
BLACK
6
CONTINUOUS
10
5.3654532283464569
20
-4.7937036614173225
11
5.3646385826771654
21
-4.7928890157480311
0
LINE
8
BLACK
6
CONTINUOUS
10
5.3646385826771654
20
-4.7928890157480311
11
5.3641976771653539
21
-4.7918246062992127
0
LINE
8
BLACK
6
CONTINUOUS
10
5.3641976771653539
20
-4.7918246062992127
11
5.3641976771653539
21
-4.790672480314961
0
LINE
8
BLACK
6
CONTINUOUS
10
5.3641976771653539
20
-4.790672480314961
11
5.3646385826771654
21
-4.7896080708661417
0
LINE
8
BLACK
6
CONTINUOUS
10
5.3646385826771654
20
-4.7896080708661417
11
5.3654532283464569
21
-4.7887934251968503
0
LINE
8
BLACK
6
CONTINUOUS
10
5.3654532283464569
20
-4.7887934251968503
11
5.3665176377952752
21
-4.7883525196850396
0
LINE
8
BLACK
6
CONTINUOUS
10
5.3665176377952752
20
-4.7883525196850396
11
5.3670937007874011
21
-4.7882957874015748
0
LINE
8
BLACK
6
CONTINUOUS
10
5.3670937007874011
20
-4.7882957874015748
11
5.3953449999999998
21
-4.7882957874015748
0
LINE
8
BLACK
6
CONTINUOUS
10
5.3953449999999998
20
-4.7882957874015748
11
5.3656287401574803
21
-4.771315078740157
0
LINE
8
BLACK
6
CONTINUOUS
10
5.3656287401574803
20
-4.771315078740157
11
5.3655073228346453
21
-4.771228897637795
0
LINE
8
BLACK
6
CONTINUOUS
10
5.3655073228346453
20
-4.771228897637795
11
5.3654532283464569
21
-4.7712064960629919
0
LINE
8
BLACK
6
CONTINUOUS
10
5.3654532283464569
20
-4.7712064960629919
11
5.36539811023622
21
-4.7711513779527559
0
LINE
8
BLACK
6
CONTINUOUS
10
5.36539811023622
20
-4.7711513779527559
11
5.365156692913386
21
-4.7709800393700785
0
LINE
8
BLACK
6
CONTINUOUS
10
5.365156692913386
20
-4.7709800393700785
11
5.3649161417322837
21
-4.7706694094488187
0
LINE
8
BLACK
6
CONTINUOUS
10
5.3649161417322837
20
-4.7706694094488187
11
5.3646385826771654
21
-4.7703918503937004
0
LINE
8
BLACK
6
CONTINUOUS
10
5.3646385826771654
20
-4.7703918503937004
11
5.3645665354330712
21
-4.770217952755905
0
LINE
8
BLACK
6
CONTINUOUS
10
5.3645665354330712
20
-4.770217952755905
11
5.3644512992125986
21
-4.7700691338582679
0
LINE
8
BLACK
6
CONTINUOUS
10
5.3644512992125986
20
-4.7700691338582679
11
5.3643479527559057
21
-4.7696902362204723
0
LINE
8
BLACK
6
CONTINUOUS
10
5.3643479527559057
20
-4.7696902362204723
11
5.3641976771653539
21
-4.769327440944882
0
LINE
8
BLACK
6
CONTINUOUS
10
5.3641976771653539
20
-4.769327440944882
11
5.3641976771653539
21
-4.7691392125984251
0
LINE
8
BLACK
6
CONTINUOUS
10
5.3641976771653539
20
-4.7691392125984251
11
5.364148149606299
21
-4.7689576377952756
0
LINE
8
BLACK
6
CONTINUOUS
10
5.364148149606299
20
-4.7689576377952756
11
5.3641976771653539
21
-4.768567992125984
0
LINE
8
BLACK
6
CONTINUOUS
10
5.3641976771653539
20
-4.768567992125984
11
5.3641976771653539
21
-4.7681753149606294
0
LINE
8
BLACK
6
CONTINUOUS
10
5.3641976771653539
20
-4.7681753149606294
11
5.3642696850393703
21
-4.7680014566929136
0
LINE
8
BLACK
6
CONTINUOUS
10
5.3642696850393703
20
-4.7680014566929136
11
5.3642934251968502
21
-4.7678147244094484
0
LINE
8
BLACK
6
CONTINUOUS
10
5.3642934251968502
20
-4.7678147244094484
11
5.3644883070866136
21
-4.767473582677165
0
LINE
8
BLACK
6
CONTINUOUS
10
5.3644883070866136
20
-4.767473582677165
11
5.3646385826771654
21
-4.767110905511811
0
LINE
8
BLACK
6
CONTINUOUS
10
5.3646385826771654
20
-4.767110905511811
11
5.3647715748031493
21
-4.7669778740157476
0
LINE
8
BLACK
6
CONTINUOUS
10
5.3647715748031493
20
-4.7669778740157476
11
5.3648650393700787
21
-4.7668143700787402
0
LINE
8
BLACK
6
CONTINUOUS
10
5.3648650393700787
20
-4.7668143700787402
11
5.3651756299212598
21
-4.7665738188976379
0
LINE
8
BLACK
6
CONTINUOUS
10
5.3651756299212598
20
-4.7665738188976379
11
5.3654532283464569
21
-4.7662962598425196
0
LINE
8
BLACK
6
CONTINUOUS
10
5.3654532283464569
20
-4.7662962598425196
11
5.3656270866141735
21
-4.7662242125984253
0
LINE
8
BLACK
6
CONTINUOUS
10
5.3656270866141735
20
-4.7662242125984253
11
5.3657759448818894
21
-4.7661089763779527
0
LINE
8
BLACK
6
CONTINUOUS
10
5.3657759448818894
20
-4.7661089763779527
11
5.3661548031496062
21
-4.7660056299212599
0
LINE
8
BLACK
6
CONTINUOUS
10
5.3661548031496062
20
-4.7660056299212599
11
5.3665176377952752
21
-4.7658553543307089
0
LINE
8
BLACK
6
CONTINUOUS
10
5.3665176377952752
20
-4.7658553543307089
11
5.3668122047244093
21
-4.7658263385826771
0
LINE
8
BLACK
6
CONTINUOUS
10
5.3668122047244093
20
-4.7658263385826771
11
5.3668874409448817
21
-4.7658058267716532
0
LINE
8
BLACK
6
CONTINUOUS
10
5.3668874409448817
20
-4.7658058267716532
11
5.3669455118110232
21
-4.7658131889763782
0
LINE
8
BLACK
6
CONTINUOUS
10
5.3669455118110232
20
-4.7658131889763782
11
5.3670937007874011
21
-4.7657986220472441
0
LINE
8
BLACK
6
CONTINUOUS
10
5.3670937007874011
20
-4.7657986220472441
11
5.4064637795275585
21
-4.7657986220472441
0
LINE
8
BLACK
6
CONTINUOUS
10
5.4064637795275585
20
-4.7657986220472441
11
5.4070398425196853
21
-4.7658553543307089
0
LINE
8
BLACK
6
CONTINUOUS
10
5.4795426771653544
20
-4.7583562992125987
11
5.4796406692913386
21
-4.7583968897637794
0
LINE
8
BLACK
6
CONTINUOUS
10
5.4796406692913386
20
-4.7583968897637794
11
5.479746496062992
21
-4.7584044094488185
0
LINE
8
BLACK
6
CONTINUOUS
10
5.479746496062992
20
-4.7584044094488185
11
5.4802871259842521
21
-4.758611299212598
0
LINE
8
BLACK
6
CONTINUOUS
10
5.4802871259842521
20
-4.758611299212598
11
5.4840366535433072
21
-4.7604860629921255
0
LINE
8
BLACK
6
CONTINUOUS
10
5.4840366535433072
20
-4.7604860629921255
11
5.4842846456692911
21
-4.7606421259842522
0
LINE
8
BLACK
6
CONTINUOUS
10
5.4842846456692911
20
-4.7606421259842522
11
5.4843566141732278
21
-4.7606719685039369
0
LINE
8
BLACK
6
CONTINUOUS
10
5.4843566141732278
20
-4.7606719685039369
11
5.4844375590551184
21
-4.7607384251968501
0
LINE
8
BLACK
6
CONTINUOUS
10
5.4844375590551184
20
-4.7607384251968501
11
5.484526535433071
21
-4.7607944094488186
0
LINE
8
BLACK
6
CONTINUOUS
10
5.484526535433071
20
-4.7607944094488186
11
5.4845776771653538
21
-4.7608533858267714
0
LINE
8
BLACK
6
CONTINUOUS
10
5.4845776771653538
20
-4.7608533858267714
11
5.4848040551181105
21
-4.7610391732283466
0
LINE
8
BLACK
6
CONTINUOUS
10
5.4848040551181105
20
-4.7610391732283466
11
5.4866788188976381
21
-4.7629139370078741
0
LINE
8
BLACK
6
CONTINUOUS
10
5.4866788188976381
20
-4.7629139370078741
11
5.4868645669291336
21
-4.7631402755905512
0
LINE
8
BLACK
6
CONTINUOUS
10
5.4868645669291336
20
-4.7631402755905512
11
5.4869235826771652
21
-4.7631914566929137
0
LINE
8
BLACK
6
CONTINUOUS
10
5.4869235826771652
20
-4.7631914566929137
11
5.4869795275590549
21
-4.7632803937007875
0
LINE
8
BLACK
6
CONTINUOUS
10
5.4869795275590549
20
-4.7632803937007875
11
5.4870460236220469
21
-4.7633613779527559
0
LINE
8
BLACK
6
CONTINUOUS
10
5.4870460236220469
20
-4.7633613779527559
11
5.4870758267716537
21
-4.7634333070866139
0
LINE
8
BLACK
6
CONTINUOUS
10
5.4870758267716537
20
-4.7634333070866139
11
5.4872319291338583
21
-4.7636813385826766
0
LINE
8
BLACK
6
CONTINUOUS
10
5.4872319291338583
20
-4.7636813385826766
11
5.4891066929133858
21
-4.7674308661417326
0
LINE
8
BLACK
6
CONTINUOUS
10
5.4891066929133858
20
-4.7674308661417326
11
5.4893135826771653
21
-4.767971456692913
0
LINE
8
BLACK
6
CONTINUOUS
10
5.4893135826771653
20
-4.767971456692913
11
5.4893211023622044
21
-4.7680773228346451
0
LINE
8
BLACK
6
CONTINUOUS
10
5.4893211023622044
20
-4.7680773228346451
11
5.4893616929133859
21
-4.7681753149606294
0
LINE
8
BLACK
6
CONTINUOUS
10
5.4893616929133859
20
-4.7681753149606294
11
5.4894184251968499
21
-4.7687513779527562
0
LINE
8
BLACK
6
CONTINUOUS
10
5.4894184251968499
20
-4.7687513779527562
11
5.4894184251968499
21
-4.7781251968503939
0
LINE
8
BLACK
6
CONTINUOUS
10
5.4894184251968499
20
-4.7781251968503939
11
5.4893616929133859
21
-4.7787012598425198
0
LINE
8
BLACK
6
CONTINUOUS
10
5.4893616929133859
20
-4.7787012598425198
11
5.4893211023622044
21
-4.7787992125984253
0
LINE
8
BLACK
6
CONTINUOUS
10
5.4893211023622044
20
-4.7787992125984253
11
5.4893135826771653
21
-4.7789051181102362
0
LINE
8
BLACK
6
CONTINUOUS
10
5.4893135826771653
20
-4.7789051181102362
11
5.4891066929133858
21
-4.7794457086614175
0
LINE
8
BLACK
6
CONTINUOUS
10
5.4891066929133858
20
-4.7794457086614175
11
5.4887397244094487
21
-4.7801796062992121
0
LINE
8
BLACK
6
CONTINUOUS
10
5.4887397244094487
20
-4.7801796062992121
11
5.4985110236220471
21
-4.7792024803149609
0
LINE
8
BLACK
6
CONTINUOUS
10
5.4985110236220471
20
-4.7792024803149609
11
5.4985110236220471
21
-4.7631270866141735
0
LINE
8
BLACK
6
CONTINUOUS
10
5.4985110236220471
20
-4.7631270866141735
11
5.4985677559055119
21
-4.7625510236220467
0
LINE
8
BLACK
6
CONTINUOUS
10
5.4985677559055119
20
-4.7625510236220467
11
5.4990086614173226
21
-4.7614866141732284
0
LINE
8
BLACK
6
CONTINUOUS
10
5.4990086614173226
20
-4.7614866141732284
11
5.499823307086614
21
-4.7606719685039369
0
LINE
8
BLACK
6
CONTINUOUS
10
5.499823307086614
20
-4.7606719685039369
11
5.5008877165354333
21
-4.7602310629921263
0
LINE
8
BLACK
6
CONTINUOUS
10
5.5008877165354333
20
-4.7602310629921263
11
5.502039842519685
21
-4.7602310629921263
0
LINE
8
BLACK
6
CONTINUOUS
10
5.502039842519685
20
-4.7602310629921263
11
5.5031042519685034
21
-4.7606719685039369
0
LINE
8
BLACK
6
CONTINUOUS
10
5.5031042519685034
20
-4.7606719685039369
11
5.5039188976377948
21
-4.7614866141732284
0
LINE
8
BLACK
6
CONTINUOUS
10
5.5039188976377948
20
-4.7614866141732284
11
5.5043598031496064
21
-4.7625510236220467
0
LINE
8
BLACK
6
CONTINUOUS
10
5.5043598031496064
20
-4.7625510236220467
11
5.5044165354330703
21
-4.7631270866141735
0
LINE
8
BLACK
6
CONTINUOUS
10
5.5044165354330703
20
-4.7631270866141735
11
5.5044165354330703
21
-4.7818747244094491
0
LINE
8
BLACK
6
CONTINUOUS
10
5.5044165354330703
20
-4.7818747244094491
11
5.5043955511811022
21
-4.7820877559055113
0
LINE
8
BLACK
6
CONTINUOUS
10
5.5043955511811022
20
-4.7820877559055113
11
5.5044027559055113
21
-4.7821597637795277
0
LINE
8
BLACK
6
CONTINUOUS
10
5.5044027559055113
20
-4.7821597637795277
11
5.5043815354330707
21
-4.7822300787401577
0
LINE
8
BLACK
6
CONTINUOUS
10
5.5043815354330707
20
-4.7822300787401577
11
5.5043598031496064
21
-4.7824507874015749
0
LINE
8
BLACK
6
CONTINUOUS
10
5.5043598031496064
20
-4.7824507874015749
11
5.5041946456692914
21
-4.7828494488188973
0
LINE
8
BLACK
6
CONTINUOUS
10
5.5041946456692914
20
-4.7828494488188973
11
5.5040699606299208
21
-4.7832627559055121
0
LINE
8
BLACK
6
CONTINUOUS
10
5.5040699606299208
20
-4.7832627559055121
11
5.5039757874015747
21
-4.7833778346456688
0
LINE
8
BLACK
6
CONTINUOUS
10
5.5039757874015747
20
-4.7833778346456688
11
5.5039188976377948
21
-4.7835151968503933
0
LINE
8
BLACK
6
CONTINUOUS
10
5.5039188976377948
20
-4.7835151968503933
11
5.5036136220472436
21
-4.7838204330708658
0
LINE
8
BLACK
6
CONTINUOUS
10
5.5036136220472436
20
-4.7838204330708658
11
5.5033403937007872
21
-4.7841544094488189
0
LINE
8
BLACK
6
CONTINUOUS
10
5.5033403937007872
20
-4.7841544094488189
11
5.5032094094488189
21
-4.7842246456692914
0
LINE
8
BLACK
6
CONTINUOUS
10
5.5032094094488189
20
-4.7842246456692914
11
5.5031042519685034
21
-4.7843298425196847
0
LINE
8
BLACK
6
CONTINUOUS
10
5.5031042519685034
20
-4.7843298425196847
11
5.502705433070866
21
-4.7844949999999997
0
LINE
8
BLACK
6
CONTINUOUS
10
5.502705433070866
20
-4.7844949999999997
11
5.5023251574803149
21
-4.7846990551181099
0
LINE
8
BLACK
6
CONTINUOUS
10
5.5023251574803149
20
-4.7846990551181099
11
5.5021076377952758
21
-4.7847426377952758
0
LINE
8
BLACK
6
CONTINUOUS
10
5.5021076377952758
20
-4.7847426377952758
11
5.502039842519685
21
-4.7847707480314963
0
LINE
8
BLACK
6
CONTINUOUS
10
5.502039842519685
20
-4.7847707480314963
11
5.5019675196850395
21
-4.7847707480314963
0
LINE
8
BLACK
6
CONTINUOUS
10
5.5019675196850395
20
-4.7847707480314963
11
5.501757598425197
21
-4.7848128346456695
0
LINE
8
BLACK
6
CONTINUOUS
10
5.501757598425197
20
-4.7848128346456695
11
5.4830099606299214
21
-4.7866875984251971
0
LINE
8
BLACK
6
CONTINUOUS
10
5.4830099606299214
20
-4.7866875984251971
11
5.482431102362205
21
-4.7866884645669288
0
LINE
8
BLACK
6
CONTINUOUS
10
5.482431102362205
20
-4.7866884645669288
11
5.4822887401574798
21
-4.7866455118110238
0
LINE
8
BLACK
6
CONTINUOUS
10
5.4822887401574798
20
-4.7866455118110238
11
5.4821401181102365
21
-4.7866455118110238
0
LINE
8
BLACK
6
CONTINUOUS
10
5.4821401181102365
20
-4.7866455118110238
11
5.4817414566929132
21
-4.7864803543307088
0
LINE
8
BLACK
6
CONTINUOUS
10
5.4817414566929132
20
-4.7864803543307088
11
5.4813281102362206
21
-4.7863556692913383
0
LINE
8
BLACK
6
CONTINUOUS
10
5.4813281102362206
20
-4.7863556692913383
11
5.4812129921259842
21
-4.7862614960629921
0
LINE
8
BLACK
6
CONTINUOUS
10
5.4812129921259842
20
-4.7862614960629921
11
5.4810756692913385
21
-4.7862046062992123
0
LINE
8
BLACK
6
CONTINUOUS
10
5.4810756692913385
20
-4.7862046062992123
11
5.4807703937007872
21
-4.785899330708661
0
LINE
8
BLACK
6
CONTINUOUS
10
5.4807703937007872
20
-4.785899330708661
11
5.4804364566929129
21
-4.7856261023622046
0
LINE
8
BLACK
6
CONTINUOUS
10
5.4804364566929129
20
-4.7856261023622046
11
5.4803661811023625
21
-4.7854951181102363
0
LINE
8
BLACK
6
CONTINUOUS
10
5.4803661811023625
20
-4.7854951181102363
11
5.480261023622047
21
-4.7853899606299208
0
LINE
8
BLACK
6
CONTINUOUS
10
5.480261023622047
20
-4.7853899606299208
11
5.4800958267716533
21
-4.784991220472441
0
LINE
8
BLACK
6
CONTINUOUS
10
5.4800958267716533
20
-4.784991220472441
11
5.4798918110236219
21
-4.7846108661417324
0
LINE
8
BLACK
6
CONTINUOUS
10
5.4798918110236219
20
-4.7846108661417324
11
5.4798770078740153
21
-4.7844628346456695
0
LINE
8
BLACK
6
CONTINUOUS
10
5.4798770078740153
20
-4.7844628346456695
11
5.4798201181102364
21
-4.7843255118110237
0
LINE
8
BLACK
6
CONTINUOUS
10
5.4798201181102364
20
-4.7843255118110237
11
5.4798201181102364
21
-4.7838939370078739
0
LINE
8
BLACK
6
CONTINUOUS
10
5.4798201181102364
20
-4.7838939370078739
11
5.4797771653543306
21
-4.7834644488188971
0
LINE
8
BLACK
6
CONTINUOUS
10
5.4797771653543306
20
-4.7834644488188971
11
5.4798201181102364
21
-4.7833220866141728
0
LINE
8
BLACK
6
CONTINUOUS
10
5.4798201181102364
20
-4.7833220866141728
11
5.4798201181102364
21
-4.7831734645669286
0
LINE
8
BLACK
6
CONTINUOUS
10
5.4798201181102364
20
-4.7831734645669286
11
5.4799852362204726
21
-4.7827748031496062
0
LINE
8
BLACK
6
CONTINUOUS
10
5.4799852362204726
20
-4.7827748031496062
11
5.4801099606299211
21
-4.7823614566929136
0
LINE
8
BLACK
6
CONTINUOUS
10
5.4801099606299211
20
-4.7823614566929136
11
5.4802040944881885
21
-4.7822463385826772
0
LINE
8
BLACK
6
CONTINUOUS
10
5.4802040944881885
20
-4.7822463385826772
11
5.480261023622047
21
-4.7821090157480315
0
LINE
8
BLACK
6
CONTINUOUS
10
5.480261023622047
20
-4.7821090157480315
11
5.4806282283464567
21
-4.7816615748031497
0
LINE
8
BLACK
6
CONTINUOUS
10
5.4806282283464567
20
-4.7816615748031497
11
5.4821641732283464
21
-4.78012562992126
0
LINE
8
BLACK
6
CONTINUOUS
10
5.4821641732283464
20
-4.78012562992126
11
5.4835129133858267
21
-4.7774281496062994
0
LINE
8
BLACK
6
CONTINUOUS
10
5.4835129133858267
20
-4.7774281496062994
11
5.4835129133858267
21
-4.7694484251968499
0
LINE
8
BLACK
6
CONTINUOUS
10
5.4835129133858267
20
-4.7694484251968499
11
5.4821641732283464
21
-4.7667509448818892
0
LINE
8
BLACK
6
CONTINUOUS
10
5.4821641732283464
20
-4.7667509448818892
11
5.4809670472440946
21
-4.7655538188976374
0
LINE
8
BLACK
6
CONTINUOUS
10
5.4809670472440946
20
-4.7655538188976374
11
5.4782695669291339
21
-4.7642050787401571
0
LINE
8
BLACK
6
CONTINUOUS
10
5.4782695669291339
20
-4.7642050787401571
11
5.4702898425196853
21
-4.7642050787401571
0
LINE
8
BLACK
6
CONTINUOUS
10
5.4702898425196853
20
-4.7642050787401571
11
5.4675923622047247
21
-4.7655538188976374
0
LINE
8
BLACK
6
CONTINUOUS
10
5.4675923622047247
20
-4.7655538188976374
11
5.4663951968503932
21
-4.7667509448818892
0
LINE
8
BLACK
6
CONTINUOUS
10
5.4663951968503932
20
-4.7667509448818892
11
5.4650464566929129
21
-4.7694484645669286
0
LINE
8
BLACK
6
CONTINUOUS
10
5.4650464566929129
20
-4.7694484645669286
11
5.4650464566929129
21
-4.7774280708661419
0
LINE
8
BLACK
6
CONTINUOUS
10
5.4650464566929129
20
-4.7774280708661419
11
5.4663951968503932
21
-4.7801255905511812
0
LINE
8
BLACK
6
CONTINUOUS
10
5.4663951968503932
20
-4.7801255905511812
11
5.4679311811023616
21
-4.7816615748031497
0
LINE
8
BLACK
6
CONTINUOUS
10
5.4679311811023616
20
-4.7816615748031497
11
5.4682983858267713
21
-4.7821090157480315
0
LINE
8
BLACK
6
CONTINUOUS
10
5.4682983858267713
20
-4.7821090157480315
11
5.4687392913385828
21
-4.7831734251968498
0
LINE
8
BLACK
6
CONTINUOUS
10
5.4687392913385828
20
-4.7831734251968498
11
5.4687392913385828
21
-4.7843255118110237
0
LINE
8
BLACK
6
CONTINUOUS
10
5.4687392913385828
20
-4.7843255118110237
11
5.4682983858267713
21
-4.7853899212598421
0
LINE
8
BLACK
6
CONTINUOUS
10
5.4682983858267713
20
-4.7853899212598421
11
5.4674837007874011
21
-4.7862046062992123
0
LINE
8
BLACK
6
CONTINUOUS
10
5.4674837007874011
20
-4.7862046062992123
11
5.4664192913385827
21
-4.7866455118110238
0
LINE
8
BLACK
6
CONTINUOUS
10
5.4664192913385827
20
-4.7866455118110238
11
5.4652672047244097
21
-4.7866455118110238
0
LINE
8
BLACK
6
CONTINUOUS
10
5.4652672047244097
20
-4.7866455118110238
11
5.4642027952755905
21
-4.7862046062992123
0
LINE
8
BLACK
6
CONTINUOUS
10
5.4642027952755905
20
-4.7862046062992123
11
5.4637553543307087
21
-4.7858374015748026
0
LINE
8
BLACK
6
CONTINUOUS
10
5.4637553543307087
20
-4.7858374015748026
11
5.4618805905511811
21
-4.7839626377952751
0
LINE
8
BLACK
6
CONTINUOUS
10
5.4618805905511811
20
-4.7839626377952751
11
5.4616948425196847
21
-4.783736299212598
0
LINE
8
BLACK
6
CONTINUOUS
10
5.4616948425196847
20
-4.783736299212598
11
5.4616358661417319
21
-4.7836851574803152
0
LINE
8
BLACK
6
CONTINUOUS
10
5.4616358661417319
20
-4.7836851574803152
11
5.4615798425196846
21
-4.7835961811023617
0
LINE
8
BLACK
6
CONTINUOUS
10
5.4615798425196846
20
-4.7835961811023617
11
5.4615133858267715
21
-4.7835151968503933
0
LINE
8
BLACK
6
CONTINUOUS
10
5.4615133858267715
20
-4.7835151968503933
11
5.4614835826771655
21
-4.7834432283464565
0
LINE
8
BLACK
6
CONTINUOUS
10
5.4614835826771655
20
-4.7834432283464565
11
5.4613274803149601
21
-4.7831952755905514
0
LINE
8
BLACK
6
CONTINUOUS
10
5.4613274803149601
20
-4.7831952755905514
11
5.4594526771653547
21
-4.7794457480314962
0
LINE
8
BLACK
6
CONTINUOUS
10
5.4594526771653547
20
-4.7794457480314962
11
5.4592457874015743
21
-4.7789051181102362
0
LINE
8
BLACK
6
CONTINUOUS
10
5.4592457874015743
20
-4.7789051181102362
11
5.4592382283464564
21
-4.7787992125984253
0
LINE
8
BLACK
6
CONTINUOUS
10
5.4592382283464564
20
-4.7787992125984253
11
5.4591976771653545
21
-4.7787012598425198
0
LINE
8
BLACK
6
CONTINUOUS
10
5.4591976771653545
20
-4.7787012598425198
11
5.4591409448818897
21
-4.7781251968503939
0
LINE
8
BLACK
6
CONTINUOUS
10
5.4591409448818897
20
-4.7781251968503939
11
5.4591409448818897
21
-4.7687513779527562
0
LINE
8
BLACK
6
CONTINUOUS
10
5.4591409448818897
20
-4.7687513779527562
11
5.4591976771653545
21
-4.7681753149606294
0
LINE
8
BLACK
6
CONTINUOUS
10
5.4591976771653545
20
-4.7681753149606294
11
5.4592382283464564
21
-4.7680773228346451
0
LINE
8
BLACK
6
CONTINUOUS
10
5.4592382283464564
20
-4.7680773228346451
11
5.4592457874015743
21
-4.767971456692913
0
LINE
8
BLACK
6
CONTINUOUS
10
5.4592457874015743
20
-4.767971456692913
11
5.4594526771653547
21
-4.7674308267716539
0
LINE
8
BLACK
6
CONTINUOUS
10
5.4594526771653547
20
-4.7674308267716539
11
5.4613274803149601
21
-4.7636812992125988
0
LINE
8
BLACK
6
CONTINUOUS
10
5.4613274803149601
20
-4.7636812992125988
11
5.4614835826771655
21
-4.7634333070866139
0
LINE
8
BLACK
6
CONTINUOUS
10
5.4614835826771655
20
-4.7634333070866139
11
5.4615133858267715
21
-4.7633613779527559
0
LINE
8
BLACK
6
CONTINUOUS
10
5.4615133858267715
20
-4.7633613779527559
11
5.4615798425196846
21
-4.7632803543307087
0
LINE
8
BLACK
6
CONTINUOUS
10
5.4615798425196846
20
-4.7632803543307087
11
5.4616358661417319
21
-4.7631914173228349
0
LINE
8
BLACK
6
CONTINUOUS
10
5.4616358661417319
20
-4.7631914173228349
11
5.4616948425196847
21
-4.7631402362204724
0
LINE
8
BLACK
6
CONTINUOUS
10
5.4616948425196847
20
-4.7631402362204724
11
5.4618805905511811
21
-4.7629139370078741
0
LINE
8
BLACK
6
CONTINUOUS
10
5.4618805905511811
20
-4.7629139370078741
11
5.4637553543307087
21
-4.7610391732283466
0
LINE
8
BLACK
6
CONTINUOUS
10
5.4637553543307087
20
-4.7610391732283466
11
5.4639816929133858
21
-4.7608533858267714
0
LINE
8
BLACK
6
CONTINUOUS
10
5.4639816929133858
20
-4.7608533858267714
11
5.4640328740157482
21
-4.7607944094488186
0
LINE
8
BLACK
6
CONTINUOUS
10
5.4640328740157482
20
-4.7607944094488186
11
5.464121811023622
21
-4.7607384251968501
0
LINE
8
BLACK
6
CONTINUOUS
10
5.464121811023622
20
-4.7607384251968501
11
5.4642027952755905
21
-4.7606719685039369
0
LINE
8
BLACK
6
CONTINUOUS
10
5.4642027952755905
20
-4.7606719685039369
11
5.4642747244094485
21
-4.7606421259842522
0
LINE
8
BLACK
6
CONTINUOUS
10
5.4642747244094485
20
-4.7606421259842522
11
5.4645227559055121
21
-4.7604860629921255
0
LINE
8
BLACK
6
CONTINUOUS
10
5.4645227559055121
20
-4.7604860629921255
11
5.4682722834645672
21
-4.758611299212598
0
LINE
8
BLACK
6
CONTINUOUS
10
5.4682722834645672
20
-4.758611299212598
11
5.4688128740157476
21
-4.7584044094488185
0
LINE
8
BLACK
6
CONTINUOUS
10
5.4688128740157476
20
-4.7584044094488185
11
5.4689187401574806
21
-4.7583968503937006
0
LINE
8
BLACK
6
CONTINUOUS
10
5.4689187401574806
20
-4.7583968503937006
11
5.4690167322834649
21
-4.7583562992125987
0
LINE
8
BLACK
6
CONTINUOUS
10
5.4690167322834649
20
-4.7583562992125987
11
5.4695927952755907
21
-4.7582995669291339
0
LINE
8
BLACK
6
CONTINUOUS
10
5.4695927952755907
20
-4.7582995669291339
11
5.4789666141732285
21
-4.7582995669291339
0
LINE
8
BLACK
6
CONTINUOUS
10
5.4789666141732285
20
-4.7582995669291339
11
5.4795426771653544
21
-4.7583562992125987
0
LINE
8
BLACK
6
CONTINUOUS
10
4.425288622047244
20
-4.7156401574803146
11
4.4255779133858271
21
-4.7156401574803146
0
LINE
8
BLACK
6
CONTINUOUS
10
4.4255779133858271
20
-4.7156401574803146
11
4.4258479921259841
21
-4.7157520078740154
0
LINE
8
BLACK
6
CONTINUOUS
10
4.4258479921259841
20
-4.7157520078740154
11
4.4261346456692916
21
-4.7158093700787402
0
LINE
8
BLACK
6
CONTINUOUS
10
4.4261346456692916
20
-4.7158093700787402
11
4.4263750000000002
21
-4.7159703149606296
0
LINE
8
BLACK
6
CONTINUOUS
10
4.4263750000000002
20
-4.7159703149606296
11
4.4266423228346454
21
-4.7160810629921261
0
LINE
8
BLACK
6
CONTINUOUS
10
4.4266423228346454
20
-4.7160810629921261
11
4.4268490157480311
21
-4.7162877559055119
0
LINE
8
BLACK
6
CONTINUOUS
10
4.4268490157480311
20
-4.7162877559055119
11
4.4270919291338577
21
-4.7164504330708663
0
LINE
8
BLACK
6
CONTINUOUS
10
4.4270919291338577
20
-4.7164504330708663
11
4.4274549212598426
21
-4.7168936614173225
0
LINE
8
BLACK
6
CONTINUOUS
10
4.4274549212598426
20
-4.7168936614173225
11
4.4274569685039369
21
-4.7168957086614176
0
LINE
8
BLACK
6
CONTINUOUS
10
4.4274569685039369
20
-4.7168957086614176
11
4.4274573228346457
21
-4.7168965748031493
0
LINE
8
BLACK
6
CONTINUOUS
10
4.4274573228346457
20
-4.7168965748031493
11
4.4274587007874011
21
-4.7168982677165356
0
LINE
8
BLACK
6
CONTINUOUS
10
4.4274587007874011
20
-4.7168982677165356
11
4.4310460236220468
21
-4.7222792913385829
0
LINE
8
BLACK
6
CONTINUOUS
10
4.4310460236220468
20
-4.7222792913385829
11
4.4342499999999996
21
-4.7254832677165357
0
LINE
8
BLACK
6
CONTINUOUS
10
4.4342499999999996
20
-4.7254832677165357
11
4.4375709448818901
21
-4.7271437401574801
0
LINE
8
BLACK
6
CONTINUOUS
10
4.4375709448818901
20
-4.7271437401574801
11
4.438060826771653
21
-4.7274520866141732
0
LINE
8
BLACK
6
CONTINUOUS
10
4.438060826771653
20
-4.7274520866141732
11
4.4388156692913388
21
-4.7283224803149606
0
LINE
8
BLACK
6
CONTINUOUS
10
4.4388156692913388
20
-4.7283224803149606
11
4.4391799999999995
21
-4.7294154330708658
0
LINE
8
BLACK
6
CONTINUOUS
10
4.4391799999999995
20
-4.7294154330708658
11
4.4390983464566931
21
-4.7305646456692916
0
LINE
8
BLACK
6
CONTINUOUS
10
4.4390983464566931
20
-4.7305646456692916
11
4.4385830708661418
21
-4.7315951574803146
0
LINE
8
BLACK
6
CONTINUOUS
10
4.4385830708661418
20
-4.7315951574803146
11
4.4377127165354331
21
-4.7323500000000003
0
LINE
8
BLACK
6
CONTINUOUS
10
4.4377127165354331
20
-4.7323500000000003
11
4.4366197244094483
21
-4.732714330708661
0
LINE
8
BLACK
6
CONTINUOUS
10
4.4366197244094483
20
-4.732714330708661
11
4.4354705118110234
21
-4.7326326771653546
0
LINE
8
BLACK
6
CONTINUOUS
10
4.4354705118110234
20
-4.7326326771653546
11
4.4349299212598421
21
-4.7324257874015743
0
LINE
8
BLACK
6
CONTINUOUS
10
4.4349299212598421
20
-4.7324257874015743
11
4.431180393700787
21
-4.7305510236220467
0
LINE
8
BLACK
6
CONTINUOUS
10
4.431180393700787
20
-4.7305510236220467
11
4.4309325590551181
21
-4.7303949999999997
0
LINE
8
BLACK
6
CONTINUOUS
10
4.4309325590551181
20
-4.7303949999999997
11
4.4308604330708663
21
-4.7303651574803149
0
LINE
8
BLACK
6
CONTINUOUS
10
4.4308604330708663
20
-4.7303651574803149
11
4.4307792519685041
21
-4.7302985433070868
0
LINE
8
BLACK
6
CONTINUOUS
10
4.4307792519685041
20
-4.7302985433070868
11
4.4306905118110231
21
-4.7302426771653545
0
LINE
8
BLACK
6
CONTINUOUS
10
4.4306905118110231
20
-4.7302426771653545
11
4.4306393700787403
21
-4.7301837401574804
0
LINE
8
BLACK
6
CONTINUOUS
10
4.4306393700787403
20
-4.7301837401574804
11
4.4304129921259845
21
-4.7299979133858265
0
LINE
8
BLACK
6
CONTINUOUS
10
4.4304129921259845
20
-4.7299979133858265
11
4.4279546062992123
21
-4.7275395275590553
0
LINE
8
BLACK
6
CONTINUOUS
10
4.4279546062992123
20
-4.7275395275590553
11
4.4279546062992123
21
-4.7549535039370081
0
LINE
8
BLACK
6
CONTINUOUS
10
4.4279546062992123
20
-4.7549535039370081
11
4.4362504330708656
21
-4.7549535039370081
0
LINE
8
BLACK
6
CONTINUOUS
10
4.4362504330708656
20
-4.7549535039370081
11
4.4368264960629924
21
-4.755010236220472
0
LINE
8
BLACK
6
CONTINUOUS
10
4.4368264960629924
20
-4.755010236220472
11
4.4378909055118108
21
-4.7554511417322836
0
LINE
8
BLACK
6
CONTINUOUS
10
4.4378909055118108
20
-4.7554511417322836
11
4.4387055511811022
21
-4.756265787401575
0
LINE
8
BLACK
6
CONTINUOUS
10
4.4387055511811022
20
-4.756265787401575
11
4.4391464566929129
21
-4.7573301968503934
0
LINE
8
BLACK
6
CONTINUOUS
10
4.4391464566929129
20
-4.7573301968503934
11
4.4391464566929129
21
-4.7584823228346451
0
LINE
8
BLACK
6
CONTINUOUS
10
4.4391464566929129
20
-4.7584823228346451
11
4.4387055511811022
21
-4.7595467322834644
0
LINE
8
BLACK
6
CONTINUOUS
10
4.4387055511811022
20
-4.7595467322834644
11
4.4378909055118108
21
-4.7603613779527558
0
LINE
8
BLACK
6
CONTINUOUS
10
4.4378909055118108
20
-4.7603613779527558
11
4.4368264960629924
21
-4.7608022834645665
0
LINE
8
BLACK
6
CONTINUOUS
10
4.4368264960629924
20
-4.7608022834645665
11
4.4362504330708656
21
-4.7608590157480313
0
LINE
8
BLACK
6
CONTINUOUS
10
4.4362504330708656
20
-4.7608590157480313
11
4.413753267716535
21
-4.7608590157480313
0
LINE
8
BLACK
6
CONTINUOUS
10
4.413753267716535
20
-4.7608590157480313
11
4.4131772047244091
21
-4.7608022834645665
0
LINE
8
BLACK
6
CONTINUOUS
10
4.4131772047244091
20
-4.7608022834645665
11
4.4121127952755907
21
-4.7603613779527558
0
LINE
8
BLACK
6
CONTINUOUS
10
4.4121127952755907
20
-4.7603613779527558
11
4.4112981496062993
21
-4.7595467322834644
0
LINE
8
BLACK
6
CONTINUOUS
10
4.4112981496062993
20
-4.7595467322834644
11
4.4108572440944878
21
-4.7584823228346451
0
LINE
8
BLACK
6
CONTINUOUS
10
4.4108572440944878
20
-4.7584823228346451
11
4.4108572440944878
21
-4.7573301968503934
0
LINE
8
BLACK
6
CONTINUOUS
10
4.4108572440944878
20
-4.7573301968503934
11
4.4112981496062993
21
-4.756265787401575
0
LINE
8
BLACK
6
CONTINUOUS
10
4.4112981496062993
20
-4.756265787401575
11
4.4121127952755907
21
-4.7554511417322836
0
LINE
8
BLACK
6
CONTINUOUS
10
4.4121127952755907
20
-4.7554511417322836
11
4.4131772047244091
21
-4.755010236220472
0
LINE
8
BLACK
6
CONTINUOUS
10
4.4131772047244091
20
-4.755010236220472
11
4.413753267716535
21
-4.7549535039370081
0
LINE
8
BLACK
6
CONTINUOUS
10
4.413753267716535
20
-4.7549535039370081
11
4.4220490944881892
21
-4.7549535039370081
0
LINE
8
BLACK
6
CONTINUOUS
10
4.4220490944881892
20
-4.7549535039370081
11
4.4220490944881892
21
-4.7185361811023618
0
LINE
8
BLACK
6
CONTINUOUS
10
4.4220490944881892
20
-4.7185361811023618
11
4.4220492913385829
21
-4.7185340944881888
0
LINE
8
BLACK
6
CONTINUOUS
10
4.4220492913385829
20
-4.7185340944881888
11
4.4220490944881892
21
-4.7185330708661413
0
LINE
8
BLACK
6
CONTINUOUS
10
4.4220490944881892
20
-4.7185330708661413
11
4.4220496850393696
21
-4.7185300393700782
0
LINE
8
BLACK
6
CONTINUOUS
10
4.4220496850393696
20
-4.7185300393700782
11
4.4221058267716531
21
-4.717960118110236
0
LINE
8
BLACK
6
CONTINUOUS
10
4.4221058267716531
20
-4.717960118110236
11
4.4222176771653539
21
-4.7176900000000002
0
LINE
8
BLACK
6
CONTINUOUS
10
4.4222176771653539
20
-4.7176900000000002
11
4.4222750393700787
21
-4.7174033858267714
0
LINE
8
BLACK
6
CONTINUOUS
10
4.4222750393700787
20
-4.7174033858267714
11
4.422435984251968
21
-4.7171629921259841
0
LINE
8
BLACK
6
CONTINUOUS
10
4.422435984251968
20
-4.7171629921259841
11
4.4225467322834646
21
-4.7168957086614176
0
LINE
8
BLACK
6
CONTINUOUS
10
4.4225467322834646
20
-4.7168957086614176
11
4.4227534251968503
21
-4.7166889763779523
0
LINE
8
BLACK
6
CONTINUOUS
10
4.4227534251968503
20
-4.7166889763779523
11
4.4229161023622048
21
-4.7164461023622044
0
LINE
8
BLACK
6
CONTINUOUS
10
4.4229161023622048
20
-4.7164461023622044
11
4.4231568110236221
21
-4.7162855905511814
0
LINE
8
BLACK
6
CONTINUOUS
10
4.4231568110236221
20
-4.7162855905511814
11
4.4233613779527561
21
-4.7160810629921261
0
LINE
8
BLACK
6
CONTINUOUS
10
4.4233613779527561
20
-4.7160810629921261
11
4.4236314566929131
21
-4.7159691732283466
0
LINE
8
BLACK
6
CONTINUOUS
10
4.4236314566929131
20
-4.7159691732283466
11
4.4238747244094485
21
-4.715807007874016
0
LINE
8
BLACK
6
CONTINUOUS
10
4.4238747244094485
20
-4.715807007874016
11
4.4241585039370079
21
-4.7157508661417324
0
LINE
8
BLACK
6
CONTINUOUS
10
4.4241585039370079
20
-4.7157508661417324
11
4.4244257874015744
21
-4.7156401574803146
0
LINE
8
BLACK
6
CONTINUOUS
10
4.4244257874015744
20
-4.7156401574803146
11
4.424718188976378
21
-4.7156401574803146
0
LINE
8
BLACK
6
CONTINUOUS
10
4.424718188976378
20
-4.7156401574803146
11
4.4250049606299209
21
-4.7155834251968507
0
LINE
8
BLACK
6
CONTINUOUS
10
4.4250049606299209
20
-4.7155834251968507
11
4.425288622047244
21
-4.7156401574803146
0
LINE
8
BLACK
6
CONTINUOUS
10
4.4547638188976375
20
-4.7160810629921261
11
4.455578464566929
21
-4.7168957086614176
0
LINE
8
BLACK
6
CONTINUOUS
10
4.455578464566929
20
-4.7168957086614176
11
4.4560193700787405
21
-4.717960118110236
0
LINE
8
BLACK
6
CONTINUOUS
10
4.4560193700787405
20
-4.717960118110236
11
4.4560761023622044
21
-4.7185361811023618
0
LINE
8
BLACK
6
CONTINUOUS
10
4.4560761023622044
20
-4.7185361811023618
11
4.4560761023622044
21
-4.7461784645669294
0
LINE
8
BLACK
6
CONTINUOUS
10
4.4560761023622044
20
-4.7461784645669294
11
4.457578897637795
21
-4.7506868897637791
0
LINE
8
BLACK
6
CONTINUOUS
10
4.457578897637795
20
-4.7506868897637791
11
4.4603426771653538
21
-4.7534507086614175
0
LINE
8
BLACK
6
CONTINUOUS
10
4.4603426771653538
20
-4.7534507086614175
11
4.4648510629921256
21
-4.7549535039370081
0
LINE
8
BLACK
6
CONTINUOUS
10
4.4648510629921256
20
-4.7549535039370081
11
4.4681214566929137
21
-4.7549535039370081
0
LINE
8
BLACK
6
CONTINUOUS
10
4.4681214566929137
20
-4.7549535039370081
11
4.4686975196850396
21
-4.755010236220472
0
LINE
8
BLACK
6
CONTINUOUS
10
4.4686975196850396
20
-4.755010236220472
11
4.4697619291338579
21
-4.7554511417322836
0
LINE
8
BLACK
6
CONTINUOUS
10
4.4697619291338579
20
-4.7554511417322836
11
4.4705765748031494
21
-4.756265787401575
0
LINE
8
BLACK
6
CONTINUOUS
10
4.4705765748031494
20
-4.756265787401575
11
4.4710174803149609
21
-4.7573301968503934
0
LINE
8
BLACK
6
CONTINUOUS
10
4.4710174803149609
20
-4.7573301968503934
11
4.4710174803149609
21
-4.7584823228346451
0
LINE
8
BLACK
6
CONTINUOUS
10
4.4710174803149609
20
-4.7584823228346451
11
4.4705765748031494
21
-4.7595467322834644
0
LINE
8
BLACK
6
CONTINUOUS
10
4.4705765748031494
20
-4.7595467322834644
11
4.4697619291338579
21
-4.7603613779527558
0
LINE
8
BLACK
6
CONTINUOUS
10
4.4697619291338579
20
-4.7603613779527558
11
4.4686975196850396
21
-4.7608022834645665
0
LINE
8
BLACK
6
CONTINUOUS
10
4.4686975196850396
20
-4.7608022834645665
11
4.4681214566929137
21
-4.7608590157480313
0
LINE
8
BLACK
6
CONTINUOUS
10
4.4681214566929137
20
-4.7608590157480313
11
4.4643719291338586
21
-4.7608590157480313
0
LINE
8
BLACK
6
CONTINUOUS
10
4.4643719291338586
20
-4.7608590157480313
11
4.4640803149606301
21
-4.7608302755905507
0
LINE
8
BLACK
6
CONTINUOUS
10
4.4640803149606301
20
-4.7608302755905507
11
4.4640025984251963
21
-4.7608358267716531
0
LINE
8
BLACK
6
CONTINUOUS
10
4.4640025984251963
20
-4.7608358267716531
11
4.4639003149606298
21
-4.7608125590551182
0
LINE
8
BLACK
6
CONTINUOUS
10
4.4639003149606298
20
-4.7608125590551182
11
4.4637958661417318
21
-4.7608022834645665
0
LINE
8
BLACK
6
CONTINUOUS
10
4.4637958661417318
20
-4.7608022834645665
11
4.4637237795275588
21
-4.760772401574803
0
LINE
8
BLACK
6
CONTINUOUS
10
4.4637237795275588
20
-4.760772401574803
11
4.4634381496062989
21
-4.7607074803149603
0
LINE
8
BLACK
6
CONTINUOUS
10
4.4634381496062989
20
-4.7607074803149603
11
4.457813897637795
21
-4.7588327165354327
0
LINE
8
BLACK
6
CONTINUOUS
10
4.457813897637795
20
-4.7588327165354327
11
4.4572853149606297
21
-4.7585967322834648
0
LINE
8
BLACK
6
CONTINUOUS
10
4.4572853149606297
20
-4.7585967322834648
11
4.4572051968503938
21
-4.7585272440944877
0
LINE
8
BLACK
6
CONTINUOUS
10
4.4572051968503938
20
-4.7585272440944877
11
4.4571071653543308
21
-4.758486653543307
0
LINE
8
BLACK
6
CONTINUOUS
10
4.4571071653543308
20
-4.758486653543307
11
4.456659724409449
21
-4.7581194094488186
0
LINE
8
BLACK
6
CONTINUOUS
10
4.456659724409449
20
-4.7581194094488186
11
4.4529101968503939
21
-4.7543698425196848
0
LINE
8
BLACK
6
CONTINUOUS
10
4.4529101968503939
20
-4.7543698425196848
11
4.4525429527559055
21
-4.7539223622047242
0
LINE
8
BLACK
6
CONTINUOUS
10
4.4525429527559055
20
-4.7539223622047242
11
4.4525023228346452
21
-4.7538242913385824
0
LINE
8
BLACK
6
CONTINUOUS
10
4.4525023228346452
20
-4.7538242913385824
11
4.4524328740157477
21
-4.7537442125984253
0
LINE
8
BLACK
6
CONTINUOUS
10
4.4524328740157477
20
-4.7537442125984253
11
4.4521968897637798
21
-4.7532156692913388
0
LINE
8
BLACK
6
CONTINUOUS
10
4.4521968897637798
20
-4.7532156692913388
11
4.4503221259842523
21
-4.7475913779527561
0
LINE
8
BLACK
6
CONTINUOUS
10
4.4503221259842523
20
-4.7475913779527561
11
4.4502571653543308
21
-4.7473057874015749
0
LINE
8
BLACK
6
CONTINUOUS
10
4.4502571653543308
20
-4.7473057874015749
11
4.4502273228346452
21
-4.747233700787401
0
LINE
8
BLACK
6
CONTINUOUS
10
4.4502273228346452
20
-4.747233700787401
11
4.4502170078740155
21
-4.7471291732283465
0
LINE
8
BLACK
6
CONTINUOUS
10
4.4502170078740155
20
-4.7471291732283465
11
4.4501937795275586
21
-4.7470269291338578
0
LINE
8
BLACK
6
CONTINUOUS
10
4.4501937795275586
20
-4.7470269291338578
11
4.4501992913385822
21
-4.7469491732283462
0
LINE
8
BLACK
6
CONTINUOUS
10
4.4501992913385822
20
-4.7469491732283462
11
4.4501705905511812
21
-4.7466576377952752
0
LINE
8
BLACK
6
CONTINUOUS
10
4.4501705905511812
20
-4.7466576377952752
11
4.4501705905511812
21
-4.7185361811023618
0
LINE
8
BLACK
6
CONTINUOUS
10
4.4501705905511812
20
-4.7185361811023618
11
4.4502273228346452
21
-4.717960118110236
0
LINE
8
BLACK
6
CONTINUOUS
10
4.4502273228346452
20
-4.717960118110236
11
4.4506682283464567
21
-4.7168957086614176
0
LINE
8
BLACK
6
CONTINUOUS
10
4.4506682283464567
20
-4.7168957086614176
11
4.4514828740157482
21
-4.7160810629921261
0
LINE
8
BLACK
6
CONTINUOUS
10
4.4514828740157482
20
-4.7160810629921261
11
4.4525472834645665
21
-4.7156401574803146
0
LINE
8
BLACK
6
CONTINUOUS
10
4.4525472834645665
20
-4.7156401574803146
11
4.4536994094488191
21
-4.7156401574803146
0
LINE
8
BLACK
6
CONTINUOUS
10
4.4536994094488191
20
-4.7156401574803146
11
4.4547638188976375
21
-4.7160810629921261
0
LINE
8
BLACK
6
CONTINUOUS
10
5.389691417322835
20
-4.7245636614173225
11
5.3897344488188974
21
-4.7245572834645664
0
LINE
8
BLACK
6
CONTINUOUS
10
5.3897344488188974
20
-4.7245572834645664
11
5.3899499212598423
21
-4.7245891338582675
0
LINE
8
BLACK
6
CONTINUOUS
10
5.3899499212598423
20
-4.7245891338582675
11
5.3901669685039373
21
-4.7246105118110231
0
LINE
8
BLACK
6
CONTINUOUS
10
5.3901669685039373
20
-4.7246105118110231
11
5.3902071653543304
21
-4.7246271259842523
0
LINE
8
BLACK
6
CONTINUOUS
10
5.3902071653543304
20
-4.7246271259842523
11
5.3903070472440939
21
-4.7246419291338579
0
LINE
8
BLACK
6
CONTINUOUS
10
5.3903070472440939
20
-4.7246419291338579
11
5.397806102362205
21
-4.7265166929133855
0
LINE
8
BLACK
6
CONTINUOUS
10
5.397806102362205
20
-4.7265166929133855
11
5.3978485826771649
21
-4.7265318503937008
0
LINE
8
BLACK
6
CONTINUOUS
10
5.3978485826771649
20
-4.7265318503937008
11
5.3978698425196852
21
-4.7265333858267713
0
LINE
8
BLACK
6
CONTINUOUS
10
5.3978698425196852
20
-4.7265333858267713
11
5.3981092519685037
21
-4.7266250000000003
0
LINE
8
BLACK
6
CONTINUOUS
10
5.3981092519685037
20
-4.7266250000000003
11
5.3983512204724411
21
-4.7267114566929136
0
LINE
8
BLACK
6
CONTINUOUS
10
5.3983512204724411
20
-4.7267114566929136
11
5.3983683464566932
21
-4.7267241338582675
0
LINE
8
BLACK
6
CONTINUOUS
10
5.3983683464566932
20
-4.7267241338582675
11
5.3984104724409452
21
-4.7267402755905508
0
LINE
8
BLACK
6
CONTINUOUS
10
5.3984104724409452
20
-4.7267402755905508
11
5.4021600000000003
21
-4.7286150393700783
0
LINE
8
BLACK
6
CONTINUOUS
10
5.4021600000000003
20
-4.7286150393700783
11
5.4024079921259842
21
-4.728771102362205
0
LINE
8
BLACK
6
CONTINUOUS
10
5.4024079921259842
20
-4.728771102362205
11
5.402479960629921
21
-4.7288009448818897
0
LINE
8
BLACK
6
CONTINUOUS
10
5.402479960629921
20
-4.7288009448818897
11
5.4025609055118107
21
-4.7288674015748029
0
LINE
8
BLACK
6
CONTINUOUS
10
5.4025609055118107
20
-4.7288674015748029
11
5.4026498818897633
21
-4.7289233858267714
0
LINE
8
BLACK
6
CONTINUOUS
10
5.4026498818897633
20
-4.7289233858267714
11
5.402701023622047
21
-4.7289823622047242
0
LINE
8
BLACK
6
CONTINUOUS
10
5.402701023622047
20
-4.7289823622047242
11
5.4029274015748028
21
-4.7291681496062994
0
LINE
8
BLACK
6
CONTINUOUS
10
5.4029274015748028
20
-4.7291681496062994
11
5.4066769291338579
21
-4.7329176771653545
0
LINE
8
BLACK
6
CONTINUOUS
10
5.4066769291338579
20
-4.7329176771653545
11
5.4070441732283463
21
-4.7333651181102363
0
LINE
8
BLACK
6
CONTINUOUS
10
5.4070441732283463
20
-4.7333651181102363
11
5.4070847637795278
21
-4.7334631496062993
0
LINE
8
BLACK
6
CONTINUOUS
10
5.4070847637795278
20
-4.7334631496062993
11
5.4071542519685041
21
-4.7335432677165352
0
LINE
8
BLACK
6
CONTINUOUS
10
5.4071542519685041
20
-4.7335432677165352
11
5.407390236220472
21
-4.7340718503937005
0
LINE
8
BLACK
6
CONTINUOUS
10
5.407390236220472
20
-4.7340718503937005
11
5.4092649999999995
21
-4.7396961023622044
0
LINE
8
BLACK
6
CONTINUOUS
10
5.4092649999999995
20
-4.7396961023622044
11
5.4093299212598422
21
-4.7399817322834643
0
LINE
8
BLACK
6
CONTINUOUS
10
5.4093299212598422
20
-4.7399817322834643
11
5.4093598031496057
21
-4.7400538188976373
0
LINE
8
BLACK
6
CONTINUOUS
10
5.4093598031496057
20
-4.7400538188976373
11
5.4093700787401575
21
-4.7401582677165353
0
LINE
8
BLACK
6
CONTINUOUS
10
5.4093700787401575
20
-4.7401582677165353
11
5.4093933464566932
21
-4.7402605511811027
0
LINE
8
BLACK
6
CONTINUOUS
10
5.4093933464566932
20
-4.7402605511811027
11
5.40938779527559
21
-4.7403382677165355
0
LINE
8
BLACK
6
CONTINUOUS
10
5.40938779527559
20
-4.7403382677165355
11
5.4094165354330705
21
-4.7406298818897641
0
LINE
8
BLACK
6
CONTINUOUS
10
5.4094165354330705
20
-4.7406298818897641
11
5.4094165354330705
21
-4.7500037007874019
0
LINE
8
BLACK
6
CONTINUOUS
10
5.4094165354330705
20
-4.7500037007874019
11
5.4093598031496057
21
-4.7505797637795277
0
LINE
8
BLACK
6
CONTINUOUS
10
5.4093598031496057
20
-4.7505797637795277
11
5.4089188976377951
21
-4.7516441732283461
0
LINE
8
BLACK
6
CONTINUOUS
10
5.4089188976377951
20
-4.7516441732283461
11
5.4081042519685036
21
-4.7524588188976375
0
LINE
8
BLACK
6
CONTINUOUS
10
5.4081042519685036
20
-4.7524588188976375
11
5.4070398425196853
21
-4.7528997244094491
0
LINE
8
BLACK
6
CONTINUOUS
10
5.4070398425196853
20
-4.7528997244094491
11
5.4064637795275585
21
-4.752956456692913
0
LINE
8
BLACK
6
CONTINUOUS
10
5.4064637795275585
20
-4.752956456692913
11
5.3670937007874011
21
-4.752956456692913
0
LINE
8
BLACK
6
CONTINUOUS
10
5.3670937007874011
20
-4.752956456692913
11
5.3665176377952752
21
-4.7528997244094491
0
LINE
8
BLACK
6
CONTINUOUS
10
5.3665176377952752
20
-4.7528997244094491
11
5.3654532283464569
21
-4.7524588188976375
0
LINE
8
BLACK
6
CONTINUOUS
10
5.3654532283464569
20
-4.7524588188976375
11
5.3646385826771654
21
-4.7516441732283461
0
LINE
8
BLACK
6
CONTINUOUS
10
5.3646385826771654
20
-4.7516441732283461
11
5.3641976771653539
21
-4.7505797637795277
0
LINE
8
BLACK
6
CONTINUOUS
10
5.3641976771653539
20
-4.7505797637795277
11
5.36414094488189
21
-4.7500037007874019
0
LINE
8
BLACK
6
CONTINUOUS
10
5.36414094488189
20
-4.7500037007874019
11
5.36414094488189
21
-4.7406298818897641
0
LINE
8
BLACK
6
CONTINUOUS
10
5.36414094488189
20
-4.7406298818897641
11
5.3641696456692909
21
-4.7403383070866143
0
LINE
8
BLACK
6
CONTINUOUS
10
5.3641696456692909
20
-4.7403383070866143
11
5.3641641338582673
21
-4.7402605511811027
0
LINE
8
BLACK
6
CONTINUOUS
10
5.3641641338582673
20
-4.7402605511811027
11
5.3641873622047243
21
-4.7401582677165353
0
LINE
8
BLACK
6
CONTINUOUS
10
5.3641873622047243
20
-4.7401582677165353
11
5.3641976771653539
21
-4.7400538188976373
0
LINE
8
BLACK
6
CONTINUOUS
10
5.3641976771653539
20
-4.7400538188976373
11
5.3642275196850395
21
-4.7399817322834643
0
LINE
8
BLACK
6
CONTINUOUS
10
5.3642275196850395
20
-4.7399817322834643
11
5.3642924803149601
21
-4.7396961023622044
0
LINE
8
BLACK
6
CONTINUOUS
10
5.3642924803149601
20
-4.7396961023622044
11
5.3661672834645664
21
-4.7340718110236217
0
LINE
8
BLACK
6
CONTINUOUS
10
5.3661672834645664
20
-4.7340718110236217
11
5.3664032677165352
21
-4.7335432677165352
0
LINE
8
BLACK
6
CONTINUOUS
10
5.3664032677165352
20
-4.7335432677165352
11
5.3664727952755902
21
-4.7334630708661418
0
LINE
8
BLACK
6
CONTINUOUS
10
5.3664727952755902
20
-4.7334630708661418
11
5.3665133858267717
21
-4.7333651181102363
0
LINE
8
BLACK
6
CONTINUOUS
10
5.3665133858267717
20
-4.7333651181102363
11
5.3668805905511814
21
-4.7329176771653545
0
LINE
8
BLACK
6
CONTINUOUS
10
5.3668805905511814
20
-4.7329176771653545
11
5.3706301181102365
21
-4.7291681496062994
0
LINE
8
BLACK
6
CONTINUOUS
10
5.3706301181102365
20
-4.7291681496062994
11
5.3708564960629923
21
-4.7289822834645667
0
LINE
8
BLACK
6
CONTINUOUS
10
5.3708564960629923
20
-4.7289822834645667
11
5.3709076377952751
21
-4.7289233858267714
0
LINE
8
BLACK
6
CONTINUOUS
10
5.3709076377952751
20
-4.7289233858267714
11
5.3709963779527561
21
-4.7288674803149604
0
LINE
8
BLACK
6
CONTINUOUS
10
5.3709963779527561
20
-4.7288674803149604
11
5.3710775590551183
21
-4.728800905511811
0
LINE
8
BLACK
6
CONTINUOUS
10
5.3710775590551183
20
-4.728800905511811
11
5.3711496850393701
21
-4.7287710236220475
0
LINE
8
BLACK
6
CONTINUOUS
10
5.3711496850393701
20
-4.7287710236220475
11
5.371397519685039
21
-4.7286150393700783
0
LINE
8
BLACK
6
CONTINUOUS
10
5.371397519685039
20
-4.7286150393700783
11
5.3751470472440941
21
-4.7267402755905508
0
LINE
8
BLACK
6
CONTINUOUS
10
5.3751470472440941
20
-4.7267402755905508
11
5.3751891338582674
21
-4.7267241338582675
0
LINE
8
BLACK
6
CONTINUOUS
10
5.3751891338582674
20
-4.7267241338582675
11
5.3752062992125982
21
-4.7267114566929136
0
LINE
8
BLACK
6
CONTINUOUS
10
5.3752062992125982
20
-4.7267114566929136
11
5.3754478740157481
21
-4.7266251181102366
0
LINE
8
BLACK
6
CONTINUOUS
10
5.3754478740157481
20
-4.7266251181102366
11
5.3756876377952754
21
-4.7265333858267713
0
LINE
8
BLACK
6
CONTINUOUS
10
5.3756876377952754
20
-4.7265333858267713
11
5.3757088976377956
21
-4.7265318503937008
0
LINE
8
BLACK
6
CONTINUOUS
10
5.3757088976377956
20
-4.7265318503937008
11
5.3757514173228342
21
-4.7265166929133855
0
LINE
8
BLACK
6
CONTINUOUS
10
5.3757514173228342
20
-4.7265166929133855
11
5.3832504724409445
21
-4.7246419291338579
0
LINE
8
BLACK
6
CONTINUOUS
10
5.3832504724409445
20
-4.7246419291338579
11
5.3833503149606301
21
-4.7246271259842523
0
LINE
8
BLACK
6
CONTINUOUS
10
5.3833503149606301
20
-4.7246271259842523
11
5.383390551181102
21
-4.7246105118110231
0
LINE
8
BLACK
6
CONTINUOUS
10
5.383390551181102
20
-4.7246105118110231
11
5.3836075590551182
21
-4.7245891338582675
0
LINE
8
BLACK
6
CONTINUOUS
10
5.3836075590551182
20
-4.7245891338582675
11
5.3838230708661419
21
-4.7245572834645664
0
LINE
8
BLACK
6
CONTINUOUS
10
5.3838230708661419
20
-4.7245572834645664
11
5.3838660629921256
21
-4.7245636614173225
0
LINE
8
BLACK
6
CONTINUOUS
10
5.3838660629921256
20
-4.7245636614173225
11
5.3839666141732279
21
-4.7245537795275592
0
LINE
8
BLACK
6
CONTINUOUS
10
5.3839666141732279
20
-4.7245537795275592
11
5.3895909055118105
21
-4.7245537795275592
0
LINE
8
BLACK
6
CONTINUOUS
10
5.3895909055118105
20
-4.7245537795275592
11
5.389691417322835
21
-4.7245636614173225
0
LINE
8
BLACK
6
CONTINUOUS
10
5.3774981102362203
20
-4.7321672834645669
11
5.3744671259842516
21
-4.7336827952755902
0
LINE
8
BLACK
6
CONTINUOUS
10
5.3744671259842516
20
-4.7336827952755902
11
5.3715492519685037
21
-4.7366006299212593
0
LINE
8
BLACK
6
CONTINUOUS
10
5.3715492519685037
20
-4.7366006299212593
11
5.3700464566929131
21
-4.7411090551181099
0
LINE
8
BLACK
6
CONTINUOUS
10
5.3700464566929131
20
-4.7411090551181099
11
5.3700464566929131
21
-4.7470509448818898
0
LINE
8
BLACK
6
CONTINUOUS
10
5.3700464566929131
20
-4.7470509448818898
11
5.4035110236220474
21
-4.7470509448818898
0
LINE
8
BLACK
6
CONTINUOUS
10
5.4035110236220474
20
-4.7470509448818898
11
5.4035110236220474
21
-4.7411090157480311
0
LINE
8
BLACK
6
CONTINUOUS
10
5.4035110236220474
20
-4.7411090157480311
11
5.4020082283464568
21
-4.7366006299212593
0
LINE
8
BLACK
6
CONTINUOUS
10
5.4020082283464568
20
-4.7366006299212593
11
5.3990903937007877
21
-4.7336827952755902
0
LINE
8
BLACK
6
CONTINUOUS
10
5.3990903937007877
20
-4.7336827952755902
11
5.396059409448819
21
-4.7321672834645669
0
LINE
8
BLACK
6
CONTINUOUS
10
5.396059409448819
20
-4.7321672834645669
11
5.389227362204724
21
-4.7304592913385823
0
LINE
8
BLACK
6
CONTINUOUS
10
5.389227362204724
20
-4.7304592913385823
11
5.3843301574803144
21
-4.7304592913385823
0
LINE
8
BLACK
6
CONTINUOUS
10
5.3843301574803144
20
-4.7304592913385823
11
5.3774981102362203
21
-4.7321672834645669
0
LINE
8
BLACK
6
CONTINUOUS
10
5.5022436614173227
20
-4.7209091338582674
11
5.5032741338582678
21
-4.7214243307086612
0
LINE
8
BLACK
6
CONTINUOUS
10
5.5032741338582678
20
-4.7214243307086612
11
5.5040290157480314
21
-4.7222947244094486
0
LINE
8
BLACK
6
CONTINUOUS
10
5.5040290157480314
20
-4.7222947244094486
11
5.504393346456693
21
-4.7233877165354325
0
LINE
8
BLACK
6
CONTINUOUS
10
5.504393346456693
20
-4.7233877165354325
11
5.504311653543307
21
-4.7245369291338584
0
LINE
8
BLACK
6
CONTINUOUS
10
5.504311653543307
20
-4.7245369291338584
11
5.5037964173228344
21
-4.7255673622047247
0
LINE
8
BLACK
6
CONTINUOUS
10
5.5037964173228344
20
-4.7255673622047247
11
5.5029260629921257
21
-4.7263222440944883
0
LINE
8
BLACK
6
CONTINUOUS
10
5.5029260629921257
20
-4.7263222440944883
11
5.5023975196850392
21
-4.7265582283464562
0
LINE
8
BLACK
6
CONTINUOUS
10
5.5023975196850392
20
-4.7265582283464562
11
5.4714311023622049
21
-4.736880354330709
0
LINE
8
BLACK
6
CONTINUOUS
10
5.4714311023622049
20
-4.736880354330709
11
5.5023975196850392
21
-4.7472024803149608
0
LINE
8
BLACK
6
CONTINUOUS
10
5.5023975196850392
20
-4.7472024803149608
11
5.5029260629921257
21
-4.7474384645669288
0
LINE
8
BLACK
6
CONTINUOUS
10
5.5029260629921257
20
-4.7474384645669288
11
5.5037964173228344
21
-4.7481933464566932
0
LINE
8
BLACK
6
CONTINUOUS
10
5.5037964173228344
20
-4.7481933464566932
11
5.504311653543307
21
-4.7492237795275587
0
LINE
8
BLACK
6
CONTINUOUS
10
5.504311653543307
20
-4.7492237795275587
11
5.504393346456693
21
-4.7503729921259845
0
LINE
8
BLACK
6
CONTINUOUS
10
5.504393346456693
20
-4.7503729921259845
11
5.5040290157480314
21
-4.7514659842519684
0
LINE
8
BLACK
6
CONTINUOUS
10
5.5040290157480314
20
-4.7514659842519684
11
5.5032741338582678
21
-4.7523363779527559
0
LINE
8
BLACK
6
CONTINUOUS
10
5.5032741338582678
20
-4.7523363779527559
11
5.5022436614173227
21
-4.7528515748031497
0
LINE
8
BLACK
6
CONTINUOUS
10
5.5022436614173227
20
-4.7528515748031497
11
5.5010944488188978
21
-4.7529332677165357
0
LINE
8
BLACK
6
CONTINUOUS
10
5.5010944488188978
20
-4.7529332677165357
11
5.5005300393700782
21
-4.752804921259842
0
LINE
8
BLACK
6
CONTINUOUS
10
5.5005300393700782
20
-4.752804921259842
11
5.4611599606299208
21
-4.7396815748031491
0
LINE
8
BLACK
6
CONTINUOUS
10
5.4611599606299208
20
-4.7396815748031491
11
5.4606313779527555
21
-4.7394455905511812
0
LINE
8
BLACK
6
CONTINUOUS
10
5.4606313779527555
20
-4.7394455905511812
11
5.4604719685039367
21
-4.7393073228346454
0
LINE
8
BLACK
6
CONTINUOUS
10
5.4604719685039367
20
-4.7393073228346454
11
5.4602833464566931
21
-4.739213031496063
0
LINE
8
BLACK
6
CONTINUOUS
10
5.4602833464566931
20
-4.739213031496063
11
5.4600407086614169
21
-4.7389333070866142
0
LINE
8
BLACK
6
CONTINUOUS
10
5.4600407086614169
20
-4.7389333070866142
11
5.4597610236220468
21
-4.7386907086614176
0
LINE
8
BLACK
6
CONTINUOUS
10
5.4597610236220468
20
-4.7386907086614176
11
5.4596666929133857
21
-4.7385020472440944
0
LINE
8
BLACK
6
CONTINUOUS
10
5.4596666929133857
20
-4.7385020472440944
11
5.4595284645669286
21
-4.7383426771653543
0
LINE
8
BLACK
6
CONTINUOUS
10
5.4595284645669286
20
-4.7383426771653543
11
5.4594113385826768
21
-4.7379913385826766
0
LINE
8
BLACK
6
CONTINUOUS
10
5.4594113385826768
20
-4.7379913385826766
11
5.459245826771653
21
-4.7376602755905513
0
LINE
8
BLACK
6
CONTINUOUS
10
5.459245826771653
20
-4.7376602755905513
11
5.4592308661417324
21
-4.7374498425196849
0
LINE
8
BLACK
6
CONTINUOUS
10
5.4592308661417324
20
-4.7374498425196849
11
5.4591641338582679
21
-4.7372496456692916
0
LINE
8
BLACK
6
CONTINUOUS
10
5.4591641338582679
20
-4.7372496456692916
11
5.4591903543307083
21
-4.736880354330709
0
LINE
8
BLACK
6
CONTINUOUS
10
5.4591903543307083
20
-4.736880354330709
11
5.4591641338582679
21
-4.7365110629921263
0
LINE
8
BLACK
6
CONTINUOUS
10
5.4591641338582679
20
-4.7365110629921263
11
5.4592308661417324
21
-4.7363108267716534
0
LINE
8
BLACK
6
CONTINUOUS
10
5.4592308661417324
20
-4.7363108267716534
11
5.459245826771653
21
-4.7361004330708658
0
LINE
8
BLACK
6
CONTINUOUS
10
5.459245826771653
20
-4.7361004330708658
11
5.4594113385826768
21
-4.7357693307086617
0
LINE
8
BLACK
6
CONTINUOUS
10
5.4594113385826768
20
-4.7357693307086617
11
5.4595284645669286
21
-4.7354180314960628
0
LINE
8
BLACK
6
CONTINUOUS
10
5.4595284645669286
20
-4.7354180314960628
11
5.4596666929133857
21
-4.7352586220472439
0
LINE
8
BLACK
6
CONTINUOUS
10
5.4596666929133857
20
-4.7352586220472439
11
5.4597610236220468
21
-4.7350700000000003
0
LINE
8
BLACK
6
CONTINUOUS
10
5.4597610236220468
20
-4.7350700000000003
11
5.4600407086614169
21
-4.7348273622047241
0
LINE
8
BLACK
6
CONTINUOUS
10
5.4600407086614169
20
-4.7348273622047241
11
5.4602833464566931
21
-4.7345476771653541
0
LINE
8
BLACK
6
CONTINUOUS
10
5.4602833464566931
20
-4.7345476771653541
11
5.4604719685039367
21
-4.7344533464566929
0
LINE
8
BLACK
6
CONTINUOUS
10
5.4604719685039367
20
-4.7344533464566929
11
5.4606313779527555
21
-4.7343151181102359
0
LINE
8
BLACK
6
CONTINUOUS
10
5.4606313779527555
20
-4.7343151181102359
11
5.4611599606299208
21
-4.734079133858268
0
LINE
8
BLACK
6
CONTINUOUS
10
5.4611599606299208
20
-4.734079133858268
11
5.5005300393700782
21
-4.7209557874015751
0
LINE
8
BLACK
6
CONTINUOUS
10
5.5005300393700782
20
-4.7209557874015751
11
5.5010944488188978
21
-4.7208274409448814
0
LINE
8
BLACK
6
CONTINUOUS
10
5.5010944488188978
20
-4.7208274409448814
11
5.5022436614173227
21
-4.7209091338582674
0
LINE
8
BLACK
6
CONTINUOUS
10
5.632182401574803
20
-4.6617338188976376
11
5.6323622047244095
21
-4.6626377952755904
0
LINE
8
BLACK
6
CONTINUOUS
10
5.6323622047244095
20
-4.6626377952755904
11
5.6323622047244095
21
-4.7126377952755902
0
LINE
8
BLACK
6
CONTINUOUS
10
5.6323622047244095
20
-4.7126377952755902
11
5.632182401574803
21
-4.713541771653543
0
LINE
8
BLACK
6
CONTINUOUS
10
5.632182401574803
20
-4.713541771653543
11
5.6309039763779527
21
-4.7148201968503933
0
LINE
8
BLACK
6
CONTINUOUS
10
5.6309039763779527
20
-4.7148201968503933
11
5.6299999999999999
21
-4.7149999999999999
0
LINE
8
BLACK
6
CONTINUOUS
10
5.6299999999999999
20
-4.7149999999999999
11
5.5800000000000001
21
-4.7149999999999999
0
LINE
8
BLACK
6
CONTINUOUS
10
5.5800000000000001
20
-4.7149999999999999
11
5.5790960236220473
21
-4.7148201968503933
0
LINE
8
BLACK
6
CONTINUOUS
10
5.5790960236220473
20
-4.7148201968503933
11
5.577817598425197
21
-4.713541771653543
0
LINE
8
BLACK
6
CONTINUOUS
10
5.577817598425197
20
-4.713541771653543
11
5.577817598425197
21
-4.7117338188976374
0
LINE
8
BLACK
6
CONTINUOUS
10
5.577817598425197
20
-4.7117338188976374
11
5.5790960236220473
21
-4.7104553937007871
0
LINE
8
BLACK
6
CONTINUOUS
10
5.5790960236220473
20
-4.7104553937007871
11
5.5800000000000001
21
-4.7102755905511806
0
LINE
8
BLACK
6
CONTINUOUS
10
5.5800000000000001
20
-4.7102755905511806
11
5.6276377952755903
21
-4.7102755905511806
0
LINE
8
BLACK
6
CONTINUOUS
10
5.6276377952755903
20
-4.7102755905511806
11
5.6276377952755903
21
-4.6626377952755904
0
LINE
8
BLACK
6
CONTINUOUS
10
5.6276377952755903
20
-4.6626377952755904
11
5.6278175984251968
21
-4.6617338188976376
0
LINE
8
BLACK
6
CONTINUOUS
10
5.6278175984251968
20
-4.6617338188976376
11
5.6290960236220471
21
-4.6604553937007873
0
LINE
8
BLACK
6
CONTINUOUS
10
5.6290960236220471
20
-4.6604553937007873
11
5.6309039763779527
21
-4.6604553937007873
0
LINE
8
BLACK
6
CONTINUOUS
10
5.6309039763779527
20
-4.6604553937007873
11
5.632182401574803
21
-4.6617338188976376
0
LINE
8
BLACK
6
CONTINUOUS
10
4.3922867322834644
20
-4.6270271259842515
11
4.392466535433071
21
-4.6279311023622043
0
LINE
8
BLACK
6
CONTINUOUS
10
4.392466535433071
20
-4.6279311023622043
11
4.392466535433071
21
-4.677931102362205
0
LINE
8
BLACK
6
CONTINUOUS
10
4.392466535433071
20
-4.677931102362205
11
4.4424665354330708
21
-4.677931102362205
0
LINE
8
BLACK
6
CONTINUOUS
10
4.4424665354330708
20
-4.677931102362205
11
4.4433705118110236
21
-4.6781109055118106
0
LINE
8
BLACK
6
CONTINUOUS
10
4.4433705118110236
20
-4.6781109055118106
11
4.4446489370078739
21
-4.6793893307086609
0
LINE
8
BLACK
6
CONTINUOUS
10
4.4446489370078739
20
-4.6793893307086609
11
4.4446489370078739
21
-4.6811972834645665
0
LINE
8
BLACK
6
CONTINUOUS
10
4.4446489370078739
20
-4.6811972834645665
11
4.4433705118110236
21
-4.6824757086614168
0
LINE
8
BLACK
6
CONTINUOUS
10
4.4433705118110236
20
-4.6824757086614168
11
4.4424665354330708
21
-4.6826555118110234
0
LINE
8
BLACK
6
CONTINUOUS
10
4.4424665354330708
20
-4.6826555118110234
11
4.3901043307086614
21
-4.6826555118110234
0
LINE
8
BLACK
6
CONTINUOUS
10
4.3901043307086614
20
-4.6826555118110234
11
4.3892003543307085
21
-4.6824757086614168
0
LINE
8
BLACK
6
CONTINUOUS
10
4.3892003543307085
20
-4.6824757086614168
11
4.3879219291338583
21
-4.6811972834645665
0
LINE
8
BLACK
6
CONTINUOUS
10
4.3879219291338583
20
-4.6811972834645665
11
4.3877421259842517
21
-4.6802933070866137
0
LINE
8
BLACK
6
CONTINUOUS
10
4.3877421259842517
20
-4.6802933070866137
11
4.3877421259842517
21
-4.6279311023622043
0
LINE
8
BLACK
6
CONTINUOUS
10
4.3877421259842517
20
-4.6279311023622043
11
4.3879219291338583
21
-4.6270271259842515
0
LINE
8
BLACK
6
CONTINUOUS
10
4.3879219291338583
20
-4.6270271259842515
11
4.3892003543307085
21
-4.6257487007874012
0
LINE
8
BLACK
6
CONTINUOUS
10
4.3892003543307085
20
-4.6257487007874012
11
4.3910083070866142
21
-4.6257487007874012
0
LINE
8
BLACK
6
CONTINUOUS
10
4.3910083070866142
20
-4.6257487007874012
11
4.3922867322834644
21
-4.6270271259842515
0
LINE
8
BLACK
6
CONTINUOUS
10
5.1957327165354332
20
-4.5733864960629917
11
5.1970111417322835
21
-4.574664921259842
0
LINE
8
BLACK
6
CONTINUOUS
10
5.1970111417322835
20
-4.574664921259842
11
5.19719094488189
21
-4.5755688976377948
0
LINE
8
BLACK
6
CONTINUOUS
10
5.19719094488189
20
-4.5755688976377948
11
5.19719094488189
21
-4.6802933070866137
0
LINE
8
BLACK
6
CONTINUOUS
10
5.19719094488189
20
-4.6802933070866137
11
5.1970111417322835
21
-4.6811972834645665
0
LINE
8
BLACK
6
CONTINUOUS
10
5.1970111417322835
20
-4.6811972834645665
11
5.1957327165354332
21
-4.6824757086614168
0
LINE
8
BLACK
6
CONTINUOUS
10
5.1957327165354332
20
-4.6824757086614168
11
5.1948287401574804
21
-4.6826555118110234
0
LINE
8
BLACK
6
CONTINUOUS
10
5.1948287401574804
20
-4.6826555118110234
11
4.4924665354330706
21
-4.6826555118110234
0
LINE
8
BLACK
6
CONTINUOUS
10
4.4924665354330706
20
-4.6826555118110234
11
4.4915625590551178
21
-4.6824757086614168
0
LINE
8
BLACK
6
CONTINUOUS
10
4.4915625590551178
20
-4.6824757086614168
11
4.4902841338582675
21
-4.6811972834645665
0
LINE
8
BLACK
6
CONTINUOUS
10
4.4902841338582675
20
-4.6811972834645665
11
4.490104330708661
21
-4.6802933070866137
0
LINE
8
BLACK
6
CONTINUOUS
10
4.490104330708661
20
-4.6802933070866137
11
4.490104330708661
21
-4.5755688976377948
0
LINE
8
BLACK
6
CONTINUOUS
10
4.490104330708661
20
-4.5755688976377948
11
4.4902841338582675
21
-4.574664921259842
0
LINE
8
BLACK
6
CONTINUOUS
10
4.4902841338582675
20
-4.574664921259842
11
4.4915625590551178
21
-4.5733864960629917
0
LINE
8
BLACK
6
CONTINUOUS
10
4.4915625590551178
20
-4.5733864960629917
11
4.4924665354330706
21
-4.5732066929133861
0
LINE
8
BLACK
6
CONTINUOUS
10
4.4924665354330706
20
-4.5732066929133861
11
5.1948287401574804
21
-4.5732066929133861
0
LINE
8
BLACK
6
CONTINUOUS
10
5.1948287401574804
20
-4.5732066929133861
11
5.1957327165354332
21
-4.5733864960629917
0
LINE
8
BLACK
6
CONTINUOUS
10
4.4948287401574802
20
-4.5779311023622045
11
4.4948287401574802
21
-4.677931102362205
0
LINE
8
BLACK
6
CONTINUOUS
10
4.4948287401574802
20
-4.677931102362205
11
5.1924665354330708
21
-4.677931102362205
0
LINE
8
BLACK
6
CONTINUOUS
10
5.1924665354330708
20
-4.677931102362205
11
5.1924665354330708
21
-4.5779311023622045
0
LINE
8
BLACK
6
CONTINUOUS
10
5.1924665354330708
20
-4.5779311023622045
11
4.4948287401574802
21
-4.5779311023622045
0
LINE
8
BLACK
6
CONTINUOUS
10
6.7957327165354329
20
-4.5733864960629917
11
6.7970111417322832
21
-4.574664921259842
0
LINE
8
BLACK
6
CONTINUOUS
10
6.7970111417322832
20
-4.574664921259842
11
6.7971909448818897
21
-4.5755688976377948
0
LINE
8
BLACK
6
CONTINUOUS
10
6.7971909448818897
20
-4.5755688976377948
11
6.7971909448818897
21
-4.6802933070866137
0
LINE
8
BLACK
6
CONTINUOUS
10
6.7971909448818897
20
-4.6802933070866137
11
6.7970111417322832
21
-4.6811972834645665
0
LINE
8
BLACK
6
CONTINUOUS
10
6.7970111417322832
20
-4.6811972834645665
11
6.7957327165354329
21
-4.6824757086614168
0
LINE
8
BLACK
6
CONTINUOUS
10
6.7957327165354329
20
-4.6824757086614168
11
6.7948287401574801
21
-4.6826555118110234
0
LINE
8
BLACK
6
CONTINUOUS
10
6.7948287401574801
20
-4.6826555118110234
11
5.7924665354330704
21
-4.6826555118110234
0
LINE
8
BLACK
6
CONTINUOUS
10
5.7924665354330704
20
-4.6826555118110234
11
5.7915625590551176
21
-4.6824757086614168
0
LINE
8
BLACK
6
CONTINUOUS
10
5.7915625590551176
20
-4.6824757086614168
11
5.7902841338582673
21
-4.6811972834645665
0
LINE
8
BLACK
6
CONTINUOUS
10
5.7902841338582673
20
-4.6811972834645665
11
5.7901043307086617
21
-4.6802933070866137
0
LINE
8
BLACK
6
CONTINUOUS
10
5.7901043307086617
20
-4.6802933070866137
11
5.7901043307086617
21
-4.5755688976377948
0
LINE
8
BLACK
6
CONTINUOUS
10
5.7901043307086617
20
-4.5755688976377948
11
5.7902841338582673
21
-4.574664921259842
0
LINE
8
BLACK
6
CONTINUOUS
10
5.7902841338582673
20
-4.574664921259842
11
5.7915625590551176
21
-4.5733864960629917
0
LINE
8
BLACK
6
CONTINUOUS
10
5.7915625590551176
20
-4.5733864960629917
11
5.7924665354330704
21
-4.5732066929133861
0
LINE
8
BLACK
6
CONTINUOUS
10
5.7924665354330704
20
-4.5732066929133861
11
6.7948287401574801
21
-4.5732066929133861
0
LINE
8
BLACK
6
CONTINUOUS
10
6.7948287401574801
20
-4.5732066929133861
11
6.7957327165354329
21
-4.5733864960629917
0
LINE
8
BLACK
6
CONTINUOUS
10
5.7948287401574801
20
-4.5779311023622045
11
5.7948287401574801
21
-4.677931102362205
0
LINE
8
BLACK
6
CONTINUOUS
10
5.7948287401574801
20
-4.677931102362205
11
6.7924665354330704
21
-4.677931102362205
0
LINE
8
BLACK
6
CONTINUOUS
10
6.7924665354330704
20
-4.677931102362205
11
6.7924665354330704
21
-4.5779311023622045
0
LINE
8
BLACK
6
CONTINUOUS
10
6.7924665354330704
20
-4.5779311023622045
11
5.7948287401574801
21
-4.5779311023622045
0
LINE
8
BLACK
6
CONTINUOUS
10
5.3978331102362205
20
-4.2608490944881892
11
5.3991115354330708
21
-4.2621275196850394
0
LINE
8
BLACK
6
CONTINUOUS
10
5.3991115354330708
20
-4.2621275196850394
11
5.3992913385826773
21
-4.2630314960629923
0
LINE
8
BLACK
6
CONTINUOUS
10
5.3992913385826773
20
-4.2630314960629923
11
5.3992913385826773
21
-4.4968897637795271
0
LINE
8
BLACK
6
CONTINUOUS
10
5.3992913385826773
20
-4.4968897637795271
11
5.460708661417323
21
-4.4968897637795271
0
LINE
8
BLACK
6
CONTINUOUS
10
5.460708661417323
20
-4.4968897637795271
11
5.460708661417323
21
-4.2630314960629923
0
LINE
8
BLACK
6
CONTINUOUS
10
5.460708661417323
20
-4.2630314960629923
11
5.4608884645669287
21
-4.2621275196850394
0
LINE
8
BLACK
6
CONTINUOUS
10
5.4608884645669287
20
-4.2621275196850394
11
5.4621668897637798
21
-4.2608490944881892
0
LINE
8
BLACK
6
CONTINUOUS
10
5.4621668897637798
20
-4.2608490944881892
11
5.4630708661417318
21
-4.2606692913385826
0
LINE
8
BLACK
6
CONTINUOUS
10
5.4630708661417318
20
-4.2606692913385826
11
5.4969291338582673
21
-4.2606692913385826
0
LINE
8
BLACK
6
CONTINUOUS
10
5.4969291338582673
20
-4.2606692913385826
11
5.4978331102362201
21
-4.2608490944881892
0
LINE
8
BLACK
6
CONTINUOUS
10
5.4978331102362201
20
-4.2608490944881892
11
5.4991115354330704
21
-4.2621275196850394
0
LINE
8
BLACK
6
CONTINUOUS
10
5.4991115354330704
20
-4.2621275196850394
11
5.4992913385826769
21
-4.2630314960629923
0
LINE
8
BLACK
6
CONTINUOUS
10
5.4992913385826769
20
-4.2630314960629923
11
5.4992913385826769
21
-4.4968897637795271
0
LINE
8
BLACK
6
CONTINUOUS
10
5.4992913385826769
20
-4.4968897637795271
11
5.5607086614173227
21
-4.4968897637795271
0
LINE
8
BLACK
6
CONTINUOUS
10
5.5607086614173227
20
-4.4968897637795271
11
5.5607086614173227
21
-4.2630314960629923
0
LINE
8
BLACK
6
CONTINUOUS
10
5.5607086614173227
20
-4.2630314960629923
11
5.5608884645669292
21
-4.2621275196850394
0
LINE
8
BLACK
6
CONTINUOUS
10
5.5608884645669292
20
-4.2621275196850394
11
5.5621668897637795
21
-4.2608490944881892
0
LINE
8
BLACK
6
CONTINUOUS
10
5.5621668897637795
20
-4.2608490944881892
11
5.5630708661417323
21
-4.2606692913385826
0
LINE
8
BLACK
6
CONTINUOUS
10
5.5630708661417323
20
-4.2606692913385826
11
5.5969291338582678
21
-4.2606692913385826
0
LINE
8
BLACK
6
CONTINUOUS
10
5.5969291338582678
20
-4.2606692913385826
11
5.5978331102362207
21
-4.2608490944881892
0
LINE
8
BLACK
6
CONTINUOUS
10
5.5978331102362207
20
-4.2608490944881892
11
5.5991115354330709
21
-4.2621275196850394
0
LINE
8
BLACK
6
CONTINUOUS
10
5.5991115354330709
20
-4.2621275196850394
11
5.5992913385826775
21
-4.2630314960629923
0
LINE
8
BLACK
6
CONTINUOUS
10
5.5992913385826775
20
-4.2630314960629923
11
5.5992913385826775
21
-4.4968897637795271
0
LINE
8
BLACK
6
CONTINUOUS
10
5.5992913385826775
20
-4.4968897637795271
11
5.6343307086614169
21
-4.4968897637795271
0
LINE
8
BLACK
6
CONTINUOUS
10
5.6343307086614169
20
-4.4968897637795271
11
5.6352346850393698
21
-4.4970695669291336
0
LINE
8
BLACK
6
CONTINUOUS
10
5.6352346850393698
20
-4.4970695669291336
11
5.63651311023622
21
-4.4983479921259839
0
LINE
8
BLACK
6
CONTINUOUS
10
5.63651311023622
20
-4.4983479921259839
11
5.6366929133858266
21
-4.4992519685039367
0
LINE
8
BLACK
6
CONTINUOUS
10
5.6366929133858266
20
-4.4992519685039367
11
5.6366929133858266
21
-4.6079133858267713
0
LINE
8
BLACK
6
CONTINUOUS
10
5.6366929133858266
20
-4.6079133858267713
11
5.63651311023622
21
-4.6088173622047242
0
LINE
8
BLACK
6
CONTINUOUS
10
5.63651311023622
20
-4.6088173622047242
11
5.6352346850393698
21
-4.6100957874015744
0
LINE
8
BLACK
6
CONTINUOUS
10
5.6352346850393698
20
-4.6100957874015744
11
5.6343307086614169
21
-4.610275590551181
0
LINE
8
BLACK
6
CONTINUOUS
10
5.6343307086614169
20
-4.610275590551181
11
5.5992913385826775
21
-4.610275590551181
0
LINE
8
BLACK
6
CONTINUOUS
10
5.5992913385826775
20
-4.610275590551181
11
5.5992913385826775
21
-4.6169685039370076
0
LINE
8
BLACK
6
CONTINUOUS
10
5.5992913385826775
20
-4.6169685039370076
11
5.5991115354330709
21
-4.6178724803149604
0
LINE
8
BLACK
6
CONTINUOUS
10
5.5991115354330709
20
-4.6178724803149604
11
5.5978331102362207
21
-4.6191509055118107
0
LINE
8
BLACK
6
CONTINUOUS
10
5.5978331102362207
20
-4.6191509055118107
11
5.596025157480315
21
-4.6191509055118107
0
LINE
8
BLACK
6
CONTINUOUS
10
5.596025157480315
20
-4.6191509055118107
11
5.5947467322834648
21
-4.6178724803149604
0
LINE
8
BLACK
6
CONTINUOUS
10
5.5947467322834648
20
-4.6178724803149604
11
5.5945669291338582
21
-4.6169685039370076
0
LINE
8
BLACK
6
CONTINUOUS
10
5.5945669291338582
20
-4.6169685039370076
11
5.5945669291338582
21
-4.610275590551181
0
LINE
8
BLACK
6
CONTINUOUS
10
5.5945669291338582
20
-4.610275590551181
11
5.5654330708661419
21
-4.610275590551181
0
LINE
8
BLACK
6
CONTINUOUS
10
5.5654330708661419
20
-4.610275590551181
11
5.5654330708661419
21
-4.6169685039370076
0
LINE
8
BLACK
6
CONTINUOUS
10
5.5654330708661419
20
-4.6169685039370076
11
5.5652532677165354
21
-4.6178724803149604
0
LINE
8
BLACK
6
CONTINUOUS
10
5.5652532677165354
20
-4.6178724803149604
11
5.5639748425196851
21
-4.6191509055118107
0
LINE
8
BLACK
6
CONTINUOUS
10
5.5639748425196851
20
-4.6191509055118107
11
5.5621668897637795
21
-4.6191509055118107
0
LINE
8
BLACK
6
CONTINUOUS
10
5.5621668897637795
20
-4.6191509055118107
11
5.5608884645669292
21
-4.6178724803149604
0
LINE
8
BLACK
6
CONTINUOUS
10
5.5608884645669292
20
-4.6178724803149604
11
5.5607086614173227
21
-4.6169685039370076
0
LINE
8
BLACK
6
CONTINUOUS
10
5.5607086614173227
20
-4.6169685039370076
11
5.5607086614173227
21
-4.610275590551181
0
LINE
8
BLACK
6
CONTINUOUS
10
5.5607086614173227
20
-4.610275590551181
11
5.4992913385826769
21
-4.610275590551181
0
LINE
8
BLACK
6
CONTINUOUS
10
5.4992913385826769
20
-4.610275590551181
11
5.4992913385826769
21
-4.6202221259842515
0
LINE
8
BLACK
6
CONTINUOUS
10
5.4992913385826769
20
-4.6202221259842515
11
5.4991115354330704
21
-4.6211261023622043
0
LINE
8
BLACK
6
CONTINUOUS
10
5.4991115354330704
20
-4.6211261023622043
11
5.4978331102362201
21
-4.6224045275590546
0
LINE
8
BLACK
6
CONTINUOUS
10
5.4978331102362201
20
-4.6224045275590546
11
5.4960251574803145
21
-4.6224045275590546
0
LINE
8
BLACK
6
CONTINUOUS
10
5.4960251574803145
20
-4.6224045275590546
11
5.4947467322834642
21
-4.6211261023622043
0
LINE
8
BLACK
6
CONTINUOUS
10
5.4947467322834642
20
-4.6211261023622043
11
5.4945669291338586
21
-4.6202221259842515
0
LINE
8
BLACK
6
CONTINUOUS
10
5.4945669291338586
20
-4.6202221259842515
11
5.4945669291338586
21
-4.610275590551181
0
LINE
8
BLACK
6
CONTINUOUS
10
5.4945669291338586
20
-4.610275590551181
11
5.4654330708661414
21
-4.610275590551181
0
LINE
8
BLACK
6
CONTINUOUS
10
5.4654330708661414
20
-4.610275590551181
11
5.4654330708661414
21
-4.6202221259842515
0
LINE
8
BLACK
6
CONTINUOUS
10
5.4654330708661414
20
-4.6202221259842515
11
5.4652532677165357
21
-4.6211261023622043
0
LINE
8
BLACK
6
CONTINUOUS
10
5.4652532677165357
20
-4.6211261023622043
11
5.4639748425196846
21
-4.6224045275590546
0
LINE
8
BLACK
6
CONTINUOUS
10
5.4639748425196846
20
-4.6224045275590546
11
5.4621668897637798
21
-4.6224045275590546
0
LINE
8
BLACK
6
CONTINUOUS
10
5.4621668897637798
20
-4.6224045275590546
11
5.4608884645669287
21
-4.6211261023622043
0
LINE
8
BLACK
6
CONTINUOUS
10
5.4608884645669287
20
-4.6211261023622043
11
5.460708661417323
21
-4.6202221259842515
0
LINE
8
BLACK
6
CONTINUOUS
10
5.460708661417323
20
-4.6202221259842515
11
5.460708661417323
21
-4.610275590551181
0
LINE
8
BLACK
6
CONTINUOUS
10
5.460708661417323
20
-4.610275590551181
11
5.3992913385826773
21
-4.610275590551181
0
LINE
8
BLACK
6
CONTINUOUS
10
5.3992913385826773
20
-4.610275590551181
11
5.3992913385826773
21
-4.6202221259842515
0
LINE
8
BLACK
6
CONTINUOUS
10
5.3992913385826773
20
-4.6202221259842515
11
5.3991115354330708
21
-4.6211261023622043
0
LINE
8
BLACK
6
CONTINUOUS
10
5.3991115354330708
20
-4.6211261023622043
11
5.3978331102362205
21
-4.6224045275590546
0
LINE
8
BLACK
6
CONTINUOUS
10
5.3978331102362205
20
-4.6224045275590546
11
5.3960251574803149
21
-4.6224045275590546
0
LINE
8
BLACK
6
CONTINUOUS
10
5.3960251574803149
20
-4.6224045275590546
11
5.3947467322834646
21
-4.6211261023622043
0
LINE
8
BLACK
6
CONTINUOUS
10
5.3947467322834646
20
-4.6211261023622043
11
5.394566929133858
21
-4.6202221259842515
0
LINE
8
BLACK
6
CONTINUOUS
10
5.394566929133858
20
-4.6202221259842515
11
5.394566929133858
21
-4.610275590551181
0
LINE
8
BLACK
6
CONTINUOUS
10
5.394566929133858
20
-4.610275590551181
11
5.3654330708661417
21
-4.610275590551181
0
LINE
8
BLACK
6
CONTINUOUS
10
5.3654330708661417
20
-4.610275590551181
11
5.3654330708661417
21
-4.6202221259842515
0
LINE
8
BLACK
6
CONTINUOUS
10
5.3654330708661417
20
-4.6202221259842515
11
5.3652532677165352
21
-4.6211261023622043
0
LINE
8
BLACK
6
CONTINUOUS
10
5.3652532677165352
20
-4.6211261023622043
11
5.3639748425196849
21
-4.6224045275590546
0
LINE
8
BLACK
6
CONTINUOUS
10
5.3639748425196849
20
-4.6224045275590546
11
5.3621668897637793
21
-4.6224045275590546
0
LINE
8
BLACK
6
CONTINUOUS
10
5.3621668897637793
20
-4.6224045275590546
11
5.360888464566929
21
-4.6211261023622043
0
LINE
8
BLACK
6
CONTINUOUS
10
5.360888464566929
20
-4.6211261023622043
11
5.3607086614173225
21
-4.6202221259842515
0
LINE
8
BLACK
6
CONTINUOUS
10
5.3607086614173225
20
-4.6202221259842515
11
5.3607086614173225
21
-4.610275590551181
0
LINE
8
BLACK
6
CONTINUOUS
10
5.3607086614173225
20
-4.610275590551181
11
5.3256692913385821
21
-4.610275590551181
0
LINE
8
BLACK
6
CONTINUOUS
10
5.3256692913385821
20
-4.610275590551181
11
5.3247653149606302
21
-4.6100957874015744
0
LINE
8
BLACK
6
CONTINUOUS
10
5.3247653149606302
20
-4.6100957874015744
11
5.323486889763779
21
-4.6088173622047242
0
LINE
8
BLACK
6
CONTINUOUS
10
5.323486889763779
20
-4.6088173622047242
11
5.3233070866141734
21
-4.6079133858267713
0
LINE
8
BLACK
6
CONTINUOUS
10
5.3233070866141734
20
-4.6079133858267713
11
5.3233070866141734
21
-4.4992519685039367
0
LINE
8
BLACK
6
CONTINUOUS
10
5.3233070866141734
20
-4.4992519685039367
11
5.323486889763779
21
-4.4983479921259839
0
LINE
8
BLACK
6
CONTINUOUS
10
5.323486889763779
20
-4.4983479921259839
11
5.3247653149606302
21
-4.4970695669291336
0
LINE
8
BLACK
6
CONTINUOUS
10
5.3247653149606302
20
-4.4970695669291336
11
5.3256692913385821
21
-4.4968897637795271
0
LINE
8
BLACK
6
CONTINUOUS
10
5.3256692913385821
20
-4.4968897637795271
11
5.3607086614173225
21
-4.4968897637795271
0
LINE
8
BLACK
6
CONTINUOUS
10
5.3607086614173225
20
-4.4968897637795271
11
5.3607086614173225
21
-4.2630314960629923
0
LINE
8
BLACK
6
CONTINUOUS
10
5.3607086614173225
20
-4.2630314960629923
11
5.360888464566929
21
-4.2621275196850394
0
LINE
8
BLACK
6
CONTINUOUS
10
5.360888464566929
20
-4.2621275196850394
11
5.3621668897637793
21
-4.2608490944881892
0
LINE
8
BLACK
6
CONTINUOUS
10
5.3621668897637793
20
-4.2608490944881892
11
5.3630708661417321
21
-4.2606692913385826
0
LINE
8
BLACK
6
CONTINUOUS
10
5.3630708661417321
20
-4.2606692913385826
11
5.3969291338582677
21
-4.2606692913385826
0
LINE
8
BLACK
6
CONTINUOUS
10
5.3969291338582677
20
-4.2606692913385826
11
5.3978331102362205
21
-4.2608490944881892
0
LINE
8
BLACK
6
CONTINUOUS
10
5.3280314960629918
20
-4.5016141732283463
11
5.3280314960629918
21
-4.6055511811023617
0
LINE
8
BLACK
6
CONTINUOUS
10
5.3280314960629918
20
-4.6055511811023617
11
5.4276377952755901
21
-4.6055511811023617
0
LINE
8
BLACK
6
CONTINUOUS
10
5.4276377952755901
20
-4.6055511811023617
11
5.4276377952755901
21
-4.5016141732283463
0
LINE
8
BLACK
6
CONTINUOUS
10
5.4276377952755901
20
-4.5016141732283463
11
5.3280314960629918
21
-4.5016141732283463
0
LINE
8
BLACK
6
CONTINUOUS
10
5.4323622047244093
20
-4.5016141732283463
11
5.4323622047244093
21
-4.6055511811023617
0
LINE
8
BLACK
6
CONTINUOUS
10
5.4323622047244093
20
-4.6055511811023617
11
5.5276377952755906
21
-4.6055511811023617
0
LINE
8
BLACK
6
CONTINUOUS
10
5.5276377952755906
20
-4.6055511811023617
11
5.5276377952755906
21
-4.5016141732283463
0
LINE
8
BLACK
6
CONTINUOUS
10
5.5276377952755906
20
-4.5016141732283463
11
5.4323622047244093
21
-4.5016141732283463
0
LINE
8
BLACK
6
CONTINUOUS
10
5.5969291338582678
20
-4.5016141732283463
11
5.5630708661417323
21
-4.5016141732283463
0
LINE
8
BLACK
6
CONTINUOUS
10
5.5630708661417323
20
-4.5016141732283463
11
5.532362204724409
21
-4.5016141732283463
0
LINE
8
BLACK
6
CONTINUOUS
10
5.532362204724409
20
-4.5016141732283463
11
5.532362204724409
21
-4.6055511811023617
0
LINE
8
BLACK
6
CONTINUOUS
10
5.532362204724409
20
-4.6055511811023617
11
5.6319685039370073
21
-4.6055511811023617
0
LINE
8
BLACK
6
CONTINUOUS
10
5.6319685039370073
20
-4.6055511811023617
11
5.6319685039370073
21
-4.5016141732283463
0
LINE
8
BLACK
6
CONTINUOUS
10
5.6319685039370073
20
-4.5016141732283463
11
5.5969291338582678
21
-4.5016141732283463
0
LINE
8
BLACK
6
CONTINUOUS
10
5.3654330708661417
20
-4.2653937007874019
11
5.3654330708661417
21
-4.4968897637795271
0
LINE
8
BLACK
6
CONTINUOUS
10
5.3654330708661417
20
-4.4968897637795271
11
5.394566929133858
21
-4.4968897637795271
0
LINE
8
BLACK
6
CONTINUOUS
10
5.394566929133858
20
-4.4968897637795271
11
5.394566929133858
21
-4.2653937007874019
0
LINE
8
BLACK
6
CONTINUOUS
10
5.394566929133858
20
-4.2653937007874019
11
5.3654330708661417
21
-4.2653937007874019
0
LINE
8
BLACK
6
CONTINUOUS
10
5.4654330708661414
20
-4.2653937007874019
11
5.4654330708661414
21
-4.4968897637795271
0
LINE
8
BLACK
6
CONTINUOUS
10
5.4654330708661414
20
-4.4968897637795271
11
5.4945669291338586
21
-4.4968897637795271
0
LINE
8
BLACK
6
CONTINUOUS
10
5.4945669291338586
20
-4.4968897637795271
11
5.4945669291338586
21
-4.2653937007874019
0
LINE
8
BLACK
6
CONTINUOUS
10
5.4945669291338586
20
-4.2653937007874019
11
5.4654330708661414
21
-4.2653937007874019
0
LINE
8
BLACK
6
CONTINUOUS
10
5.6997638188976376
20
-4.5310810629921257
11
5.7005784645669291
21
-4.5318957086614171
0
LINE
8
BLACK
6
CONTINUOUS
10
5.7005784645669291
20
-4.5318957086614171
11
5.7010193700787397
21
-4.5329601181102364
0
LINE
8
BLACK
6
CONTINUOUS
10
5.7010193700787397
20
-4.5329601181102364
11
5.7010761023622045
21
-4.5335361811023622
0
LINE
8
BLACK
6
CONTINUOUS
10
5.7010761023622045
20
-4.5335361811023622
11
5.7010761023622045
21
-4.5611784645669289
0
LINE
8
BLACK
6
CONTINUOUS
10
5.7010761023622045
20
-4.5611784645669289
11
5.7025788976377951
21
-4.5656868897637795
0
LINE
8
BLACK
6
CONTINUOUS
10
5.7025788976377951
20
-4.5656868897637795
11
5.7053426771653539
21
-4.568450708661417
0
LINE
8
BLACK
6
CONTINUOUS
10
5.7053426771653539
20
-4.568450708661417
11
5.7098510629921257
21
-4.5699535039370076
0
LINE
8
BLACK
6
CONTINUOUS
10
5.7098510629921257
20
-4.5699535039370076
11
5.7131214566929129
21
-4.5699535039370076
0
LINE
8
BLACK
6
CONTINUOUS
10
5.7131214566929129
20
-4.5699535039370076
11
5.7136975196850388
21
-4.5700102362204724
0
LINE
8
BLACK
6
CONTINUOUS
10
5.7136975196850388
20
-4.5700102362204724
11
5.7147619291338581
21
-4.5704511417322831
0
LINE
8
BLACK
6
CONTINUOUS
10
5.7147619291338581
20
-4.5704511417322831
11
5.7155765748031495
21
-4.5712657874015745
0
LINE
8
BLACK
6
CONTINUOUS
10
5.7155765748031495
20
-4.5712657874015745
11
5.7160174803149602
21
-4.5723301968503938
0
LINE
8
BLACK
6
CONTINUOUS
10
5.7160174803149602
20
-4.5723301968503938
11
5.7160174803149602
21
-4.5734823228346455
0
LINE
8
BLACK
6
CONTINUOUS
10
5.7160174803149602
20
-4.5734823228346455
11
5.7155765748031495
21
-4.5745467322834648
0
LINE
8
BLACK
6
CONTINUOUS
10
5.7155765748031495
20
-4.5745467322834648
11
5.7147619291338581
21
-4.5753613779527562
0
LINE
8
BLACK
6
CONTINUOUS
10
5.7147619291338581
20
-4.5753613779527562
11
5.7136975196850388
21
-4.5758022834645669
0
LINE
8
BLACK
6
CONTINUOUS
10
5.7136975196850388
20
-4.5758022834645669
11
5.7131214566929129
21
-4.5758590157480317
0
LINE
8
BLACK
6
CONTINUOUS
10
5.7131214566929129
20
-4.5758590157480317
11
5.7093719291338578
21
-4.5758590157480317
0
LINE
8
BLACK
6
CONTINUOUS
10
5.7093719291338578
20
-4.5758590157480317
11
5.7090803149606302
21
-4.5758302755905511
0
LINE
8
BLACK
6
CONTINUOUS
10
5.7090803149606302
20
-4.5758302755905511
11
5.7090025984251964
21
-4.5758358267716535
0
LINE
8
BLACK
6
CONTINUOUS
10
5.7090025984251964
20
-4.5758358267716535
11
5.7089003149606299
21
-4.5758125590551177
0
LINE
8
BLACK
6
CONTINUOUS
10
5.7089003149606299
20
-4.5758125590551177
11
5.708795866141732
21
-4.5758022834645669
0
LINE
8
BLACK
6
CONTINUOUS
10
5.708795866141732
20
-4.5758022834645669
11
5.7087237795275589
21
-4.5757724015748034
0
LINE
8
BLACK
6
CONTINUOUS
10
5.7087237795275589
20
-4.5757724015748034
11
5.708438149606299
21
-4.5757074803149607
0
LINE
8
BLACK
6
CONTINUOUS
10
5.708438149606299
20
-4.5757074803149607
11
5.7028138976377951
21
-4.5738327165354331
0
LINE
8
BLACK
6
CONTINUOUS
10
5.7028138976377951
20
-4.5738327165354331
11
5.7022853149606298
21
-4.5735967322834643
0
LINE
8
BLACK
6
CONTINUOUS
10
5.7022853149606298
20
-4.5735967322834643
11
5.702205196850394
21
-4.5735272440944881
0
LINE
8
BLACK
6
CONTINUOUS
10
5.702205196850394
20
-4.5735272440944881
11
5.7021071653543309
21
-4.5734866535433074
0
LINE
8
BLACK
6
CONTINUOUS
10
5.7021071653543309
20
-4.5734866535433074
11
5.7016597244094491
21
-4.573119409448819
0
LINE
8
BLACK
6
CONTINUOUS
10
5.7016597244094491
20
-4.573119409448819
11
5.6979101968503931
21
-4.5693698425196851
0
LINE
8
BLACK
6
CONTINUOUS
10
5.6979101968503931
20
-4.5693698425196851
11
5.6975429527559056
21
-4.5689223622047246
0
LINE
8
BLACK
6
CONTINUOUS
10
5.6975429527559056
20
-4.5689223622047246
11
5.6975023228346453
21
-4.5688242913385828
0
LINE
8
BLACK
6
CONTINUOUS
10
5.6975023228346453
20
-4.5688242913385828
11
5.6974328740157478
21
-4.5687442125984248
0
LINE
8
BLACK
6
CONTINUOUS
10
5.6974328740157478
20
-4.5687442125984248
11
5.697196889763779
21
-4.5682156692913383
0
LINE
8
BLACK
6
CONTINUOUS
10
5.697196889763779
20
-4.5682156692913383
11
5.6953221259842515
21
-4.5625913779527556
0
LINE
8
BLACK
6
CONTINUOUS
10
5.6953221259842515
20
-4.5625913779527556
11
5.6952571653543309
21
-4.5623057874015744
0
LINE
8
BLACK
6
CONTINUOUS
10
5.6952571653543309
20
-4.5623057874015744
11
5.6952273228346453
21
-4.5622337007874014
0
LINE
8
BLACK
6
CONTINUOUS
10
5.6952273228346453
20
-4.5622337007874014
11
5.6952170078740156
21
-4.562129173228346
0
LINE
8
BLACK
6
CONTINUOUS
10
5.6952170078740156
20
-4.562129173228346
11
5.6951937795275587
21
-4.5620269291338582
0
LINE
8
BLACK
6
CONTINUOUS
10
5.6951937795275587
20
-4.5620269291338582
11
5.6951992913385823
21
-4.5619491732283466
0
LINE
8
BLACK
6
CONTINUOUS
10
5.6951992913385823
20
-4.5619491732283466
11
5.6951705905511814
21
-4.5616576377952756
0
LINE
8
BLACK
6
CONTINUOUS
10
5.6951705905511814
20
-4.5616576377952756
11
5.6951705905511814
21
-4.5335361811023622
0
LINE
8
BLACK
6
CONTINUOUS
10
5.6951705905511814
20
-4.5335361811023622
11
5.6952273228346453
21
-4.5329601181102364
0
LINE
8
BLACK
6
CONTINUOUS
10
5.6952273228346453
20
-4.5329601181102364
11
5.6956682283464568
21
-4.5318957086614171
0
LINE
8
BLACK
6
CONTINUOUS
10
5.6956682283464568
20
-4.5318957086614171
11
5.6964828740157483
21
-4.5310810629921257
0
LINE
8
BLACK
6
CONTINUOUS
10
5.6964828740157483
20
-4.5310810629921257
11
5.6975472834645666
21
-4.530640157480315
0
LINE
8
BLACK
6
CONTINUOUS
10
5.6975472834645666
20
-4.530640157480315
11
5.6986994094488184
21
-4.530640157480315
0
LINE
8
BLACK
6
CONTINUOUS
10
5.6986994094488184
20
-4.530640157480315
11
5.6997638188976376
21
-4.5310810629921257
0
LINE
8
BLACK
6
CONTINUOUS
10
5.6726565354330711
20
-4.5288135433070869
11
5.6736869685039366
21
-4.5293287401574798
0
LINE
8
BLACK
6
CONTINUOUS
10
5.6736869685039366
20
-4.5293287401574798
11
5.6744418503937011
21
-4.5301990944881885
0
LINE
8
BLACK
6
CONTINUOUS
10
5.6744418503937011
20
-4.5301990944881885
11
5.674677834645669
21
-4.5307276771653546
0
LINE
8
BLACK
6
CONTINUOUS
10
5.674677834645669
20
-4.5307276771653546
11
5.6840516535433068
21
-4.5588490944881892
0
LINE
8
BLACK
6
CONTINUOUS
10
5.6840516535433068
20
-4.5588490944881892
11
5.6841165748031495
21
-4.5591347244094491
0
LINE
8
BLACK
6
CONTINUOUS
10
5.6841165748031495
20
-4.5591347244094491
11
5.684146456692913
21
-4.5592068110236221
0
LINE
8
BLACK
6
CONTINUOUS
10
5.684146456692913
20
-4.5592068110236221
11
5.684146456692913
21
-4.5592660236220475
0
LINE
8
BLACK
6
CONTINUOUS
10
5.684146456692913
20
-4.5592660236220475
11
5.6841799999999996
21
-4.5594135433070866
0
LINE
8
BLACK
6
CONTINUOUS
10
5.6841799999999996
20
-4.5594135433070866
11
5.684146456692913
21
-4.559885393700787
0
LINE
8
BLACK
6
CONTINUOUS
10
5.684146456692913
20
-4.559885393700787
11
5.684146456692913
21
-4.5603589370078739
0
LINE
8
BLACK
6
CONTINUOUS
10
5.684146456692913
20
-4.5603589370078739
11
5.6841057874015748
21
-4.5604570078740156
0
LINE
8
BLACK
6
CONTINUOUS
10
5.6841057874015748
20
-4.5604570078740156
11
5.6840983070866145
21
-4.5605627559055115
0
LINE
8
BLACK
6
CONTINUOUS
10
5.6840983070866145
20
-4.5605627559055115
11
5.6838867322834643
21
-4.5609858661417322
0
LINE
8
BLACK
6
CONTINUOUS
10
5.6838867322834643
20
-4.5609858661417322
11
5.6837055511811023
21
-4.5614233464566931
0
LINE
8
BLACK
6
CONTINUOUS
10
5.6837055511811023
20
-4.5614233464566931
11
5.6836305118110237
21
-4.5614983464566929
0
LINE
8
BLACK
6
CONTINUOUS
10
5.6836305118110237
20
-4.5614983464566929
11
5.6835831102362206
21
-4.5615932283464566
0
LINE
8
BLACK
6
CONTINUOUS
10
5.6835831102362206
20
-4.5615932283464566
11
5.6832256299212593
21
-4.5619032283464565
0
LINE
8
BLACK
6
CONTINUOUS
10
5.6832256299212593
20
-4.5619032283464565
11
5.6828909055118109
21
-4.5622379921259846
0
LINE
8
BLACK
6
CONTINUOUS
10
5.6828909055118109
20
-4.5622379921259846
11
5.6827928346456691
21
-4.5622785826771652
0
LINE
8
BLACK
6
CONTINUOUS
10
5.6827928346456691
20
-4.5622785826771652
11
5.6827127165354332
21
-4.5623481102362202
0
LINE
8
BLACK
6
CONTINUOUS
10
5.6827127165354332
20
-4.5623481102362202
11
5.6822638582677163
21
-4.5624977165354332
0
LINE
8
BLACK
6
CONTINUOUS
10
5.6822638582677163
20
-4.5624977165354332
11
5.6818264960629916
21
-4.5626788976377952
0
LINE
8
BLACK
6
CONTINUOUS
10
5.6818264960629916
20
-4.5626788976377952
11
5.6816758267716532
21
-4.5626937007874018
0
LINE
8
BLACK
6
CONTINUOUS
10
5.6816758267716532
20
-4.5626937007874018
11
5.6816197244094484
21
-4.5627124409448818
0
LINE
8
BLACK
6
CONTINUOUS
10
5.6816197244094484
20
-4.5627124409448818
11
5.6815419685039368
21
-4.5627068897637795
0
LINE
8
BLACK
6
CONTINUOUS
10
5.6815419685039368
20
-4.5627068897637795
11
5.6812504330708657
21
-4.56273562992126
0
LINE
8
BLACK
6
CONTINUOUS
10
5.6812504330708657
20
-4.56273562992126
11
5.6654555511811022
21
-4.56273562992126
0
LINE
8
BLACK
6
CONTINUOUS
10
5.6654555511811022
20
-4.56273562992126
11
5.6654555511811022
21
-4.5729062598425196
0
LINE
8
BLACK
6
CONTINUOUS
10
5.6654555511811022
20
-4.5729062598425196
11
5.6653988188976374
21
-4.5734823228346455
0
LINE
8
BLACK
6
CONTINUOUS
10
5.6653988188976374
20
-4.5734823228346455
11
5.6649579133858268
21
-4.5745467322834648
0
LINE
8
BLACK
6
CONTINUOUS
10
5.6649579133858268
20
-4.5745467322834648
11
5.6641432677165353
21
-4.5753613779527562
0
LINE
8
BLACK
6
CONTINUOUS
10
5.6641432677165353
20
-4.5753613779527562
11
5.6630788582677161
21
-4.5758022834645669
0
LINE
8
BLACK
6
CONTINUOUS
10
5.6630788582677161
20
-4.5758022834645669
11
5.6619267322834643
21
-4.5758022834645669
0
LINE
8
BLACK
6
CONTINUOUS
10
5.6619267322834643
20
-4.5758022834645669
11
5.660862322834646
21
-4.5753613779527562
0
LINE
8
BLACK
6
CONTINUOUS
10
5.660862322834646
20
-4.5753613779527562
11
5.6600476771653545
21
-4.5745467322834648
0
LINE
8
BLACK
6
CONTINUOUS
10
5.6600476771653545
20
-4.5745467322834648
11
5.659606771653543
21
-4.5734823228346455
0
LINE
8
BLACK
6
CONTINUOUS
10
5.659606771653543
20
-4.5734823228346455
11
5.6595500393700791
21
-4.5729062598425196
0
LINE
8
BLACK
6
CONTINUOUS
10
5.6595500393700791
20
-4.5729062598425196
11
5.6595500393700791
21
-4.56273562992126
0
LINE
8
BLACK
6
CONTINUOUS
10
5.6595500393700791
20
-4.56273562992126
11
5.6568785039370075
21
-4.56273562992126
0
LINE
8
BLACK
6
CONTINUOUS
10
5.6568785039370075
20
-4.56273562992126
11
5.6563024409448817
21
-4.5626788976377952
0
LINE
8
BLACK
6
CONTINUOUS
10
5.6563024409448817
20
-4.5626788976377952
11
5.6552380314960633
21
-4.5622379921259846
0
LINE
8
BLACK
6
CONTINUOUS
10
5.6552380314960633
20
-4.5622379921259846
11
5.6544233858267718
21
-4.5614233464566931
0
LINE
8
BLACK
6
CONTINUOUS
10
5.6544233858267718
20
-4.5614233464566931
11
5.6539824803149603
21
-4.5603589370078739
0
LINE
8
BLACK
6
CONTINUOUS
10
5.6539824803149603
20
-4.5603589370078739
11
5.6539824803149603
21
-4.5592068110236221
0
LINE
8
BLACK
6
CONTINUOUS
10
5.6539824803149603
20
-4.5592068110236221
11
5.6544233858267718
21
-4.5581424015748029
0
LINE
8
BLACK
6
CONTINUOUS
10
5.6544233858267718
20
-4.5581424015748029
11
5.6552380314960633
21
-4.5573277559055114
0
LINE
8
BLACK
6
CONTINUOUS
10
5.6552380314960633
20
-4.5573277559055114
11
5.6563024409448817
21
-4.5568868503937008
0
LINE
8
BLACK
6
CONTINUOUS
10
5.6563024409448817
20
-4.5568868503937008
11
5.6568785039370075
21
-4.556830118110236
0
LINE
8
BLACK
6
CONTINUOUS
10
5.6568785039370075
20
-4.556830118110236
11
5.6595500393700791
21
-4.556830118110236
0
LINE
8
BLACK
6
CONTINUOUS
10
5.6595500393700791
20
-4.556830118110236
11
5.6595500393700791
21
-4.5466595275590551
0
LINE
8
BLACK
6
CONTINUOUS
10
5.6595500393700791
20
-4.5466595275590551
11
5.659606771653543
21
-4.5460834645669292
0
LINE
8
BLACK
6
CONTINUOUS
10
5.659606771653543
20
-4.5460834645669292
11
5.6600476771653545
21
-4.54501905511811
0
LINE
8
BLACK
6
CONTINUOUS
10
5.6600476771653545
20
-4.54501905511811
11
5.660862322834646
21
-4.5442044094488185
0
LINE
8
BLACK
6
CONTINUOUS
10
5.660862322834646
20
-4.5442044094488185
11
5.6619267322834643
21
-4.5437635039370079
0
LINE
8
BLACK
6
CONTINUOUS
10
5.6619267322834643
20
-4.5437635039370079
11
5.6630788582677161
21
-4.5437635039370079
0
LINE
8
BLACK
6
CONTINUOUS
10
5.6630788582677161
20
-4.5437635039370079
11
5.6641432677165353
21
-4.5442044094488185
0
LINE
8
BLACK
6
CONTINUOUS
10
5.6641432677165353
20
-4.5442044094488185
11
5.6649579133858268
21
-4.54501905511811
0
LINE
8
BLACK
6
CONTINUOUS
10
5.6649579133858268
20
-4.54501905511811
11
5.6653988188976374
21
-4.5460834645669292
0
LINE
8
BLACK
6
CONTINUOUS
10
5.6653988188976374
20
-4.5460834645669292
11
5.6654555511811022
21
-4.5466595275590551
0
LINE
8
BLACK
6
CONTINUOUS
10
5.6654555511811022
20
-4.5466595275590551
11
5.6654555511811022
21
-4.556830118110236
0
LINE
8
BLACK
6
CONTINUOUS
10
5.6654555511811022
20
-4.556830118110236
11
5.6771537007874011
21
-4.556830118110236
0
LINE
8
BLACK
6
CONTINUOUS
10
5.6771537007874011
20
-4.556830118110236
11
5.6690753937007869
21
-4.5325951574803147
0
LINE
8
BLACK
6
CONTINUOUS
10
5.6690753937007869
20
-4.5325951574803147
11
5.6689470472440942
21
-4.5320307086614173
0
LINE
8
BLACK
6
CONTINUOUS
10
5.6689470472440942
20
-4.5320307086614173
11
5.6690287401574802
21
-4.5308814960629924
0
LINE
8
BLACK
6
CONTINUOUS
10
5.6690287401574802
20
-4.5308814960629924
11
5.669543937007874
21
-4.529851062992126
0
LINE
8
BLACK
6
CONTINUOUS
10
5.669543937007874
20
-4.529851062992126
11
5.6704142913385827
21
-4.5290961811023625
0
LINE
8
BLACK
6
CONTINUOUS
10
5.6704142913385827
20
-4.5290961811023625
11
5.6715073228346453
21
-4.5287318503937009
0
LINE
8
BLACK
6
CONTINUOUS
10
5.6715073228346453
20
-4.5287318503937009
11
5.6726565354330711
21
-4.5288135433070869
0
LINE
8
BLACK
6
CONTINUOUS
10
6.0868933070866138
20
-4.4967159842519688
11
6.087747401574803
21
-4.4974891732283462
0
LINE
8
BLACK
6
CONTINUOUS
10
6.087747401574803
20
-4.4974891732283462
11
6.0882406299212599
21
-4.4985303543307085
0
LINE
8
BLACK
6
CONTINUOUS
10
6.0882406299212599
20
-4.4985303543307085
11
6.0882978346456689
21
-4.499681062992126
0
LINE
8
BLACK
6
CONTINUOUS
10
6.0882978346456689
20
-4.499681062992126
11
6.0881575196850388
21
-4.5002426377952753
0
LINE
8
BLACK
6
CONTINUOUS
10
6.0881575196850388
20
-4.5002426377952753
11
6.0763473228346454
21
-4.5333110629921256
0
LINE
8
BLACK
6
CONTINUOUS
10
6.0763473228346454
20
-4.5333110629921256
11
6.080581653543307
21
-4.5438968503937005
0
LINE
8
BLACK
6
CONTINUOUS
10
6.080581653543307
20
-4.5438968503937005
11
6.0822514960629919
21
-4.5455666929133853
0
LINE
8
BLACK
6
CONTINUOUS
10
6.0822514960629919
20
-4.5455666929133853
11
6.0866972834645665
21
-4.5477896062992125
0
LINE
8
BLACK
6
CONTINUOUS
10
6.0866972834645665
20
-4.5477896062992125
11
6.0871871653543304
21
-4.5480979921259843
0
LINE
8
BLACK
6
CONTINUOUS
10
6.0871871653543304
20
-4.5480979921259843
11
6.0879420078740152
21
-4.548968346456693
0
LINE
8
BLACK
6
CONTINUOUS
10
6.0879420078740152
20
-4.548968346456693
11
6.0883063385826768
21
-4.5500613385826769
0
LINE
8
BLACK
6
CONTINUOUS
10
6.0883063385826768
20
-4.5500613385826769
11
6.0882246850393695
21
-4.5512105511811018
0
LINE
8
BLACK
6
CONTINUOUS
10
6.0882246850393695
20
-4.5512105511811018
11
6.0877094094488191
21
-4.552241023622047
0
LINE
8
BLACK
6
CONTINUOUS
10
6.0877094094488191
20
-4.552241023622047
11
6.0868390551181104
21
-4.5529958661417318
0
LINE
8
BLACK
6
CONTINUOUS
10
6.0868390551181104
20
-4.5529958661417318
11
6.0857461023622044
21
-4.5533601968503934
0
LINE
8
BLACK
6
CONTINUOUS
10
6.0857461023622044
20
-4.5533601968503934
11
6.0845968897637794
21
-4.5532785433070861
0
LINE
8
BLACK
6
CONTINUOUS
10
6.0845968897637794
20
-4.5532785433070861
11
6.0840562598425194
21
-4.5530716535433067
0
LINE
8
BLACK
6
CONTINUOUS
10
6.0840562598425194
20
-4.5530716535433067
11
6.0791818897637793
21
-4.5506344488188972
0
LINE
8
BLACK
6
CONTINUOUS
10
6.0791818897637793
20
-4.5506344488188972
11
6.0789341338582679
21
-4.5504784645669289
0
LINE
8
BLACK
6
CONTINUOUS
10
6.0789341338582679
20
-4.5504784645669289
11
6.0788619291338577
21
-4.5504485826771655
0
LINE
8
BLACK
6
CONTINUOUS
10
6.0788619291338577
20
-4.5504485826771655
11
6.0787805905511814
21
-4.5503818110236223
0
LINE
8
BLACK
6
CONTINUOUS
10
6.0787805905511814
20
-4.5503818110236223
11
6.0786920078740154
21
-4.5503260629921263
0
LINE
8
BLACK
6
CONTINUOUS
10
6.0786920078740154
20
-4.5503260629921263
11
6.078640984251968
21
-4.5502672440944885
0
LINE
8
BLACK
6
CONTINUOUS
10
6.078640984251968
20
-4.5502672440944885
11
6.0784144881889759
21
-4.550081338582677
0
LINE
8
BLACK
6
CONTINUOUS
10
6.0784144881889759
20
-4.550081338582677
11
6.0759772834645664
21
-4.5476441338582676
0
LINE
8
BLACK
6
CONTINUOUS
10
6.0759772834645664
20
-4.5476441338582676
11
6.0756100787401577
21
-4.5471966929133858
0
LINE
8
BLACK
6
CONTINUOUS
10
6.0756100787401577
20
-4.5471966929133858
11
6.0756030314960627
21
-4.5471797244094487
0
LINE
8
BLACK
6
CONTINUOUS
10
6.0756030314960627
20
-4.5471797244094487
11
6.0755902755905513
21
-4.5471666535433073
0
LINE
8
BLACK
6
CONTINUOUS
10
6.0755902755905513
20
-4.5471666535433073
11
6.075323622047244
21
-4.5466528740157477
0
LINE
8
BLACK
6
CONTINUOUS
10
6.075323622047244
20
-4.5466528740157477
11
6.0704492125984251
21
-4.5344668503937005
0
LINE
8
BLACK
6
CONTINUOUS
10
6.0704492125984251
20
-4.5344668503937005
11
6.0704337795275594
21
-4.5344136220472437
0
LINE
8
BLACK
6
CONTINUOUS
10
6.0704337795275594
20
-4.5344136220472437
11
6.0704100393700786
21
-4.5343633858267713
0
LINE
8
BLACK
6
CONTINUOUS
10
6.0704100393700786
20
-4.5343633858267713
11
6.0582240944881889
21
-4.5002426377952753
0
LINE
8
BLACK
6
CONTINUOUS
10
6.0582240944881889
20
-4.5002426377952753
11
6.0580837795275588
21
-4.499681062992126
0
LINE
8
BLACK
6
CONTINUOUS
10
6.0580837795275588
20
-4.499681062992126
11
6.0581410236220474
21
-4.4985303543307085
0
LINE
8
BLACK
6
CONTINUOUS
10
6.0581410236220474
20
-4.4985303543307085
11
6.0586342125984247
21
-4.4974891732283462
0
LINE
8
BLACK
6
CONTINUOUS
10
6.0586342125984247
20
-4.4974891732283462
11
6.0594883070866139
21
-4.4967159842519688
0
LINE
8
BLACK
6
CONTINUOUS
10
6.0594883070866139
20
-4.4967159842519688
11
6.0605733070866137
21
-4.496328464566929
0
LINE
8
BLACK
6
CONTINUOUS
10
6.0605733070866137
20
-4.496328464566929
11
6.0617240157480312
21
-4.4963857086614176
0
LINE
8
BLACK
6
CONTINUOUS
10
6.0617240157480312
20
-4.4963857086614176
11
6.0627651968503935
21
-4.4968788976377949
0
LINE
8
BLACK
6
CONTINUOUS
10
6.0627651968503935
20
-4.4968788976377949
11
6.0635383858267717
21
-4.4977329921259841
0
LINE
8
BLACK
6
CONTINUOUS
10
6.0635383858267717
20
-4.4977329921259841
11
6.0637855905511806
21
-4.4982564173228345
0
LINE
8
BLACK
6
CONTINUOUS
10
6.0637855905511806
20
-4.4982564173228345
11
6.0731907874015745
21
-4.5245910236220475
0
LINE
8
BLACK
6
CONTINUOUS
10
6.0731907874015745
20
-4.5245910236220475
11
6.0825960236220471
21
-4.4982564173228345
0
LINE
8
BLACK
6
CONTINUOUS
10
6.0825960236220471
20
-4.4982564173228345
11
6.0828432283464569
21
-4.4977329921259841
0
LINE
8
BLACK
6
CONTINUOUS
10
6.0828432283464569
20
-4.4977329921259841
11
6.083616456692913
21
-4.4968788582677162
0
LINE
8
BLACK
6
CONTINUOUS
10
6.083616456692913
20
-4.4968788582677162
11
6.0846576377952752
21
-4.4963856692913389
0
LINE
8
BLACK
6
CONTINUOUS
10
6.0846576377952752
20
-4.4963856692913389
11
6.085808307086614
21
-4.496328464566929
0
LINE
8
BLACK
6
CONTINUOUS
10
6.085808307086614
20
-4.496328464566929
11
6.0868933070866138
21
-4.4967159842519688
0
LINE
8
BLACK
6
CONTINUOUS
10
4.7752325196850389
20
-4.4897340157480317
11
4.7760471653543304
21
-4.4905486614173231
0
LINE
8
BLACK
6
CONTINUOUS
10
4.7760471653543304
20
-4.4905486614173231
11
4.7764880708661419
21
-4.4916130708661415
0
LINE
8
BLACK
6
CONTINUOUS
10
4.7764880708661419
20
-4.4916130708661415
11
4.7765448031496058
21
-4.4921891338582673
0
LINE
8
BLACK
6
CONTINUOUS
10
4.7765448031496058
20
-4.4921891338582673
11
4.7765448031496058
21
-4.5329244094488184
0
LINE
8
BLACK
6
CONTINUOUS
10
4.7765448031496058
20
-4.5329244094488184
11
4.7784559448818893
21
-4.5367467716535428
0
LINE
8
BLACK
6
CONTINUOUS
10
4.7784559448818893
20
-4.5367467716535428
11
4.7802154724409451
21
-4.5385062992125986
0
LINE
8
BLACK
6
CONTINUOUS
10
4.7802154724409451
20
-4.5385062992125986
11
4.7840378346456696
21
-4.5404174803149608
0
LINE
8
BLACK
6
CONTINUOUS
10
4.7840378346456696
20
-4.5404174803149608
11
4.7923925590551182
21
-4.5404174803149608
0
LINE
8
BLACK
6
CONTINUOUS
10
4.7923925590551182
20
-4.5404174803149608
11
4.7962148818897639
21
-4.5385062992125986
0
LINE
8
BLACK
6
CONTINUOUS
10
4.7962148818897639
20
-4.5385062992125986
11
4.7979744488188976
21
-4.5367467716535428
0
LINE
8
BLACK
6
CONTINUOUS
10
4.7979744488188976
20
-4.5367467716535428
11
4.7998856299212598
21
-4.5329244094488184
0
LINE
8
BLACK
6
CONTINUOUS
10
4.7998856299212598
20
-4.5329244094488184
11
4.7998856299212598
21
-4.4921891338582673
0
LINE
8
BLACK
6
CONTINUOUS
10
4.7998856299212598
20
-4.4921891338582673
11
4.7999423622047246
21
-4.4916130708661415
0
LINE
8
BLACK
6
CONTINUOUS
10
4.7999423622047246
20
-4.4916130708661415
11
4.8003832677165352
21
-4.4905486614173231
0
LINE
8
BLACK
6
CONTINUOUS
10
4.8003832677165352
20
-4.4905486614173231
11
4.8011979133858267
21
-4.4897340157480317
0
LINE
8
BLACK
6
CONTINUOUS
10
4.8011979133858267
20
-4.4897340157480317
11
4.8022623228346459
21
-4.4892931102362201
0
LINE
8
BLACK
6
CONTINUOUS
10
4.8022623228346459
20
-4.4892931102362201
11
4.8034144488188977
21
-4.4892931102362201
0
LINE
8
BLACK
6
CONTINUOUS
10
4.8034144488188977
20
-4.4892931102362201
11
4.804478858267716
21
-4.4897340157480317
0
LINE
8
BLACK
6
CONTINUOUS
10
4.804478858267716
20
-4.4897340157480317
11
4.8052935039370075
21
-4.4905486614173231
0
LINE
8
BLACK
6
CONTINUOUS
10
4.8052935039370075
20
-4.4905486614173231
11
4.805734409448819
21
-4.4916130708661415
0
LINE
8
BLACK
6
CONTINUOUS
10
4.805734409448819
20
-4.4916130708661415
11
4.8057911417322829
21
-4.4921891338582673
0
LINE
8
BLACK
6
CONTINUOUS
10
4.8057911417322829
20
-4.4921891338582673
11
4.8057911417322829
21
-4.5336214566929129
0
LINE
8
BLACK
6
CONTINUOUS
10
4.8057911417322829
20
-4.5336214566929129
11
4.805734409448819
21
-4.5341975196850397
0
LINE
8
BLACK
6
CONTINUOUS
10
4.805734409448819
20
-4.5341975196850397
11
4.8056937795275587
21
-4.5342955118110231
0
LINE
8
BLACK
6
CONTINUOUS
10
4.8056937795275587
20
-4.5342955118110231
11
4.8056862992125984
21
-4.5344013385826774
0
LINE
8
BLACK
6
CONTINUOUS
10
4.8056862992125984
20
-4.5344013385826774
11
4.8054794094488189
21
-4.5349419685039365
0
LINE
8
BLACK
6
CONTINUOUS
10
4.8054794094488189
20
-4.5349419685039365
11
4.8030422047244095
21
-4.5398163779527554
0
LINE
8
BLACK
6
CONTINUOUS
10
4.8030422047244095
20
-4.5398163779527554
11
4.8028861811023624
21
-4.5400641732283464
0
LINE
8
BLACK
6
CONTINUOUS
10
4.8028861811023624
20
-4.5400641732283464
11
4.8028563385826768
21
-4.540136338582677
0
LINE
8
BLACK
6
CONTINUOUS
10
4.8028563385826768
20
-4.540136338582677
11
4.8027897244094486
21
-4.5402174803149604
0
LINE
8
BLACK
6
CONTINUOUS
10
4.8027897244094486
20
-4.5402174803149604
11
4.8027338582677164
21
-4.5403062598425192
0
LINE
8
BLACK
6
CONTINUOUS
10
4.8027338582677164
20
-4.5403062598425192
11
4.8026749212598423
21
-4.5403573622047242
0
LINE
8
BLACK
6
CONTINUOUS
10
4.8026749212598423
20
-4.5403573622047242
11
4.8024890944881893
21
-4.5405837795275588
0
LINE
8
BLACK
6
CONTINUOUS
10
4.8024890944881893
20
-4.5405837795275588
11
4.8000518897637798
21
-4.5430209842519682
0
LINE
8
BLACK
6
CONTINUOUS
10
4.8000518897637798
20
-4.5430209842519682
11
4.7998253937007869
21
-4.5432068110236221
0
LINE
8
BLACK
6
CONTINUOUS
10
4.7998253937007869
20
-4.5432068110236221
11
4.7997743307086616
21
-4.5432657480314962
0
LINE
8
BLACK
6
CONTINUOUS
10
4.7997743307086616
20
-4.5432657480314962
11
4.7996855511811019
21
-4.5433216141732284
0
LINE
8
BLACK
6
CONTINUOUS
10
4.7996855511811019
20
-4.5433216141732284
11
4.7996044488188971
21
-4.5433881889763779
0
LINE
8
BLACK
6
CONTINUOUS
10
4.7996044488188971
20
-4.5433881889763779
11
4.7995323622047241
21
-4.5434180314960626
0
LINE
8
BLACK
6
CONTINUOUS
10
4.7995323622047241
20
-4.5434180314960626
11
4.7992844488188977
21
-4.5435740944881893
0
LINE
8
BLACK
6
CONTINUOUS
10
4.7992844488188977
20
-4.5435740944881893
11
4.7944101181102363
21
-4.54601125984252
0
LINE
8
BLACK
6
CONTINUOUS
10
4.7944101181102363
20
-4.54601125984252
11
4.7938694881889763
21
-4.5462181496062994
0
LINE
8
BLACK
6
CONTINUOUS
10
4.7938694881889763
20
-4.5462181496062994
11
4.7937636614173229
21
-4.5462256299212598
0
LINE
8
BLACK
6
CONTINUOUS
10
4.7937636614173229
20
-4.5462256299212598
11
4.7936656692913386
21
-4.5462662598425192
0
LINE
8
BLACK
6
CONTINUOUS
10
4.7936656692913386
20
-4.5462662598425192
11
4.7930896062992128
21
-4.546322992125984
0
LINE
8
BLACK
6
CONTINUOUS
10
4.7930896062992128
20
-4.546322992125984
11
4.7833408267716537
21
-4.546322992125984
0
LINE
8
BLACK
6
CONTINUOUS
10
4.7833408267716537
20
-4.546322992125984
11
4.7827647637795279
21
-4.5462662598425192
0
LINE
8
BLACK
6
CONTINUOUS
10
4.7827647637795279
20
-4.5462662598425192
11
4.7826667322834648
21
-4.5462256299212598
0
LINE
8
BLACK
6
CONTINUOUS
10
4.7826667322834648
20
-4.5462256299212598
11
4.7825609448818893
21
-4.5462181496062994
0
LINE
8
BLACK
6
CONTINUOUS
10
4.7825609448818893
20
-4.5462181496062994
11
4.7820203149606302
21
-4.54601125984252
0
LINE
8
BLACK
6
CONTINUOUS
10
4.7820203149606302
20
-4.54601125984252
11
4.7771459055118113
21
-4.5435740944881893
0
LINE
8
BLACK
6
CONTINUOUS
10
4.7771459055118113
20
-4.5435740944881893
11
4.7768981102362202
21
-4.5434181102362201
0
LINE
8
BLACK
6
CONTINUOUS
10
4.7768981102362202
20
-4.5434181102362201
11
4.7768259448818897
21
-4.5433882283464566
0
LINE
8
BLACK
6
CONTINUOUS
10
4.7768259448818897
20
-4.5433882283464566
11
4.77674468503937
21
-4.5433215354330709
0
LINE
8
BLACK
6
CONTINUOUS
10
4.77674468503937
20
-4.5433215354330709
11
4.7766560629921262
21
-4.5432657480314962
0
LINE
8
BLACK
6
CONTINUOUS
10
4.7766560629921262
20
-4.5432657480314962
11
4.776605
21
-4.5432068897637796
0
LINE
8
BLACK
6
CONTINUOUS
10
4.776605
20
-4.5432068897637796
11
4.7763785039370079
21
-4.5430209842519682
0
LINE
8
BLACK
6
CONTINUOUS
10
4.7763785039370079
20
-4.5430209842519682
11
4.7739412992125985
21
-4.5405837795275588
0
LINE
8
BLACK
6
CONTINUOUS
10
4.7739412992125985
20
-4.5405837795275588
11
4.7737554330708658
21
-4.5403572834645667
0
LINE
8
BLACK
6
CONTINUOUS
10
4.7737554330708658
20
-4.5403572834645667
11
4.7736965354330705
21
-4.5403062204724405
0
LINE
8
BLACK
6
CONTINUOUS
10
4.7736965354330705
20
-4.5403062204724405
11
4.7736406299212595
21
-4.5402174409448817
0
LINE
8
BLACK
6
CONTINUOUS
10
4.7736406299212595
20
-4.5402174409448817
11
4.7735740944881888
21
-4.540136338582677
0
LINE
8
BLACK
6
CONTINUOUS
10
4.7735740944881888
20
-4.540136338582677
11
4.7735442125984253
21
-4.5400642519685039
0
LINE
8
BLACK
6
CONTINUOUS
10
4.7735442125984253
20
-4.5400642519685039
11
4.7733881889763783
21
-4.5398163385826766
0
LINE
8
BLACK
6
CONTINUOUS
10
4.7733881889763783
20
-4.5398163385826766
11
4.7709510236220467
21
-4.5349419685039365
0
LINE
8
BLACK
6
CONTINUOUS
10
4.7709510236220467
20
-4.5349419685039365
11
4.7707441338582672
21
-4.5344013385826774
0
LINE
8
BLACK
6
CONTINUOUS
10
4.7707441338582672
20
-4.5344013385826774
11
4.7707366141732281
21
-4.5342955118110231
0
LINE
8
BLACK
6
CONTINUOUS
10
4.7707366141732281
20
-4.5342955118110231
11
4.7706960236220475
21
-4.5341975196850397
0
LINE
8
BLACK
6
CONTINUOUS
10
4.7706960236220475
20
-4.5341975196850397
11
4.7706392913385827
21
-4.5336214566929129
0
LINE
8
BLACK
6
CONTINUOUS
10
4.7706392913385827
20
-4.5336214566929129
11
4.7706392913385827
21
-4.4921891338582673
0
LINE
8
BLACK
6
CONTINUOUS
10
4.7706392913385827
20
-4.4921891338582673
11
4.7706960236220475
21
-4.4916130708661415
0
LINE
8
BLACK
6
CONTINUOUS
10
4.7706960236220475
20
-4.4916130708661415
11
4.7711369291338581
21
-4.4905486614173231
0
LINE
8
BLACK
6
CONTINUOUS
10
4.7711369291338581
20
-4.4905486614173231
11
4.7719515748031496
21
-4.4897340157480317
0
LINE
8
BLACK
6
CONTINUOUS
10
4.7719515748031496
20
-4.4897340157480317
11
4.7730159842519688
21
-4.4892931102362201
0
LINE
8
BLACK
6
CONTINUOUS
10
4.7730159842519688
20
-4.4892931102362201
11
4.7741681102362206
21
-4.4892931102362201
0
LINE
8
BLACK
6
CONTINUOUS
10
4.7741681102362206
20
-4.4892931102362201
11
4.7752325196850389
21
-4.4897340157480317
0
LINE
8
BLACK
6
CONTINUOUS
10
4.9837668503937005
20
-4.5063535039370075
11
4.9838648425196848
21
-4.5063940944881891
0
LINE
8
BLACK
6
CONTINUOUS
10
4.9838648425196848
20
-4.5063940944881891
11
4.9839706692913381
21
-4.5064016141732282
0
LINE
8
BLACK
6
CONTINUOUS
10
4.9839706692913381
20
-4.5064016141732282
11
4.9845112992125982
21
-4.5066085039370076
0
LINE
8
BLACK
6
CONTINUOUS
10
4.9845112992125982
20
-4.5066085039370076
11
4.9893856692913383
21
-4.5090456692913383
0
LINE
8
BLACK
6
CONTINUOUS
10
4.9893856692913383
20
-4.5090456692913383
11
4.9896335826771656
21
-4.5092016929133854
0
LINE
8
BLACK
6
CONTINUOUS
10
4.9896335826771656
20
-4.5092016929133854
11
4.9897056692913386
21
-4.5092315748031497
0
LINE
8
BLACK
6
CONTINUOUS
10
4.9897056692913386
20
-4.5092315748031497
11
4.9897867716535433
21
-4.5092981102362204
0
LINE
8
BLACK
6
CONTINUOUS
10
4.9897867716535433
20
-4.5092981102362204
11
4.9898755511811022
21
-4.5093540157480314
0
LINE
8
BLACK
6
CONTINUOUS
10
4.9898755511811022
20
-4.5093540157480314
11
4.9899266141732284
21
-4.5094129133858267
0
LINE
8
BLACK
6
CONTINUOUS
10
4.9899266141732284
20
-4.5094129133858267
11
4.9901531102362204
21
-4.5095987795275594
0
LINE
8
BLACK
6
CONTINUOUS
10
4.9901531102362204
20
-4.5095987795275594
11
4.9925903149606299
21
-4.5120359842519688
0
LINE
8
BLACK
6
CONTINUOUS
10
4.9925903149606299
20
-4.5120359842519688
11
4.9927762204724404
21
-4.5122624803149609
0
LINE
8
BLACK
6
CONTINUOUS
10
4.9927762204724404
20
-4.5122624803149609
11
4.992835078740157
21
-4.5123135433070862
0
LINE
8
BLACK
6
CONTINUOUS
10
4.992835078740157
20
-4.5123135433070862
11
4.9928908661417326
21
-4.5124021653543309
0
LINE
8
BLACK
6
CONTINUOUS
10
4.9928908661417326
20
-4.5124021653543309
11
4.9929575590551183
21
-4.5124834251968506
0
LINE
8
BLACK
6
CONTINUOUS
10
4.9929575590551183
20
-4.5124834251968506
11
4.9929874409448818
21
-4.5125555905511812
0
LINE
8
BLACK
6
CONTINUOUS
10
4.9929874409448818
20
-4.5125555905511812
11
4.9931434251968501
21
-4.5128033858267713
0
LINE
8
BLACK
6
CONTINUOUS
10
4.9931434251968501
20
-4.5128033858267713
11
4.9955805905511808
21
-4.5176777952755902
0
LINE
8
BLACK
6
CONTINUOUS
10
4.9955805905511808
20
-4.5176777952755902
11
4.9957874803149602
21
-4.5182184251968502
0
LINE
8
BLACK
6
CONTINUOUS
10
4.9957874803149602
20
-4.5182184251968502
11
4.9957949606299215
21
-4.5183242125984249
0
LINE
8
BLACK
6
CONTINUOUS
10
4.9957949606299215
20
-4.5183242125984249
11
4.9958355905511809
21
-4.5184222440944879
0
LINE
8
BLACK
6
CONTINUOUS
10
4.9958355905511809
20
-4.5184222440944879
11
4.9958923228346457
21
-4.5189983070866138
0
LINE
8
BLACK
6
CONTINUOUS
10
4.9958923228346457
20
-4.5189983070866138
11
4.9958923228346457
21
-4.5336214566929129
0
LINE
8
BLACK
6
CONTINUOUS
10
4.9958923228346457
20
-4.5336214566929129
11
4.9958355905511809
21
-4.5341975196850397
0
LINE
8
BLACK
6
CONTINUOUS
10
4.9958355905511809
20
-4.5341975196850397
11
4.9957949606299215
21
-4.5342955118110231
0
LINE
8
BLACK
6
CONTINUOUS
10
4.9957949606299215
20
-4.5342955118110231
11
4.9957874803149602
21
-4.5344013385826774
0
LINE
8
BLACK
6
CONTINUOUS
10
4.9957874803149602
20
-4.5344013385826774
11
4.9955805905511808
21
-4.5349419685039365
0
LINE
8
BLACK
6
CONTINUOUS
10
4.9955805905511808
20
-4.5349419685039365
11
4.9931434251968501
21
-4.5398163779527554
0
LINE
8
BLACK
6
CONTINUOUS
10
4.9931434251968501
20
-4.5398163779527554
11
4.9929874409448818
21
-4.5400641338582677
0
LINE
8
BLACK
6
CONTINUOUS
10
4.9929874409448818
20
-4.5400641338582677
11
4.9929575590551183
21
-4.540136338582677
0
LINE
8
BLACK
6
CONTINUOUS
10
4.9929575590551183
20
-4.540136338582677
11
4.9928908661417326
21
-4.5402175590551179
0
LINE
8
BLACK
6
CONTINUOUS
10
4.9928908661417326
20
-4.5402175590551179
11
4.992835078740157
21
-4.5403062204724405
0
LINE
8
BLACK
6
CONTINUOUS
10
4.992835078740157
20
-4.5403062204724405
11
4.9927762204724404
21
-4.5403572440944879
0
LINE
8
BLACK
6
CONTINUOUS
10
4.9927762204724404
20
-4.5403572440944879
11
4.9925903149606299
21
-4.5405837795275588
0
LINE
8
BLACK
6
CONTINUOUS
10
4.9925903149606299
20
-4.5405837795275588
11
4.9901531102362204
21
-4.5430209842519682
0
LINE
8
BLACK
6
CONTINUOUS
10
4.9901531102362204
20
-4.5430209842519682
11
4.9899266141732284
21
-4.5432068110236221
0
LINE
8
BLACK
6
CONTINUOUS
10
4.9899266141732284
20
-4.5432068110236221
11
4.9898755511811022
21
-4.5432657480314962
0
LINE
8
BLACK
6
CONTINUOUS
10
4.9898755511811022
20
-4.5432657480314962
11
4.9897867716535433
21
-4.5433216141732284
0
LINE
8
BLACK
6
CONTINUOUS
10
4.9897867716535433
20
-4.5433216141732284
11
4.9897056692913386
21
-4.5433881889763779
0
LINE
8
BLACK
6
CONTINUOUS
10
4.9897056692913386
20
-4.5433881889763779
11
4.9896335826771656
21
-4.5434180314960626
0
LINE
8
BLACK
6
CONTINUOUS
10
4.9896335826771656
20
-4.5434180314960626
11
4.9893856692913383
21
-4.5435740944881893
0
LINE
8
BLACK
6
CONTINUOUS
10
4.9893856692913383
20
-4.5435740944881893
11
4.9845112992125982
21
-4.54601125984252
0
LINE
8
BLACK
6
CONTINUOUS
10
4.9845112992125982
20
-4.54601125984252
11
4.9839706692913381
21
-4.5462181496062994
0
LINE
8
BLACK
6
CONTINUOUS
10
4.9839706692913381
20
-4.5462181496062994
11
4.9838648425196848
21
-4.5462256299212598
0
LINE
8
BLACK
6
CONTINUOUS
10
4.9838648425196848
20
-4.5462256299212598
11
4.9837668503937005
21
-4.5462662598425192
0
LINE
8
BLACK
6
CONTINUOUS
10
4.9837668503937005
20
-4.5462662598425192
11
4.9831907874015746
21
-4.546322992125984
0
LINE
8
BLACK
6
CONTINUOUS
10
4.9831907874015746
20
-4.546322992125984
11
4.975879212598425
21
-4.546322992125984
0
LINE
8
BLACK
6
CONTINUOUS
10
4.975879212598425
20
-4.546322992125984
11
4.9753031496062992
21
-4.5462662598425192
0
LINE
8
BLACK
6
CONTINUOUS
10
4.9753031496062992
20
-4.5462662598425192
11
4.9752051181102361
21
-4.5462256299212598
0
LINE
8
BLACK
6
CONTINUOUS
10
4.9752051181102361
20
-4.5462256299212598
11
4.9750993307086615
21
-4.5462181496062994
0
LINE
8
BLACK
6
CONTINUOUS
10
4.9750993307086615
20
-4.5462181496062994
11
4.9745587007874015
21
-4.54601125984252
0
LINE
8
BLACK
6
CONTINUOUS
10
4.9745587007874015
20
-4.54601125984252
11
4.9696843307086613
21
-4.5435740944881893
0
LINE
8
BLACK
6
CONTINUOUS
10
4.9696843307086613
20
-4.5435740944881893
11
4.9694364960629924
21
-4.5434180708661414
0
LINE
8
BLACK
6
CONTINUOUS
10
4.9694364960629924
20
-4.5434180708661414
11
4.9693643700787398
21
-4.5433882283464566
0
LINE
8
BLACK
6
CONTINUOUS
10
4.9693643700787398
20
-4.5433882283464566
11
4.9692831889763776
21
-4.5433216141732284
0
LINE
8
BLACK
6
CONTINUOUS
10
4.9692831889763776
20
-4.5433216141732284
11
4.9691944488188975
21
-4.5432657480314962
0
LINE
8
BLACK
6
CONTINUOUS
10
4.9691944488188975
20
-4.5432657480314962
11
4.9691433070866138
21
-4.5432068110236221
0
LINE
8
BLACK
6
CONTINUOUS
10
4.9691433070866138
20
-4.5432068110236221
11
4.968916929133858
21
-4.5430209842519682
0
LINE
8
BLACK
6
CONTINUOUS
10
4.968916929133858
20
-4.5430209842519682
11
4.9664797244094485
21
-4.5405837795275588
0
LINE
8
BLACK
6
CONTINUOUS
10
4.9664797244094485
20
-4.5405837795275588
11
4.9662938582677167
21
-4.5403572834645667
0
LINE
8
BLACK
6
CONTINUOUS
10
4.9662938582677167
20
-4.5403572834645667
11
4.9662350000000002
21
-4.5403062598425192
0
LINE
8
BLACK
6
CONTINUOUS
10
4.9662350000000002
20
-4.5403062598425192
11
4.9661790944881892
21
-4.5402174803149604
0
LINE
8
BLACK
6
CONTINUOUS
10
4.9661790944881892
20
-4.5402174803149604
11
4.9661125196850389
21
-4.540136338582677
0
LINE
8
BLACK
6
CONTINUOUS
10
4.9661125196850389
20
-4.540136338582677
11
4.9660826377952754
21
-4.5400642519685039
0
LINE
8
BLACK
6
CONTINUOUS
10
4.9660826377952754
20
-4.5400642519685039
11
4.9659266141732283
21
-4.5398163779527554
0
LINE
8
BLACK
6
CONTINUOUS
10
4.9659266141732283
20
-4.5398163779527554
11
4.9634894094488189
21
-4.5349419685039365
0
LINE
8
BLACK
6
CONTINUOUS
10
4.9634894094488189
20
-4.5349419685039365
11
4.9632825196850394
21
-4.5344013385826774
0
LINE
8
BLACK
6
CONTINUOUS
10
4.9632825196850394
20
-4.5344013385826774
11
4.9632750000000003
21
-4.5342955118110231
0
LINE
8
BLACK
6
CONTINUOUS
10
4.9632750000000003
20
-4.5342955118110231
11
4.9632344094488188
21
-4.5341975196850397
0
LINE
8
BLACK
6
CONTINUOUS
10
4.9632344094488188
20
-4.5341975196850397
11
4.963177677165354
21
-4.5336214566929129
0
LINE
8
BLACK
6
CONTINUOUS
10
4.963177677165354
20
-4.5336214566929129
11
4.963177677165354
21
-4.5189983070866138
0
LINE
8
BLACK
6
CONTINUOUS
10
4.963177677165354
20
-4.5189983070866138
11
4.9632344094488188
21
-4.5184222440944879
0
LINE
8
BLACK
6
CONTINUOUS
10
4.9632344094488188
20
-4.5184222440944879
11
4.9632750000000003
21
-4.5183242125984249
0
LINE
8
BLACK
6
CONTINUOUS
10
4.9632750000000003
20
-4.5183242125984249
11
4.9632825196850394
21
-4.5182184251968502
0
LINE
8
BLACK
6
CONTINUOUS
10
4.9632825196850394
20
-4.5182184251968502
11
4.9634894094488189
21
-4.5176777952755902
0
LINE
8
BLACK
6
CONTINUOUS
10
4.9634894094488189
20
-4.5176777952755902
11
4.9659266141732283
21
-4.5128033858267713
0
LINE
8
BLACK
6
CONTINUOUS
10
4.9659266141732283
20
-4.5128033858267713
11
4.9660826377952754
21
-4.5125554724409449
0
LINE
8
BLACK
6
CONTINUOUS
10
4.9660826377952754
20
-4.5125554724409449
11
4.9661125196850389
21
-4.5124834251968506
0
LINE
8
BLACK
6
CONTINUOUS
10
4.9661125196850389
20
-4.5124834251968506
11
4.9661790944881892
21
-4.5124022440944884
0
LINE
8
BLACK
6
CONTINUOUS
10
4.9661790944881892
20
-4.5124022440944884
11
4.9662350000000002
21
-4.5123135039370075
0
LINE
8
BLACK
6
CONTINUOUS
10
4.9662350000000002
20
-4.5123135039370075
11
4.9662938582677167
21
-4.5122624409448822
0
LINE
8
BLACK
6
CONTINUOUS
10
4.9662938582677167
20
-4.5122624409448822
11
4.9664797244094485
21
-4.5120359842519688
0
LINE
8
BLACK
6
CONTINUOUS
10
4.9664797244094485
20
-4.5120359842519688
11
4.968916929133858
21
-4.5095987795275594
0
LINE
8
BLACK
6
CONTINUOUS
10
4.968916929133858
20
-4.5095987795275594
11
4.9691433070866138
21
-4.5094129133858267
0
LINE
8
BLACK
6
CONTINUOUS
10
4.9691433070866138
20
-4.5094129133858267
11
4.9691944488188975
21
-4.5093540157480314
0
LINE
8
BLACK
6
CONTINUOUS
10
4.9691944488188975
20
-4.5093540157480314
11
4.9692831889763776
21
-4.5092981102362204
0
LINE
8
BLACK
6
CONTINUOUS
10
4.9692831889763776
20
-4.5092981102362204
11
4.9693643700787398
21
-4.509231535433071
0
LINE
8
BLACK
6
CONTINUOUS
10
4.9693643700787398
20
-4.509231535433071
11
4.9694364960629924
21
-4.5092016535433066
0
LINE
8
BLACK
6
CONTINUOUS
10
4.9694364960629924
20
-4.5092016535433066
11
4.9696843307086613
21
-4.5090456692913383
0
LINE
8
BLACK
6
CONTINUOUS
10
4.9696843307086613
20
-4.5090456692913383
11
4.9745587007874015
21
-4.5066085039370076
0
LINE
8
BLACK
6
CONTINUOUS
10
4.9745587007874015
20
-4.5066085039370076
11
4.9750993307086615
21
-4.5064016141732282
0
LINE
8
BLACK
6
CONTINUOUS
10
4.9750993307086615
20
-4.5064016141732282
11
4.9752051181102361
21
-4.5063940944881891
0
LINE
8
BLACK
6
CONTINUOUS
10
4.9752051181102361
20
-4.5063940944881891
11
4.9753031496062992
21
-4.5063535039370075
0
LINE
8
BLACK
6
CONTINUOUS
10
4.9753031496062992
20
-4.5063535039370075
11
4.975879212598425
21
-4.5062967716535436
0
LINE
8
BLACK
6
CONTINUOUS
10
4.975879212598425
20
-4.5062967716535436
11
4.9831907874015746
21
-4.5062967716535436
0
LINE
8
BLACK
6
CONTINUOUS
10
4.9831907874015746
20
-4.5062967716535436
11
4.9837668503937005
21
-4.5063535039370075
0
LINE
8
BLACK
6
CONTINUOUS
10
4.9727539370078739
20
-4.5141134251968502
11
4.9709943700787402
21
-4.5158729921259839
0
LINE
8
BLACK
6
CONTINUOUS
10
4.9709943700787402
20
-4.5158729921259839
11
4.969083188976378
21
-4.5196953543307083
0
LINE
8
BLACK
6
CONTINUOUS
10
4.969083188976378
20
-4.5196953543307083
11
4.969083188976378
21
-4.5329244094488184
0
LINE
8
BLACK
6
CONTINUOUS
10
4.969083188976378
20
-4.5329244094488184
11
4.9709943700787402
21
-4.5367467716535428
0
LINE
8
BLACK
6
CONTINUOUS
10
4.9709943700787402
20
-4.5367467716535428
11
4.9727539370078739
21
-4.5385063385826774
0
LINE
8
BLACK
6
CONTINUOUS
10
4.9727539370078739
20
-4.5385063385826774
11
4.9765762204724409
21
-4.5404174803149608
0
LINE
8
BLACK
6
CONTINUOUS
10
4.9765762204724409
20
-4.5404174803149608
11
4.98249374015748
21
-4.5404174803149608
0
LINE
8
BLACK
6
CONTINUOUS
10
4.98249374015748
20
-4.5404174803149608
11
4.9863161023622045
21
-4.5385062992125986
0
LINE
8
BLACK
6
CONTINUOUS
10
4.9863161023622045
20
-4.5385062992125986
11
4.9880756299212594
21
-4.5367467716535428
0
LINE
8
BLACK
6
CONTINUOUS
10
4.9880756299212594
20
-4.5367467716535428
11
4.9899868110236216
21
-4.5329244488188971
0
LINE
8
BLACK
6
CONTINUOUS
10
4.9899868110236216
20
-4.5329244488188971
11
4.9899868110236216
21
-4.5196952755905508
0
LINE
8
BLACK
6
CONTINUOUS
10
4.9899868110236216
20
-4.5196952755905508
11
4.9880756299212594
21
-4.5158729527559052
0
LINE
8
BLACK
6
CONTINUOUS
10
4.9880756299212594
20
-4.5158729527559052
11
4.9863161023622045
21
-4.5141134251968502
0
LINE
8
BLACK
6
CONTINUOUS
10
4.9863161023622045
20
-4.5141134251968502
11
4.98249374015748
21
-4.5122022834645668
0
LINE
8
BLACK
6
CONTINUOUS
10
4.98249374015748
20
-4.5122022834645668
11
4.9765762204724409
21
-4.5122022834645668
0
LINE
8
BLACK
6
CONTINUOUS
10
4.9765762204724409
20
-4.5122022834645668
11
4.9727539370078739
21
-4.5141134251968502
0
LINE
8
BLACK
6
CONTINUOUS
10
5.0213892125984252
20
-4.4897340157480317
11
5.0222038582677166
21
-4.4905486614173231
0
LINE
8
BLACK
6
CONTINUOUS
10
5.0222038582677166
20
-4.4905486614173231
11
5.0226447637795273
21
-4.4916130708661415
0
LINE
8
BLACK
6
CONTINUOUS
10
5.0226447637795273
20
-4.4916130708661415
11
5.0227014960629921
21
-4.4921891338582673
0
LINE
8
BLACK
6
CONTINUOUS
10
5.0227014960629921
20
-4.4921891338582673
11
5.0227014960629921
21
-4.5062967716535436
0
LINE
8
BLACK
6
CONTINUOUS
10
5.0227014960629921
20
-4.5062967716535436
11
5.0270603149606297
21
-4.5062967716535436
0
LINE
8
BLACK
6
CONTINUOUS
10
5.0270603149606297
20
-4.5062967716535436
11
5.0276363779527555
21
-4.5063535039370075
0
LINE
8
BLACK
6
CONTINUOUS
10
5.0276363779527555
20
-4.5063535039370075
11
5.0287007874015748
21
-4.506794409448819
0
LINE
8
BLACK
6
CONTINUOUS
10
5.0287007874015748
20
-4.506794409448819
11
5.0295154330708662
21
-4.5076090551181105
0
LINE
8
BLACK
6
CONTINUOUS
10
5.0295154330708662
20
-4.5076090551181105
11
5.0299563385826769
21
-4.5086734645669289
0
LINE
8
BLACK
6
CONTINUOUS
10
5.0299563385826769
20
-4.5086734645669289
11
5.0299563385826769
21
-4.5098255905511806
0
LINE
8
BLACK
6
CONTINUOUS
10
5.0299563385826769
20
-4.5098255905511806
11
5.0295154330708662
21
-4.5108899999999998
0
LINE
8
BLACK
6
CONTINUOUS
10
5.0295154330708662
20
-4.5108899999999998
11
5.0287007874015748
21
-4.5117046456692913
0
LINE
8
BLACK
6
CONTINUOUS
10
5.0287007874015748
20
-4.5117046456692913
11
5.0276363779527555
21
-4.5121455511811019
0
LINE
8
BLACK
6
CONTINUOUS
10
5.0276363779527555
20
-4.5121455511811019
11
5.0270603149606297
21
-4.5122022834645668
0
LINE
8
BLACK
6
CONTINUOUS
10
5.0270603149606297
20
-4.5122022834645668
11
5.0227014960629921
21
-4.5122022834645668
0
LINE
8
BLACK
6
CONTINUOUS
10
5.0227014960629921
20
-4.5122022834645668
11
5.0227014960629921
21
-4.5360586614173224
0
LINE
8
BLACK
6
CONTINUOUS
10
5.0227014960629921
20
-4.5360586614173224
11
5.0226447637795273
21
-4.5366347244094491
0
LINE
8
BLACK
6
CONTINUOUS
10
5.0226447637795273
20
-4.5366347244094491
11
5.0226041338582679
21
-4.5367327165354325
0
LINE
8
BLACK
6
CONTINUOUS
10
5.0226041338582679
20
-4.5367327165354325
11
5.0225966535433066
21
-4.5368385433070868
0
LINE
8
BLACK
6
CONTINUOUS
10
5.0225966535433066
20
-4.5368385433070868
11
5.0223897637795272
21
-4.5373791732283459
0
LINE
8
BLACK
6
CONTINUOUS
10
5.0223897637795272
20
-4.5373791732283459
11
5.0199525590551177
21
-4.5422535826771648
0
LINE
8
BLACK
6
CONTINUOUS
10
5.0199525590551177
20
-4.5422535826771648
11
5.0198919291338582
21
-4.5423498818897636
0
LINE
8
BLACK
6
CONTINUOUS
10
5.0198919291338582
20
-4.5423498818897636
11
5.0198767716535428
21
-4.5423953937007875
0
LINE
8
BLACK
6
CONTINUOUS
10
5.0198767716535428
20
-4.5423953937007875
11
5.0198276377952755
21
-4.542452007874016
0
LINE
8
BLACK
6
CONTINUOUS
10
5.0198276377952755
20
-4.542452007874016
11
5.0196442125984255
21
-4.5427434645669287
0
LINE
8
BLACK
6
CONTINUOUS
10
5.0196442125984255
20
-4.5427434645669287
11
5.0193644094488183
21
-4.5429860629921262
0
LINE
8
BLACK
6
CONTINUOUS
10
5.0193644094488183
20
-4.5429860629921262
11
5.0191218897637793
21
-4.5432657480314962
0
LINE
8
BLACK
6
CONTINUOUS
10
5.0191218897637793
20
-4.5432657480314962
11
5.0188304330708657
21
-4.5434491732283462
0
LINE
8
BLACK
6
CONTINUOUS
10
5.0188304330708657
20
-4.5434491732283462
11
5.0187738188976381
21
-4.5434983070866144
0
LINE
8
BLACK
6
CONTINUOUS
10
5.0187738188976381
20
-4.5434983070866144
11
5.0187283070866142
21
-4.5435134645669288
0
LINE
8
BLACK
6
CONTINUOUS
10
5.0187283070866142
20
-4.5435134645669288
11
5.0186320078740154
21
-4.5435740944881893
0
LINE
8
BLACK
6
CONTINUOUS
10
5.0186320078740154
20
-4.5435740944881893
11
5.0137576377952753
21
-4.54601125984252
0
LINE
8
BLACK
6
CONTINUOUS
10
5.0137576377952753
20
-4.54601125984252
11
5.0132170078740153
21
-4.5462181496062994
0
LINE
8
BLACK
6
CONTINUOUS
10
5.0132170078740153
20
-4.5462181496062994
11
5.0131111811023619
21
-4.5462256299212598
0
LINE
8
BLACK
6
CONTINUOUS
10
5.0131111811023619
20
-4.5462256299212598
11
5.0130131889763776
21
-4.5462662598425192
0
LINE
8
BLACK
6
CONTINUOUS
10
5.0130131889763776
20
-4.5462662598425192
11
5.0124371259842517
21
-4.546322992125984
0
LINE
8
BLACK
6
CONTINUOUS
10
5.0124371259842517
20
-4.546322992125984
11
5.0075627559055116
21
-4.546322992125984
0
LINE
8
BLACK
6
CONTINUOUS
10
5.0075627559055116
20
-4.546322992125984
11
5.0069866929133857
21
-4.5462662598425192
0
LINE
8
BLACK
6
CONTINUOUS
10
5.0069866929133857
20
-4.5462662598425192
11
5.0059222834645665
21
-4.5458253543307086
0
LINE
8
BLACK
6
CONTINUOUS
10
5.0059222834645665
20
-4.5458253543307086
11
5.0051076377952759
21
-4.5450107086614171
0
LINE
8
BLACK
6
CONTINUOUS
10
5.0051076377952759
20
-4.5450107086614171
11
5.0046667322834644
21
-4.5439462992125987
0
LINE
8
BLACK
6
CONTINUOUS
10
5.0046667322834644
20
-4.5439462992125987
11
5.0046667322834644
21
-4.5427941732283461
0
LINE
8
BLACK
6
CONTINUOUS
10
5.0046667322834644
20
-4.5427941732283461
11
5.0051076377952759
21
-4.5417297637795278
0
LINE
8
BLACK
6
CONTINUOUS
10
5.0051076377952759
20
-4.5417297637795278
11
5.0059222834645665
21
-4.5409151181102363
0
LINE
8
BLACK
6
CONTINUOUS
10
5.0059222834645665
20
-4.5409151181102363
11
5.0069866929133857
21
-4.5404742125984248
0
LINE
8
BLACK
6
CONTINUOUS
10
5.0069866929133857
20
-4.5404742125984248
11
5.0075627559055116
21
-4.5404174803149608
0
LINE
8
BLACK
6
CONTINUOUS
10
5.0075627559055116
20
-4.5404174803149608
11
5.0117400787401571
21
-4.5404174803149608
0
LINE
8
BLACK
6
CONTINUOUS
10
5.0117400787401571
20
-4.5404174803149608
11
5.0151106692913388
21
-4.5387322047244094
0
LINE
8
BLACK
6
CONTINUOUS
10
5.0151106692913388
20
-4.5387322047244094
11
5.016795984251968
21
-4.5353616141732278
0
LINE
8
BLACK
6
CONTINUOUS
10
5.016795984251968
20
-4.5353616141732278
11
5.016795984251968
21
-4.5122022834645668
0
LINE
8
BLACK
6
CONTINUOUS
10
5.016795984251968
20
-4.5122022834645668
11
5.0075627559055116
21
-4.5122022834645668
0
LINE
8
BLACK
6
CONTINUOUS
10
5.0075627559055116
20
-4.5122022834645668
11
5.0069866929133857
21
-4.5121455511811019
0
LINE
8
BLACK
6
CONTINUOUS
10
5.0069866929133857
20
-4.5121455511811019
11
5.0059222834645665
21
-4.5117046456692913
0
LINE
8
BLACK
6
CONTINUOUS
10
5.0059222834645665
20
-4.5117046456692913
11
5.0051076377952759
21
-4.5108899999999998
0
LINE
8
BLACK
6
CONTINUOUS
10
5.0051076377952759
20
-4.5108899999999998
11
5.0046667322834644
21
-4.5098255905511806
0
LINE
8
BLACK
6
CONTINUOUS
10
5.0046667322834644
20
-4.5098255905511806
11
5.0046667322834644
21
-4.5086734645669289
0
LINE
8
BLACK
6
CONTINUOUS
10
5.0046667322834644
20
-4.5086734645669289
11
5.0051076377952759
21
-4.5076090551181105
0
LINE
8
BLACK
6
CONTINUOUS
10
5.0051076377952759
20
-4.5076090551181105
11
5.0059222834645665
21
-4.506794409448819
0
LINE
8
BLACK
6
CONTINUOUS
10
5.0059222834645665
20
-4.506794409448819
11
5.0069866929133857
21
-4.5063535039370075
0
LINE
8
BLACK
6
CONTINUOUS
10
5.0069866929133857
20
-4.5063535039370075
11
5.0075627559055116
21
-4.5062967716535436
0
LINE
8
BLACK
6
CONTINUOUS
10
5.0075627559055116
20
-4.5062967716535436
11
5.016795984251968
21
-4.5062967716535436
0
LINE
8
BLACK
6
CONTINUOUS
10
5.016795984251968
20
-4.5062967716535436
11
5.016795984251968
21
-4.4921891338582673
0
LINE
8
BLACK
6
CONTINUOUS
10
5.016795984251968
20
-4.4921891338582673
11
5.0168527165354329
21
-4.4916130708661415
0
LINE
8
BLACK
6
CONTINUOUS
10
5.0168527165354329
20
-4.4916130708661415
11
5.0172936220472444
21
-4.4905486614173231
0
LINE
8
BLACK
6
CONTINUOUS
10
5.0172936220472444
20
-4.4905486614173231
11
5.018108267716535
21
-4.4897340157480317
0
LINE
8
BLACK
6
CONTINUOUS
10
5.018108267716535
20
-4.4897340157480317
11
5.0191726771653542
21
-4.4892931102362201
0
LINE
8
BLACK
6
CONTINUOUS
10
5.0191726771653542
20
-4.4892931102362201
11
5.0203248031496059
21
-4.4892931102362201
0
LINE
8
BLACK
6
CONTINUOUS
10
5.0203248031496059
20
-4.4892931102362201
11
5.0213892125984252
21
-4.4897340157480317
0
LINE
8
BLACK
6
CONTINUOUS
10
5.2188020472440941
20
-4.4897340157480317
11
5.2196166929133856
21
-4.4905486614173231
0
LINE
8
BLACK
6
CONTINUOUS
10
5.2196166929133856
20
-4.4905486614173231
11
5.2200575984251971
21
-4.4916130708661415
0
LINE
8
BLACK
6
CONTINUOUS
10
5.2200575984251971
20
-4.4916130708661415
11
5.220114330708661
21
-4.4921891338582673
0
LINE
8
BLACK
6
CONTINUOUS
10
5.220114330708661
20
-4.4921891338582673
11
5.220114330708661
21
-4.5329244094488184
0
LINE
8
BLACK
6
CONTINUOUS
10
5.220114330708661
20
-4.5329244094488184
11
5.2220254724409445
21
-4.5367467716535428
0
LINE
8
BLACK
6
CONTINUOUS
10
5.2220254724409445
20
-4.5367467716535428
11
5.2237849999999995
21
-4.5385062992125986
0
LINE
8
BLACK
6
CONTINUOUS
10
5.2237849999999995
20
-4.5385062992125986
11
5.2276073622047239
21
-4.5404174803149608
0
LINE
8
BLACK
6
CONTINUOUS
10
5.2276073622047239
20
-4.5404174803149608
11
5.2359620866141734
21
-4.5404174803149608
0
LINE
8
BLACK
6
CONTINUOUS
10
5.2359620866141734
20
-4.5404174803149608
11
5.2397844094488191
21
-4.5385062992125986
0
LINE
8
BLACK
6
CONTINUOUS
10
5.2397844094488191
20
-4.5385062992125986
11
5.2415439763779528
21
-4.5367467716535428
0
LINE
8
BLACK
6
CONTINUOUS
10
5.2415439763779528
20
-4.5367467716535428
11
5.243455157480315
21
-4.5329244094488184
0
LINE
8
BLACK
6
CONTINUOUS
10
5.243455157480315
20
-4.5329244094488184
11
5.243455157480315
21
-4.4921891338582673
0
LINE
8
BLACK
6
CONTINUOUS
10
5.243455157480315
20
-4.4921891338582673
11
5.2435118897637798
21
-4.4916130708661415
0
LINE
8
BLACK
6
CONTINUOUS
10
5.2435118897637798
20
-4.4916130708661415
11
5.2439527952755904
21
-4.4905486614173231
0
LINE
8
BLACK
6
CONTINUOUS
10
5.2439527952755904
20
-4.4905486614173231
11
5.2447674409448819
21
-4.4897340157480317
0
LINE
8
BLACK
6
CONTINUOUS
10
5.2447674409448819
20
-4.4897340157480317
11
5.2458318503937003
21
-4.4892931102362201
0
LINE
8
BLACK
6
CONTINUOUS
10
5.2458318503937003
20
-4.4892931102362201
11
5.2469839763779529
21
-4.4892931102362201
0
LINE
8
BLACK
6
CONTINUOUS
10
5.2469839763779529
20
-4.4892931102362201
11
5.2480483858267712
21
-4.4897340157480317
0
LINE
8
BLACK
6
CONTINUOUS
10
5.2480483858267712
20
-4.4897340157480317
11
5.2488630314960627
21
-4.4905486614173231
0
LINE
8
BLACK
6
CONTINUOUS
10
5.2488630314960627
20
-4.4905486614173231
11
5.2493039370078742
21
-4.4916130708661415
0
LINE
8
BLACK
6
CONTINUOUS
10
5.2493039370078742
20
-4.4916130708661415
11
5.2493606692913382
21
-4.4921891338582673
0
LINE
8
BLACK
6
CONTINUOUS
10
5.2493606692913382
20
-4.4921891338582673
11
5.2493606692913382
21
-4.5336214566929129
0
LINE
8
BLACK
6
CONTINUOUS
10
5.2493606692913382
20
-4.5336214566929129
11
5.2493039370078742
21
-4.5341975196850397
0
LINE
8
BLACK
6
CONTINUOUS
10
5.2493039370078742
20
-4.5341975196850397
11
5.2492633070866139
21
-4.5342955118110231
0
LINE
8
BLACK
6
CONTINUOUS
10
5.2492633070866139
20
-4.5342955118110231
11
5.2492558267716536
21
-4.5344013385826774
0
LINE
8
BLACK
6
CONTINUOUS
10
5.2492558267716536
20
-4.5344013385826774
11
5.2490489370078741
21
-4.5349419685039365
0
LINE
8
BLACK
6
CONTINUOUS
10
5.2490489370078741
20
-4.5349419685039365
11
5.2466117322834647
21
-4.5398163779527554
0
LINE
8
BLACK
6
CONTINUOUS
10
5.2466117322834647
20
-4.5398163779527554
11
5.2464557086614176
21
-4.5400641732283464
0
LINE
8
BLACK
6
CONTINUOUS
10
5.2464557086614176
20
-4.5400641732283464
11
5.246425866141732
21
-4.540136338582677
0
LINE
8
BLACK
6
CONTINUOUS
10
5.246425866141732
20
-4.540136338582677
11
5.2463592519685038
21
-4.5402174803149604
0
LINE
8
BLACK
6
CONTINUOUS
10
5.2463592519685038
20
-4.5402174803149604
11
5.2463033858267716
21
-4.5403062598425192
0
LINE
8
BLACK
6
CONTINUOUS
10
5.2463033858267716
20
-4.5403062598425192
11
5.2462444488188975
21
-4.5403573622047242
0
LINE
8
BLACK
6
CONTINUOUS
10
5.2462444488188975
20
-4.5403573622047242
11
5.2460586220472436
21
-4.5405837795275588
0
LINE
8
BLACK
6
CONTINUOUS
10
5.2460586220472436
20
-4.5405837795275588
11
5.2436214173228342
21
-4.5430209842519682
0
LINE
8
BLACK
6
CONTINUOUS
10
5.2436214173228342
20
-4.5430209842519682
11
5.2433949212598421
21
-4.5432068110236221
0
LINE
8
BLACK
6
CONTINUOUS
10
5.2433949212598421
20
-4.5432068110236221
11
5.2433438582677168
21
-4.5432657480314962
0
LINE
8
BLACK
6
CONTINUOUS
10
5.2433438582677168
20
-4.5432657480314962
11
5.2432550787401571
21
-4.5433216141732284
0
LINE
8
BLACK
6
CONTINUOUS
10
5.2432550787401571
20
-4.5433216141732284
11
5.2431739763779523
21
-4.5433881889763779
0
LINE
8
BLACK
6
CONTINUOUS
10
5.2431739763779523
20
-4.5433881889763779
11
5.2431018897637793
21
-4.5434180314960626
0
LINE
8
BLACK
6
CONTINUOUS
10
5.2431018897637793
20
-4.5434180314960626
11
5.2428539763779529
21
-4.5435740944881893
0
LINE
8
BLACK
6
CONTINUOUS
10
5.2428539763779529
20
-4.5435740944881893
11
5.2379796456692915
21
-4.54601125984252
0
LINE
8
BLACK
6
CONTINUOUS
10
5.2379796456692915
20
-4.54601125984252
11
5.2374390157480315
21
-4.5462181496062994
0
LINE
8
BLACK
6
CONTINUOUS
10
5.2374390157480315
20
-4.5462181496062994
11
5.2373331889763781
21
-4.5462256299212598
0
LINE
8
BLACK
6
CONTINUOUS
10
5.2373331889763781
20
-4.5462256299212598
11
5.2372351968503938
21
-4.5462662598425192
0
LINE
8
BLACK
6
CONTINUOUS
10
5.2372351968503938
20
-4.5462662598425192
11
5.236659133858268
21
-4.546322992125984
0
LINE
8
BLACK
6
CONTINUOUS
10
5.236659133858268
20
-4.546322992125984
11
5.2269103543307089
21
-4.546322992125984
0
LINE
8
BLACK
6
CONTINUOUS
10
5.2269103543307089
20
-4.546322992125984
11
5.2263342913385822
21
-4.5462662598425192
0
LINE
8
BLACK
6
CONTINUOUS
10
5.2263342913385822
20
-4.5462662598425192
11
5.2262362598425192
21
-4.5462256299212598
0
LINE
8
BLACK
6
CONTINUOUS
10
5.2262362598425192
20
-4.5462256299212598
11
5.2261304724409445
21
-4.5462181496062994
0
LINE
8
BLACK
6
CONTINUOUS
10
5.2261304724409445
20
-4.5462181496062994
11
5.2255898425196845
21
-4.54601125984252
0
LINE
8
BLACK
6
CONTINUOUS
10
5.2255898425196845
20
-4.54601125984252
11
5.2207154330708656
21
-4.5435740944881893
0
LINE
8
BLACK
6
CONTINUOUS
10
5.2207154330708656
20
-4.5435740944881893
11
5.2204676377952755
21
-4.5434181102362201
0
LINE
8
BLACK
6
CONTINUOUS
10
5.2204676377952755
20
-4.5434181102362201
11
5.2203954724409449
21
-4.5433882283464566
0
LINE
8
BLACK
6
CONTINUOUS
10
5.2203954724409449
20
-4.5433882283464566
11
5.2203142125984252
21
-4.5433215354330709
0
LINE
8
BLACK
6
CONTINUOUS
10
5.2203142125984252
20
-4.5433215354330709
11
5.2202255905511814
21
-4.5432657480314962
0
LINE
8
BLACK
6
CONTINUOUS
10
5.2202255905511814
20
-4.5432657480314962
11
5.2201745275590552
21
-4.5432068897637796
0
LINE
8
BLACK
6
CONTINUOUS
10
5.2201745275590552
20
-4.5432068897637796
11
5.2199480314960631
21
-4.5430209842519682
0
LINE
8
BLACK
6
CONTINUOUS
10
5.2199480314960631
20
-4.5430209842519682
11
5.2175108267716537
21
-4.5405837795275588
0
LINE
8
BLACK
6
CONTINUOUS
10
5.2175108267716537
20
-4.5405837795275588
11
5.217324960629921
21
-4.5403572834645667
0
LINE
8
BLACK
6
CONTINUOUS
10
5.217324960629921
20
-4.5403572834645667
11
5.2172660629921257
21
-4.5403062204724405
0
LINE
8
BLACK
6
CONTINUOUS
10
5.2172660629921257
20
-4.5403062204724405
11
5.2172101574803147
21
-4.5402174409448817
0
LINE
8
BLACK
6
CONTINUOUS
10
5.2172101574803147
20
-4.5402174409448817
11
5.217143622047244
21
-4.540136338582677
0
LINE
8
BLACK
6
CONTINUOUS
10
5.217143622047244
20
-4.540136338582677
11
5.2171137401574805
21
-4.5400642519685039
0
LINE
8
BLACK
6
CONTINUOUS
10
5.2171137401574805
20
-4.5400642519685039
11
5.2169577165354326
21
-4.5398163385826766
0
LINE
8
BLACK
6
CONTINUOUS
10
5.2169577165354326
20
-4.5398163385826766
11
5.2145205511811019
21
-4.5349419685039365
0
LINE
8
BLACK
6
CONTINUOUS
10
5.2145205511811019
20
-4.5349419685039365
11
5.2143136614173224
21
-4.5344013385826774
0
LINE
8
BLACK
6
CONTINUOUS
10
5.2143136614173224
20
-4.5344013385826774
11
5.2143061417322834
21
-4.5342955118110231
0
LINE
8
BLACK
6
CONTINUOUS
10
5.2143061417322834
20
-4.5342955118110231
11
5.2142655511811027
21
-4.5341975196850397
0
LINE
8
BLACK
6
CONTINUOUS
10
5.2142655511811027
20
-4.5341975196850397
11
5.2142088188976379
21
-4.5336214566929129
0
LINE
8
BLACK
6
CONTINUOUS
10
5.2142088188976379
20
-4.5336214566929129
11
5.2142088188976379
21
-4.4921891338582673
0
LINE
8
BLACK
6
CONTINUOUS
10
5.2142088188976379
20
-4.4921891338582673
11
5.2142655511811027
21
-4.4916130708661415
0
LINE
8
BLACK
6
CONTINUOUS
10
5.2142655511811027
20
-4.4916130708661415
11
5.2147064566929133
21
-4.4905486614173231
0
LINE
8
BLACK
6
CONTINUOUS
10
5.2147064566929133
20
-4.4905486614173231
11
5.2155211023622048
21
-4.4897340157480317
0
LINE
8
BLACK
6
CONTINUOUS
10
5.2155211023622048
20
-4.4897340157480317
11
5.2165855118110231
21
-4.4892931102362201
0
LINE
8
BLACK
6
CONTINUOUS
10
5.2165855118110231
20
-4.4892931102362201
11
5.2177376377952758
21
-4.4892931102362201
0
LINE
8
BLACK
6
CONTINUOUS
10
5.2177376377952758
20
-4.4892931102362201
11
5.2188020472440941
21
-4.4897340157480317
0
LINE
8
BLACK
6
CONTINUOUS
10
5.1494961417322838
20
-4.4892931102362201
11
5.1505605511811021
21
-4.4897340157480317
0
LINE
8
BLACK
6
CONTINUOUS
10
5.1505605511811021
20
-4.4897340157480317
11
5.1513751968503936
21
-4.4905486614173231
0
LINE
8
BLACK
6
CONTINUOUS
10
5.1513751968503936
20
-4.4905486614173231
11
5.1518161023622042
21
-4.4916130708661415
0
LINE
8
BLACK
6
CONTINUOUS
10
5.1518161023622042
20
-4.4916130708661415
11
5.151872834645669
21
-4.4921891338582673
0
LINE
8
BLACK
6
CONTINUOUS
10
5.151872834645669
20
-4.4921891338582673
11
5.151872834645669
21
-4.543370236220472
0
LINE
8
BLACK
6
CONTINUOUS
10
5.151872834645669
20
-4.543370236220472
11
5.1518161023622042
21
-4.5439462992125987
0
LINE
8
BLACK
6
CONTINUOUS
10
5.1518161023622042
20
-4.5439462992125987
11
5.1513751968503936
21
-4.5450107086614171
0
LINE
8
BLACK
6
CONTINUOUS
10
5.1513751968503936
20
-4.5450107086614171
11
5.1505605511811021
21
-4.5458253543307086
0
LINE
8
BLACK
6
CONTINUOUS
10
5.1505605511811021
20
-4.5458253543307086
11
5.1494961417322838
21
-4.5462662598425192
0
LINE
8
BLACK
6
CONTINUOUS
10
5.1494961417322838
20
-4.5462662598425192
11
5.1483440157480311
21
-4.5462662598425192
0
LINE
8
BLACK
6
CONTINUOUS
10
5.1483440157480311
20
-4.5462662598425192
11
5.1472796062992128
21
-4.5458253543307086
0
LINE
8
BLACK
6
CONTINUOUS
10
5.1472796062992128
20
-4.5458253543307086
11
5.1464649606299213
21
-4.5450107086614171
0
LINE
8
BLACK
6
CONTINUOUS
10
5.1464649606299213
20
-4.5450107086614171
11
5.1460240551181098
21
-4.5439462992125987
0
LINE
8
BLACK
6
CONTINUOUS
10
5.1460240551181098
20
-4.5439462992125987
11
5.1459673228346459
21
-4.543370236220472
0
LINE
8
BLACK
6
CONTINUOUS
10
5.1459673228346459
20
-4.543370236220472
11
5.1459673228346459
21
-4.5219510629921258
0
LINE
8
BLACK
6
CONTINUOUS
10
5.1459673228346459
20
-4.5219510629921258
11
5.1382714566929133
21
-4.5219510629921258
0
LINE
8
BLACK
6
CONTINUOUS
10
5.1382714566929133
20
-4.5219510629921258
11
5.1220927165354331
21
-4.5450635433070863
0
LINE
8
BLACK
6
CONTINUOUS
10
5.1220927165354331
20
-4.5450635433070863
11
5.1217159055118113
21
-4.5455029133858265
0
LINE
8
BLACK
6
CONTINUOUS
10
5.1217159055118113
20
-4.5455029133858265
11
5.1207442913385828
21
-4.5461220866141732
0
LINE
8
BLACK
6
CONTINUOUS
10
5.1207442913385828
20
-4.5461220866141732
11
5.1196097637795273
21
-4.5463222834645665
0
LINE
8
BLACK
6
CONTINUOUS
10
5.1196097637795273
20
-4.5463222834645665
11
5.1184849212598422
21
-4.54607311023622
0
LINE
8
BLACK
6
CONTINUOUS
10
5.1184849212598422
20
-4.54607311023622
11
5.1175410629921263
21
-4.5454124015748034
0
LINE
8
BLACK
6
CONTINUOUS
10
5.1175410629921263
20
-4.5454124015748034
11
5.1169218897637796
21
-4.5444407874015749
0
LINE
8
BLACK
6
CONTINUOUS
10
5.1169218897637796
20
-4.5444407874015749
11
5.1167216929133854
21
-4.5433062598425193
0
LINE
8
BLACK
6
CONTINUOUS
10
5.1167216929133854
20
-4.5433062598425193
11
5.1169708661417319
21
-4.5421814173228343
0
LINE
8
BLACK
6
CONTINUOUS
10
5.1169708661417319
20
-4.5421814173228343
11
5.1172547637795276
21
-4.5416769291338586
0
LINE
8
BLACK
6
CONTINUOUS
10
5.1172547637795276
20
-4.5416769291338586
11
5.131062834645669
21
-4.5219510629921258
0
LINE
8
BLACK
6
CONTINUOUS
10
5.131062834645669
20
-4.5219510629921258
11
5.1294225196850389
21
-4.5219510629921258
0
LINE
8
BLACK
6
CONTINUOUS
10
5.1294225196850389
20
-4.5219510629921258
11
5.1288464566929131
21
-4.521894330708661
0
LINE
8
BLACK
6
CONTINUOUS
10
5.1288464566929131
20
-4.521894330708661
11
5.12874842519685
21
-4.5218537007874016
0
LINE
8
BLACK
6
CONTINUOUS
10
5.12874842519685
20
-4.5218537007874016
11
5.1286426377952754
21
-4.5218462204724412
0
LINE
8
BLACK
6
CONTINUOUS
10
5.1286426377952754
20
-4.5218462204724412
11
5.1281020078740154
21
-4.5216393307086618
0
LINE
8
BLACK
6
CONTINUOUS
10
5.1281020078740154
20
-4.5216393307086618
11
5.1232275984251965
21
-4.5192021259842523
0
LINE
8
BLACK
6
CONTINUOUS
10
5.1232275984251965
20
-4.5192021259842523
11
5.1229797637795276
21
-4.5190461023622044
0
LINE
8
BLACK
6
CONTINUOUS
10
5.1229797637795276
20
-4.5190461023622044
11
5.1229076377952758
21
-4.5190162598425196
0
LINE
8
BLACK
6
CONTINUOUS
10
5.1229076377952758
20
-4.5190162598425196
11
5.1228264566929136
21
-4.5189496456692915
0
LINE
8
BLACK
6
CONTINUOUS
10
5.1228264566929136
20
-4.5189496456692915
11
5.1227377165354326
21
-4.5188937795275592
0
LINE
8
BLACK
6
CONTINUOUS
10
5.1227377165354326
20
-4.5188937795275592
11
5.1226865748031498
21
-4.5188348425196851
0
LINE
8
BLACK
6
CONTINUOUS
10
5.1226865748031498
20
-4.5188348425196851
11
5.122460196850394
21
-4.5186490157480312
0
LINE
8
BLACK
6
CONTINUOUS
10
5.122460196850394
20
-4.5186490157480312
11
5.1200229921259846
21
-4.5162118110236218
0
LINE
8
BLACK
6
CONTINUOUS
10
5.1200229921259846
20
-4.5162118110236218
11
5.1198371259842519
21
-4.5159853149606297
0
LINE
8
BLACK
6
CONTINUOUS
10
5.1198371259842519
20
-4.5159853149606297
11
5.1197782283464566
21
-4.5159342519685035
0
LINE
8
BLACK
6
CONTINUOUS
10
5.1197782283464566
20
-4.5159342519685035
11
5.1197223228346456
21
-4.5158454724409447
0
LINE
8
BLACK
6
CONTINUOUS
10
5.1197223228346456
20
-4.5158454724409447
11
5.1196557874015749
21
-4.51576437007874
0
LINE
8
BLACK
6
CONTINUOUS
10
5.1196557874015749
20
-4.51576437007874
11
5.1196259055118105
21
-4.515692283464567
0
LINE
8
BLACK
6
CONTINUOUS
10
5.1196259055118105
20
-4.515692283464567
11
5.1194698818897635
21
-4.5154443700787397
0
LINE
8
BLACK
6
CONTINUOUS
10
5.1194698818897635
20
-4.5154443700787397
11
5.1170327165354328
21
-4.5105700393700783
0
LINE
8
BLACK
6
CONTINUOUS
10
5.1170327165354328
20
-4.5105700393700783
11
5.1168258267716533
21
-4.5100294094488191
0
LINE
8
BLACK
6
CONTINUOUS
10
5.1168258267716533
20
-4.5100294094488191
11
5.1168183070866142
21
-4.5099235826771649
0
LINE
8
BLACK
6
CONTINUOUS
10
5.1168183070866142
20
-4.5099235826771649
11
5.1167777165354327
21
-4.5098255905511806
0
LINE
8
BLACK
6
CONTINUOUS
10
5.1167777165354327
20
-4.5098255905511806
11
5.1167209842519688
21
-4.5092495275590547
0
LINE
8
BLACK
6
CONTINUOUS
10
5.1167209842519688
20
-4.5092495275590547
11
5.1167209842519688
21
-4.5019379133858264
0
LINE
8
BLACK
6
CONTINUOUS
10
5.1167209842519688
20
-4.5019379133858264
11
5.1167777165354327
21
-4.5013618503937005
0
LINE
8
BLACK
6
CONTINUOUS
10
5.1167777165354327
20
-4.5013618503937005
11
5.1168183070866142
21
-4.5012638188976375
0
LINE
8
BLACK
6
CONTINUOUS
10
5.1168183070866142
20
-4.5012638188976375
11
5.1168258267716533
21
-4.5011580314960629
0
LINE
8
BLACK
6
CONTINUOUS
10
5.1168258267716533
20
-4.5011580314960629
11
5.1170327165354328
21
-4.5006174015748028
0
LINE
8
BLACK
6
CONTINUOUS
10
5.1170327165354328
20
-4.5006174015748028
11
5.1194698818897635
21
-4.4957430708661414
0
LINE
8
BLACK
6
CONTINUOUS
10
5.1194698818897635
20
-4.4957430708661414
11
5.1196259055118105
21
-4.4954951181102363
0
LINE
8
BLACK
6
CONTINUOUS
10
5.1196259055118105
20
-4.4954951181102363
11
5.1196557874015749
21
-4.495423070866142
0
LINE
8
BLACK
6
CONTINUOUS
10
5.1196557874015749
20
-4.495423070866142
11
5.1197223228346456
21
-4.4953419291338585
0
LINE
8
BLACK
6
CONTINUOUS
10
5.1197223228346456
20
-4.4953419291338585
11
5.1197782283464566
21
-4.4952531889763776
0
LINE
8
BLACK
6
CONTINUOUS
10
5.1197782283464566
20
-4.4952531889763776
11
5.1198371259842519
21
-4.4952020866141735
0
LINE
8
BLACK
6
CONTINUOUS
10
5.1198371259842519
20
-4.4952020866141735
11
5.1200229921259846
21
-4.4949756299212593
0
LINE
8
BLACK
6
CONTINUOUS
10
5.1200229921259846
20
-4.4949756299212593
11
5.122460196850394
21
-4.4925384251968499
0
LINE
8
BLACK
6
CONTINUOUS
10
5.122460196850394
20
-4.4925384251968499
11
5.1226865748031498
21
-4.4923525590551181
0
LINE
8
BLACK
6
CONTINUOUS
10
5.1226865748031498
20
-4.4923525590551181
11
5.1227377165354326
21
-4.4922936614173228
0
LINE
8
BLACK
6
CONTINUOUS
10
5.1227377165354326
20
-4.4922936614173228
11
5.1228264566929136
21
-4.4922377559055118
0
LINE
8
BLACK
6
CONTINUOUS
10
5.1228264566929136
20
-4.4922377559055118
11
5.1229076377952758
21
-4.4921711811023624
0
LINE
8
BLACK
6
CONTINUOUS
10
5.1229076377952758
20
-4.4921711811023624
11
5.1229797637795276
21
-4.492141299212598
0
LINE
8
BLACK
6
CONTINUOUS
10
5.1229797637795276
20
-4.492141299212598
11
5.1232275984251965
21
-4.4919853149606297
0
LINE
8
BLACK
6
CONTINUOUS
10
5.1232275984251965
20
-4.4919853149606297
11
5.1281020078740154
21
-4.4895481102362202
0
LINE
8
BLACK
6
CONTINUOUS
10
5.1281020078740154
20
-4.4895481102362202
11
5.1286426377952754
21
-4.4893412204724408
0
LINE
8
BLACK
6
CONTINUOUS
10
5.1286426377952754
20
-4.4893412204724408
11
5.12874842519685
21
-4.4893337007874017
0
LINE
8
BLACK
6
CONTINUOUS
10
5.12874842519685
20
-4.4893337007874017
11
5.1288464566929131
21
-4.4892931102362201
0
LINE
8
BLACK
6
CONTINUOUS
10
5.1288464566929131
20
-4.4892931102362201
11
5.1294225196850389
21
-4.4892363779527562
0
LINE
8
BLACK
6
CONTINUOUS
10
5.1294225196850389
20
-4.4892363779527562
11
5.148920078740157
21
-4.4892363779527562
0
LINE
8
BLACK
6
CONTINUOUS
10
5.148920078740157
20
-4.4892363779527562
11
5.1494961417322838
21
-4.4892931102362201
0
LINE
8
BLACK
6
CONTINUOUS
10
5.1262972047244091
20
-4.4970530708661416
11
5.1245376377952754
21
-4.4988125984251965
0
LINE
8
BLACK
6
CONTINUOUS
10
5.1245376377952754
20
-4.4988125984251965
11
5.1226264960629919
21
-4.5026349212598422
0
LINE
8
BLACK
6
CONTINUOUS
10
5.1226264960629919
20
-4.5026349212598422
11
5.1226264960629919
21
-4.5085524803149601
0
LINE
8
BLACK
6
CONTINUOUS
10
5.1226264960629919
20
-4.5085524803149601
11
5.1245376377952754
21
-4.5123748031496058
0
LINE
8
BLACK
6
CONTINUOUS
10
5.1245376377952754
20
-4.5123748031496058
11
5.1262972047244091
21
-4.5141343700787404
0
LINE
8
BLACK
6
CONTINUOUS
10
5.1262972047244091
20
-4.5141343700787404
11
5.1301195669291335
21
-4.5160455511811026
0
LINE
8
BLACK
6
CONTINUOUS
10
5.1301195669291335
20
-4.5160455511811026
11
5.1459673228346459
21
-4.5160455511811026
0
LINE
8
BLACK
6
CONTINUOUS
10
5.1459673228346459
20
-4.5160455511811026
11
5.1459673228346459
21
-4.4951418897637794
0
LINE
8
BLACK
6
CONTINUOUS
10
5.1459673228346459
20
-4.4951418897637794
11
5.1301195669291335
21
-4.4951418897637794
0
LINE
8
BLACK
6
CONTINUOUS
10
5.1301195669291335
20
-4.4951418897637794
11
5.1262972047244091
21
-4.4970530708661416
0
LINE
8
BLACK
6
CONTINUOUS
10
5.1836104724409449
20
-4.489326299212598
11
5.1838207480314962
21
-4.4893412598425195
0
LINE
8
BLACK
6
CONTINUOUS
10
5.1838207480314962
20
-4.4893412598425195
11
5.1841515748031499
21
-4.489506653543307
0
LINE
8
BLACK
6
CONTINUOUS
10
5.1841515748031499
20
-4.489506653543307
11
5.1845031496062992
21
-4.4896238582677164
0
LINE
8
BLACK
6
CONTINUOUS
10
5.1845031496062992
20
-4.4896238582677164
11
5.1846626377952756
21
-4.4897621653543309
0
LINE
8
BLACK
6
CONTINUOUS
10
5.1846626377952756
20
-4.4897621653543309
11
5.1848511811023617
21
-4.4898564566929133
0
LINE
8
BLACK
6
CONTINUOUS
10
5.1848511811023617
20
-4.4898564566929133
11
5.1850936220472441
21
-4.4901359842519684
0
LINE
8
BLACK
6
CONTINUOUS
10
5.1850936220472441
20
-4.4901359842519684
11
5.1853735039370079
21
-4.49037874015748
0
LINE
8
BLACK
6
CONTINUOUS
10
5.1853735039370079
20
-4.49037874015748
11
5.1854678740157478
21
-4.4905674803149607
0
LINE
8
BLACK
6
CONTINUOUS
10
5.1854678740157478
20
-4.4905674803149607
11
5.1856060629921261
21
-4.490726811023622
0
LINE
8
BLACK
6
CONTINUOUS
10
5.1856060629921261
20
-4.490726811023622
11
5.185842047244094
21
-4.4912553937007873
0
LINE
8
BLACK
6
CONTINUOUS
10
5.185842047244094
20
-4.4912553937007873
11
5.2029024015748027
21
-4.5424364960629919
0
LINE
8
BLACK
6
CONTINUOUS
10
5.2029024015748027
20
-4.5424364960629919
11
5.2030307480314963
21
-4.5430009448818893
0
LINE
8
BLACK
6
CONTINUOUS
10
5.2030307480314963
20
-4.5430009448818893
11
5.2029490551181103
21
-4.5441501574803151
0
LINE
8
BLACK
6
CONTINUOUS
10
5.2029490551181103
20
-4.5441501574803151
11
5.2024338582677165
21
-4.5451805905511806
0
LINE
8
BLACK
6
CONTINUOUS
10
5.2024338582677165
20
-4.5451805905511806
11
5.2015634645669291
21
-4.5459354724409451
0
LINE
8
BLACK
6
CONTINUOUS
10
5.2015634645669291
20
-4.5459354724409451
11
5.2004704724409452
21
-4.5462998031496058
0
LINE
8
BLACK
6
CONTINUOUS
10
5.2004704724409452
20
-4.5462998031496058
11
5.1993212598425194
21
-4.5462181102362207
0
LINE
8
BLACK
6
CONTINUOUS
10
5.1993212598425194
20
-4.5462181102362207
11
5.198290826771653
21
-4.5457028740157481
0
LINE
8
BLACK
6
CONTINUOUS
10
5.198290826771653
20
-4.5457028740157481
11
5.1975359448818894
21
-4.5448325196850394
0
LINE
8
BLACK
6
CONTINUOUS
10
5.1975359448818894
20
-4.5448325196850394
11
5.1972999606299215
21
-4.5443039763779529
0
LINE
8
BLACK
6
CONTINUOUS
10
5.1972999606299215
20
-4.5443039763779529
11
5.1930985826771652
21
-4.5316998425196848
0
LINE
8
BLACK
6
CONTINUOUS
10
5.1930985826771652
20
-4.5316998425196848
11
5.172983031496063
21
-4.5316998425196848
0
LINE
8
BLACK
6
CONTINUOUS
10
5.172983031496063
20
-4.5316998425196848
11
5.1687816535433067
21
-4.5443039763779529
0
LINE
8
BLACK
6
CONTINUOUS
10
5.1687816535433067
20
-4.5443039763779529
11
5.1685456692913387
21
-4.5448325590551182
0
LINE
8
BLACK
6
CONTINUOUS
10
5.1685456692913387
20
-4.5448325590551182
11
5.1677907874015743
21
-4.5457029133858269
0
LINE
8
BLACK
6
CONTINUOUS
10
5.1677907874015743
20
-4.5457029133858269
11
5.1667603543307088
21
-4.5462181102362207
0
LINE
8
BLACK
6
CONTINUOUS
10
5.1667603543307088
20
-4.5462181102362207
11
5.165611141732283
21
-4.5462998031496058
0
LINE
8
BLACK
6
CONTINUOUS
10
5.165611141732283
20
-4.5462998031496058
11
5.1645181102362203
21
-4.5459354724409451
0
LINE
8
BLACK
6
CONTINUOUS
10
5.1645181102362203
20
-4.5459354724409451
11
5.1636477559055116
21
-4.5451805905511806
0
LINE
8
BLACK
6
CONTINUOUS
10
5.1636477559055116
20
-4.5451805905511806
11
5.1631325590551178
21
-4.5441501574803151
0
LINE
8
BLACK
6
CONTINUOUS
10
5.1631325590551178
20
-4.5441501574803151
11
5.1630508661417318
21
-4.5430009448818893
0
LINE
8
BLACK
6
CONTINUOUS
10
5.1630508661417318
20
-4.5430009448818893
11
5.1631792125984255
21
-4.5424364960629919
0
LINE
8
BLACK
6
CONTINUOUS
10
5.1631792125984255
20
-4.5424364960629919
11
5.1802396062992129
21
-4.4912553543307085
0
LINE
8
BLACK
6
CONTINUOUS
10
5.1802396062992129
20
-4.4912553543307085
11
5.1804755905511808
21
-4.490726811023622
0
LINE
8
BLACK
6
CONTINUOUS
10
5.1804755905511808
20
-4.490726811023622
11
5.1806138188976378
21
-4.4905674015748032
0
LINE
8
BLACK
6
CONTINUOUS
10
5.1806138188976378
20
-4.4905674015748032
11
5.180708149606299
21
-4.4903787795275587
0
LINE
8
BLACK
6
CONTINUOUS
10
5.180708149606299
20
-4.4903787795275587
11
5.180987834645669
21
-4.4901361417322834
0
LINE
8
BLACK
6
CONTINUOUS
10
5.180987834645669
20
-4.4901361417322834
11
5.1812304724409444
21
-4.4898564566929133
0
LINE
8
BLACK
6
CONTINUOUS
10
5.1812304724409444
20
-4.4898564566929133
11
5.1814191338582676
21
-4.4897620866141734
0
LINE
8
BLACK
6
CONTINUOUS
10
5.1814191338582676
20
-4.4897620866141734
11
5.1815785039370077
21
-4.4896238976377951
0
LINE
8
BLACK
6
CONTINUOUS
10
5.1815785039370077
20
-4.4896238976377951
11
5.1819296456692916
21
-4.489506811023622
0
LINE
8
BLACK
6
CONTINUOUS
10
5.1819296456692916
20
-4.489506811023622
11
5.1822609055118107
21
-4.4893412204724408
0
LINE
8
BLACK
6
CONTINUOUS
10
5.1822609055118107
20
-4.4893412204724408
11
5.1824714566929133
21
-4.4893262204724405
0
LINE
8
BLACK
6
CONTINUOUS
10
5.1824714566929133
20
-4.4893262204724405
11
5.1826715354330704
21
-4.4892595669291335
0
LINE
8
BLACK
6
CONTINUOUS
10
5.1826715354330704
20
-4.4892595669291335
11
5.1830405118110239
21
-4.4892857874015748
0
LINE
8
BLACK
6
CONTINUOUS
10
5.1830405118110239
20
-4.4892857874015748
11
5.1834101181102357
21
-4.4892595275590548
0
LINE
8
BLACK
6
CONTINUOUS
10
5.1834101181102357
20
-4.4892595275590548
11
5.1836104724409449
21
-4.489326299212598
0
LINE
8
BLACK
6
CONTINUOUS
10
5.1749515354330704
20
-4.5257943307086617
11
5.1911300787401577
21
-4.5257943307086617
0
LINE
8
BLACK
6
CONTINUOUS
10
5.1911300787401577
20
-4.5257943307086617
11
5.1830407874015743
21
-4.5015264960629917
0
LINE
8
BLACK
6
CONTINUOUS
10
5.1830407874015743
20
-4.5015264960629917
11
5.1749515354330704
21
-4.5257943307086617
0
LINE
8
BLACK
6
CONTINUOUS
10
4.8613945669291336
20
-4.4892931102362201
11
4.8619071259842519
21
-4.4892931102362201
0
LINE
8
BLACK
6
CONTINUOUS
10
4.8619071259842519
20
-4.4892931102362201
11
4.8619679133858265
21
-4.4893182677165351
0
LINE
8
BLACK
6
CONTINUOUS
10
4.8619679133858265
20
-4.4893182677165351
11
4.8620337401574805
21
-4.4893211811023619
0
LINE
8
BLACK
6
CONTINUOUS
10
4.8620337401574805
20
-4.4893211811023619
11
4.8624982283464568
21
-4.4895379527559056
0
LINE
8
BLACK
6
CONTINUOUS
10
4.8624982283464568
20
-4.4895379527559056
11
4.8629715354330711
21
-4.4897340157480317
0
LINE
8
BLACK
6
CONTINUOUS
10
4.8629715354330711
20
-4.4897340157480317
11
4.8630180708661417
21
-4.4897805511811022
0
LINE
8
BLACK
6
CONTINUOUS
10
4.8630180708661417
20
-4.4897805511811022
11
4.8630777559055121
21
-4.4898084251968502
0
LINE
8
BLACK
6
CONTINUOUS
10
4.8630777559055121
20
-4.4898084251968502
11
4.8634237401574802
21
-4.4901862204724408
0
LINE
8
BLACK
6
CONTINUOUS
10
4.8634237401574802
20
-4.4901862204724408
11
4.8637861811023617
21
-4.4905486614173231
0
LINE
8
BLACK
6
CONTINUOUS
10
4.8637861811023617
20
-4.4905486614173231
11
4.8638113779527554
21
-4.4906094881889764
0
LINE
8
BLACK
6
CONTINUOUS
10
4.8638113779527554
20
-4.4906094881889764
11
4.8638558661417326
21
-4.4906580708661412
0
LINE
8
BLACK
6
CONTINUOUS
10
4.8638558661417326
20
-4.4906580708661412
11
4.8640309448818897
21
-4.4911395669291334
0
LINE
8
BLACK
6
CONTINUOUS
10
4.8640309448818897
20
-4.4911395669291334
11
4.8642270866141732
21
-4.4916130708661415
0
LINE
8
BLACK
6
CONTINUOUS
10
4.8642270866141732
20
-4.4916130708661415
11
4.8642359842519687
21
-4.4917034251968504
0
LINE
8
BLACK
6
CONTINUOUS
10
4.8642359842519687
20
-4.4917034251968504
11
4.8642495669291339
21
-4.4917407874015751
0
LINE
8
BLACK
6
CONTINUOUS
10
4.8642495669291339
20
-4.4917407874015751
11
4.8642464960629921
21
-4.4918103149606301
0
LINE
8
BLACK
6
CONTINUOUS
10
4.8642464960629921
20
-4.4918103149606301
11
4.8642838188976381
21
-4.4921891338582673
0
LINE
8
BLACK
6
CONTINUOUS
10
4.8642838188976381
20
-4.4921891338582673
11
4.8642838188976381
21
-4.543370236220472
0
LINE
8
BLACK
6
CONTINUOUS
10
4.8642838188976381
20
-4.543370236220472
11
4.8642270866141732
21
-4.5439462992125987
0
LINE
8
BLACK
6
CONTINUOUS
10
4.8642270866141732
20
-4.5439462992125987
11
4.8637861811023617
21
-4.5450107086614171
0
LINE
8
BLACK
6
CONTINUOUS
10
4.8637861811023617
20
-4.5450107086614171
11
4.8629715354330711
21
-4.5458253543307086
0
LINE
8
BLACK
6
CONTINUOUS
10
4.8629715354330711
20
-4.5458253543307086
11
4.8619071259842519
21
-4.5462662598425192
0
LINE
8
BLACK
6
CONTINUOUS
10
4.8619071259842519
20
-4.5462662598425192
11
4.8607550000000002
21
-4.5462662598425192
0
LINE
8
BLACK
6
CONTINUOUS
10
4.8607550000000002
20
-4.5462662598425192
11
4.8596905905511809
21
-4.5458253543307086
0
LINE
8
BLACK
6
CONTINUOUS
10
4.8596905905511809
20
-4.5458253543307086
11
4.8588759448818895
21
-4.5450107086614171
0
LINE
8
BLACK
6
CONTINUOUS
10
4.8588759448818895
20
-4.5450107086614171
11
4.8584350393700788
21
-4.5439462992125987
0
LINE
8
BLACK
6
CONTINUOUS
10
4.8584350393700788
20
-4.5439462992125987
11
4.858378307086614
21
-4.543370236220472
0
LINE
8
BLACK
6
CONTINUOUS
10
4.858378307086614
20
-4.543370236220472
11
4.858378307086614
21
-4.5054988582677167
0
LINE
8
BLACK
6
CONTINUOUS
10
4.858378307086614
20
-4.5054988582677167
11
4.8469464173228349
21
-4.5299957480314959
0
LINE
8
BLACK
6
CONTINUOUS
10
4.8469464173228349
20
-4.5299957480314959
11
4.8468214566929131
21
-4.5302066535433072
0
LINE
8
BLACK
6
CONTINUOUS
10
4.8468214566929131
20
-4.5302066535433072
11
4.8467954724409443
21
-4.5302781496062989
0
LINE
8
BLACK
6
CONTINUOUS
10
4.8467954724409443
20
-4.5302781496062989
11
4.8467491338582676
21
-4.5303287007874014
0
LINE
8
BLACK
6
CONTINUOUS
10
4.8467491338582676
20
-4.5303287007874014
11
4.8466513779527558
21
-4.5304937795275588
0
LINE
8
BLACK
6
CONTINUOUS
10
4.8466513779527558
20
-4.5304937795275588
11
4.8463205511811021
21
-4.5307966929133858
0
LINE
8
BLACK
6
CONTINUOUS
10
4.8463205511811021
20
-4.5307966929133858
11
4.8460173622047247
21
-4.5311278346456696
0
LINE
8
BLACK
6
CONTINUOUS
10
4.8460173622047247
20
-4.5311278346456696
11
4.8458983858267715
21
-4.5311833070866143
0
LINE
8
BLACK
6
CONTINUOUS
10
4.8458983858267715
20
-4.5311833070866143
11
4.8458017322834648
21
-4.5312718897637794
0
LINE
8
BLACK
6
CONTINUOUS
10
4.8458017322834648
20
-4.5312718897637794
11
4.8453802362204721
21
-4.5314251181102359
0
LINE
8
BLACK
6
CONTINUOUS
10
4.8453802362204721
20
-4.5314251181102359
11
4.8449733464566931
21
-4.5316150393700783
0
LINE
8
BLACK
6
CONTINUOUS
10
4.8449733464566931
20
-4.5316150393700783
11
4.844842165354331
21
-4.5316207874015744
0
LINE
8
BLACK
6
CONTINUOUS
10
4.844842165354331
20
-4.5316207874015744
11
4.8447190157480318
21
-4.5316655905511807
0
LINE
8
BLACK
6
CONTINUOUS
10
4.8447190157480318
20
-4.5316655905511807
11
4.8442709055118112
21
-4.5316459055118106
0
LINE
8
BLACK
6
CONTINUOUS
10
4.8442709055118112
20
-4.5316459055118106
11
4.8438223228346455
21
-4.5316656299212594
0
LINE
8
BLACK
6
CONTINUOUS
10
4.8438223228346455
20
-4.5316656299212594
11
4.8436990157480313
21
-4.5316207874015744
0
LINE
8
BLACK
6
CONTINUOUS
10
4.8436990157480313
20
-4.5316207874015744
11
4.8435679921259842
21
-4.5316150393700783
0
LINE
8
BLACK
6
CONTINUOUS
10
4.8435679921259842
20
-4.5316150393700783
11
4.8431613385826768
21
-4.5314252362204721
0
LINE
8
BLACK
6
CONTINUOUS
10
4.8431613385826768
20
-4.5314252362204721
11
4.8427396062992125
21
-4.5312718897637794
0
LINE
8
BLACK
6
CONTINUOUS
10
4.8427396062992125
20
-4.5312718897637794
11
4.8426427952755908
21
-4.5311832283464568
0
LINE
8
BLACK
6
CONTINUOUS
10
4.8426427952755908
20
-4.5311832283464568
11
4.8425239763779526
21
-4.5311277952755908
0
LINE
8
BLACK
6
CONTINUOUS
10
4.8425239763779526
20
-4.5311277952755908
11
4.8422210236220469
21
-4.5307969685039371
0
LINE
8
BLACK
6
CONTINUOUS
10
4.8422210236220469
20
-4.5307969685039371
11
4.8418899606299215
21
-4.5304938188976376
0
LINE
8
BLACK
6
CONTINUOUS
10
4.8418899606299215
20
-4.5304938188976376
11
4.8417920866141735
21
-4.5303286220472438
0
LINE
8
BLACK
6
CONTINUOUS
10
4.8417920866141735
20
-4.5303286220472438
11
4.8417458661417321
21
-4.5302781496062989
0
LINE
8
BLACK
6
CONTINUOUS
10
4.8417458661417321
20
-4.5302781496062989
11
4.8417198818897633
21
-4.5302067716535435
0
LINE
8
BLACK
6
CONTINUOUS
10
4.8417198818897633
20
-4.5302067716535435
11
4.8415949212598424
21
-4.5299957874015746
0
LINE
8
BLACK
6
CONTINUOUS
10
4.8415949212598424
20
-4.5299957874015746
11
4.830163070866142
21
-4.5054988976377954
0
LINE
8
BLACK
6
CONTINUOUS
10
4.830163070866142
20
-4.5054988976377954
11
4.830163070866142
21
-4.543370236220472
0
LINE
8
BLACK
6
CONTINUOUS
10
4.830163070866142
20
-4.543370236220472
11
4.8301063385826772
21
-4.5439462992125987
0
LINE
8
BLACK
6
CONTINUOUS
10
4.8301063385826772
20
-4.5439462992125987
11
4.8296654330708657
21
-4.5450107086614171
0
LINE
8
BLACK
6
CONTINUOUS
10
4.8296654330708657
20
-4.5450107086614171
11
4.8288507874015743
21
-4.5458253543307086
0
LINE
8
BLACK
6
CONTINUOUS
10
4.8288507874015743
20
-4.5458253543307086
11
4.8277863779527559
21
-4.5462662598425192
0
LINE
8
BLACK
6
CONTINUOUS
10
4.8277863779527559
20
-4.5462662598425192
11
4.8266342519685042
21
-4.5462662598425192
0
LINE
8
BLACK
6
CONTINUOUS
10
4.8266342519685042
20
-4.5462662598425192
11
4.8255698425196849
21
-4.5458253543307086
0
LINE
8
BLACK
6
CONTINUOUS
10
4.8255698425196849
20
-4.5458253543307086
11
4.8247551968503934
21
-4.5450107086614171
0
LINE
8
BLACK
6
CONTINUOUS
10
4.8247551968503934
20
-4.5450107086614171
11
4.8243142913385828
21
-4.5439462992125987
0
LINE
8
BLACK
6
CONTINUOUS
10
4.8243142913385828
20
-4.5439462992125987
11
4.824257559055118
21
-4.543370236220472
0
LINE
8
BLACK
6
CONTINUOUS
10
4.824257559055118
20
-4.543370236220472
11
4.824257559055118
21
-4.4921891338582673
0
LINE
8
BLACK
6
CONTINUOUS
10
4.824257559055118
20
-4.4921891338582673
11
4.8242948425196852
21
-4.4918103149606301
0
LINE
8
BLACK
6
CONTINUOUS
10
4.8242948425196852
20
-4.4918103149606301
11
4.8242918110236221
21
-4.4917407874015751
0
LINE
8
BLACK
6
CONTINUOUS
10
4.8242918110236221
20
-4.4917407874015751
11
4.8243053543307086
21
-4.4917034251968504
0
LINE
8
BLACK
6
CONTINUOUS
10
4.8243053543307086
20
-4.4917034251968504
11
4.8243142913385828
21
-4.4916130708661415
0
LINE
8
BLACK
6
CONTINUOUS
10
4.8243142913385828
20
-4.4916130708661415
11
4.8245103937007876
21
-4.4911395669291334
0
LINE
8
BLACK
6
CONTINUOUS
10
4.8245103937007876
20
-4.4911395669291334
11
4.8246855118110235
21
-4.4906580708661412
0
LINE
8
BLACK
6
CONTINUOUS
10
4.8246855118110235
20
-4.4906580708661412
11
4.824729960629921
21
-4.4906094881889764
0
LINE
8
BLACK
6
CONTINUOUS
10
4.824729960629921
20
-4.4906094881889764
11
4.8247551968503934
21
-4.4905486614173231
0
LINE
8
BLACK
6
CONTINUOUS
10
4.8247551968503934
20
-4.4905486614173231
11
4.8251175984251971
21
-4.4901862204724408
0
LINE
8
BLACK
6
CONTINUOUS
10
4.8251175984251971
20
-4.4901862204724408
11
4.825463622047244
21
-4.4898084251968502
0
LINE
8
BLACK
6
CONTINUOUS
10
4.825463622047244
20
-4.4898084251968502
11
4.8255232677165356
21
-4.4897805511811022
0
LINE
8
BLACK
6
CONTINUOUS
10
4.8255232677165356
20
-4.4897805511811022
11
4.8255698425196849
21
-4.4897340157480317
0
LINE
8
BLACK
6
CONTINUOUS
10
4.8255698425196849
20
-4.4897340157480317
11
4.8260431102362205
21
-4.4895379527559056
0
LINE
8
BLACK
6
CONTINUOUS
10
4.8260431102362205
20
-4.4895379527559056
11
4.8265076377952756
21
-4.4893211811023619
0
LINE
8
BLACK
6
CONTINUOUS
10
4.8265076377952756
20
-4.4893211811023619
11
4.82657342519685
21
-4.4893182677165351
0
LINE
8
BLACK
6
CONTINUOUS
10
4.82657342519685
20
-4.4893182677165351
11
4.8266342519685042
21
-4.4892931102362201
0
LINE
8
BLACK
6
CONTINUOUS
10
4.8266342519685042
20
-4.4892931102362201
11
4.8271468110236215
21
-4.4892931102362201
0
LINE
8
BLACK
6
CONTINUOUS
10
4.8271468110236215
20
-4.4892931102362201
11
4.8276586614173231
21
-4.4892706299212595
0
LINE
8
BLACK
6
CONTINUOUS
10
4.8276586614173231
20
-4.4892706299212595
11
4.8277204724409444
21
-4.4892931102362201
0
LINE
8
BLACK
6
CONTINUOUS
10
4.8277204724409444
20
-4.4892931102362201
11
4.8277863779527559
21
-4.4892931102362201
0
LINE
8
BLACK
6
CONTINUOUS
10
4.8277863779527559
20
-4.4892931102362201
11
4.8282598425196852
21
-4.4894892125984249
0
LINE
8
BLACK
6
CONTINUOUS
10
4.8282598425196852
20
-4.4894892125984249
11
4.8287413779527562
21
-4.4896643307086617
0
LINE
8
BLACK
6
CONTINUOUS
10
4.8287413779527562
20
-4.4896643307086617
11
4.8287899212598422
21
-4.4897087795275592
0
LINE
8
BLACK
6
CONTINUOUS
10
4.8287899212598422
20
-4.4897087795275592
11
4.8288507874015743
21
-4.4897340157480317
0
LINE
8
BLACK
6
CONTINUOUS
10
4.8288507874015743
20
-4.4897340157480317
11
4.8292131889763779
21
-4.4900964173228344
0
LINE
8
BLACK
6
CONTINUOUS
10
4.8292131889763779
20
-4.4900964173228344
11
4.8295910236220472
21
-4.4904424409448822
0
LINE
8
BLACK
6
CONTINUOUS
10
4.8295910236220472
20
-4.4904424409448822
11
4.8296372440944877
21
-4.4905204724409451
0
LINE
8
BLACK
6
CONTINUOUS
10
4.8296372440944877
20
-4.4905204724409451
11
4.8296654330708657
21
-4.4905486614173231
0
LINE
8
BLACK
6
CONTINUOUS
10
4.8296654330708657
20
-4.4905486614173231
11
4.829692125984252
21
-4.490613070866142
0
LINE
8
BLACK
6
CONTINUOUS
10
4.829692125984252
20
-4.490613070866142
11
4.8298860629921263
21
-4.4909404724409452
0
LINE
8
BLACK
6
CONTINUOUS
10
4.8298860629921263
20
-4.4909404724409452
11
4.8442706692913386
21
-4.5217646456692915
0
LINE
8
BLACK
6
CONTINUOUS
10
4.8442706692913386
20
-4.5217646456692915
11
4.8586553149606297
21
-4.4909404724409452
0
LINE
8
BLACK
6
CONTINUOUS
10
4.8586553149606297
20
-4.4909404724409452
11
4.8588492125984253
21
-4.490613070866142
0
LINE
8
BLACK
6
CONTINUOUS
10
4.8588492125984253
20
-4.490613070866142
11
4.8588759448818895
21
-4.4905486614173231
0
LINE
8
BLACK
6
CONTINUOUS
10
4.8588759448818895
20
-4.4905486614173231
11
4.8589040944881887
21
-4.4905204724409451
0
LINE
8
BLACK
6
CONTINUOUS
10
4.8589040944881887
20
-4.4905204724409451
11
4.8589503543307089
21
-4.4904424409448822
0
LINE
8
BLACK
6
CONTINUOUS
10
4.8589503543307089
20
-4.4904424409448822
11
4.8593281496062994
21
-4.4900964173228344
0
LINE
8
BLACK
6
CONTINUOUS
10
4.8593281496062994
20
-4.4900964173228344
11
4.8596905905511809
21
-4.4897340157480317
0
LINE
8
BLACK
6
CONTINUOUS
10
4.8596905905511809
20
-4.4897340157480317
11
4.8597514173228342
21
-4.4897087795275592
0
LINE
8
BLACK
6
CONTINUOUS
10
4.8597514173228342
20
-4.4897087795275592
11
4.8597999999999999
21
-4.4896643307086617
0
LINE
8
BLACK
6
CONTINUOUS
10
4.8597999999999999
20
-4.4896643307086617
11
4.8602814960629921
21
-4.4894892125984249
0
LINE
8
BLACK
6
CONTINUOUS
10
4.8602814960629921
20
-4.4894892125984249
11
4.8607550000000002
21
-4.4892931102362201
0
LINE
8
BLACK
6
CONTINUOUS
10
4.8607550000000002
20
-4.4892931102362201
11
4.8608209055118108
21
-4.4892931102362201
0
LINE
8
BLACK
6
CONTINUOUS
10
4.8608209055118108
20
-4.4892931102362201
11
4.8608827165354329
21
-4.4892706299212595
0
LINE
8
BLACK
6
CONTINUOUS
10
4.8608827165354329
20
-4.4892706299212595
11
4.8613945669291336
21
-4.4892931102362201
0
LINE
8
BLACK
6
CONTINUOUS
10
4.9057766535433069
20
-4.4892931102362201
11
4.9068410629921262
21
-4.4897340157480317
0
LINE
8
BLACK
6
CONTINUOUS
10
4.9068410629921262
20
-4.4897340157480317
11
4.9076557086614176
21
-4.4905486614173231
0
LINE
8
BLACK
6
CONTINUOUS
10
4.9076557086614176
20
-4.4905486614173231
11
4.9080966141732283
21
-4.4916130708661415
0
LINE
8
BLACK
6
CONTINUOUS
10
4.9080966141732283
20
-4.4916130708661415
11
4.9081533464566931
21
-4.4921891338582673
0
LINE
8
BLACK
6
CONTINUOUS
10
4.9081533464566931
20
-4.4921891338582673
11
4.9081533464566931
21
-4.543370236220472
0
LINE
8
BLACK
6
CONTINUOUS
10
4.9081533464566931
20
-4.543370236220472
11
4.9080966141732283
21
-4.5439462992125987
0
LINE
8
BLACK
6
CONTINUOUS
10
4.9080966141732283
20
-4.5439462992125987
11
4.9076557086614176
21
-4.5450107086614171
0
LINE
8
BLACK
6
CONTINUOUS
10
4.9076557086614176
20
-4.5450107086614171
11
4.9068410629921262
21
-4.5458253543307086
0
LINE
8
BLACK
6
CONTINUOUS
10
4.9068410629921262
20
-4.5458253543307086
11
4.9057766535433069
21
-4.5462662598425192
0
LINE
8
BLACK
6
CONTINUOUS
10
4.9057766535433069
20
-4.5462662598425192
11
4.9046245275590552
21
-4.5462662598425192
0
LINE
8
BLACK
6
CONTINUOUS
10
4.9046245275590552
20
-4.5462662598425192
11
4.903560118110236
21
-4.5458253543307086
0
LINE
8
BLACK
6
CONTINUOUS
10
4.903560118110236
20
-4.5458253543307086
11
4.9027454724409445
21
-4.5450107086614171
0
LINE
8
BLACK
6
CONTINUOUS
10
4.9027454724409445
20
-4.5450107086614171
11
4.9023045669291339
21
-4.5439462992125987
0
LINE
8
BLACK
6
CONTINUOUS
10
4.9023045669291339
20
-4.5439462992125987
11
4.902247834645669
21
-4.543370236220472
0
LINE
8
BLACK
6
CONTINUOUS
10
4.902247834645669
20
-4.543370236220472
11
4.902247834645669
21
-4.5195138582677163
0
LINE
8
BLACK
6
CONTINUOUS
10
4.902247834645669
20
-4.5195138582677163
11
4.8881401968503937
21
-4.5195138582677163
0
LINE
8
BLACK
6
CONTINUOUS
10
4.8881401968503937
20
-4.5195138582677163
11
4.8875641338582678
21
-4.5194571259842515
0
LINE
8
BLACK
6
CONTINUOUS
10
4.8875641338582678
20
-4.5194571259842515
11
4.8864997244094486
21
-4.5190162204724409
0
LINE
8
BLACK
6
CONTINUOUS
10
4.8864997244094486
20
-4.5190162204724409
11
4.8856850787401571
21
-4.5182015748031494
0
LINE
8
BLACK
6
CONTINUOUS
10
4.8856850787401571
20
-4.5182015748031494
11
4.8852441732283465
21
-4.5171371653543302
0
LINE
8
BLACK
6
CONTINUOUS
10
4.8852441732283465
20
-4.5171371653543302
11
4.8852441732283465
21
-4.5159850393700784
0
LINE
8
BLACK
6
CONTINUOUS
10
4.8852441732283465
20
-4.5159850393700784
11
4.8856850787401571
21
-4.5149206299212601
0
LINE
8
BLACK
6
CONTINUOUS
10
4.8856850787401571
20
-4.5149206299212601
11
4.8864997244094486
21
-4.5141059842519686
0
LINE
8
BLACK
6
CONTINUOUS
10
4.8864997244094486
20
-4.5141059842519686
11
4.8875641338582678
21
-4.5136650787401571
0
LINE
8
BLACK
6
CONTINUOUS
10
4.8875641338582678
20
-4.5136650787401571
11
4.8881401968503937
21
-4.5136083464566932
0
LINE
8
BLACK
6
CONTINUOUS
10
4.8881401968503937
20
-4.5136083464566932
11
4.902247834645669
21
-4.5136083464566932
0
LINE
8
BLACK
6
CONTINUOUS
10
4.902247834645669
20
-4.5136083464566932
11
4.902247834645669
21
-4.4951418897637794
0
LINE
8
BLACK
6
CONTINUOUS
10
4.902247834645669
20
-4.4951418897637794
11
4.8808286220472441
21
-4.4951418897637794
0
LINE
8
BLACK
6
CONTINUOUS
10
4.8808286220472441
20
-4.4951418897637794
11
4.8802525590551182
21
-4.4950851574803146
0
LINE
8
BLACK
6
CONTINUOUS
10
4.8802525590551182
20
-4.4950851574803146
11
4.879188149606299
21
-4.4946442519685039
0
LINE
8
BLACK
6
CONTINUOUS
10
4.879188149606299
20
-4.4946442519685039
11
4.8783735039370075
21
-4.4938296062992125
0
LINE
8
BLACK
6
CONTINUOUS
10
4.8783735039370075
20
-4.4938296062992125
11
4.8779325984251969
21
-4.4927651968503932
0
LINE
8
BLACK
6
CONTINUOUS
10
4.8779325984251969
20
-4.4927651968503932
11
4.8779325984251969
21
-4.4916130708661415
0
LINE
8
BLACK
6
CONTINUOUS
10
4.8779325984251969
20
-4.4916130708661415
11
4.8783735039370075
21
-4.4905486614173231
0
LINE
8
BLACK
6
CONTINUOUS
10
4.8783735039370075
20
-4.4905486614173231
11
4.879188149606299
21
-4.4897340157480317
0
LINE
8
BLACK
6
CONTINUOUS
10
4.879188149606299
20
-4.4897340157480317
11
4.8802525590551182
21
-4.4892931102362201
0
LINE
8
BLACK
6
CONTINUOUS
10
4.8802525590551182
20
-4.4892931102362201
11
4.8808286220472441
21
-4.4892363779527562
0
LINE
8
BLACK
6
CONTINUOUS
10
4.8808286220472441
20
-4.4892363779527562
11
4.9052005905511811
21
-4.4892363779527562
0
LINE
8
BLACK
6
CONTINUOUS
10
4.9052005905511811
20
-4.4892363779527562
11
4.9057766535433069
21
-4.4892931102362201
0
LINE
8
BLACK
6
CONTINUOUS
10
5.1056266141732278
20
-4.4892931102362201
11
5.1066910236220471
21
-4.4897340157480317
0
LINE
8
BLACK
6
CONTINUOUS
10
5.1066910236220471
20
-4.4897340157480317
11
5.1075056692913385
21
-4.4905486614173231
0
LINE
8
BLACK
6
CONTINUOUS
10
5.1075056692913385
20
-4.4905486614173231
11
5.1079465748031492
21
-4.4916130708661415
0
LINE
8
BLACK
6
CONTINUOUS
10
5.1079465748031492
20
-4.4916130708661415
11
5.1079465748031492
21
-4.4927651968503932
0
LINE
8
BLACK
6
CONTINUOUS
10
5.1079465748031492
20
-4.4927651968503932
11
5.1075056692913385
21
-4.4938296062992125
0
LINE
8
BLACK
6
CONTINUOUS
10
5.1075056692913385
20
-4.4938296062992125
11
5.1066910236220471
21
-4.4946442519685039
0
LINE
8
BLACK
6
CONTINUOUS
10
5.1066910236220471
20
-4.4946442519685039
11
5.1056266141732278
21
-4.4950851574803146
0
LINE
8
BLACK
6
CONTINUOUS
10
5.1056266141732278
20
-4.4950851574803146
11
5.105050551181102
21
-4.4951418897637794
0
LINE
8
BLACK
6
CONTINUOUS
10
5.105050551181102
20
-4.4951418897637794
11
5.0933801181102361
21
-4.4951418897637794
0
LINE
8
BLACK
6
CONTINUOUS
10
5.0933801181102361
20
-4.4951418897637794
11
5.0933801181102361
21
-4.543370236220472
0
LINE
8
BLACK
6
CONTINUOUS
10
5.0933801181102361
20
-4.543370236220472
11
5.0933233858267712
21
-4.5439462992125987
0
LINE
8
BLACK
6
CONTINUOUS
10
5.0933233858267712
20
-4.5439462992125987
11
5.0928824803149606
21
-4.5450107086614171
0
LINE
8
BLACK
6
CONTINUOUS
10
5.0928824803149606
20
-4.5450107086614171
11
5.0920678346456691
21
-4.5458253543307086
0
LINE
8
BLACK
6
CONTINUOUS
10
5.0920678346456691
20
-4.5458253543307086
11
5.0910034251968499
21
-4.5462662598425192
0
LINE
8
BLACK
6
CONTINUOUS
10
5.0910034251968499
20
-4.5462662598425192
11
5.0898512992125982
21
-4.5462662598425192
0
LINE
8
BLACK
6
CONTINUOUS
10
5.0898512992125982
20
-4.5462662598425192
11
5.0887868897637798
21
-4.5458253543307086
0
LINE
8
BLACK
6
CONTINUOUS
10
5.0887868897637798
20
-4.5458253543307086
11
5.0879722440944883
21
-4.5450107086614171
0
LINE
8
BLACK
6
CONTINUOUS
10
5.0879722440944883
20
-4.5450107086614171
11
5.0875313385826768
21
-4.5439462992125987
0
LINE
8
BLACK
6
CONTINUOUS
10
5.0875313385826768
20
-4.5439462992125987
11
5.0874746062992129
21
-4.543370236220472
0
LINE
8
BLACK
6
CONTINUOUS
10
5.0874746062992129
20
-4.543370236220472
11
5.0874746062992129
21
-4.4951418897637794
0
LINE
8
BLACK
6
CONTINUOUS
10
5.0874746062992129
20
-4.4951418897637794
11
5.0758042125984248
21
-4.4951418897637794
0
LINE
8
BLACK
6
CONTINUOUS
10
5.0758042125984248
20
-4.4951418897637794
11
5.075228149606299
21
-4.4950851574803146
0
LINE
8
BLACK
6
CONTINUOUS
10
5.075228149606299
20
-4.4950851574803146
11
5.0741637401574806
21
-4.4946442519685039
0
LINE
8
BLACK
6
CONTINUOUS
10
5.0741637401574806
20
-4.4946442519685039
11
5.0733490944881892
21
-4.4938296062992125
0
LINE
8
BLACK
6
CONTINUOUS
10
5.0733490944881892
20
-4.4938296062992125
11
5.0729081889763776
21
-4.4927651968503932
0
LINE
8
BLACK
6
CONTINUOUS
10
5.0729081889763776
20
-4.4927651968503932
11
5.0729081889763776
21
-4.4916130708661415
0
LINE
8
BLACK
6
CONTINUOUS
10
5.0729081889763776
20
-4.4916130708661415
11
5.0733490944881892
21
-4.4905486614173231
0
LINE
8
BLACK
6
CONTINUOUS
10
5.0733490944881892
20
-4.4905486614173231
11
5.0741637401574806
21
-4.4897340157480317
0
LINE
8
BLACK
6
CONTINUOUS
10
5.0741637401574806
20
-4.4897340157480317
11
5.075228149606299
21
-4.4892931102362201
0
LINE
8
BLACK
6
CONTINUOUS
10
5.075228149606299
20
-4.4892931102362201
11
5.0758042125984248
21
-4.4892363779527562
0
LINE
8
BLACK
6
CONTINUOUS
10
5.0758042125984248
20
-4.4892363779527562
11
5.105050551181102
21
-4.4892363779527562
0
LINE
8
BLACK
6
CONTINUOUS
10
5.105050551181102
20
-4.4892363779527562
11
5.1056266141732278
21
-4.4892931102362201
0
LINE
8
BLACK
6
CONTINUOUS
10
5.9017904724409451
20
-4.479734015748031
11
5.9026051181102357
21
-4.4805486614173224
0
LINE
8
BLACK
6
CONTINUOUS
10
5.9026051181102357
20
-4.4805486614173224
11
5.9030460236220472
21
-4.4816130708661417
0
LINE
8
BLACK
6
CONTINUOUS
10
5.9030460236220472
20
-4.4816130708661417
11
5.903102755905512
21
-4.4821891338582676
0
LINE
8
BLACK
6
CONTINUOUS
10
5.903102755905512
20
-4.4821891338582676
11
5.903102755905512
21
-4.4969090157480318
0
LINE
8
BLACK
6
CONTINUOUS
10
5.903102755905512
20
-4.4969090157480318
11
5.9037038582677166
21
-4.4966085039370078
0
LINE
8
BLACK
6
CONTINUOUS
10
5.9037038582677166
20
-4.4966085039370078
11
5.9042444881889766
21
-4.4964016141732284
0
LINE
8
BLACK
6
CONTINUOUS
10
5.9042444881889766
20
-4.4964016141732284
11
5.9043502755905513
21
-4.4963940944881893
0
LINE
8
BLACK
6
CONTINUOUS
10
5.9043502755905513
20
-4.4963940944881893
11
5.9044483070866143
21
-4.4963535039370077
0
LINE
8
BLACK
6
CONTINUOUS
10
5.9044483070866143
20
-4.4963535039370077
11
5.9050243700787401
21
-4.4962967716535429
0
LINE
8
BLACK
6
CONTINUOUS
10
5.9050243700787401
20
-4.4962967716535429
11
5.9147731496062992
21
-4.4962967716535429
0
LINE
8
BLACK
6
CONTINUOUS
10
5.9147731496062992
20
-4.4962967716535429
11
5.9153492125984251
21
-4.4963535039370077
0
LINE
8
BLACK
6
CONTINUOUS
10
5.9153492125984251
20
-4.4963535039370077
11
5.9154472047244093
21
-4.4963940944881893
0
LINE
8
BLACK
6
CONTINUOUS
10
5.9154472047244093
20
-4.4963940944881893
11
5.9155530314960627
21
-4.4964016141732284
0
LINE
8
BLACK
6
CONTINUOUS
10
5.9155530314960627
20
-4.4964016141732284
11
5.9160936614173227
21
-4.4966085039370078
0
LINE
8
BLACK
6
CONTINUOUS
10
5.9160936614173227
20
-4.4966085039370078
11
5.9209680314960629
21
-4.4990456692913385
0
LINE
8
BLACK
6
CONTINUOUS
10
5.9209680314960629
20
-4.4990456692913385
11
5.9212159448818893
21
-4.4992016929133856
0
LINE
8
BLACK
6
CONTINUOUS
10
5.9212159448818893
20
-4.4992016929133856
11
5.9212880314960632
21
-4.4992315748031499
0
LINE
8
BLACK
6
CONTINUOUS
10
5.9212880314960632
20
-4.4992315748031499
11
5.9213691338582679
21
-4.4992981102362206
0
LINE
8
BLACK
6
CONTINUOUS
10
5.9213691338582679
20
-4.4992981102362206
11
5.9214579133858267
21
-4.4993540157480316
0
LINE
8
BLACK
6
CONTINUOUS
10
5.9214579133858267
20
-4.4993540157480316
11
5.9215089763779529
21
-4.4994129133858269
0
LINE
8
BLACK
6
CONTINUOUS
10
5.9215089763779529
20
-4.4994129133858269
11
5.921735472440945
21
-4.4995987795275587
0
LINE
8
BLACK
6
CONTINUOUS
10
5.921735472440945
20
-4.4995987795275587
11
5.9241726771653545
21
-4.5020359842519682
0
LINE
8
BLACK
6
CONTINUOUS
10
5.9241726771653545
20
-4.5020359842519682
11
5.924358582677165
21
-4.5022624803149602
0
LINE
8
BLACK
6
CONTINUOUS
10
5.924358582677165
20
-4.5022624803149602
11
5.9244174409448815
21
-4.5023135433070864
0
LINE
8
BLACK
6
CONTINUOUS
10
5.9244174409448815
20
-4.5023135433070864
11
5.9244732283464563
21
-4.5024021653543302
0
LINE
8
BLACK
6
CONTINUOUS
10
5.9244732283464563
20
-4.5024021653543302
11
5.924539921259842
21
-4.50248342519685
0
LINE
8
BLACK
6
CONTINUOUS
10
5.924539921259842
20
-4.50248342519685
11
5.9245698031496064
21
-4.5025555905511814
0
LINE
8
BLACK
6
CONTINUOUS
10
5.9245698031496064
20
-4.5025555905511814
11
5.9247257874015746
21
-4.5028033858267715
0
LINE
8
BLACK
6
CONTINUOUS
10
5.9247257874015746
20
-4.5028033858267715
11
5.9271629527559053
21
-4.5076777952755904
0
LINE
8
BLACK
6
CONTINUOUS
10
5.9271629527559053
20
-4.5076777952755904
11
5.9273698425196848
21
-4.5082184251968505
0
LINE
8
BLACK
6
CONTINUOUS
10
5.9273698425196848
20
-4.5082184251968505
11
5.9273773228346451
21
-4.5083242125984251
0
LINE
8
BLACK
6
CONTINUOUS
10
5.9273773228346451
20
-4.5083242125984251
11
5.9274179527559054
21
-4.5084222440944881
0
LINE
8
BLACK
6
CONTINUOUS
10
5.9274179527559054
20
-4.5084222440944881
11
5.9274746850393703
21
-4.508998307086614
0
LINE
8
BLACK
6
CONTINUOUS
10
5.9274746850393703
20
-4.508998307086614
11
5.9274746850393703
21
-4.5236214566929132
0
LINE
8
BLACK
6
CONTINUOUS
10
5.9274746850393703
20
-4.5236214566929132
11
5.9274179527559054
21
-4.524197519685039
0
LINE
8
BLACK
6
CONTINUOUS
10
5.9274179527559054
20
-4.524197519685039
11
5.9273773228346451
21
-4.5242955118110233
0
LINE
8
BLACK
6
CONTINUOUS
10
5.9273773228346451
20
-4.5242955118110233
11
5.9273698425196848
21
-4.5244013385826767
0
LINE
8
BLACK
6
CONTINUOUS
10
5.9273698425196848
20
-4.5244013385826767
11
5.9271629527559053
21
-4.5249419685039367
0
LINE
8
BLACK
6
CONTINUOUS
10
5.9271629527559053
20
-4.5249419685039367
11
5.9247257874015746
21
-4.5298163779527556
0
LINE
8
BLACK
6
CONTINUOUS
10
5.9247257874015746
20
-4.5298163779527556
11
5.9245698031496064
21
-4.5300641338582679
0
LINE
8
BLACK
6
CONTINUOUS
10
5.9245698031496064
20
-4.5300641338582679
11
5.924539921259842
21
-4.5301363385826772
0
LINE
8
BLACK
6
CONTINUOUS
10
5.924539921259842
20
-4.5301363385826772
11
5.9244732283464563
21
-4.5302175590551181
0
LINE
8
BLACK
6
CONTINUOUS
10
5.9244732283464563
20
-4.5302175590551181
11
5.9244174409448815
21
-4.5303062204724407
0
LINE
8
BLACK
6
CONTINUOUS
10
5.9244174409448815
20
-4.5303062204724407
11
5.924358582677165
21
-4.5303572440944881
0
LINE
8
BLACK
6
CONTINUOUS
10
5.924358582677165
20
-4.5303572440944881
11
5.9241726771653545
21
-4.530583779527559
0
LINE
8
BLACK
6
CONTINUOUS
10
5.9241726771653545
20
-4.530583779527559
11
5.921735472440945
21
-4.5330209842519684
0
LINE
8
BLACK
6
CONTINUOUS
10
5.921735472440945
20
-4.5330209842519684
11
5.9215089763779529
21
-4.5332068110236223
0
LINE
8
BLACK
6
CONTINUOUS
10
5.9215089763779529
20
-4.5332068110236223
11
5.9214579133858267
21
-4.5332657480314964
0
LINE
8
BLACK
6
CONTINUOUS
10
5.9214579133858267
20
-4.5332657480314964
11
5.9213691338582679
21
-4.5333216141732287
0
LINE
8
BLACK
6
CONTINUOUS
10
5.9213691338582679
20
-4.5333216141732287
11
5.9212880314960632
21
-4.5333881889763781
0
LINE
8
BLACK
6
CONTINUOUS
10
5.9212880314960632
20
-4.5333881889763781
11
5.9212159448818893
21
-4.5334180314960628
0
LINE
8
BLACK
6
CONTINUOUS
10
5.9212159448818893
20
-4.5334180314960628
11
5.9209680314960629
21
-4.5335740944881886
0
LINE
8
BLACK
6
CONTINUOUS
10
5.9209680314960629
20
-4.5335740944881886
11
5.9160936614173227
21
-4.5360112598425193
0
LINE
8
BLACK
6
CONTINUOUS
10
5.9160936614173227
20
-4.5360112598425193
11
5.9155530314960627
21
-4.5362181496062988
0
LINE
8
BLACK
6
CONTINUOUS
10
5.9155530314960627
20
-4.5362181496062988
11
5.9154472047244093
21
-4.53622562992126
0
LINE
8
BLACK
6
CONTINUOUS
10
5.9154472047244093
20
-4.53622562992126
11
5.9153492125984251
21
-4.5362662598425194
0
LINE
8
BLACK
6
CONTINUOUS
10
5.9153492125984251
20
-4.5362662598425194
11
5.9147731496062992
21
-4.5363229921259842
0
LINE
8
BLACK
6
CONTINUOUS
10
5.9147731496062992
20
-4.5363229921259842
11
5.9050243700787401
21
-4.5363229921259842
0
LINE
8
BLACK
6
CONTINUOUS
10
5.9050243700787401
20
-4.5363229921259842
11
5.9044483070866143
21
-4.5362662598425194
0
LINE
8
BLACK
6
CONTINUOUS
10
5.9044483070866143
20
-4.5362662598425194
11
5.9043502755905513
21
-4.53622562992126
0
LINE
8
BLACK
6
CONTINUOUS
10
5.9043502755905513
20
-4.53622562992126
11
5.9042444881889766
21
-4.5362181496062988
0
LINE
8
BLACK
6
CONTINUOUS
10
5.9042444881889766
20
-4.5362181496062988
11
5.9037038582677166
21
-4.5360112598425193
0
LINE
8
BLACK
6
CONTINUOUS
10
5.9037038582677166
20
-4.5360112598425193
11
5.9023042913385826
21
-4.5353114960629917
0
LINE
8
BLACK
6
CONTINUOUS
10
5.9023042913385826
20
-4.5353114960629917
11
5.9017904724409451
21
-4.5358253543307088
0
LINE
8
BLACK
6
CONTINUOUS
10
5.9017904724409451
20
-4.5358253543307088
11
5.9007260629921259
21
-4.5362662598425194
0
LINE
8
BLACK
6
CONTINUOUS
10
5.9007260629921259
20
-4.5362662598425194
11
5.8995739370078741
21
-4.5362662598425194
0
LINE
8
BLACK
6
CONTINUOUS
10
5.8995739370078741
20
-4.5362662598425194
11
5.8985095275590549
21
-4.5358253543307088
0
LINE
8
BLACK
6
CONTINUOUS
10
5.8985095275590549
20
-4.5358253543307088
11
5.8976948818897634
21
-4.5350107086614173
0
LINE
8
BLACK
6
CONTINUOUS
10
5.8976948818897634
20
-4.5350107086614173
11
5.8972539763779528
21
-4.5339462992125981
0
LINE
8
BLACK
6
CONTINUOUS
10
5.8972539763779528
20
-4.5339462992125981
11
5.897197244094488
21
-4.5333702362204722
0
LINE
8
BLACK
6
CONTINUOUS
10
5.897197244094488
20
-4.5333702362204722
11
5.897197244094488
21
-4.4821891338582676
0
LINE
8
BLACK
6
CONTINUOUS
10
5.897197244094488
20
-4.4821891338582676
11
5.8972539763779528
21
-4.4816130708661417
0
LINE
8
BLACK
6
CONTINUOUS
10
5.8972539763779528
20
-4.4816130708661417
11
5.8976948818897634
21
-4.4805486614173224
0
LINE
8
BLACK
6
CONTINUOUS
10
5.8976948818897634
20
-4.4805486614173224
11
5.8985095275590549
21
-4.479734015748031
0
LINE
8
BLACK
6
CONTINUOUS
10
5.8985095275590549
20
-4.479734015748031
11
5.8995739370078741
21
-4.4792931102362203
0
LINE
8
BLACK
6
CONTINUOUS
10
5.8995739370078741
20
-4.4792931102362203
11
5.9007260629921259
21
-4.4792931102362203
0
LINE
8
BLACK
6
CONTINUOUS
10
5.9007260629921259
20
-4.4792931102362203
11
5.9017904724409451
21
-4.479734015748031
0
LINE
8
BLACK
6
CONTINUOUS
10
5.903102755905512
20
-4.5035115748031496
11
5.903102755905512
21
-4.5291081496062988
0
LINE
8
BLACK
6
CONTINUOUS
10
5.903102755905512
20
-4.5291081496062988
11
5.905721377952756
21
-4.5304174803149602
0
LINE
8
BLACK
6
CONTINUOUS
10
5.905721377952756
20
-4.5304174803149602
11
5.9140761023622046
21
-4.5304174803149602
0
LINE
8
BLACK
6
CONTINUOUS
10
5.9140761023622046
20
-4.5304174803149602
11
5.917898464566929
21
-4.528506299212598
0
LINE
8
BLACK
6
CONTINUOUS
10
5.917898464566929
20
-4.528506299212598
11
5.919657992125984
21
-4.526746771653543
0
LINE
8
BLACK
6
CONTINUOUS
10
5.919657992125984
20
-4.526746771653543
11
5.9215691732283462
21
-4.5229244488188973
0
LINE
8
BLACK
6
CONTINUOUS
10
5.9215691732283462
20
-4.5229244488188973
11
5.9215691732283462
21
-4.5096952755905511
0
LINE
8
BLACK
6
CONTINUOUS
10
5.9215691732283462
20
-4.5096952755905511
11
5.919657992125984
21
-4.5058729527559054
0
LINE
8
BLACK
6
CONTINUOUS
10
5.919657992125984
20
-4.5058729527559054
11
5.917898464566929
21
-4.5041134251968504
0
LINE
8
BLACK
6
CONTINUOUS
10
5.917898464566929
20
-4.5041134251968504
11
5.9140761023622046
21
-4.502202283464567
0
LINE
8
BLACK
6
CONTINUOUS
10
5.9140761023622046
20
-4.502202283464567
11
5.905721377952756
21
-4.502202283464567
0
LINE
8
BLACK
6
CONTINUOUS
10
5.905721377952756
20
-4.502202283464567
11
5.903102755905512
21
-4.5035115748031496
0
LINE
8
BLACK
6
CONTINUOUS
10
5.9640931102362202
20
-4.4963535039370077
11
5.9641911023622045
21
-4.4963940944881893
0
LINE
8
BLACK
6
CONTINUOUS
10
5.9641911023622045
20
-4.4963940944881893
11
5.9642969291338579
21
-4.4964016141732284
0
LINE
8
BLACK
6
CONTINUOUS
10
5.9642969291338579
20
-4.4964016141732284
11
5.9648375590551179
21
-4.4966085039370078
0
LINE
8
BLACK
6
CONTINUOUS
10
5.9648375590551179
20
-4.4966085039370078
11
5.9697119291338581
21
-4.4990456692913385
0
LINE
8
BLACK
6
CONTINUOUS
10
5.9697119291338581
20
-4.4990456692913385
11
5.9702018110236219
21
-4.4993540157480316
0
LINE
8
BLACK
6
CONTINUOUS
10
5.9702018110236219
20
-4.4993540157480316
11
5.9709566929133855
21
-4.5002243700787403
0
LINE
8
BLACK
6
CONTINUOUS
10
5.9709566929133855
20
-4.5002243700787403
11
5.9713210236220471
21
-4.5013173622047242
0
LINE
8
BLACK
6
CONTINUOUS
10
5.9713210236220471
20
-4.5013173622047242
11
5.9712393700787398
21
-4.5024665748031492
0
LINE
8
BLACK
6
CONTINUOUS
10
5.9712393700787398
20
-4.5024665748031492
11
5.9707241338582673
21
-4.5034970472440943
0
LINE
8
BLACK
6
CONTINUOUS
10
5.9707241338582673
20
-4.5034970472440943
11
5.9698537401574798
21
-4.5042519291338579
0
LINE
8
BLACK
6
CONTINUOUS
10
5.9698537401574798
20
-4.5042519291338579
11
5.9687607874015747
21
-4.5046162598425195
0
LINE
8
BLACK
6
CONTINUOUS
10
5.9687607874015747
20
-4.5046162598425195
11
5.9676115748031497
21
-4.5045346062992122
0
LINE
8
BLACK
6
CONTINUOUS
10
5.9676115748031497
20
-4.5045346062992122
11
5.9670709448818897
21
-4.5043277165354327
0
LINE
8
BLACK
6
CONTINUOUS
10
5.9670709448818897
20
-4.5043277165354327
11
5.9628199999999998
21
-4.502202283464567
0
LINE
8
BLACK
6
CONTINUOUS
10
5.9628199999999998
20
-4.502202283464567
11
5.9544652755905512
21
-4.502202283464567
0
LINE
8
BLACK
6
CONTINUOUS
10
5.9544652755905512
20
-4.502202283464567
11
5.9510947244094483
21
-4.5038875196850396
0
LINE
8
BLACK
6
CONTINUOUS
10
5.9510947244094483
20
-4.5038875196850396
11
5.9494094488188978
21
-4.5072581496062991
0
LINE
8
BLACK
6
CONTINUOUS
10
5.9494094488188978
20
-4.5072581496062991
11
5.9494094488188978
21
-4.509610551181102
0
LINE
8
BLACK
6
CONTINUOUS
10
5.9494094488188978
20
-4.509610551181102
11
5.9520281102362205
21
-4.5109199212598421
0
LINE
8
BLACK
6
CONTINUOUS
10
5.9520281102362205
20
-4.5109199212598421
11
5.9635170472440944
21
-4.5109199212598421
0
LINE
8
BLACK
6
CONTINUOUS
10
5.9635170472440944
20
-4.5109199212598421
11
5.9640931102362202
21
-4.5109766535433069
0
LINE
8
BLACK
6
CONTINUOUS
10
5.9640931102362202
20
-4.5109766535433069
11
5.9641911023622045
21
-4.5110172440944885
0
LINE
8
BLACK
6
CONTINUOUS
10
5.9641911023622045
20
-4.5110172440944885
11
5.9642969291338579
21
-4.5110247637795275
0
LINE
8
BLACK
6
CONTINUOUS
10
5.9642969291338579
20
-4.5110247637795275
11
5.9648375590551179
21
-4.511231653543307
0
LINE
8
BLACK
6
CONTINUOUS
10
5.9648375590551179
20
-4.511231653543307
11
5.9697119685039368
21
-4.5136688582677165
0
LINE
8
BLACK
6
CONTINUOUS
10
5.9697119685039368
20
-4.5136688582677165
11
5.9698082677165356
21
-4.513729488188976
0
LINE
8
BLACK
6
CONTINUOUS
10
5.9698082677165356
20
-4.513729488188976
11
5.9698537401574798
21
-4.5137446456692913
0
LINE
8
BLACK
6
CONTINUOUS
10
5.9698537401574798
20
-4.5137446456692913
11
5.9699103543307084
21
-4.5137937401574799
0
LINE
8
BLACK
6
CONTINUOUS
10
5.9699103543307084
20
-4.5137937401574799
11
5.9702018503937007
21
-4.5139772440944883
0
LINE
8
BLACK
6
CONTINUOUS
10
5.9702018503937007
20
-4.5139772440944883
11
5.970444330708661
21
-4.5142568110236221
0
LINE
8
BLACK
6
CONTINUOUS
10
5.970444330708661
20
-4.5142568110236221
11
5.9707241338582673
21
-4.5144994881889762
0
LINE
8
BLACK
6
CONTINUOUS
10
5.9707241338582673
20
-4.5144994881889762
11
5.9709076377952757
21
-4.5147910236220472
0
LINE
8
BLACK
6
CONTINUOUS
10
5.9709076377952757
20
-4.5147910236220472
11
5.9709566929133855
21
-4.514847598425197
0
LINE
8
BLACK
6
CONTINUOUS
10
5.9709566929133855
20
-4.514847598425197
11
5.9709718110236221
21
-4.5148929921259837
0
LINE
8
BLACK
6
CONTINUOUS
10
5.9709718110236221
20
-4.5148929921259837
11
5.9710324803149604
21
-4.51498937007874
0
LINE
8
BLACK
6
CONTINUOUS
10
5.9710324803149604
20
-4.51498937007874
11
5.9734696456692911
21
-4.5198637401574802
0
LINE
8
BLACK
6
CONTINUOUS
10
5.9734696456692911
20
-4.5198637401574802
11
5.9736765354330705
21
-4.5204043700787402
0
LINE
8
BLACK
6
CONTINUOUS
10
5.9736765354330705
20
-4.5204043700787402
11
5.9736840157480318
21
-4.5205101574803148
0
LINE
8
BLACK
6
CONTINUOUS
10
5.9736840157480318
20
-4.5205101574803148
11
5.9737246456692912
21
-4.5206081889763778
0
LINE
8
BLACK
6
CONTINUOUS
10
5.9737246456692912
20
-4.5206081889763778
11
5.973781377952756
21
-4.5211842519685037
0
LINE
8
BLACK
6
CONTINUOUS
10
5.973781377952756
20
-4.5211842519685037
11
5.973781377952756
21
-4.5260586614173226
0
LINE
8
BLACK
6
CONTINUOUS
10
5.973781377952756
20
-4.5260586614173226
11
5.9737246456692912
21
-4.5266347244094485
0
LINE
8
BLACK
6
CONTINUOUS
10
5.9737246456692912
20
-4.5266347244094485
11
5.9736840157480318
21
-4.5267327165354327
0
LINE
8
BLACK
6
CONTINUOUS
10
5.9736840157480318
20
-4.5267327165354327
11
5.9736765354330705
21
-4.5268385433070861
0
LINE
8
BLACK
6
CONTINUOUS
10
5.9736765354330705
20
-4.5268385433070861
11
5.9734696456692911
21
-4.5273791732283462
0
LINE
8
BLACK
6
CONTINUOUS
10
5.9734696456692911
20
-4.5273791732283462
11
5.9710324803149604
21
-4.532253582677165
0
LINE
8
BLACK
6
CONTINUOUS
10
5.9710324803149604
20
-4.532253582677165
11
5.9709718503937008
21
-4.5323498425196851
0
LINE
8
BLACK
6
CONTINUOUS
10
5.9709718503937008
20
-4.5323498425196851
11
5.9709566929133855
21
-4.5323953937007877
0
LINE
8
BLACK
6
CONTINUOUS
10
5.9709566929133855
20
-4.5323953937007877
11
5.9709075196850394
21
-4.5324520472440941
0
LINE
8
BLACK
6
CONTINUOUS
10
5.9709075196850394
20
-4.5324520472440941
11
5.9707241338582673
21
-4.5327434251968501
0
LINE
8
BLACK
6
CONTINUOUS
10
5.9707241338582673
20
-4.5327434251968501
11
5.9704444488188972
21
-4.532985984251968
0
LINE
8
BLACK
6
CONTINUOUS
10
5.9704444488188972
20
-4.532985984251968
11
5.9702018110236219
21
-4.5332657480314964
0
LINE
8
BLACK
6
CONTINUOUS
10
5.9702018110236219
20
-4.5332657480314964
11
5.9699103543307084
21
-4.5334491732283464
0
LINE
8
BLACK
6
CONTINUOUS
10
5.9699103543307084
20
-4.5334491732283464
11
5.9698537401574798
21
-4.5334983070866137
0
LINE
8
BLACK
6
CONTINUOUS
10
5.9698537401574798
20
-4.5334983070866137
11
5.9698082283464569
21
-4.5335134645669291
0
LINE
8
BLACK
6
CONTINUOUS
10
5.9698082283464569
20
-4.5335134645669291
11
5.9697119291338581
21
-4.5335740944881886
0
LINE
8
BLACK
6
CONTINUOUS
10
5.9697119291338581
20
-4.5335740944881886
11
5.9648375590551179
21
-4.5360112598425193
0
LINE
8
BLACK
6
CONTINUOUS
10
5.9648375590551179
20
-4.5360112598425193
11
5.9642969291338579
21
-4.5362181496062988
0
LINE
8
BLACK
6
CONTINUOUS
10
5.9642969291338579
20
-4.5362181496062988
11
5.9641911023622045
21
-4.53622562992126
0
LINE
8
BLACK
6
CONTINUOUS
10
5.9641911023622045
20
-4.53622562992126
11
5.9640931102362202
21
-4.5362662598425194
0
LINE
8
BLACK
6
CONTINUOUS
10
5.9640931102362202
20
-4.5362662598425194
11
5.9635170472440944
21
-4.5363229921259842
0
LINE
8
BLACK
6
CONTINUOUS
10
5.9635170472440944
20
-4.5363229921259842
11
5.9513310629921259
21
-4.5363229921259842
0
LINE
8
BLACK
6
CONTINUOUS
10
5.9513310629921259
20
-4.5363229921259842
11
5.950755
21
-4.5362662598425194
0
LINE
8
BLACK
6
CONTINUOUS
10
5.950755
20
-4.5362662598425194
11
5.950656968503937
21
-4.53622562992126
0
LINE
8
BLACK
6
CONTINUOUS
10
5.950656968503937
20
-4.53622562992126
11
5.9505511811023624
21
-4.5362181496062988
0
LINE
8
BLACK
6
CONTINUOUS
10
5.9505511811023624
20
-4.5362181496062988
11
5.9500105511811023
21
-4.5360112598425193
0
LINE
8
BLACK
6
CONTINUOUS
10
5.9500105511811023
20
-4.5360112598425193
11
5.9486109842519683
21
-4.5353114960629917
0
LINE
8
BLACK
6
CONTINUOUS
10
5.9486109842519683
20
-4.5353114960629917
11
5.9480971653543309
21
-4.5358253543307088
0
LINE
8
BLACK
6
CONTINUOUS
10
5.9480971653543309
20
-4.5358253543307088
11
5.9470327559055116
21
-4.5362662598425194
0
LINE
8
BLACK
6
CONTINUOUS
10
5.9470327559055116
20
-4.5362662598425194
11
5.9458806299212599
21
-4.5362662598425194
0
LINE
8
BLACK
6
CONTINUOUS
10
5.9458806299212599
20
-4.5362662598425194
11
5.9448162204724406
21
-4.5358253543307088
0
LINE
8
BLACK
6
CONTINUOUS
10
5.9448162204724406
20
-4.5358253543307088
11
5.9440015748031492
21
-4.5350107086614173
0
LINE
8
BLACK
6
CONTINUOUS
10
5.9440015748031492
20
-4.5350107086614173
11
5.9435606692913385
21
-4.5339462992125981
0
LINE
8
BLACK
6
CONTINUOUS
10
5.9435606692913385
20
-4.5339462992125981
11
5.9435039370078737
21
-4.5333702362204722
0
LINE
8
BLACK
6
CONTINUOUS
10
5.9435039370078737
20
-4.5333702362204722
11
5.9435039370078737
21
-4.5065611023622045
0
LINE
8
BLACK
6
CONTINUOUS
10
5.9435039370078737
20
-4.5065611023622045
11
5.9435606692913385
21
-4.5059850393700787
0
LINE
8
BLACK
6
CONTINUOUS
10
5.9435606692913385
20
-4.5059850393700787
11
5.9436012598425192
21
-4.5058870078740156
0
LINE
8
BLACK
6
CONTINUOUS
10
5.9436012598425192
20
-4.5058870078740156
11
5.9436087795275592
21
-4.505781220472441
0
LINE
8
BLACK
6
CONTINUOUS
10
5.9436087795275592
20
-4.505781220472441
11
5.9438156692913386
21
-4.505240590551181
0
LINE
8
BLACK
6
CONTINUOUS
10
5.9438156692913386
20
-4.505240590551181
11
5.9462528740157481
21
-4.5003661811023621
0
LINE
8
BLACK
6
CONTINUOUS
10
5.9462528740157481
20
-4.5003661811023621
11
5.9463135039370076
21
-4.5002698425196845
0
LINE
8
BLACK
6
CONTINUOUS
10
5.9463135039370076
20
-4.5002698425196845
11
5.946328661417323
21
-4.5002244094488191
0
LINE
8
BLACK
6
CONTINUOUS
10
5.946328661417323
20
-4.5002244094488191
11
5.9463777559055115
21
-4.5001677559055118
0
LINE
8
BLACK
6
CONTINUOUS
10
5.9463777559055115
20
-4.5001677559055118
11
5.9465612598425199
21
-4.4998762992125982
0
LINE
8
BLACK
6
CONTINUOUS
10
5.9465612598425199
20
-4.4998762992125982
11
5.9468408267716537
21
-4.4996337795275592
0
LINE
8
BLACK
6
CONTINUOUS
10
5.9468408267716537
20
-4.4996337795275592
11
5.9470835039370078
21
-4.4993540157480316
0
LINE
8
BLACK
6
CONTINUOUS
10
5.9470835039370078
20
-4.4993540157480316
11
5.9473750393700788
21
-4.4991704724409445
0
LINE
8
BLACK
6
CONTINUOUS
10
5.9473750393700788
20
-4.4991704724409445
11
5.9474316141732286
21
-4.4991214566929134
0
LINE
8
BLACK
6
CONTINUOUS
10
5.9474316141732286
20
-4.4991214566929134
11
5.9474770078740153
21
-4.4991062992125981
0
LINE
8
BLACK
6
CONTINUOUS
10
5.9474770078740153
20
-4.4991062992125981
11
5.9475733858267716
21
-4.4990456692913385
0
LINE
8
BLACK
6
CONTINUOUS
10
5.9475733858267716
20
-4.4990456692913385
11
5.9524477559055118
21
-4.4966085039370078
0
LINE
8
BLACK
6
CONTINUOUS
10
5.9524477559055118
20
-4.4966085039370078
11
5.9529883858267718
21
-4.4964016141732284
0
LINE
8
BLACK
6
CONTINUOUS
10
5.9529883858267718
20
-4.4964016141732284
11
5.9530941732283464
21
-4.4963940944881893
0
LINE
8
BLACK
6
CONTINUOUS
10
5.9530941732283464
20
-4.4963940944881893
11
5.9531922047244095
21
-4.4963535039370077
0
LINE
8
BLACK
6
CONTINUOUS
10
5.9531922047244095
20
-4.4963535039370077
11
5.9537682677165353
21
-4.4962967716535429
0
LINE
8
BLACK
6
CONTINUOUS
10
5.9537682677165353
20
-4.4962967716535429
11
5.9635170472440944
21
-4.4962967716535429
0
LINE
8
BLACK
6
CONTINUOUS
10
5.9635170472440944
20
-4.4962967716535429
11
5.9640931102362202
21
-4.4963535039370077
0
LINE
8
BLACK
6
CONTINUOUS
10
5.9494094488188978
20
-4.5291081496062988
11
5.9520280708661417
21
-4.5304174803149602
0
LINE
8
BLACK
6
CONTINUOUS
10
5.9520280708661417
20
-4.5304174803149602
11
5.9628199999999998
21
-4.5304174803149602
0
LINE
8
BLACK
6
CONTINUOUS
10
5.9628199999999998
20
-4.5304174803149602
11
5.9661905905511814
21
-4.5287322047244096
0
LINE
8
BLACK
6
CONTINUOUS
10
5.9661905905511814
20
-4.5287322047244096
11
5.9678758661417319
21
-4.5253616535433068
0
LINE
8
BLACK
6
CONTINUOUS
10
5.9678758661417319
20
-4.5253616535433068
11
5.9678758661417319
21
-4.5218812598425195
0
LINE
8
BLACK
6
CONTINUOUS
10
5.9678758661417319
20
-4.5218812598425195
11
5.9661905905511814
21
-4.5185107086614176
0
LINE
8
BLACK
6
CONTINUOUS
10
5.9661905905511814
20
-4.5185107086614176
11
5.9628199999999998
21
-4.5168254330708661
0
LINE
8
BLACK
6
CONTINUOUS
10
5.9628199999999998
20
-4.5168254330708661
11
5.9513310629921259
21
-4.5168254330708661
0
LINE
8
BLACK
6
CONTINUOUS
10
5.9513310629921259
20
-4.5168254330708661
11
5.950755
21
-4.5167687007874013
0
LINE
8
BLACK
6
CONTINUOUS
10
5.950755
20
-4.5167687007874013
11
5.950656968503937
21
-4.5167280708661419
0
LINE
8
BLACK
6
CONTINUOUS
10
5.950656968503937
20
-4.5167280708661419
11
5.9505511811023624
21
-4.5167205905511807
0
LINE
8
BLACK
6
CONTINUOUS
10
5.9505511811023624
20
-4.5167205905511807
11
5.9500105511811023
21
-4.5165137007874012
0
LINE
8
BLACK
6
CONTINUOUS
10
5.9500105511811023
20
-4.5165137007874012
11
5.9494094488188978
21
-4.5162131102362206
0
LINE
8
BLACK
6
CONTINUOUS
10
5.9494094488188978
20
-4.5162131102362206
11
5.9494094488188978
21
-4.5291081496062988
0
LINE
8
BLACK
6
CONTINUOUS
10
6.0079625984251965
20
-4.4963535039370077
11
6.0080605905511808
21
-4.4963940944881893
0
LINE
8
BLACK
6
CONTINUOUS
10
6.0080605905511808
20
-4.4963940944881893
11
6.0081664173228342
21
-4.4964016141732284
0
LINE
8
BLACK
6
CONTINUOUS
10
6.0081664173228342
20
-4.4964016141732284
11
6.0087070472440942
21
-4.4966085039370078
0
LINE
8
BLACK
6
CONTINUOUS
10
6.0087070472440942
20
-4.4966085039370078
11
6.0135814173228344
21
-4.4990456692913385
0
LINE
8
BLACK
6
CONTINUOUS
10
6.0135814173228344
20
-4.4990456692913385
11
6.0138293307086617
21
-4.4992016929133856
0
LINE
8
BLACK
6
CONTINUOUS
10
6.0138293307086617
20
-4.4992016929133856
11
6.0139014173228347
21
-4.4992315748031499
0
LINE
8
BLACK
6
CONTINUOUS
10
6.0139014173228347
20
-4.4992315748031499
11
6.0139825196850394
21
-4.4992981102362206
0
LINE
8
BLACK
6
CONTINUOUS
10
6.0139825196850394
20
-4.4992981102362206
11
6.0140712992125982
21
-4.4993540157480316
0
LINE
8
BLACK
6
CONTINUOUS
10
6.0140712992125982
20
-4.4993540157480316
11
6.0141223622047244
21
-4.4994129133858269
0
LINE
8
BLACK
6
CONTINUOUS
10
6.0141223622047244
20
-4.4994129133858269
11
6.0143488582677165
21
-4.4995987795275587
0
LINE
8
BLACK
6
CONTINUOUS
10
6.0143488582677165
20
-4.4995987795275587
11
6.0167860629921259
21
-4.5020359842519682
0
LINE
8
BLACK
6
CONTINUOUS
10
6.0167860629921259
20
-4.5020359842519682
11
6.0169719685039365
21
-4.5022624803149602
0
LINE
8
BLACK
6
CONTINUOUS
10
6.0169719685039365
20
-4.5022624803149602
11
6.017030826771653
21
-4.5023135433070864
0
LINE
8
BLACK
6
CONTINUOUS
10
6.017030826771653
20
-4.5023135433070864
11
6.0170866141732287
21
-4.5024021653543302
0
LINE
8
BLACK
6
CONTINUOUS
10
6.0170866141732287
20
-4.5024021653543302
11
6.0171533070866143
21
-4.50248342519685
0
LINE
8
BLACK
6
CONTINUOUS
10
6.0171533070866143
20
-4.50248342519685
11
6.0171831889763778
21
-4.5025555905511814
0
LINE
8
BLACK
6
CONTINUOUS
10
6.0171831889763778
20
-4.5025555905511814
11
6.0173391732283461
21
-4.5028033858267715
0
LINE
8
BLACK
6
CONTINUOUS
10
6.0173391732283461
20
-4.5028033858267715
11
6.0197763385826768
21
-4.5076777952755904
0
LINE
8
BLACK
6
CONTINUOUS
10
6.0197763385826768
20
-4.5076777952755904
11
6.0199832283464563
21
-4.5082184251968505
0
LINE
8
BLACK
6
CONTINUOUS
10
6.0199832283464563
20
-4.5082184251968505
11
6.0199907086614175
21
-4.5083242125984251
0
LINE
8
BLACK
6
CONTINUOUS
10
6.0199907086614175
20
-4.5083242125984251
11
6.0200313385826769
21
-4.5084222440944881
0
LINE
8
BLACK
6
CONTINUOUS
10
6.0200313385826769
20
-4.5084222440944881
11
6.0200880708661417
21
-4.508998307086614
0
LINE
8
BLACK
6
CONTINUOUS
10
6.0200880708661417
20
-4.508998307086614
11
6.0200880708661417
21
-4.5236214566929132
0
LINE
8
BLACK
6
CONTINUOUS
10
6.0200880708661417
20
-4.5236214566929132
11
6.0200313385826769
21
-4.524197519685039
0
LINE
8
BLACK
6
CONTINUOUS
10
6.0200313385826769
20
-4.524197519685039
11
6.0199907086614175
21
-4.5242955118110233
0
LINE
8
BLACK
6
CONTINUOUS
10
6.0199907086614175
20
-4.5242955118110233
11
6.0199832283464563
21
-4.5244013385826767
0
LINE
8
BLACK
6
CONTINUOUS
10
6.0199832283464563
20
-4.5244013385826767
11
6.0197763385826768
21
-4.5249419685039367
0
LINE
8
BLACK
6
CONTINUOUS
10
6.0197763385826768
20
-4.5249419685039367
11
6.0173391732283461
21
-4.5298163779527556
0
LINE
8
BLACK
6
CONTINUOUS
10
6.0173391732283461
20
-4.5298163779527556
11
6.0171831889763778
21
-4.5300641338582679
0
LINE
8
BLACK
6
CONTINUOUS
10
6.0171831889763778
20
-4.5300641338582679
11
6.0171533070866143
21
-4.5301363385826772
0
LINE
8
BLACK
6
CONTINUOUS
10
6.0171533070866143
20
-4.5301363385826772
11
6.0170866141732287
21
-4.5302175590551181
0
LINE
8
BLACK
6
CONTINUOUS
10
6.0170866141732287
20
-4.5302175590551181
11
6.017030826771653
21
-4.5303062204724407
0
LINE
8
BLACK
6
CONTINUOUS
10
6.017030826771653
20
-4.5303062204724407
11
6.0169719685039365
21
-4.5303572440944881
0
LINE
8
BLACK
6
CONTINUOUS
10
6.0169719685039365
20
-4.5303572440944881
11
6.0167860629921259
21
-4.530583779527559
0
LINE
8
BLACK
6
CONTINUOUS
10
6.0167860629921259
20
-4.530583779527559
11
6.0143488582677165
21
-4.5330209842519684
0
LINE
8
BLACK
6
CONTINUOUS
10
6.0143488582677165
20
-4.5330209842519684
11
6.0141223622047244
21
-4.5332068110236223
0
LINE
8
BLACK
6
CONTINUOUS
10
6.0141223622047244
20
-4.5332068110236223
11
6.0140712992125982
21
-4.5332657480314964
0
LINE
8
BLACK
6
CONTINUOUS
10
6.0140712992125982
20
-4.5332657480314964
11
6.0139825196850394
21
-4.5333216141732287
0
LINE
8
BLACK
6
CONTINUOUS
10
6.0139825196850394
20
-4.5333216141732287
11
6.0139014173228347
21
-4.5333881889763781
0
LINE
8
BLACK
6
CONTINUOUS
10
6.0139014173228347
20
-4.5333881889763781
11
6.0138293307086617
21
-4.5334180314960628
0
LINE
8
BLACK
6
CONTINUOUS
10
6.0138293307086617
20
-4.5334180314960628
11
6.0135814173228344
21
-4.5335740944881886
0
LINE
8
BLACK
6
CONTINUOUS
10
6.0135814173228344
20
-4.5335740944881886
11
6.0087070472440942
21
-4.5360112598425193
0
LINE
8
BLACK
6
CONTINUOUS
10
6.0087070472440942
20
-4.5360112598425193
11
6.0081664173228342
21
-4.5362181496062988
0
LINE
8
BLACK
6
CONTINUOUS
10
6.0081664173228342
20
-4.5362181496062988
11
6.0080605905511808
21
-4.53622562992126
0
LINE
8
BLACK
6
CONTINUOUS
10
6.0080605905511808
20
-4.53622562992126
11
6.0079625984251965
21
-4.5362662598425194
0
LINE
8
BLACK
6
CONTINUOUS
10
6.0079625984251965
20
-4.5362662598425194
11
6.0073865354330707
21
-4.5363229921259842
0
LINE
8
BLACK
6
CONTINUOUS
10
6.0073865354330707
20
-4.5363229921259842
11
6.0000749606299211
21
-4.5363229921259842
0
LINE
8
BLACK
6
CONTINUOUS
10
6.0000749606299211
20
-4.5363229921259842
11
5.9994988976377952
21
-4.5362662598425194
0
LINE
8
BLACK
6
CONTINUOUS
10
5.9994988976377952
20
-4.5362662598425194
11
5.9994008661417322
21
-4.53622562992126
0
LINE
8
BLACK
6
CONTINUOUS
10
5.9994008661417322
20
-4.53622562992126
11
5.9992950787401575
21
-4.5362181496062988
0
LINE
8
BLACK
6
CONTINUOUS
10
5.9992950787401575
20
-4.5362181496062988
11
5.9987544488188975
21
-4.5360112598425193
0
LINE
8
BLACK
6
CONTINUOUS
10
5.9987544488188975
20
-4.5360112598425193
11
5.9938800787401574
21
-4.5335740944881886
0
LINE
8
BLACK
6
CONTINUOUS
10
5.9938800787401574
20
-4.5335740944881886
11
5.9936322440944885
21
-4.5334180708661416
0
LINE
8
BLACK
6
CONTINUOUS
10
5.9936322440944885
20
-4.5334180708661416
11
5.9935601181102358
21
-4.5333882283464568
0
LINE
8
BLACK
6
CONTINUOUS
10
5.9935601181102358
20
-4.5333882283464568
11
5.9934789370078736
21
-4.5333216141732287
0
LINE
8
BLACK
6
CONTINUOUS
10
5.9934789370078736
20
-4.5333216141732287
11
5.9933901968503935
21
-4.5332657480314964
0
LINE
8
BLACK
6
CONTINUOUS
10
5.9933901968503935
20
-4.5332657480314964
11
5.9933390551181098
21
-4.5332068110236223
0
LINE
8
BLACK
6
CONTINUOUS
10
5.9933390551181098
20
-4.5332068110236223
11
5.993112677165354
21
-4.5330209842519684
0
LINE
8
BLACK
6
CONTINUOUS
10
5.993112677165354
20
-4.5330209842519684
11
5.9906754724409446
21
-4.530583779527559
0
LINE
8
BLACK
6
CONTINUOUS
10
5.9906754724409446
20
-4.530583779527559
11
5.9904896062992128
21
-4.5303572834645669
0
LINE
8
BLACK
6
CONTINUOUS
10
5.9904896062992128
20
-4.5303572834645669
11
5.9904307480314962
21
-4.5303062598425194
0
LINE
8
BLACK
6
CONTINUOUS
10
5.9904307480314962
20
-4.5303062598425194
11
5.9903748425196852
21
-4.5302174803149606
0
LINE
8
BLACK
6
CONTINUOUS
10
5.9903748425196852
20
-4.5302174803149606
11
5.9903082677165349
21
-4.5301363385826772
0
LINE
8
BLACK
6
CONTINUOUS
10
5.9903082677165349
20
-4.5301363385826772
11
5.9902783858267714
21
-4.5300642519685042
0
LINE
8
BLACK
6
CONTINUOUS
10
5.9902783858267714
20
-4.5300642519685042
11
5.9901223622047244
21
-4.5298163779527556
0
LINE
8
BLACK
6
CONTINUOUS
10
5.9901223622047244
20
-4.5298163779527556
11
5.9876851574803149
21
-4.5249419685039367
0
LINE
8
BLACK
6
CONTINUOUS
10
5.9876851574803149
20
-4.5249419685039367
11
5.9874782677165355
21
-4.5244013385826767
0
LINE
8
BLACK
6
CONTINUOUS
10
5.9874782677165355
20
-4.5244013385826767
11
5.9874707480314964
21
-4.5242955118110233
0
LINE
8
BLACK
6
CONTINUOUS
10
5.9874707480314964
20
-4.5242955118110233
11
5.9874301574803148
21
-4.524197519685039
0
LINE
8
BLACK
6
CONTINUOUS
10
5.9874301574803148
20
-4.524197519685039
11
5.98737342519685
21
-4.5236214566929132
0
LINE
8
BLACK
6
CONTINUOUS
10
5.98737342519685
20
-4.5236214566929132
11
5.98737342519685
21
-4.508998307086614
0
LINE
8
BLACK
6
CONTINUOUS
10
5.98737342519685
20
-4.508998307086614
11
5.9874301574803148
21
-4.5084222440944881
0
LINE
8
BLACK
6
CONTINUOUS
10
5.9874301574803148
20
-4.5084222440944881
11
5.9874707480314964
21
-4.5083242125984251
0
LINE
8
BLACK
6
CONTINUOUS
10
5.9874707480314964
20
-4.5083242125984251
11
5.9874782677165355
21
-4.5082184251968505
0
LINE
8
BLACK
6
CONTINUOUS
10
5.9874782677165355
20
-4.5082184251968505
11
5.9876851574803149
21
-4.5076777952755904
0
LINE
8
BLACK
6
CONTINUOUS
10
5.9876851574803149
20
-4.5076777952755904
11
5.9901223622047244
21
-4.5028033858267715
0
LINE
8
BLACK
6
CONTINUOUS
10
5.9901223622047244
20
-4.5028033858267715
11
5.9902783858267714
21
-4.5025554724409451
0
LINE
8
BLACK
6
CONTINUOUS
10
5.9902783858267714
20
-4.5025554724409451
11
5.9903082677165349
21
-4.50248342519685
0
LINE
8
BLACK
6
CONTINUOUS
10
5.9903082677165349
20
-4.50248342519685
11
5.9903748425196852
21
-4.5024022440944877
0
LINE
8
BLACK
6
CONTINUOUS
10
5.9903748425196852
20
-4.5024022440944877
11
5.9904307480314962
21
-4.5023135039370077
0
LINE
8
BLACK
6
CONTINUOUS
10
5.9904307480314962
20
-4.5023135039370077
11
5.9904896062992128
21
-4.5022624409448815
0
LINE
8
BLACK
6
CONTINUOUS
10
5.9904896062992128
20
-4.5022624409448815
11
5.9906754724409446
21
-4.5020359842519682
0
LINE
8
BLACK
6
CONTINUOUS
10
5.9906754724409446
20
-4.5020359842519682
11
5.993112677165354
21
-4.4995987795275587
0
LINE
8
BLACK
6
CONTINUOUS
10
5.993112677165354
20
-4.4995987795275587
11
5.9933390551181098
21
-4.4994129133858269
0
LINE
8
BLACK
6
CONTINUOUS
10
5.9933390551181098
20
-4.4994129133858269
11
5.9933901968503935
21
-4.4993540157480316
0
LINE
8
BLACK
6
CONTINUOUS
10
5.9933901968503935
20
-4.4993540157480316
11
5.9934789370078736
21
-4.4992981102362206
0
LINE
8
BLACK
6
CONTINUOUS
10
5.9934789370078736
20
-4.4992981102362206
11
5.9935601181102358
21
-4.4992315354330712
0
LINE
8
BLACK
6
CONTINUOUS
10
5.9935601181102358
20
-4.4992315354330712
11
5.9936322440944885
21
-4.4992016535433068
0
LINE
8
BLACK
6
CONTINUOUS
10
5.9936322440944885
20
-4.4992016535433068
11
5.9938800787401574
21
-4.4990456692913385
0
LINE
8
BLACK
6
CONTINUOUS
10
5.9938800787401574
20
-4.4990456692913385
11
5.9987544488188975
21
-4.4966085039370078
0
LINE
8
BLACK
6
CONTINUOUS
10
5.9987544488188975
20
-4.4966085039370078
11
5.9992950787401575
21
-4.4964016141732284
0
LINE
8
BLACK
6
CONTINUOUS
10
5.9992950787401575
20
-4.4964016141732284
11
5.9994008661417322
21
-4.4963940944881893
0
LINE
8
BLACK
6
CONTINUOUS
10
5.9994008661417322
20
-4.4963940944881893
11
5.9994988976377952
21
-4.4963535039370077
0
LINE
8
BLACK
6
CONTINUOUS
10
5.9994988976377952
20
-4.4963535039370077
11
6.0000749606299211
21
-4.4962967716535429
0
LINE
8
BLACK
6
CONTINUOUS
10
6.0000749606299211
20
-4.4962967716535429
11
6.0073865354330707
21
-4.4962967716535429
0
LINE
8
BLACK
6
CONTINUOUS
10
6.0073865354330707
20
-4.4962967716535429
11
6.0079625984251965
21
-4.4963535039370077
0
LINE
8
BLACK
6
CONTINUOUS
10
5.99694968503937
20
-4.5041134251968504
11
5.9951901181102363
21
-4.5058729921259841
0
LINE
8
BLACK
6
CONTINUOUS
10
5.9951901181102363
20
-4.5058729921259841
11
5.9932789370078741
21
-4.5096953543307086
0
LINE
8
BLACK
6
CONTINUOUS
10
5.9932789370078741
20
-4.5096953543307086
11
5.9932789370078741
21
-4.5229244094488186
0
LINE
8
BLACK
6
CONTINUOUS
10
5.9932789370078741
20
-4.5229244094488186
11
5.9951901181102363
21
-4.526746771653543
0
LINE
8
BLACK
6
CONTINUOUS
10
5.9951901181102363
20
-4.526746771653543
11
5.99694968503937
21
-4.5285063385826767
0
LINE
8
BLACK
6
CONTINUOUS
10
5.99694968503937
20
-4.5285063385826767
11
6.0007719685039369
21
-4.5304174803149602
0
LINE
8
BLACK
6
CONTINUOUS
10
6.0007719685039369
20
-4.5304174803149602
11
6.0066894881889761
21
-4.5304174803149602
0
LINE
8
BLACK
6
CONTINUOUS
10
6.0066894881889761
20
-4.5304174803149602
11
6.0105118503937005
21
-4.528506299212598
0
LINE
8
BLACK
6
CONTINUOUS
10
6.0105118503937005
20
-4.528506299212598
11
6.0122713779527555
21
-4.526746771653543
0
LINE
8
BLACK
6
CONTINUOUS
10
6.0122713779527555
20
-4.526746771653543
11
6.0141825590551177
21
-4.5229244488188973
0
LINE
8
BLACK
6
CONTINUOUS
10
6.0141825590551177
20
-4.5229244488188973
11
6.0141825590551177
21
-4.5096952755905511
0
LINE
8
BLACK
6
CONTINUOUS
10
6.0141825590551177
20
-4.5096952755905511
11
6.0122713779527555
21
-4.5058729527559054
0
LINE
8
BLACK
6
CONTINUOUS
10
6.0122713779527555
20
-4.5058729527559054
11
6.0105118503937005
21
-4.5041134251968504
0
LINE
8
BLACK
6
CONTINUOUS
10
6.0105118503937005
20
-4.5041134251968504
11
6.0066894881889761
21
-4.502202283464567
0
LINE
8
BLACK
6
CONTINUOUS
10
6.0066894881889761
20
-4.502202283464567
11
6.0007719685039369
21
-4.502202283464567
0
LINE
8
BLACK
6
CONTINUOUS
10
6.0007719685039369
20
-4.502202283464567
11
5.99694968503937
21
-4.5041134251968504
0
LINE
8
BLACK
6
CONTINUOUS
10
6.1225107480314955
20
-4.4963535039370077
11
6.1226087401574798
21
-4.4963940944881893
0
LINE
8
BLACK
6
CONTINUOUS
10
6.1226087401574798
20
-4.4963940944881893
11
6.1227145669291341
21
-4.4964016141732284
0
LINE
8
BLACK
6
CONTINUOUS
10
6.1227145669291341
20
-4.4964016141732284
11
6.1232551968503932
21
-4.4966085039370078
0
LINE
8
BLACK
6
CONTINUOUS
10
6.1232551968503932
20
-4.4966085039370078
11
6.1281295669291334
21
-4.4990456692913385
0
LINE
8
BLACK
6
CONTINUOUS
10
6.1281295669291334
20
-4.4990456692913385
11
6.1286194488188972
21
-4.4993540157480316
0
LINE
8
BLACK
6
CONTINUOUS
10
6.1286194488188972
20
-4.4993540157480316
11
6.1293743307086617
21
-4.5002243700787403
0
LINE
8
BLACK
6
CONTINUOUS
10
6.1293743307086617
20
-4.5002243700787403
11
6.1297386614173224
21
-4.5013173622047242
0
LINE
8
BLACK
6
CONTINUOUS
10
6.1297386614173224
20
-4.5013173622047242
11
6.129657007874016
21
-4.5024665748031492
0
LINE
8
BLACK
6
CONTINUOUS
10
6.129657007874016
20
-4.5024665748031492
11
6.1291417716535435
21
-4.5034970472440943
0
LINE
8
BLACK
6
CONTINUOUS
10
6.1291417716535435
20
-4.5034970472440943
11
6.128271377952756
21
-4.5042519291338579
0
LINE
8
BLACK
6
CONTINUOUS
10
6.128271377952756
20
-4.5042519291338579
11
6.12717842519685
21
-4.5046162598425195
0
LINE
8
BLACK
6
CONTINUOUS
10
6.12717842519685
20
-4.5046162598425195
11
6.126029212598425
21
-4.5045346062992122
0
LINE
8
BLACK
6
CONTINUOUS
10
6.126029212598425
20
-4.5045346062992122
11
6.125488582677165
21
-4.5043277165354327
0
LINE
8
BLACK
6
CONTINUOUS
10
6.125488582677165
20
-4.5043277165354327
11
6.1212376377952751
21
-4.502202283464567
0
LINE
8
BLACK
6
CONTINUOUS
10
6.1212376377952751
20
-4.502202283464567
11
6.1128829133858265
21
-4.502202283464567
0
LINE
8
BLACK
6
CONTINUOUS
10
6.1128829133858265
20
-4.502202283464567
11
6.1095123622047245
21
-4.5038875196850396
0
LINE
8
BLACK
6
CONTINUOUS
10
6.1095123622047245
20
-4.5038875196850396
11
6.1078270866141731
21
-4.5072581496062991
0
LINE
8
BLACK
6
CONTINUOUS
10
6.1078270866141731
20
-4.5072581496062991
11
6.1078270866141731
21
-4.509610551181102
0
LINE
8
BLACK
6
CONTINUOUS
10
6.1078270866141731
20
-4.509610551181102
11
6.1104457480314958
21
-4.5109199212598421
0
LINE
8
BLACK
6
CONTINUOUS
10
6.1104457480314958
20
-4.5109199212598421
11
6.1219346850393697
21
-4.5109199212598421
0
LINE
8
BLACK
6
CONTINUOUS
10
6.1219346850393697
20
-4.5109199212598421
11
6.1225107480314955
21
-4.5109766535433069
0
LINE
8
BLACK
6
CONTINUOUS
10
6.1225107480314955
20
-4.5109766535433069
11
6.1226087401574798
21
-4.5110172440944885
0
LINE
8
BLACK
6
CONTINUOUS
10
6.1226087401574798
20
-4.5110172440944885
11
6.1227145669291341
21
-4.5110247637795275
0
LINE
8
BLACK
6
CONTINUOUS
10
6.1227145669291341
20
-4.5110247637795275
11
6.1232551968503932
21
-4.511231653543307
0
LINE
8
BLACK
6
CONTINUOUS
10
6.1232551968503932
20
-4.511231653543307
11
6.1281296062992121
21
-4.5136688582677165
0
LINE
8
BLACK
6
CONTINUOUS
10
6.1281296062992121
20
-4.5136688582677165
11
6.1282259055118109
21
-4.513729488188976
0
LINE
8
BLACK
6
CONTINUOUS
10
6.1282259055118109
20
-4.513729488188976
11
6.128271377952756
21
-4.5137446456692913
0
LINE
8
BLACK
6
CONTINUOUS
10
6.128271377952756
20
-4.5137446456692913
11
6.1283279921259837
21
-4.5137937401574799
0
LINE
8
BLACK
6
CONTINUOUS
10
6.1283279921259837
20
-4.5137937401574799
11
6.128619488188976
21
-4.5139772440944883
0
LINE
8
BLACK
6
CONTINUOUS
10
6.128619488188976
20
-4.5139772440944883
11
6.1288619685039372
21
-4.5142568110236221
0
LINE
8
BLACK
6
CONTINUOUS
10
6.1288619685039372
20
-4.5142568110236221
11
6.1291417716535435
21
-4.5144994881889762
0
LINE
8
BLACK
6
CONTINUOUS
10
6.1291417716535435
20
-4.5144994881889762
11
6.129325275590551
21
-4.5147910236220472
0
LINE
8
BLACK
6
CONTINUOUS
10
6.129325275590551
20
-4.5147910236220472
11
6.1293743307086617
21
-4.514847598425197
0
LINE
8
BLACK
6
CONTINUOUS
10
6.1293743307086617
20
-4.514847598425197
11
6.1293894488188974
21
-4.5148929921259837
0
LINE
8
BLACK
6
CONTINUOUS
10
6.1293894488188974
20
-4.5148929921259837
11
6.1294501181102357
21
-4.51498937007874
0
LINE
8
BLACK
6
CONTINUOUS
10
6.1294501181102357
20
-4.51498937007874
11
6.1318872834645664
21
-4.5198637401574802
0
LINE
8
BLACK
6
CONTINUOUS
10
6.1318872834645664
20
-4.5198637401574802
11
6.1320941732283467
21
-4.5204043700787402
0
LINE
8
BLACK
6
CONTINUOUS
10
6.1320941732283467
20
-4.5204043700787402
11
6.1321016535433071
21
-4.5205101574803148
0
LINE
8
BLACK
6
CONTINUOUS
10
6.1321016535433071
20
-4.5205101574803148
11
6.1321422834645665
21
-4.5206081889763778
0
LINE
8
BLACK
6
CONTINUOUS
10
6.1321422834645665
20
-4.5206081889763778
11
6.1321990157480313
21
-4.5211842519685037
0
LINE
8
BLACK
6
CONTINUOUS
10
6.1321990157480313
20
-4.5211842519685037
11
6.1321990157480313
21
-4.5260586614173226
0
LINE
8
BLACK
6
CONTINUOUS
10
6.1321990157480313
20
-4.5260586614173226
11
6.1321422834645665
21
-4.5266347244094485
0
LINE
8
BLACK
6
CONTINUOUS
10
6.1321422834645665
20
-4.5266347244094485
11
6.1321016535433071
21
-4.5267327165354327
0
LINE
8
BLACK
6
CONTINUOUS
10
6.1321016535433071
20
-4.5267327165354327
11
6.1320941732283467
21
-4.5268385433070861
0
LINE
8
BLACK
6
CONTINUOUS
10
6.1320941732283467
20
-4.5268385433070861
11
6.1318872834645664
21
-4.5273791732283462
0
LINE
8
BLACK
6
CONTINUOUS
10
6.1318872834645664
20
-4.5273791732283462
11
6.1294501181102357
21
-4.532253582677165
0
LINE
8
BLACK
6
CONTINUOUS
10
6.1294501181102357
20
-4.532253582677165
11
6.1293894881889761
21
-4.5323498425196851
0
LINE
8
BLACK
6
CONTINUOUS
10
6.1293894881889761
20
-4.5323498425196851
11
6.1293743307086617
21
-4.5323953937007877
0
LINE
8
BLACK
6
CONTINUOUS
10
6.1293743307086617
20
-4.5323953937007877
11
6.1293251574803147
21
-4.5324520472440941
0
LINE
8
BLACK
6
CONTINUOUS
10
6.1293251574803147
20
-4.5324520472440941
11
6.1291417716535435
21
-4.5327434251968501
0
LINE
8
BLACK
6
CONTINUOUS
10
6.1291417716535435
20
-4.5327434251968501
11
6.1288620866141734
21
-4.532985984251968
0
LINE
8
BLACK
6
CONTINUOUS
10
6.1288620866141734
20
-4.532985984251968
11
6.1286194488188972
21
-4.5332657480314964
0
LINE
8
BLACK
6
CONTINUOUS
10
6.1286194488188972
20
-4.5332657480314964
11
6.1283279921259837
21
-4.5334491732283464
0
LINE
8
BLACK
6
CONTINUOUS
10
6.1283279921259837
20
-4.5334491732283464
11
6.128271377952756
21
-4.5334983070866137
0
LINE
8
BLACK
6
CONTINUOUS
10
6.128271377952756
20
-4.5334983070866137
11
6.1282258661417321
21
-4.5335134645669291
0
LINE
8
BLACK
6
CONTINUOUS
10
6.1282258661417321
20
-4.5335134645669291
11
6.1281295669291334
21
-4.5335740944881886
0
LINE
8
BLACK
6
CONTINUOUS
10
6.1281295669291334
20
-4.5335740944881886
11
6.1232551968503932
21
-4.5360112598425193
0
LINE
8
BLACK
6
CONTINUOUS
10
6.1232551968503932
20
-4.5360112598425193
11
6.1227145669291341
21
-4.5362181496062988
0
LINE
8
BLACK
6
CONTINUOUS
10
6.1227145669291341
20
-4.5362181496062988
11
6.1226087401574798
21
-4.53622562992126
0
LINE
8
BLACK
6
CONTINUOUS
10
6.1226087401574798
20
-4.53622562992126
11
6.1225107480314955
21
-4.5362662598425194
0
LINE
8
BLACK
6
CONTINUOUS
10
6.1225107480314955
20
-4.5362662598425194
11
6.1219346850393697
21
-4.5363229921259842
0
LINE
8
BLACK
6
CONTINUOUS
10
6.1219346850393697
20
-4.5363229921259842
11
6.1097487007874012
21
-4.5363229921259842
0
LINE
8
BLACK
6
CONTINUOUS
10
6.1097487007874012
20
-4.5363229921259842
11
6.1091726377952753
21
-4.5362662598425194
0
LINE
8
BLACK
6
CONTINUOUS
10
6.1091726377952753
20
-4.5362662598425194
11
6.1090746062992123
21
-4.53622562992126
0
LINE
8
BLACK
6
CONTINUOUS
10
6.1090746062992123
20
-4.53622562992126
11
6.1089688188976377
21
-4.5362181496062988
0
LINE
8
BLACK
6
CONTINUOUS
10
6.1089688188976377
20
-4.5362181496062988
11
6.1084281889763776
21
-4.5360112598425193
0
LINE
8
BLACK
6
CONTINUOUS
10
6.1084281889763776
20
-4.5360112598425193
11
6.1070286220472436
21
-4.5353114960629917
0
LINE
8
BLACK
6
CONTINUOUS
10
6.1070286220472436
20
-4.5353114960629917
11
6.1065148031496062
21
-4.5358253543307088
0
LINE
8
BLACK
6
CONTINUOUS
10
6.1065148031496062
20
-4.5358253543307088
11
6.1054503937007869
21
-4.5362662598425194
0
LINE
8
BLACK
6
CONTINUOUS
10
6.1054503937007869
20
-4.5362662598425194
11
6.1042982677165352
21
-4.5362662598425194
0
LINE
8
BLACK
6
CONTINUOUS
10
6.1042982677165352
20
-4.5362662598425194
11
6.1032338582677168
21
-4.5358253543307088
0
LINE
8
BLACK
6
CONTINUOUS
10
6.1032338582677168
20
-4.5358253543307088
11
6.1024192125984253
21
-4.5350107086614173
0
LINE
8
BLACK
6
CONTINUOUS
10
6.1024192125984253
20
-4.5350107086614173
11
6.1019783070866138
21
-4.5339462992125981
0
LINE
8
BLACK
6
CONTINUOUS
10
6.1019783070866138
20
-4.5339462992125981
11
6.1019215748031499
21
-4.5333702362204722
0
LINE
8
BLACK
6
CONTINUOUS
10
6.1019215748031499
20
-4.5333702362204722
11
6.1019215748031499
21
-4.5065611023622045
0
LINE
8
BLACK
6
CONTINUOUS
10
6.1019215748031499
20
-4.5065611023622045
11
6.1019783070866138
21
-4.5059850393700787
0
LINE
8
BLACK
6
CONTINUOUS
10
6.1019783070866138
20
-4.5059850393700787
11
6.1020188976377954
21
-4.5058870078740156
0
LINE
8
BLACK
6
CONTINUOUS
10
6.1020188976377954
20
-4.5058870078740156
11
6.1020264173228345
21
-4.505781220472441
0
LINE
8
BLACK
6
CONTINUOUS
10
6.1020264173228345
20
-4.505781220472441
11
6.1022333070866139
21
-4.505240590551181
0
LINE
8
BLACK
6
CONTINUOUS
10
6.1022333070866139
20
-4.505240590551181
11
6.1046705118110234
21
-4.5003661811023621
0
LINE
8
BLACK
6
CONTINUOUS
10
6.1046705118110234
20
-4.5003661811023621
11
6.1047311417322829
21
-4.5002698425196845
0
LINE
8
BLACK
6
CONTINUOUS
10
6.1047311417322829
20
-4.5002698425196845
11
6.1047462992125983
21
-4.5002244094488191
0
LINE
8
BLACK
6
CONTINUOUS
10
6.1047462992125983
20
-4.5002244094488191
11
6.1047953937007868
21
-4.5001677559055118
0
LINE
8
BLACK
6
CONTINUOUS
10
6.1047953937007868
20
-4.5001677559055118
11
6.1049788976377952
21
-4.4998762992125982
0
LINE
8
BLACK
6
CONTINUOUS
10
6.1049788976377952
20
-4.4998762992125982
11
6.105258464566929
21
-4.4996337795275592
0
LINE
8
BLACK
6
CONTINUOUS
10
6.105258464566929
20
-4.4996337795275592
11
6.1055011417322831
21
-4.4993540157480316
0
LINE
8
BLACK
6
CONTINUOUS
10
6.1055011417322831
20
-4.4993540157480316
11
6.1057926771653541
21
-4.4991704724409445
0
LINE
8
BLACK
6
CONTINUOUS
10
6.1057926771653541
20
-4.4991704724409445
11
6.1058492519685039
21
-4.4991214566929134
0
LINE
8
BLACK
6
CONTINUOUS
10
6.1058492519685039
20
-4.4991214566929134
11
6.1058946456692915
21
-4.4991062992125981
0
LINE
8
BLACK
6
CONTINUOUS
10
6.1058946456692915
20
-4.4991062992125981
11
6.1059910236220469
21
-4.4990456692913385
0
LINE
8
BLACK
6
CONTINUOUS
10
6.1059910236220469
20
-4.4990456692913385
11
6.1108653937007871
21
-4.4966085039370078
0
LINE
8
BLACK
6
CONTINUOUS
10
6.1108653937007871
20
-4.4966085039370078
11
6.1114060236220471
21
-4.4964016141732284
0
LINE
8
BLACK
6
CONTINUOUS
10
6.1114060236220471
20
-4.4964016141732284
11
6.1115118110236217
21
-4.4963940944881893
0
LINE
8
BLACK
6
CONTINUOUS
10
6.1115118110236217
20
-4.4963940944881893
11
6.1116098425196848
21
-4.4963535039370077
0
LINE
8
BLACK
6
CONTINUOUS
10
6.1116098425196848
20
-4.4963535039370077
11
6.1121859055118106
21
-4.4962967716535429
0
LINE
8
BLACK
6
CONTINUOUS
10
6.1121859055118106
20
-4.4962967716535429
11
6.1219346850393697
21
-4.4962967716535429
0
LINE
8
BLACK
6
CONTINUOUS
10
6.1219346850393697
20
-4.4962967716535429
11
6.1225107480314955
21
-4.4963535039370077
0
LINE
8
BLACK
6
CONTINUOUS
10
6.1078270866141731
20
-4.5291081496062988
11
6.110445708661417
21
-4.5304174803149602
0
LINE
8
BLACK
6
CONTINUOUS
10
6.110445708661417
20
-4.5304174803149602
11
6.1212376377952751
21
-4.5304174803149602
0
LINE
8
BLACK
6
CONTINUOUS
10
6.1212376377952751
20
-4.5304174803149602
11
6.1246082283464567
21
-4.5287322047244096
0
LINE
8
BLACK
6
CONTINUOUS
10
6.1246082283464567
20
-4.5287322047244096
11
6.1262935039370081
21
-4.5253616535433068
0
LINE
8
BLACK
6
CONTINUOUS
10
6.1262935039370081
20
-4.5253616535433068
11
6.1262935039370081
21
-4.5218812598425195
0
LINE
8
BLACK
6
CONTINUOUS
10
6.1262935039370081
20
-4.5218812598425195
11
6.1246082283464567
21
-4.5185107086614176
0
LINE
8
BLACK
6
CONTINUOUS
10
6.1246082283464567
20
-4.5185107086614176
11
6.1212376377952751
21
-4.5168254330708661
0
LINE
8
BLACK
6
CONTINUOUS
10
6.1212376377952751
20
-4.5168254330708661
11
6.1097487007874012
21
-4.5168254330708661
0
LINE
8
BLACK
6
CONTINUOUS
10
6.1097487007874012
20
-4.5168254330708661
11
6.1091726377952753
21
-4.5167687007874013
0
LINE
8
BLACK
6
CONTINUOUS
10
6.1091726377952753
20
-4.5167687007874013
11
6.1090746062992123
21
-4.5167280708661419
0
LINE
8
BLACK
6
CONTINUOUS
10
6.1090746062992123
20
-4.5167280708661419
11
6.1089688188976377
21
-4.5167205905511807
0
LINE
8
BLACK
6
CONTINUOUS
10
6.1089688188976377
20
-4.5167205905511807
11
6.1084281889763776
21
-4.5165137007874012
0
LINE
8
BLACK
6
CONTINUOUS
10
6.1084281889763776
20
-4.5165137007874012
11
6.1078270866141731
21
-4.5162131102362206
0
LINE
8
BLACK
6
CONTINUOUS
10
6.1078270866141731
20
-4.5162131102362206
11
6.1078270866141731
21
-4.5291081496062988
0
LINE
8
BLACK
6
CONTINUOUS
10
6.0431477559055118
20
-4.479734015748031
11
6.0439624015748032
21
-4.4805486614173224
0
LINE
8
BLACK
6
CONTINUOUS
10
6.0439624015748032
20
-4.4805486614173224
11
6.0444033070866139
21
-4.4816130708661417
0
LINE
8
BLACK
6
CONTINUOUS
10
6.0444033070866139
20
-4.4816130708661417
11
6.0444600393700787
21
-4.4821891338582676
0
LINE
8
BLACK
6
CONTINUOUS
10
6.0444600393700787
20
-4.4821891338582676
11
6.0444600393700787
21
-4.5260586614173226
0
LINE
8
BLACK
6
CONTINUOUS
10
6.0444600393700787
20
-4.5260586614173226
11
6.0444033070866139
21
-4.5266347244094485
0
LINE
8
BLACK
6
CONTINUOUS
10
6.0444033070866139
20
-4.5266347244094485
11
6.0443626771653545
21
-4.5267327165354327
0
LINE
8
BLACK
6
CONTINUOUS
10
6.0443626771653545
20
-4.5267327165354327
11
6.0443551968503932
21
-4.5268385433070861
0
LINE
8
BLACK
6
CONTINUOUS
10
6.0443551968503932
20
-4.5268385433070861
11
6.0441483070866138
21
-4.5273791732283462
0
LINE
8
BLACK
6
CONTINUOUS
10
6.0441483070866138
20
-4.5273791732283462
11
6.0417111023622043
21
-4.532253582677165
0
LINE
8
BLACK
6
CONTINUOUS
10
6.0417111023622043
20
-4.532253582677165
11
6.0416504724409448
21
-4.5323498818897638
0
LINE
8
BLACK
6
CONTINUOUS
10
6.0416504724409448
20
-4.5323498818897638
11
6.0416353149606294
21
-4.5323953937007877
0
LINE
8
BLACK
6
CONTINUOUS
10
6.0416353149606294
20
-4.5323953937007877
11
6.0415861811023621
21
-4.5324520078740154
0
LINE
8
BLACK
6
CONTINUOUS
10
6.0415861811023621
20
-4.5324520078740154
11
6.0414027559055112
21
-4.5327434645669289
0
LINE
8
BLACK
6
CONTINUOUS
10
6.0414027559055112
20
-4.5327434645669289
11
6.0411229527559049
21
-4.5329860629921255
0
LINE
8
BLACK
6
CONTINUOUS
10
6.0411229527559049
20
-4.5329860629921255
11
6.0408804330708659
21
-4.5332657480314964
0
LINE
8
BLACK
6
CONTINUOUS
10
6.0408804330708659
20
-4.5332657480314964
11
6.0405889763779523
21
-4.5334491732283464
0
LINE
8
BLACK
6
CONTINUOUS
10
6.0405889763779523
20
-4.5334491732283464
11
6.0405323622047247
21
-4.5334983070866137
0
LINE
8
BLACK
6
CONTINUOUS
10
6.0405323622047247
20
-4.5334983070866137
11
6.0404868503937008
21
-4.5335134645669291
0
LINE
8
BLACK
6
CONTINUOUS
10
6.0404868503937008
20
-4.5335134645669291
11
6.040390551181102
21
-4.5335740944881886
0
LINE
8
BLACK
6
CONTINUOUS
10
6.040390551181102
20
-4.5335740944881886
11
6.0355161811023619
21
-4.5360112598425193
0
LINE
8
BLACK
6
CONTINUOUS
10
6.0355161811023619
20
-4.5360112598425193
11
6.0349755511811018
21
-4.5362181496062988
0
LINE
8
BLACK
6
CONTINUOUS
10
6.0349755511811018
20
-4.5362181496062988
11
6.0338263385826769
21
-4.536299803149606
0
LINE
8
BLACK
6
CONTINUOUS
10
6.0338263385826769
20
-4.536299803149606
11
6.0327333858267718
21
-4.5359354724409444
0
LINE
8
BLACK
6
CONTINUOUS
10
6.0327333858267718
20
-4.5359354724409444
11
6.0318629921259843
21
-4.5351805905511808
0
LINE
8
BLACK
6
CONTINUOUS
10
6.0318629921259843
20
-4.5351805905511808
11
6.0313477559055118
21
-4.5341501181102357
0
LINE
8
BLACK
6
CONTINUOUS
10
6.0313477559055118
20
-4.5341501181102357
11
6.0312661023622045
21
-4.5330009055118108
0
LINE
8
BLACK
6
CONTINUOUS
10
6.0312661023622045
20
-4.5330009055118108
11
6.0316304330708661
21
-4.5319079527559056
0
LINE
8
BLACK
6
CONTINUOUS
10
6.0316304330708661
20
-4.5319079527559056
11
6.0323853149606297
21
-4.5310375590551182
0
LINE
8
BLACK
6
CONTINUOUS
10
6.0323853149606297
20
-4.5310375590551182
11
6.0328751574803148
21
-4.5307292125984251
0
LINE
8
BLACK
6
CONTINUOUS
10
6.0328751574803148
20
-4.5307292125984251
11
6.0368692125984253
21
-4.5287322047244096
0
LINE
8
BLACK
6
CONTINUOUS
10
6.0368692125984253
20
-4.5287322047244096
11
6.0385545275590546
21
-4.525361614173228
0
LINE
8
BLACK
6
CONTINUOUS
10
6.0385545275590546
20
-4.525361614173228
11
6.0385545275590546
21
-4.4821891338582676
0
LINE
8
BLACK
6
CONTINUOUS
10
6.0385545275590546
20
-4.4821891338582676
11
6.0386112598425195
21
-4.4816130708661417
0
LINE
8
BLACK
6
CONTINUOUS
10
6.0386112598425195
20
-4.4816130708661417
11
6.039052165354331
21
-4.4805486614173224
0
LINE
8
BLACK
6
CONTINUOUS
10
6.039052165354331
20
-4.4805486614173224
11
6.0398668110236216
21
-4.479734015748031
0
LINE
8
BLACK
6
CONTINUOUS
10
6.0398668110236216
20
-4.479734015748031
11
6.0409312204724408
21
-4.4792931102362203
0
LINE
8
BLACK
6
CONTINUOUS
10
6.0409312204724408
20
-4.4792931102362203
11
6.0420833464566925
21
-4.4792931102362203
0
LINE
8
BLACK
6
CONTINUOUS
10
6.0420833464566925
20
-4.4792931102362203
11
6.0431477559055118
21
-4.479734015748031
0
LINE
8
BLACK
6
CONTINUOUS
10
6.1785662598425199
20
-4.4792931102362203
11
6.1796306692913383
21
-4.479734015748031
0
LINE
8
BLACK
6
CONTINUOUS
10
6.1796306692913383
20
-4.479734015748031
11
6.1804453149606298
21
-4.4805486614173224
0
LINE
8
BLACK
6
CONTINUOUS
10
6.1804453149606298
20
-4.4805486614173224
11
6.1808862204724404
21
-4.4816130708661417
0
LINE
8
BLACK
6
CONTINUOUS
10
6.1808862204724404
20
-4.4816130708661417
11
6.1809429527559052
21
-4.4821891338582676
0
LINE
8
BLACK
6
CONTINUOUS
10
6.1809429527559052
20
-4.4821891338582676
11
6.1809429527559052
21
-4.5333702362204722
0
LINE
8
BLACK
6
CONTINUOUS
10
6.1809429527559052
20
-4.5333702362204722
11
6.1808862204724404
21
-4.5339462992125981
0
LINE
8
BLACK
6
CONTINUOUS
10
6.1808862204724404
20
-4.5339462992125981
11
6.1804453149606298
21
-4.5350107086614173
0
LINE
8
BLACK
6
CONTINUOUS
10
6.1804453149606298
20
-4.5350107086614173
11
6.1796306692913383
21
-4.5358253543307088
0
LINE
8
BLACK
6
CONTINUOUS
10
6.1796306692913383
20
-4.5358253543307088
11
6.1785662598425199
21
-4.5362662598425194
0
LINE
8
BLACK
6
CONTINUOUS
10
6.1785662598425199
20
-4.5362662598425194
11
6.1774141338582673
21
-4.5362662598425194
0
LINE
8
BLACK
6
CONTINUOUS
10
6.1774141338582673
20
-4.5362662598425194
11
6.176349724409449
21
-4.5358253543307088
0
LINE
8
BLACK
6
CONTINUOUS
10
6.176349724409449
20
-4.5358253543307088
11
6.1755350787401575
21
-4.5350107086614173
0
LINE
8
BLACK
6
CONTINUOUS
10
6.1755350787401575
20
-4.5350107086614173
11
6.175094173228346
21
-4.5339462992125981
0
LINE
8
BLACK
6
CONTINUOUS
10
6.175094173228346
20
-4.5339462992125981
11
6.1750374409448821
21
-4.5333702362204722
0
LINE
8
BLACK
6
CONTINUOUS
10
6.1750374409448821
20
-4.5333702362204722
11
6.1750374409448821
21
-4.511951062992126
0
LINE
8
BLACK
6
CONTINUOUS
10
6.1750374409448821
20
-4.511951062992126
11
6.1584926377952751
21
-4.511951062992126
0
LINE
8
BLACK
6
CONTINUOUS
10
6.1584926377952751
20
-4.511951062992126
11
6.1579165748031492
21
-4.5118943307086612
0
LINE
8
BLACK
6
CONTINUOUS
10
6.1579165748031492
20
-4.5118943307086612
11
6.1578185433070862
21
-4.5118537007874018
0
LINE
8
BLACK
6
CONTINUOUS
10
6.1578185433070862
20
-4.5118537007874018
11
6.1577127559055116
21
-4.5118462204724405
0
LINE
8
BLACK
6
CONTINUOUS
10
6.1577127559055116
20
-4.5118462204724405
11
6.1571721259842516
21
-4.5116393307086611
0
LINE
8
BLACK
6
CONTINUOUS
10
6.1571721259842516
20
-4.5116393307086611
11
6.1522977165354327
21
-4.5092021259842516
0
LINE
8
BLACK
6
CONTINUOUS
10
6.1522977165354327
20
-4.5092021259842516
11
6.1520498818897638
21
-4.5090461023622046
0
LINE
8
BLACK
6
CONTINUOUS
10
6.1520498818897638
20
-4.5090461023622046
11
6.151977755905512
21
-4.5090162598425199
0
LINE
8
BLACK
6
CONTINUOUS
10
6.151977755905512
20
-4.5090162598425199
11
6.1518965748031498
21
-4.5089496456692908
0
LINE
8
BLACK
6
CONTINUOUS
10
6.1518965748031498
20
-4.5089496456692908
11
6.1518078346456688
21
-4.5088937795275585
0
LINE
8
BLACK
6
CONTINUOUS
10
6.1518078346456688
20
-4.5088937795275585
11
6.151756692913386
21
-4.5088348425196854
0
LINE
8
BLACK
6
CONTINUOUS
10
6.151756692913386
20
-4.5088348425196854
11
6.1515303149606302
21
-4.5086490157480315
0
LINE
8
BLACK
6
CONTINUOUS
10
6.1515303149606302
20
-4.5086490157480315
11
6.1490931102362207
21
-4.506211811023622
0
LINE
8
BLACK
6
CONTINUOUS
10
6.1490931102362207
20
-4.506211811023622
11
6.1489072440944881
21
-4.5059853149606299
0
LINE
8
BLACK
6
CONTINUOUS
10
6.1489072440944881
20
-4.5059853149606299
11
6.1488483464566928
21
-4.5059342519685037
0
LINE
8
BLACK
6
CONTINUOUS
10
6.1488483464566928
20
-4.5059342519685037
11
6.1487924409448818
21
-4.5058454724409449
0
LINE
8
BLACK
6
CONTINUOUS
10
6.1487924409448818
20
-4.5058454724409449
11
6.1487259055118111
21
-4.5057643700787402
0
LINE
8
BLACK
6
CONTINUOUS
10
6.1487259055118111
20
-4.5057643700787402
11
6.1486960236220467
21
-4.5056922834645672
0
LINE
8
BLACK
6
CONTINUOUS
10
6.1486960236220467
20
-4.5056922834645672
11
6.1485399999999997
21
-4.5054443700787399
0
LINE
8
BLACK
6
CONTINUOUS
10
6.1485399999999997
20
-4.5054443700787399
11
6.146102834645669
21
-4.5005700393700785
0
LINE
8
BLACK
6
CONTINUOUS
10
6.146102834645669
20
-4.5005700393700785
11
6.1458959448818895
21
-4.5000294094488185
0
LINE
8
BLACK
6
CONTINUOUS
10
6.1458959448818895
20
-4.5000294094488185
11
6.1458884251968504
21
-4.4999235826771651
0
LINE
8
BLACK
6
CONTINUOUS
10
6.1458884251968504
20
-4.4999235826771651
11
6.1458478346456689
21
-4.4998255905511808
0
LINE
8
BLACK
6
CONTINUOUS
10
6.1458478346456689
20
-4.4998255905511808
11
6.1457911023622049
21
-4.4992495275590549
0
LINE
8
BLACK
6
CONTINUOUS
10
6.1457911023622049
20
-4.4992495275590549
11
6.1457911023622049
21
-4.4919379133858266
0
LINE
8
BLACK
6
CONTINUOUS
10
6.1457911023622049
20
-4.4919379133858266
11
6.1458478346456689
21
-4.4913618503937007
0
LINE
8
BLACK
6
CONTINUOUS
10
6.1458478346456689
20
-4.4913618503937007
11
6.1458884251968504
21
-4.4912638188976377
0
LINE
8
BLACK
6
CONTINUOUS
10
6.1458884251968504
20
-4.4912638188976377
11
6.1458959448818895
21
-4.4911580314960631
0
LINE
8
BLACK
6
CONTINUOUS
10
6.1458959448818895
20
-4.4911580314960631
11
6.146102834645669
21
-4.490617401574803
0
LINE
8
BLACK
6
CONTINUOUS
10
6.146102834645669
20
-4.490617401574803
11
6.1485399999999997
21
-4.4857430708661417
0
LINE
8
BLACK
6
CONTINUOUS
10
6.1485399999999997
20
-4.4857430708661417
11
6.1486960236220467
21
-4.4854951181102365
0
LINE
8
BLACK
6
CONTINUOUS
10
6.1486960236220467
20
-4.4854951181102365
11
6.1487259055118111
21
-4.4854230708661413
0
LINE
8
BLACK
6
CONTINUOUS
10
6.1487259055118111
20
-4.4854230708661413
11
6.1487924409448818
21
-4.4853419291338579
0
LINE
8
BLACK
6
CONTINUOUS
10
6.1487924409448818
20
-4.4853419291338579
11
6.1488483464566928
21
-4.4852531889763778
0
LINE
8
BLACK
6
CONTINUOUS
10
6.1488483464566928
20
-4.4852531889763778
11
6.1489072440944881
21
-4.4852020866141729
0
LINE
8
BLACK
6
CONTINUOUS
10
6.1489072440944881
20
-4.4852020866141729
11
6.1490931102362207
21
-4.4849756299212595
0
LINE
8
BLACK
6
CONTINUOUS
10
6.1490931102362207
20
-4.4849756299212595
11
6.1515303149606302
21
-4.4825384251968501
0
LINE
8
BLACK
6
CONTINUOUS
10
6.1515303149606302
20
-4.4825384251968501
11
6.151756692913386
21
-4.4823525590551183
0
LINE
8
BLACK
6
CONTINUOUS
10
6.151756692913386
20
-4.4823525590551183
11
6.1518078346456688
21
-4.482293661417323
0
LINE
8
BLACK
6
CONTINUOUS
10
6.1518078346456688
20
-4.482293661417323
11
6.1518965748031498
21
-4.482237755905512
0
LINE
8
BLACK
6
CONTINUOUS
10
6.1518965748031498
20
-4.482237755905512
11
6.151977755905512
21
-4.4821711811023617
0
LINE
8
BLACK
6
CONTINUOUS
10
6.151977755905512
20
-4.4821711811023617
11
6.1520498818897638
21
-4.4821412992125982
0
LINE
8
BLACK
6
CONTINUOUS
10
6.1520498818897638
20
-4.4821412992125982
11
6.1522977165354327
21
-4.4819853149606299
0
LINE
8
BLACK
6
CONTINUOUS
10
6.1522977165354327
20
-4.4819853149606299
11
6.1571721259842516
21
-4.4795481102362205
0
LINE
8
BLACK
6
CONTINUOUS
10
6.1571721259842516
20
-4.4795481102362205
11
6.1577127559055116
21
-4.479341220472441
0
LINE
8
BLACK
6
CONTINUOUS
10
6.1577127559055116
20
-4.479341220472441
11
6.1578185433070862
21
-4.4793337007874019
0
LINE
8
BLACK
6
CONTINUOUS
10
6.1578185433070862
20
-4.4793337007874019
11
6.1579165748031492
21
-4.4792931102362203
0
LINE
8
BLACK
6
CONTINUOUS
10
6.1579165748031492
20
-4.4792931102362203
11
6.1584926377952751
21
-4.4792363779527555
0
LINE
8
BLACK
6
CONTINUOUS
10
6.1584926377952751
20
-4.4792363779527555
11
6.1779901968503932
21
-4.4792363779527555
0
LINE
8
BLACK
6
CONTINUOUS
10
6.1779901968503932
20
-4.4792363779527555
11
6.1785662598425199
21
-4.4792931102362203
0
LINE
8
BLACK
6
CONTINUOUS
10
6.1553673228346453
20
-4.4870530708661418
11
6.1536077559055116
21
-4.4888125984251968
0
LINE
8
BLACK
6
CONTINUOUS
10
6.1536077559055116
20
-4.4888125984251968
11
6.1516966141732281
21
-4.4926349212598424
0
LINE
8
BLACK
6
CONTINUOUS
10
6.1516966141732281
20
-4.4926349212598424
11
6.1516966141732281
21
-4.4985524803149604
0
LINE
8
BLACK
6
CONTINUOUS
10
6.1516966141732281
20
-4.4985524803149604
11
6.1536077559055116
21
-4.502374803149606
0
LINE
8
BLACK
6
CONTINUOUS
10
6.1536077559055116
20
-4.502374803149606
11
6.1553673228346453
21
-4.5041343700787397
0
LINE
8
BLACK
6
CONTINUOUS
10
6.1553673228346453
20
-4.5041343700787397
11
6.1591896850393697
21
-4.5060455511811019
0
LINE
8
BLACK
6
CONTINUOUS
10
6.1591896850393697
20
-4.5060455511811019
11
6.1750374409448821
21
-4.5060455511811019
0
LINE
8
BLACK
6
CONTINUOUS
10
6.1750374409448821
20
-4.5060455511811019
11
6.1750374409448821
21
-4.4851418897637796
0
LINE
8
BLACK
6
CONTINUOUS
10
6.1750374409448821
20
-4.4851418897637796
11
6.1591896850393697
21
-4.4851418897637796
0
LINE
8
BLACK
6
CONTINUOUS
10
6.1591896850393697
20
-4.4851418897637796
11
6.1553673228346453
21
-4.4870530708661418
0
LINE
8
BLACK
6
CONTINUOUS
10
6.2614309055118111
20
-4.4792931102362203
11
6.2624953149606295
21
-4.479734015748031
0
LINE
8
BLACK
6
CONTINUOUS
10
6.2624953149606295
20
-4.479734015748031
11
6.263309960629921
21
-4.4805486614173224
0
LINE
8
BLACK
6
CONTINUOUS
10
6.263309960629921
20
-4.4805486614173224
11
6.2637508661417325
21
-4.4816130708661417
0
LINE
8
BLACK
6
CONTINUOUS
10
6.2637508661417325
20
-4.4816130708661417
11
6.2638075984251964
21
-4.4821891338582676
0
LINE
8
BLACK
6
CONTINUOUS
10
6.2638075984251964
20
-4.4821891338582676
11
6.2638075984251964
21
-4.5333702362204722
0
LINE
8
BLACK
6
CONTINUOUS
10
6.2638075984251964
20
-4.5333702362204722
11
6.2637508661417325
21
-4.5339462992125981
0
LINE
8
BLACK
6
CONTINUOUS
10
6.2637508661417325
20
-4.5339462992125981
11
6.263309960629921
21
-4.5350107086614173
0
LINE
8
BLACK
6
CONTINUOUS
10
6.263309960629921
20
-4.5350107086614173
11
6.2624953149606295
21
-4.5358253543307088
0
LINE
8
BLACK
6
CONTINUOUS
10
6.2624953149606295
20
-4.5358253543307088
11
6.2614309055118111
21
-4.5362662598425194
0
LINE
8
BLACK
6
CONTINUOUS
10
6.2614309055118111
20
-4.5362662598425194
11
6.2602787795275585
21
-4.5362662598425194
0
LINE
8
BLACK
6
CONTINUOUS
10
6.2602787795275585
20
-4.5362662598425194
11
6.2592143700787402
21
-4.5358253543307088
0
LINE
8
BLACK
6
CONTINUOUS
10
6.2592143700787402
20
-4.5358253543307088
11
6.2583997244094487
21
-4.5350107086614173
0
LINE
8
BLACK
6
CONTINUOUS
10
6.2583997244094487
20
-4.5350107086614173
11
6.2579588188976381
21
-4.5339462992125981
0
LINE
8
BLACK
6
CONTINUOUS
10
6.2579588188976381
20
-4.5339462992125981
11
6.2579020866141732
21
-4.5333702362204722
0
LINE
8
BLACK
6
CONTINUOUS
10
6.2579020866141732
20
-4.5333702362204722
11
6.2579020866141732
21
-4.5095138582677166
0
LINE
8
BLACK
6
CONTINUOUS
10
6.2579020866141732
20
-4.5095138582677166
11
6.2437944488188979
21
-4.5095138582677166
0
LINE
8
BLACK
6
CONTINUOUS
10
6.2437944488188979
20
-4.5095138582677166
11
6.2432183858267711
21
-4.5094571259842517
0
LINE
8
BLACK
6
CONTINUOUS
10
6.2432183858267711
20
-4.5094571259842517
11
6.2421539763779528
21
-4.5090162204724411
0
LINE
8
BLACK
6
CONTINUOUS
10
6.2421539763779528
20
-4.5090162204724411
11
6.2413393307086613
21
-4.5082015748031496
0
LINE
8
BLACK
6
CONTINUOUS
10
6.2413393307086613
20
-4.5082015748031496
11
6.2408984251968507
21
-4.5071371653543304
0
LINE
8
BLACK
6
CONTINUOUS
10
6.2408984251968507
20
-4.5071371653543304
11
6.2408984251968507
21
-4.5059850393700787
0
LINE
8
BLACK
6
CONTINUOUS
10
6.2408984251968507
20
-4.5059850393700787
11
6.2413393307086613
21
-4.5049206299212594
0
LINE
8
BLACK
6
CONTINUOUS
10
6.2413393307086613
20
-4.5049206299212594
11
6.2421539763779528
21
-4.5041059842519688
0
LINE
8
BLACK
6
CONTINUOUS
10
6.2421539763779528
20
-4.5041059842519688
11
6.2432183858267711
21
-4.5036650787401573
0
LINE
8
BLACK
6
CONTINUOUS
10
6.2432183858267711
20
-4.5036650787401573
11
6.2437944488188979
21
-4.5036083464566925
0
LINE
8
BLACK
6
CONTINUOUS
10
6.2437944488188979
20
-4.5036083464566925
11
6.2579020866141732
21
-4.5036083464566925
0
LINE
8
BLACK
6
CONTINUOUS
10
6.2579020866141732
20
-4.5036083464566925
11
6.2579020866141732
21
-4.4851418897637796
0
LINE
8
BLACK
6
CONTINUOUS
10
6.2579020866141732
20
-4.4851418897637796
11
6.2364828740157483
21
-4.4851418897637796
0
LINE
8
BLACK
6
CONTINUOUS
10
6.2364828740157483
20
-4.4851418897637796
11
6.2359068110236215
21
-4.4850851574803148
0
LINE
8
BLACK
6
CONTINUOUS
10
6.2359068110236215
20
-4.4850851574803148
11
6.2348424015748032
21
-4.4846442519685041
0
LINE
8
BLACK
6
CONTINUOUS
10
6.2348424015748032
20
-4.4846442519685041
11
6.2340277559055117
21
-4.4838296062992127
0
LINE
8
BLACK
6
CONTINUOUS
10
6.2340277559055117
20
-4.4838296062992127
11
6.2335868503937011
21
-4.4827651968503934
0
LINE
8
BLACK
6
CONTINUOUS
10
6.2335868503937011
20
-4.4827651968503934
11
6.2335868503937011
21
-4.4816130708661417
0
LINE
8
BLACK
6
CONTINUOUS
10
6.2335868503937011
20
-4.4816130708661417
11
6.2340277559055117
21
-4.4805486614173224
0
LINE
8
BLACK
6
CONTINUOUS
10
6.2340277559055117
20
-4.4805486614173224
11
6.2348424015748032
21
-4.479734015748031
0
LINE
8
BLACK
6
CONTINUOUS
10
6.2348424015748032
20
-4.479734015748031
11
6.2359068110236215
21
-4.4792931102362203
0
LINE
8
BLACK
6
CONTINUOUS
10
6.2359068110236215
20
-4.4792931102362203
11
6.2364828740157483
21
-4.4792363779527555
0
LINE
8
BLACK
6
CONTINUOUS
10
6.2364828740157483
20
-4.4792363779527555
11
6.2608548425196853
21
-4.4792363779527555
0
LINE
8
BLACK
6
CONTINUOUS
10
6.2608548425196853
20
-4.4792363779527555
11
6.2614309055118111
21
-4.4792931102362203
0
LINE
8
BLACK
6
CONTINUOUS
10
6.3077375984251969
20
-4.4792931102362203
11
6.3088020078740152
21
-4.479734015748031
0
LINE
8
BLACK
6
CONTINUOUS
10
6.3088020078740152
20
-4.479734015748031
11
6.3096166535433067
21
-4.4805486614173224
0
LINE
8
BLACK
6
CONTINUOUS
10
6.3096166535433067
20
-4.4805486614173224
11
6.3100575590551182
21
-4.4816130708661417
0
LINE
8
BLACK
6
CONTINUOUS
10
6.3100575590551182
20
-4.4816130708661417
11
6.3100575590551182
21
-4.4827651968503934
0
LINE
8
BLACK
6
CONTINUOUS
10
6.3100575590551182
20
-4.4827651968503934
11
6.3096166535433067
21
-4.4838296062992127
0
LINE
8
BLACK
6
CONTINUOUS
10
6.3096166535433067
20
-4.4838296062992127
11
6.3088020078740152
21
-4.4846442519685041
0
LINE
8
BLACK
6
CONTINUOUS
10
6.3088020078740152
20
-4.4846442519685041
11
6.3077375984251969
21
-4.4850851574803148
0
LINE
8
BLACK
6
CONTINUOUS
10
6.3077375984251969
20
-4.4850851574803148
11
6.307161535433071
21
-4.4851418897637796
0
LINE
8
BLACK
6
CONTINUOUS
10
6.307161535433071
20
-4.4851418897637796
11
6.2954911023622042
21
-4.4851418897637796
0
LINE
8
BLACK
6
CONTINUOUS
10
6.2954911023622042
20
-4.4851418897637796
11
6.2954911023622042
21
-4.5333702362204722
0
LINE
8
BLACK
6
CONTINUOUS
10
6.2954911023622042
20
-4.5333702362204722
11
6.2954343700787403
21
-4.5339462992125981
0
LINE
8
BLACK
6
CONTINUOUS
10
6.2954343700787403
20
-4.5339462992125981
11
6.2949934645669288
21
-4.5350107086614173
0
LINE
8
BLACK
6
CONTINUOUS
10
6.2949934645669288
20
-4.5350107086614173
11
6.2941788188976373
21
-4.5358253543307088
0
LINE
8
BLACK
6
CONTINUOUS
10
6.2941788188976373
20
-4.5358253543307088
11
6.2931144094488189
21
-4.5362662598425194
0
LINE
8
BLACK
6
CONTINUOUS
10
6.2931144094488189
20
-4.5362662598425194
11
6.2919622834645672
21
-4.5362662598425194
0
LINE
8
BLACK
6
CONTINUOUS
10
6.2919622834645672
20
-4.5362662598425194
11
6.290897874015748
21
-4.5358253543307088
0
LINE
8
BLACK
6
CONTINUOUS
10
6.290897874015748
20
-4.5358253543307088
11
6.2900832283464565
21
-4.5350107086614173
0
LINE
8
BLACK
6
CONTINUOUS
10
6.2900832283464565
20
-4.5350107086614173
11
6.2896423228346459
21
-4.5339462992125981
0
LINE
8
BLACK
6
CONTINUOUS
10
6.2896423228346459
20
-4.5339462992125981
11
6.289585590551181
21
-4.5333702362204722
0
LINE
8
BLACK
6
CONTINUOUS
10
6.289585590551181
20
-4.5333702362204722
11
6.289585590551181
21
-4.4851418897637796
0
LINE
8
BLACK
6
CONTINUOUS
10
6.289585590551181
20
-4.4851418897637796
11
6.2779151968503939
21
-4.4851418897637796
0
LINE
8
BLACK
6
CONTINUOUS
10
6.2779151968503939
20
-4.4851418897637796
11
6.2773391338582671
21
-4.4850851574803148
0
LINE
8
BLACK
6
CONTINUOUS
10
6.2773391338582671
20
-4.4850851574803148
11
6.2762747244094488
21
-4.4846442519685041
0
LINE
8
BLACK
6
CONTINUOUS
10
6.2762747244094488
20
-4.4846442519685041
11
6.2754600787401573
21
-4.4838296062992127
0
LINE
8
BLACK
6
CONTINUOUS
10
6.2754600787401573
20
-4.4838296062992127
11
6.2750191732283467
21
-4.4827651968503934
0
LINE
8
BLACK
6
CONTINUOUS
10
6.2750191732283467
20
-4.4827651968503934
11
6.2750191732283467
21
-4.4816130708661417
0
LINE
8
BLACK
6
CONTINUOUS
10
6.2750191732283467
20
-4.4816130708661417
11
6.2754600787401573
21
-4.4805486614173224
0
LINE
8
BLACK
6
CONTINUOUS
10
6.2754600787401573
20
-4.4805486614173224
11
6.2762747244094488
21
-4.479734015748031
0
LINE
8
BLACK
6
CONTINUOUS
10
6.2762747244094488
20
-4.479734015748031
11
6.2773391338582671
21
-4.4792931102362203
0
LINE
8
BLACK
6
CONTINUOUS
10
6.2773391338582671
20
-4.4792931102362203
11
6.2779151968503939
21
-4.4792363779527555
0
LINE
8
BLACK
6
CONTINUOUS
10
6.2779151968503939
20
-4.4792363779527555
11
6.307161535433071
21
-4.4792363779527555
0
LINE
8
BLACK
6
CONTINUOUS
10
6.307161535433071
20
-4.4792363779527555
11
6.3077375984251969
21
-4.4792931102362203
0
LINE
8
BLACK
6
CONTINUOUS
10
4.4310000787401576
20
-4.4972499212598427
11
4.4341249999999999
21
-4.4972498425196852
0
LINE
8
BLACK
6
CONTINUOUS
10
4.4341249999999999
20
-4.4972498425196852
11
4.4341249999999999
21
-4.5003749212598425
0
LINE
8
BLACK
6
CONTINUOUS
10
4.4341249999999999
20
-4.5003749212598425
11
4.4341250393700786
21
-4.5034999606299211
0
LINE
8
BLACK
6
CONTINUOUS
10
4.4341250393700786
20
-4.5034999606299211
11
4.4372499606299209
21
-4.5034999999999998
0
LINE
8
BLACK
6
CONTINUOUS
10
4.4372499606299209
20
-4.5034999999999998
11
4.4372499212598422
21
-4.509749921259842
0
LINE
8
BLACK
6
CONTINUOUS
10
4.4372499212598422
20
-4.509749921259842
11
4.4403750393700783
21
-4.509749921259842
0
LINE
8
BLACK
6
CONTINUOUS
10
4.4403750393700783
20
-4.509749921259842
11
4.4403749999999995
21
-4.516
0
LINE
8
BLACK
6
CONTINUOUS
10
4.4403749999999995
20
-4.516
11
4.4435000000000002
21
-4.516
0
LINE
8
BLACK
6
CONTINUOUS
10
4.4435000000000002
20
-4.516
11
4.4435000000000002
21
-4.5222499606299209
0
LINE
8
BLACK
6
CONTINUOUS
10
4.4435000000000002
20
-4.5222499606299209
11
4.4372500393700784
21
-4.5222499606299209
0
LINE
8
BLACK
6
CONTINUOUS
10
4.4372500393700784
20
-4.5222499606299209
11
4.4372499606299209
21
-4.5191249606299211
0
LINE
8
BLACK
6
CONTINUOUS
10
4.4372499606299209
20
-4.5191249606299211
11
4.4341250393700786
21
-4.5191249606299211
0
LINE
8
BLACK
6
CONTINUOUS
10
4.4341250393700786
20
-4.5191249606299211
11
4.4341250393700786
21
-4.5128750000000002
0
LINE
8
BLACK
6
CONTINUOUS
10
4.4341250393700786
20
-4.5128750000000002
11
4.431
21
-4.5128750393700789
0
LINE
8
BLACK
6
CONTINUOUS
10
4.431
20
-4.5128750393700789
11
4.431
21
-4.5097499606299207
0
LINE
8
BLACK
6
CONTINUOUS
10
4.431
20
-4.5097499606299207
11
4.4091250393700783
21
-4.509749921259842
0
LINE
8
BLACK
6
CONTINUOUS
10
4.4091250393700783
20
-4.509749921259842
11
4.4091250393700783
21
-4.5128749606299214
0
LINE
8
BLACK
6
CONTINUOUS
10
4.4091250393700783
20
-4.5128749606299214
11
4.4060000393700784
21
-4.5128750000000002
0
LINE
8
BLACK
6
CONTINUOUS
10
4.4060000393700784
20
-4.5128750000000002
11
4.4060000393700784
21
-4.516
0
LINE
8
BLACK
6
CONTINUOUS
10
4.4060000393700784
20
-4.516
11
4.4028749606299211
21
-4.516
0
LINE
8
BLACK
6
CONTINUOUS
10
4.4028749606299211
20
-4.516
11
4.4028749606299211
21
-4.5191249606299211
0
LINE
8
BLACK
6
CONTINUOUS
10
4.4028749606299211
20
-4.5191249606299211
11
4.39975
21
-4.5191249212598423
0
LINE
8
BLACK
6
CONTINUOUS
10
4.39975
20
-4.5191249212598423
11
4.39975
21
-4.5222499606299209
0
LINE
8
BLACK
6
CONTINUOUS
10
4.39975
20
-4.5222499606299209
11
4.3966250000000002
21
-4.5222499606299209
0
LINE
8
BLACK
6
CONTINUOUS
10
4.3966250000000002
20
-4.5222499606299209
11
4.3966250000000002
21
-4.525374921259842
0
LINE
8
BLACK
6
CONTINUOUS
10
4.3966250000000002
20
-4.525374921259842
11
4.3934999606299208
21
-4.5253749606299207
0
LINE
8
BLACK
6
CONTINUOUS
10
4.3934999606299208
20
-4.5253749606299207
11
4.3934999606299208
21
-4.5285000393700789
0
LINE
8
BLACK
6
CONTINUOUS
10
4.3934999606299208
20
-4.5285000393700789
11
4.3872500393700786
21
-4.5285000000000002
0
LINE
8
BLACK
6
CONTINUOUS
10
4.3872500393700786
20
-4.5285000000000002
11
4.3872500787401574
21
-4.5222499606299209
0
LINE
8
BLACK
6
CONTINUOUS
10
4.3872500787401574
20
-4.5222499606299209
11
4.3903749606299209
21
-4.5222499606299209
0
LINE
8
BLACK
6
CONTINUOUS
10
4.3903749606299209
20
-4.5222499606299209
11
4.3903749606299209
21
-4.5191249606299211
0
LINE
8
BLACK
6
CONTINUOUS
10
4.3903749606299209
20
-4.5191249606299211
11
4.3934999999999995
21
-4.5191249606299211
0
LINE
8
BLACK
6
CONTINUOUS
10
4.3934999999999995
20
-4.5191249606299211
11
4.3934999999999995
21
-4.516
0
LINE
8
BLACK
6
CONTINUOUS
10
4.3934999999999995
20
-4.516
11
4.3966250000000002
21
-4.516
0
LINE
8
BLACK
6
CONTINUOUS
10
4.3966250000000002
20
-4.516
11
4.3966250000000002
21
-4.5128750000000002
0
LINE
8
BLACK
6
CONTINUOUS
10
4.3966250000000002
20
-4.5128750000000002
11
4.39975
21
-4.5128750000000002
0
LINE
8
BLACK
6
CONTINUOUS
10
4.39975
20
-4.5128750000000002
11
4.39975
21
-4.5066249606299209
0
LINE
8
BLACK
6
CONTINUOUS
10
4.39975
20
-4.5066249606299209
11
4.3966250000000002
21
-4.5066249606299209
0
LINE
8
BLACK
6
CONTINUOUS
10
4.3966250000000002
20
-4.5066249606299209
11
4.3966250000000002
21
-4.5034999606299211
0
LINE
8
BLACK
6
CONTINUOUS
10
4.3966250000000002
20
-4.5034999606299211
11
4.3935000393700783
21
-4.5034999606299211
0
LINE
8
BLACK
6
CONTINUOUS
10
4.3935000393700783
20
-4.5034999606299211
11
4.3934999999999995
21
-4.500375
0
LINE
8
BLACK
6
CONTINUOUS
10
4.3934999999999995
20
-4.500375
11
4.3903749606299209
21
-4.5003749212598425
0
LINE
8
BLACK
6
CONTINUOUS
10
4.3903749606299209
20
-4.5003749212598425
11
4.3903749606299209
21
-4.4972499212598427
0
LINE
8
BLACK
6
CONTINUOUS
10
4.3903749606299209
20
-4.4972499212598427
11
4.3872499999999999
21
-4.4972498425196852
0
LINE
8
BLACK
6
CONTINUOUS
10
4.3872499999999999
20
-4.4972498425196852
11
4.3872499606299211
21
-4.4941249606299207
0
LINE
8
BLACK
6
CONTINUOUS
10
4.3872499606299211
20
-4.4941249606299207
11
4.384125
21
-4.4941249606299207
0
LINE
8
BLACK
6
CONTINUOUS
10
4.384125
20
-4.4941249606299207
11
4.384125
21
-4.4909999606299209
0
LINE
8
BLACK
6
CONTINUOUS
10
4.384125
20
-4.4909999606299209
11
4.431
21
-4.4909998818897634
0
LINE
8
BLACK
6
CONTINUOUS
10
4.431
20
-4.4909998818897634
11
4.4310000787401576
21
-4.4972499212598427
0
LINE
8
BLACK
6
CONTINUOUS
10
4.39975
20
-4.5003748818897638
11
4.4028749606299211
21
-4.500375
0
LINE
8
BLACK
6
CONTINUOUS
10
4.4028749606299211
20
-4.500375
11
4.4028749606299211
21
-4.5034999212598423
0
LINE
8
BLACK
6
CONTINUOUS
10
4.4028749606299211
20
-4.5034999212598423
11
4.4278750000000002
21
-4.5034999606299211
0
LINE
8
BLACK
6
CONTINUOUS
10
4.4278750000000002
20
-4.5034999606299211
11
4.4278750000000002
21
-4.500375
0
LINE
8
BLACK
6
CONTINUOUS
10
4.4278750000000002
20
-4.500375
11
4.4247499999999995
21
-4.500375
0
LINE
8
BLACK
6
CONTINUOUS
10
4.4247499999999995
20
-4.500375
11
4.4247500393700783
21
-4.4972499212598427
0
LINE
8
BLACK
6
CONTINUOUS
10
4.4247500393700783
20
-4.4972499212598427
11
4.39975
21
-4.4972499212598427
0
LINE
8
BLACK
6
CONTINUOUS
10
4.39975
20
-4.4972499212598427
11
4.39975
21
-4.5003748818897638
0
LINE
8
BLACK
6
CONTINUOUS
10
4.6966249606299213
20
-4.4972499606299214
11
4.6997499606299211
21
-4.4972499212598427
0
LINE
8
BLACK
6
CONTINUOUS
10
4.6997499606299211
20
-4.4972499212598427
11
4.6997499606299211
21
-4.5034999212598423
0
LINE
8
BLACK
6
CONTINUOUS
10
4.6997499606299211
20
-4.5034999212598423
11
4.7028749606299209
21
-4.5034999999999998
0
LINE
8
BLACK
6
CONTINUOUS
10
4.7028749606299209
20
-4.5034999999999998
11
4.7028749212598422
21
-4.5097499606299207
0
LINE
8
BLACK
6
CONTINUOUS
10
4.7028749212598422
20
-4.5097499606299207
11
4.7059999999999995
21
-4.5097499606299207
0
LINE
8
BLACK
6
CONTINUOUS
10
4.7059999999999995
20
-4.5097499606299207
11
4.7059999999999995
21
-4.516
0
LINE
8
BLACK
6
CONTINUOUS
10
4.7059999999999995
20
-4.516
11
4.7091250000000002
21
-4.516
0
LINE
8
BLACK
6
CONTINUOUS
10
4.7091250000000002
20
-4.516
11
4.7091250000000002
21
-4.5222499606299209
0
LINE
8
BLACK
6
CONTINUOUS
10
4.7091250000000002
20
-4.5222499606299209
11
4.7122499606299213
21
-4.5222499606299209
0
LINE
8
BLACK
6
CONTINUOUS
10
4.7122499606299213
20
-4.5222499606299209
11
4.7122499606299213
21
-4.5285000000000002
0
LINE
8
BLACK
6
CONTINUOUS
10
4.7122499606299213
20
-4.5285000000000002
11
4.7059999999999995
21
-4.5285000000000002
0
LINE
8
BLACK
6
CONTINUOUS
10
4.7059999999999995
20
-4.5285000000000002
11
4.7059999999999995
21
-4.5253749606299207
0
LINE
8
BLACK
6
CONTINUOUS
10
4.7059999999999995
20
-4.5253749606299207
11
4.7028749212598422
21
-4.5253749606299207
0
LINE
8
BLACK
6
CONTINUOUS
10
4.7028749212598422
20
-4.5253749606299207
11
4.7028749606299209
21
-4.5191249999999998
0
LINE
8
BLACK
6
CONTINUOUS
10
4.7028749606299209
20
-4.5191249999999998
11
4.6997499606299211
21
-4.5191249212598423
0
LINE
8
BLACK
6
CONTINUOUS
10
4.6997499606299211
20
-4.5191249212598423
11
4.6997499606299211
21
-4.5128750000000002
0
LINE
8
BLACK
6
CONTINUOUS
10
4.6997499606299211
20
-4.5128750000000002
11
4.6966249606299213
21
-4.5128750000000002
0
LINE
8
BLACK
6
CONTINUOUS
10
4.6966249606299213
20
-4.5128750000000002
11
4.6966249606299213
21
-4.509749921259842
0
LINE
8
BLACK
6
CONTINUOUS
10
4.6966249606299213
20
-4.509749921259842
11
4.6684999606299211
21
-4.5097499606299207
0
LINE
8
BLACK
6
CONTINUOUS
10
4.6684999606299211
20
-4.5097499606299207
11
4.6684999606299211
21
-4.5066249606299209
0
LINE
8
BLACK
6
CONTINUOUS
10
4.6684999606299211
20
-4.5066249606299209
11
4.6653749606299213
21
-4.5066249606299209
0
LINE
8
BLACK
6
CONTINUOUS
10
4.6653749606299213
20
-4.5066249606299209
11
4.6653749606299213
21
-4.5034999999999998
0
LINE
8
BLACK
6
CONTINUOUS
10
4.6653749606299213
20
-4.5034999999999998
11
4.6935000000000002
21
-4.5034999606299211
0
LINE
8
BLACK
6
CONTINUOUS
10
4.6935000000000002
20
-4.5034999606299211
11
4.6935000000000002
21
-4.500375
0
LINE
8
BLACK
6
CONTINUOUS
10
4.6935000000000002
20
-4.500375
11
4.6903749999999995
21
-4.500375
0
LINE
8
BLACK
6
CONTINUOUS
10
4.6903749999999995
20
-4.500375
11
4.6903749999999995
21
-4.4972499212598427
0
LINE
8
BLACK
6
CONTINUOUS
10
4.6903749999999995
20
-4.4972499212598427
11
4.6528749606299211
21
-4.4972499212598427
0
LINE
8
BLACK
6
CONTINUOUS
10
4.6528749606299211
20
-4.4972499212598427
11
4.6528749606299211
21
-4.4941249606299207
0
LINE
8
BLACK
6
CONTINUOUS
10
4.6528749606299211
20
-4.4941249606299207
11
4.6497499606299213
21
-4.494124921259842
0
LINE
8
BLACK
6
CONTINUOUS
10
4.6497499606299213
20
-4.494124921259842
11
4.6497499606299213
21
-4.4909999606299209
0
LINE
8
BLACK
6
CONTINUOUS
10
4.6497499606299213
20
-4.4909999606299209
11
4.6966249606299213
21
-4.4909999606299209
0
LINE
8
BLACK
6
CONTINUOUS
10
4.6966249606299213
20
-4.4909999606299209
11
4.6966249606299213
21
-4.4972499606299214
0
LINE
8
BLACK
6
CONTINUOUS
10
4.4809999606299211
20
-4.4909999999999997
11
4.4809999606299211
21
-4.4972499212598427
0
LINE
8
BLACK
6
CONTINUOUS
10
4.4809999606299211
20
-4.4972499212598427
11
4.4841249606299209
21
-4.4972498425196852
0
LINE
8
BLACK
6
CONTINUOUS
10
4.4841249606299209
20
-4.4972498425196852
11
4.4841249606299209
21
-4.5034999999999998
0
LINE
8
BLACK
6
CONTINUOUS
10
4.4841249606299209
20
-4.5034999999999998
11
4.4872500393700783
21
-4.5034999606299211
0
LINE
8
BLACK
6
CONTINUOUS
10
4.4872500393700783
20
-4.5034999606299211
11
4.4872500393700783
21
-4.509749921259842
0
LINE
8
BLACK
6
CONTINUOUS
10
4.4872500393700783
20
-4.509749921259842
11
4.4903750000000002
21
-4.509749921259842
0
LINE
8
BLACK
6
CONTINUOUS
10
4.4903750000000002
20
-4.509749921259842
11
4.4903750000000002
21
-4.516
0
LINE
8
BLACK
6
CONTINUOUS
10
4.4903750000000002
20
-4.516
11
4.4935
21
-4.5159998818897638
0
LINE
8
BLACK
6
CONTINUOUS
10
4.4935
20
-4.5159998818897638
11
4.4935
21
-4.5222499606299209
0
LINE
8
BLACK
6
CONTINUOUS
10
4.4935
20
-4.5222499606299209
11
4.4528750393700784
21
-4.5222499999999997
0
LINE
8
BLACK
6
CONTINUOUS
10
4.4528750393700784
20
-4.5222499999999997
11
4.4528750393700784
21
-4.5191249212598423
0
LINE
8
BLACK
6
CONTINUOUS
10
4.4528750393700784
20
-4.5191249212598423
11
4.4497499606299211
21
-4.5191249212598423
0
LINE
8
BLACK
6
CONTINUOUS
10
4.4497499606299211
20
-4.5191249212598423
11
4.4497499606299211
21
-4.516
0
LINE
8
BLACK
6
CONTINUOUS
10
4.4497499606299211
20
-4.516
11
4.4841249606299209
21
-4.5159999212598425
0
LINE
8
BLACK
6
CONTINUOUS
10
4.4841249606299209
20
-4.5159999212598425
11
4.4841249606299209
21
-4.5128749606299214
0
LINE
8
BLACK
6
CONTINUOUS
10
4.4841249606299209
20
-4.5128749606299214
11
4.4809999606299211
21
-4.5128749212598427
0
LINE
8
BLACK
6
CONTINUOUS
10
4.4809999606299211
20
-4.5128749212598427
11
4.4809999606299211
21
-4.5097499606299207
0
LINE
8
BLACK
6
CONTINUOUS
10
4.4809999606299211
20
-4.5097499606299207
11
4.4528750393700784
21
-4.5097499606299207
0
LINE
8
BLACK
6
CONTINUOUS
10
4.4528750393700784
20
-4.5097499606299207
11
4.4528750393700784
21
-4.5066249999999997
0
LINE
8
BLACK
6
CONTINUOUS
10
4.4528750393700784
20
-4.5066249999999997
11
4.4497499606299211
21
-4.5066249999999997
0
LINE
8
BLACK
6
CONTINUOUS
10
4.4497499606299211
20
-4.5066249999999997
11
4.4497499606299211
21
-4.5034999212598423
0
LINE
8
BLACK
6
CONTINUOUS
10
4.4497499606299211
20
-4.5034999212598423
11
4.477875
21
-4.5034999212598423
0
LINE
8
BLACK
6
CONTINUOUS
10
4.477875
20
-4.5034999212598423
11
4.4778750393700788
21
-4.500375
0
LINE
8
BLACK
6
CONTINUOUS
10
4.4778750393700788
20
-4.500375
11
4.4747500000000002
21
-4.500375
0
LINE
8
BLACK
6
CONTINUOUS
10
4.4747500000000002
20
-4.500375
11
4.4747500000000002
21
-4.4972499606299214
0
LINE
8
BLACK
6
CONTINUOUS
10
4.4747500000000002
20
-4.4972499606299214
11
4.4403750393700783
21
-4.4972499212598427
0
LINE
8
BLACK
6
CONTINUOUS
10
4.4403750393700783
20
-4.4972499212598427
11
4.4403750393700783
21
-4.494124921259842
0
LINE
8
BLACK
6
CONTINUOUS
10
4.4403750393700783
20
-4.494124921259842
11
4.4372499212598422
21
-4.494124921259842
0
LINE
8
BLACK
6
CONTINUOUS
10
4.4372499212598422
20
-4.494124921259842
11
4.4372500393700784
21
-4.4909999606299209
0
LINE
8
BLACK
6
CONTINUOUS
10
4.4372500393700784
20
-4.4909999606299209
11
4.4809999606299211
21
-4.4909999999999997
0
LINE
8
BLACK
6
CONTINUOUS
10
4.5341249999999995
20
-4.5034999606299211
11
4.5372500000000002
21
-4.5034999606299211
0
LINE
8
BLACK
6
CONTINUOUS
10
4.5372500000000002
20
-4.5034999606299211
11
4.5372500000000002
21
-4.509749921259842
0
LINE
8
BLACK
6
CONTINUOUS
10
4.5372500000000002
20
-4.509749921259842
11
4.5403749606299213
21
-4.509749921259842
0
LINE
8
BLACK
6
CONTINUOUS
10
4.5403749606299213
20
-4.509749921259842
11
4.5403749606299213
21
-4.5159998818897638
0
LINE
8
BLACK
6
CONTINUOUS
10
4.5403749606299213
20
-4.5159998818897638
11
4.5434999606299211
21
-4.516
0
LINE
8
BLACK
6
CONTINUOUS
10
4.5434999606299211
20
-4.516
11
4.5434999606299211
21
-4.5222499999999997
0
LINE
8
BLACK
6
CONTINUOUS
10
4.5434999606299211
20
-4.5222499999999997
11
4.5372500000000002
21
-4.5222499606299209
0
LINE
8
BLACK
6
CONTINUOUS
10
4.5372500000000002
20
-4.5222499606299209
11
4.5372500000000002
21
-4.5191248818897636
0
LINE
8
BLACK
6
CONTINUOUS
10
4.5372500000000002
20
-4.5191248818897636
11
4.5341249999999995
21
-4.5191249606299211
0
LINE
8
BLACK
6
CONTINUOUS
10
4.5341249999999995
20
-4.5191249606299211
11
4.5341249999999995
21
-4.5128750000000002
0
LINE
8
BLACK
6
CONTINUOUS
10
4.5341249999999995
20
-4.5128750000000002
11
4.5309999606299209
21
-4.5128749606299214
0
LINE
8
BLACK
6
CONTINUOUS
10
4.5309999606299209
20
-4.5128749606299214
11
4.5309999606299209
21
-4.509749921259842
0
LINE
8
BLACK
6
CONTINUOUS
10
4.5309999606299209
20
-4.509749921259842
11
4.4997500393700784
21
-4.5097499606299207
0
LINE
8
BLACK
6
CONTINUOUS
10
4.4997500393700784
20
-4.5097499606299207
11
4.4997500393700784
21
-4.5066249999999997
0
LINE
8
BLACK
6
CONTINUOUS
10
4.4997500393700784
20
-4.5066249999999997
11
4.4966249606299211
21
-4.5066249999999997
0
LINE
8
BLACK
6
CONTINUOUS
10
4.4966249606299211
20
-4.5066249999999997
11
4.4966249606299211
21
-4.5034999212598423
0
LINE
8
BLACK
6
CONTINUOUS
10
4.4966249606299211
20
-4.5034999212598423
11
4.4935
21
-4.5034999606299211
0
LINE
8
BLACK
6
CONTINUOUS
10
4.4935
20
-4.5034999606299211
11
4.4935
21
-4.5003748818897638
0
LINE
8
BLACK
6
CONTINUOUS
10
4.4935
20
-4.5003748818897638
11
4.4903750000000002
21
-4.500375
0
LINE
8
BLACK
6
CONTINUOUS
10
4.4903750000000002
20
-4.500375
11
4.4903750000000002
21
-4.4972499606299214
0
LINE
8
BLACK
6
CONTINUOUS
10
4.4903750000000002
20
-4.4972499606299214
11
4.4872500393700783
21
-4.4972499212598427
0
LINE
8
BLACK
6
CONTINUOUS
10
4.4872500393700783
20
-4.4972499212598427
11
4.4872499606299208
21
-4.4909998818897634
0
LINE
8
BLACK
6
CONTINUOUS
10
4.4872499606299208
20
-4.4909998818897634
11
4.5310000393700784
21
-4.4909999606299209
0
LINE
8
BLACK
6
CONTINUOUS
10
4.5310000393700784
20
-4.4909999606299209
11
4.5309999606299209
21
-4.4972498425196852
0
LINE
8
BLACK
6
CONTINUOUS
10
4.5309999606299209
20
-4.4972498425196852
11
4.5341249999999995
21
-4.4972499212598427
0
LINE
8
BLACK
6
CONTINUOUS
10
4.5341249999999995
20
-4.4972499212598427
11
4.5341249999999995
21
-4.500375
0
LINE
8
BLACK
6
CONTINUOUS
10
4.5341249999999995
20
-4.500375
11
4.5341249999999995
21
-4.5034999606299211
0
LINE
8
BLACK
6
CONTINUOUS
10
4.52475
20
-4.5003748818897638
11
4.52475
21
-4.4972499212598427
0
LINE
8
BLACK
6
CONTINUOUS
10
4.52475
20
-4.4972499212598427
11
4.4997500393700784
21
-4.4972499212598427
0
LINE
8
BLACK
6
CONTINUOUS
10
4.4997500393700784
20
-4.4972499212598427
11
4.4997500393700784
21
-4.500375
0
LINE
8
BLACK
6
CONTINUOUS
10
4.4997500393700784
20
-4.500375
11
4.5028749999999995
21
-4.500375
0
LINE
8
BLACK
6
CONTINUOUS
10
4.5028749999999995
20
-4.500375
11
4.5028750393700783
21
-4.5034999606299211
0
LINE
8
BLACK
6
CONTINUOUS
10
4.5028750393700783
20
-4.5034999606299211
11
4.5278749606299211
21
-4.5034999212598423
0
LINE
8
BLACK
6
CONTINUOUS
10
4.5278749606299211
20
-4.5034999212598423
11
4.5278749606299211
21
-4.500375
0
LINE
8
BLACK
6
CONTINUOUS
10
4.5278749606299211
20
-4.500375
11
4.52475
21
-4.5003748818897638
0
LINE
8
BLACK
6
CONTINUOUS
10
4.5809999999999995
20
-4.4972499212598427
11
4.5841250000000002
21
-4.4972499606299214
0
LINE
8
BLACK
6
CONTINUOUS
10
4.5841250000000002
20
-4.4972499606299214
11
4.5841250000000002
21
-4.500375
0
LINE
8
BLACK
6
CONTINUOUS
10
4.5841250000000002
20
-4.500375
11
4.5841250000000002
21
-4.5034999606299211
0
LINE
8
BLACK
6
CONTINUOUS
10
4.5841250000000002
20
-4.5034999606299211
11
4.5872499606299213
21
-4.5034999606299211
0
LINE
8
BLACK
6
CONTINUOUS
10
4.5872499606299213
20
-4.5034999606299211
11
4.5872499606299213
21
-4.509749921259842
0
LINE
8
BLACK
6
CONTINUOUS
10
4.5872499606299213
20
-4.509749921259842
11
4.5903749606299211
21
-4.5097499606299207
0
LINE
8
BLACK
6
CONTINUOUS
10
4.5903749606299211
20
-4.5097499606299207
11
4.5903749606299211
21
-4.516
0
LINE
8
BLACK
6
CONTINUOUS
10
4.5903749606299211
20
-4.516
11
4.5934999606299209
21
-4.5159999212598425
0
LINE
8
BLACK
6
CONTINUOUS
10
4.5934999606299209
20
-4.5159999212598425
11
4.5935000393700784
21
-4.5222499606299209
0
LINE
8
BLACK
6
CONTINUOUS
10
4.5935000393700784
20
-4.5222499606299209
11
4.5872499606299213
21
-4.5222499606299209
0
LINE
8
BLACK
6
CONTINUOUS
10
4.5872499606299213
20
-4.5222499606299209
11
4.5872499606299213
21
-4.5191248818897636
0
LINE
8
BLACK
6
CONTINUOUS
10
4.5872499606299213
20
-4.5191248818897636
11
4.5841250000000002
21
-4.5191248818897636
0
LINE
8
BLACK
6
CONTINUOUS
10
4.5841250000000002
20
-4.5191248818897636
11
4.5841250000000002
21
-4.5128749606299214
0
LINE
8
BLACK
6
CONTINUOUS
10
4.5841250000000002
20
-4.5128749606299214
11
4.5809999999999995
21
-4.5128750000000002
0
LINE
8
BLACK
6
CONTINUOUS
10
4.5809999999999995
20
-4.5128750000000002
11
4.5809999999999995
21
-4.509749921259842
0
LINE
8
BLACK
6
CONTINUOUS
10
4.5809999999999995
20
-4.509749921259842
11
4.5497499999999995
21
-4.509749921259842
0
LINE
8
BLACK
6
CONTINUOUS
10
4.5497499999999995
20
-4.509749921259842
11
4.5497499606299208
21
-4.5066248818897634
0
LINE
8
BLACK
6
CONTINUOUS
10
4.5497499606299208
20
-4.5066248818897634
11
4.5466250393700784
21
-4.5066249606299209
0
LINE
8
BLACK
6
CONTINUOUS
10
4.5466250393700784
20
-4.5066249606299209
11
4.5466249606299209
21
-4.5034999999999998
0
LINE
8
BLACK
6
CONTINUOUS
10
4.5466249606299209
20
-4.5034999999999998
11
4.5434999606299211
21
-4.5034999212598423
0
LINE
8
BLACK
6
CONTINUOUS
10
4.5434999606299211
20
-4.5034999212598423
11
4.5434999606299211
21
-4.500375
0
LINE
8
BLACK
6
CONTINUOUS
10
4.5434999606299211
20
-4.500375
11
4.5403749606299213
21
-4.5003748818897638
0
LINE
8
BLACK
6
CONTINUOUS
10
4.5403749606299213
20
-4.5003748818897638
11
4.5403749606299213
21
-4.4972499606299214
0
LINE
8
BLACK
6
CONTINUOUS
10
4.5403749606299213
20
-4.4972499606299214
11
4.5372500000000002
21
-4.4972499606299214
0
LINE
8
BLACK
6
CONTINUOUS
10
4.5372500000000002
20
-4.4972499606299214
11
4.5372500000000002
21
-4.4909999606299209
0
LINE
8
BLACK
6
CONTINUOUS
10
4.5372500000000002
20
-4.4909999606299209
11
4.5809999606299208
21
-4.4909998818897634
0
LINE
8
BLACK
6
CONTINUOUS
10
4.5809999606299208
20
-4.4909998818897634
11
4.5809999999999995
21
-4.4972499212598427
0
LINE
8
BLACK
6
CONTINUOUS
10
4.5497499999999995
20
-4.500375
11
4.5528750000000002
21
-4.500375
0
LINE
8
BLACK
6
CONTINUOUS
10
4.5528750000000002
20
-4.500375
11
4.5528750000000002
21
-4.5034999606299211
0
LINE
8
BLACK
6
CONTINUOUS
10
4.5528750000000002
20
-4.5034999606299211
11
4.5778749606299209
21
-4.5034999999999998
0
LINE
8
BLACK
6
CONTINUOUS
10
4.5778749606299209
20
-4.5034999999999998
11
4.5778749606299209
21
-4.5003749212598425
0
LINE
8
BLACK
6
CONTINUOUS
10
4.5778749606299209
20
-4.5003749212598425
11
4.5747499606299211
21
-4.500375
0
LINE
8
BLACK
6
CONTINUOUS
10
4.5747499606299211
20
-4.500375
11
4.5747499606299211
21
-4.4972499212598427
0
LINE
8
BLACK
6
CONTINUOUS
10
4.5747499606299211
20
-4.4972499212598427
11
4.5497499999999995
21
-4.4972499212598427
0
LINE
8
BLACK
6
CONTINUOUS
10
4.5497499999999995
20
-4.4972499212598427
11
4.5497499999999995
21
-4.500375
0
LINE
8
BLACK
6
CONTINUOUS
10
4.5966249999999995
20
-4.4972499212598427
11
4.5997500000000002
21
-4.4972499606299214
0
LINE
8
BLACK
6
CONTINUOUS
10
4.5997500000000002
20
-4.4972499606299214
11
4.5997500000000002
21
-4.5034999606299211
0
LINE
8
BLACK
6
CONTINUOUS
10
4.5997500000000002
20
-4.5034999606299211
11
4.6028749606299213
21
-4.5034999606299211
0
LINE
8
BLACK
6
CONTINUOUS
10
4.6028749606299213
20
-4.5034999606299211
11
4.6028749606299213
21
-4.509749921259842
0
LINE
8
BLACK
6
CONTINUOUS
10
4.6028749606299213
20
-4.509749921259842
11
4.6059999606299211
21
-4.5097499606299207
0
LINE
8
BLACK
6
CONTINUOUS
10
4.6059999606299211
20
-4.5097499606299207
11
4.6059999606299211
21
-4.516
0
LINE
8
BLACK
6
CONTINUOUS
10
4.6059999606299211
20
-4.516
11
4.6091249606299209
21
-4.5159999212598425
0
LINE
8
BLACK
6
CONTINUOUS
10
4.6091249606299209
20
-4.5159999212598425
11
4.6091250393700784
21
-4.5222499606299209
0
LINE
8
BLACK
6
CONTINUOUS
10
4.6091250393700784
20
-4.5222499606299209
11
4.6028749606299213
21
-4.5222499606299209
0
LINE
8
BLACK
6
CONTINUOUS
10
4.6028749606299213
20
-4.5222499606299209
11
4.6028749606299213
21
-4.5191248818897636
0
LINE
8
BLACK
6
CONTINUOUS
10
4.6028749606299213
20
-4.5191248818897636
11
4.5997500000000002
21
-4.5191248818897636
0
LINE
8
BLACK
6
CONTINUOUS
10
4.5997500000000002
20
-4.5191248818897636
11
4.5997500000000002
21
-4.5128749606299214
0
LINE
8
BLACK
6
CONTINUOUS
10
4.5997500000000002
20
-4.5128749606299214
11
4.5966249999999995
21
-4.5128750000000002
0
LINE
8
BLACK
6
CONTINUOUS
10
4.5966249999999995
20
-4.5128750000000002
11
4.5966249606299208
21
-4.5066248818897634
0
LINE
8
BLACK
6
CONTINUOUS
10
4.5966249606299208
20
-4.5066248818897634
11
4.5935000393700784
21
-4.5066249606299209
0
LINE
8
BLACK
6
CONTINUOUS
10
4.5935000393700784
20
-4.5066249606299209
11
4.5934999606299209
21
-4.5003749212598425
0
LINE
8
BLACK
6
CONTINUOUS
10
4.5934999606299209
20
-4.5003749212598425
11
4.5903749606299211
21
-4.500375
0
LINE
8
BLACK
6
CONTINUOUS
10
4.5903749606299211
20
-4.500375
11
4.5903749606299211
21
-4.4909999999999997
0
LINE
8
BLACK
6
CONTINUOUS
10
4.5903749606299211
20
-4.4909999999999997
11
4.5966249606299208
21
-4.4909998818897634
0
LINE
8
BLACK
6
CONTINUOUS
10
4.5966249606299208
20
-4.4909998818897634
11
4.5966249999999995
21
-4.4972499212598427
0
LINE
8
BLACK
6
CONTINUOUS
10
4.6434999999999995
20
-4.4972499212598427
11
4.6466250000000002
21
-4.4972499212598427
0
LINE
8
BLACK
6
CONTINUOUS
10
4.6466250000000002
20
-4.4972499212598427
11
4.6466250000000002
21
-4.5034999606299211
0
LINE
8
BLACK
6
CONTINUOUS
10
4.6466250000000002
20
-4.5034999606299211
11
4.6497499606299213
21
-4.5034999999999998
0
LINE
8
BLACK
6
CONTINUOUS
10
4.6497499606299213
20
-4.5034999999999998
11
4.6497499606299213
21
-4.509749921259842
0
LINE
8
BLACK
6
CONTINUOUS
10
4.6497499606299213
20
-4.509749921259842
11
4.6528749606299211
21
-4.5097499606299207
0
LINE
8
BLACK
6
CONTINUOUS
10
4.6528749606299211
20
-4.5097499606299207
11
4.6528749606299211
21
-4.516
0
LINE
8
BLACK
6
CONTINUOUS
10
4.6528749606299211
20
-4.516
11
4.6559999606299209
21
-4.5159999212598425
0
LINE
8
BLACK
6
CONTINUOUS
10
4.6559999606299209
20
-4.5159999212598425
11
4.6560000393700784
21
-4.5222499606299209
0
LINE
8
BLACK
6
CONTINUOUS
10
4.6560000393700784
20
-4.5222499606299209
11
4.6184999606299213
21
-4.5222499606299209
0
LINE
8
BLACK
6
CONTINUOUS
10
4.6184999606299213
20
-4.5222499606299209
11
4.6184999606299213
21
-4.5191248818897636
0
LINE
8
BLACK
6
CONTINUOUS
10
4.6184999606299213
20
-4.5191248818897636
11
4.6153750000000002
21
-4.5191248818897636
0
LINE
8
BLACK
6
CONTINUOUS
10
4.6153750000000002
20
-4.5191248818897636
11
4.6153750000000002
21
-4.516
0
LINE
8
BLACK
6
CONTINUOUS
10
4.6153750000000002
20
-4.516
11
4.6466250000000002
21
-4.516
0
LINE
8
BLACK
6
CONTINUOUS
10
4.6466250000000002
20
-4.516
11
4.6466250000000002
21
-4.5128749606299214
0
LINE
8
BLACK
6
CONTINUOUS
10
4.6466250000000002
20
-4.5128749606299214
11
4.6434999999999995
21
-4.5128750000000002
0
LINE
8
BLACK
6
CONTINUOUS
10
4.6434999999999995
20
-4.5128750000000002
11
4.6434999606299208
21
-4.5066248818897634
0
LINE
8
BLACK
6
CONTINUOUS
10
4.6434999606299208
20
-4.5066248818897634
11
4.6403750393700784
21
-4.5066249606299209
0
LINE
8
BLACK
6
CONTINUOUS
10
4.6403750393700784
20
-4.5066249606299209
11
4.6403749606299209
21
-4.5003749212598425
0
LINE
8
BLACK
6
CONTINUOUS
10
4.6403749606299209
20
-4.5003749212598425
11
4.6372499606299211
21
-4.500375
0
LINE
8
BLACK
6
CONTINUOUS
10
4.6372499606299211
20
-4.500375
11
4.6372499606299211
21
-4.4909999999999997
0
LINE
8
BLACK
6
CONTINUOUS
10
4.6372499606299211
20
-4.4909999999999997
11
4.6434999606299208
21
-4.4909998818897634
0
LINE
8
BLACK
6
CONTINUOUS
10
4.6434999606299208
20
-4.4909998818897634
11
4.6434999999999995
21
-4.4972499212598427
0
LINE
8
BLACK
6
CONTINUOUS
10
6.8104018897637797
20
-4.4643905511811024
11
6.8104618503937004
21
-4.4644069685039369
0
LINE
8
BLACK
6
CONTINUOUS
10
6.8104618503937004
20
-4.4644069685039369
11
6.8131756692913381
21
-4.4656390551181104
0
LINE
8
BLACK
6
CONTINUOUS
10
6.8131756692913381
20
-4.4656390551181104
11
6.8132343307086609
21
-4.4656799606299211
0
LINE
8
BLACK
6
CONTINUOUS
10
6.8132343307086609
20
-4.4656799606299211
11
6.8153807086614169
21
-4.4678530314960625
0
LINE
8
BLACK
6
CONTINUOUS
10
6.8153807086614169
20
-4.4678530314960625
11
6.8154016929133858
21
-4.4678781102362199
0
LINE
8
BLACK
6
CONTINUOUS
10
6.8154016929133858
20
-4.4678781102362199
11
6.8155635039370077
21
-4.4681081496062989
0
LINE
8
BLACK
6
CONTINUOUS
10
6.8155635039370077
20
-4.4681081496062989
11
6.8155700000000001
21
-4.4681180314960631
0
LINE
8
BLACK
6
CONTINUOUS
10
6.8155700000000001
20
-4.4681180314960631
11
6.8159473622047244
21
-4.4687294094488186
0
LINE
8
BLACK
6
CONTINUOUS
10
6.8159473622047244
20
-4.4687294094488186
11
6.8159617322834647
21
-4.4687575196850391
0
LINE
8
BLACK
6
CONTINUOUS
10
6.8159617322834647
20
-4.4687575196850391
11
6.8162508267716531
21
-4.4694561417322838
0
LINE
8
BLACK
6
CONTINUOUS
10
6.8162508267716531
20
-4.4694561417322838
11
6.8162607874015748
21
-4.469487362204724
0
LINE
8
BLACK
6
CONTINUOUS
10
6.8162607874015748
20
-4.469487362204724
11
6.8164757874015747
21
-4.4704240551181105
0
LINE
8
BLACK
6
CONTINUOUS
10
6.8164757874015747
20
-4.4704240551181105
11
6.8164794488188978
21
-4.4704452362204723
0
LINE
8
BLACK
6
CONTINUOUS
10
6.8164794488188978
20
-4.4704452362204723
11
6.816634488188976
21
-4.4717707480314957
0
LINE
8
BLACK
6
CONTINUOUS
10
6.816634488188976
20
-4.4717707480314957
11
6.8166354724409448
21
-4.4717821259842516
0
LINE
8
BLACK
6
CONTINUOUS
10
6.8166354724409448
20
-4.4717821259842516
11
6.8167446456692913
21
-4.4736472834645671
0
LINE
8
BLACK
6
CONTINUOUS
10
6.8167446456692913
20
-4.4736472834645671
11
6.8167449212598425
21
-4.4736527952755907
0
LINE
8
BLACK
6
CONTINUOUS
10
6.8167449212598425
20
-4.4736527952755907
11
6.8168224409448817
21
-4.4762083858267712
0
LINE
8
BLACK
6
CONTINUOUS
10
6.8168224409448817
20
-4.4762083858267712
11
6.8168224803149604
21
-4.4762109055118113
0
LINE
8
BLACK
6
CONTINUOUS
10
6.8168224803149604
20
-4.4762109055118113
11
6.8168317716535434
21
-4.4767368110236223
0
LINE
8
BLACK
6
CONTINUOUS
10
6.8168317716535434
20
-4.4767368110236223
11
6.816882440944882
21
-4.4796077165354333
0
LINE
8
BLACK
6
CONTINUOUS
10
6.816882440944882
20
-4.4796077165354333
11
6.8168824803149608
21
-4.4796086614173225
0
LINE
8
BLACK
6
CONTINUOUS
10
6.8168824803149608
20
-4.4796086614173225
11
6.8169390551181097
21
-4.4839974803149607
0
LINE
8
BLACK
6
CONTINUOUS
10
6.8169390551181097
20
-4.4839974803149607
11
6.8169390551181097
21
-4.4839975590551182
0
LINE
8
BLACK
6
CONTINUOUS
10
6.8169390551181097
20
-4.4839975590551182
11
6.8169547637795276
21
-4.4852707480314962
0
LINE
8
BLACK
6
CONTINUOUS
10
6.8169547637795276
20
-4.4852707480314962
11
6.8169547637795276
21
-4.4852708661417324
0
LINE
8
BLACK
6
CONTINUOUS
10
6.8169547637795276
20
-4.4852708661417324
11
6.8170050787401575
21
-4.4895274015748035
0
LINE
8
BLACK
6
CONTINUOUS
10
6.8170050787401575
20
-4.4895274015748035
11
6.8170050787401575
21
-4.4895291338582677
0
LINE
8
BLACK
6
CONTINUOUS
10
6.8170050787401575
20
-4.4895291338582677
11
6.8170151574803146
21
-4.4927862598425197
0
LINE
8
BLACK
6
CONTINUOUS
10
6.8170151574803146
20
-4.4927862598425197
11
6.8170150787401571
21
-4.4927919291338583
0
LINE
8
BLACK
6
CONTINUOUS
10
6.8170150787401571
20
-4.4927919291338583
11
6.8169540157480313
21
-4.495163582677165
0
LINE
8
BLACK
6
CONTINUOUS
10
6.8169540157480313
20
-4.495163582677165
11
6.8169530708661412
21
-4.495178464566929
0
LINE
8
BLACK
6
CONTINUOUS
10
6.8169530708661412
20
-4.495178464566929
11
6.8167899212598426
21
-4.4967787401574801
0
LINE
8
BLACK
6
CONTINUOUS
10
6.8167899212598426
20
-4.4967787401574801
11
6.8167818897637797
21
-4.4968177952755903
0
LINE
8
BLACK
6
CONTINUOUS
10
6.8167818897637797
20
-4.4968177952755903
11
6.8164855905511805
21
-4.4977607086614171
0
LINE
8
BLACK
6
CONTINUOUS
10
6.8164855905511805
20
-4.4977607086614171
11
6.8164268110236215
21
-4.4978503543307085
0
LINE
8
BLACK
6
CONTINUOUS
10
6.8164268110236215
20
-4.4978503543307085
11
6.8159664566929132
21
-4.4982498818897634
0
LINE
8
BLACK
6
CONTINUOUS
10
6.8159664566929132
20
-4.4982498818897634
11
6.8158285039370075
21
-4.4982978740157478
0
LINE
8
BLACK
6
CONTINUOUS
10
6.8158285039370075
20
-4.4982978740157478
11
6.8151731102362207
21
-4.4982680708661418
0
LINE
8
BLACK
6
CONTINUOUS
10
6.8151731102362207
20
-4.4982680708661418
11
6.815110275590551
21
-4.4982547244094491
0
LINE
8
BLACK
6
CONTINUOUS
10
6.815110275590551
20
-4.4982547244094491
11
6.8142288582677164
21
-4.4979096062992125
0
LINE
8
BLACK
6
CONTINUOUS
10
6.8142288582677164
20
-4.4979096062992125
11
6.8142154330708662
21
-4.4979037795275589
0
LINE
8
BLACK
6
CONTINUOUS
10
6.8142154330708662
20
-4.4979037795275589
11
6.8130770472440947
21
-4.497357362204724
0
LINE
8
BLACK
6
CONTINUOUS
10
6.8130770472440947
20
-4.497357362204724
11
6.8130770472440947
21
-4.4973573228346453
0
LINE
8
BLACK
6
CONTINUOUS
10
6.8130770472440947
20
-4.4973573228346453
11
6.8128338976377947
21
-4.4972408267716535
0
LINE
8
BLACK
6
CONTINUOUS
10
6.8128338976377947
20
-4.4972408267716535
11
6.8128223622047246
21
-4.4972348031496061
0
LINE
8
BLACK
6
CONTINUOUS
10
6.8128223622047246
20
-4.4972348031496061
11
6.8118094094488191
21
-4.4966640551181101
0
LINE
8
BLACK
6
CONTINUOUS
10
6.8118094094488191
20
-4.4966640551181101
11
6.8117507480314963
21
-4.4966135433070864
0
LINE
8
BLACK
6
CONTINUOUS
10
6.8117507480314963
20
-4.4966135433070864
11
6.8112217322834647
21
-4.495934566929134
0
LINE
8
BLACK
6
CONTINUOUS
10
6.8112217322834647
20
-4.495934566929134
11
6.8111832283464562
21
-4.4958482283464569
0
LINE
8
BLACK
6
CONTINUOUS
10
6.8111832283464562
20
-4.4958482283464569
11
6.8109807874015749
21
-4.4947160629921257
0
LINE
8
BLACK
6
CONTINUOUS
10
6.8109807874015749
20
-4.4947160629921257
11
6.8109777559055118
21
-4.4946848031496058
0
LINE
8
BLACK
6
CONTINUOUS
10
6.8109777559055118
20
-4.4946848031496058
11
6.8109445275590552
21
-4.4927546850393698
0
LINE
8
BLACK
6
CONTINUOUS
10
6.8109445275590552
20
-4.4927546850393698
11
6.8109444881889765
21
-4.4927513779527555
0
LINE
8
BLACK
6
CONTINUOUS
10
6.8109444881889765
20
-4.4927513779527555
11
6.8109430708661414
21
-4.4894825590551184
0
LINE
8
BLACK
6
CONTINUOUS
10
6.8109430708661414
20
-4.4894825590551184
11
6.8075699212598426
21
-4.4894825590551184
0
LINE
8
BLACK
6
CONTINUOUS
10
6.8075699212598426
20
-4.4894825590551184
11
6.8075612992125984
21
-4.4894823622047246
0
LINE
8
BLACK
6
CONTINUOUS
10
6.8075612992125984
20
-4.4894823622047246
11
6.8053653149606301
21
-4.4893862204724408
0
LINE
8
BLACK
6
CONTINUOUS
10
6.8053653149606301
20
-4.4893862204724408
11
6.8053305511811022
21
-4.4893815748031498
0
LINE
8
BLACK
6
CONTINUOUS
10
6.8053305511811022
20
-4.4893815748031498
11
6.8036038582677163
21
-4.4889915354330707
0
LINE
8
BLACK
6
CONTINUOUS
10
6.8036038582677163
20
-4.4889915354330707
11
6.8035524015748026
21
-4.4889720472440944
0
LINE
8
BLACK
6
CONTINUOUS
10
6.8035524015748026
20
-4.4889720472440944
11
6.802118464566929
21
-4.4881837795275592
0
LINE
8
BLACK
6
CONTINUOUS
10
6.802118464566929
20
-4.4881837795275592
11
6.8020981889763776
21
-4.4881709448818894
0
LINE
8
BLACK
6
CONTINUOUS
10
6.8020981889763776
20
-4.4881709448818894
11
6.8019912992125979
21
-4.4880938976377953
0
LINE
8
BLACK
6
CONTINUOUS
10
6.8019912992125979
20
-4.4880938976377953
11
6.8019751574803147
21
-4.4880809448818892
0
LINE
8
BLACK
6
CONTINUOUS
10
6.8019751574803147
20
-4.4880809448818892
11
6.8005201574803147
21
-4.4867793700787404
0
LINE
8
BLACK
6
CONTINUOUS
10
6.8005201574803147
20
-4.4867793700787404
11
6.8004859055118105
21
-4.4867392125984251
0
LINE
8
BLACK
6
CONTINUOUS
10
6.8004859055118105
20
-4.4867392125984251
11
6.7994733070866138
21
-4.4851668503937008
0
LINE
8
BLACK
6
CONTINUOUS
10
6.7994733070866138
20
-4.4851668503937008
11
6.7994508267716531
21
-4.4851186220472439
0
LINE
8
BLACK
6
CONTINUOUS
10
6.7994508267716531
20
-4.4851186220472439
11
6.7988122440944885
21
-4.4830605905511813
0
LINE
8
BLACK
6
CONTINUOUS
10
6.7988122440944885
20
-4.4830605905511813
11
6.798804803149606
21
-4.4830258267716534
0
LINE
8
BLACK
6
CONTINUOUS
10
6.798804803149606
20
-4.4830258267716534
11
6.7984718110236217
21
-4.4802672047244094
0
LINE
8
BLACK
6
CONTINUOUS
10
6.7984718110236217
20
-4.4802672047244094
11
6.798470472440945
21
-4.4802487401574806
0
LINE
8
BLACK
6
CONTINUOUS
10
6.798470472440945
20
-4.4802487401574806
11
6.7983746456692913
21
-4.4765746850393704
0
LINE
8
BLACK
6
CONTINUOUS
10
6.7983746456692913
20
-4.4765746850393704
11
6.7983745669291338
21
-4.4765679921259842
0
LINE
8
BLACK
6
CONTINUOUS
10
6.7983745669291338
20
-4.4765679921259842
11
6.7983957874015744
21
-4.4738869685039369
0
LINE
8
BLACK
6
CONTINUOUS
10
6.7983957874015744
20
-4.4738869685039369
11
6.7983960236220469
21
-4.4738791732283465
0
LINE
8
BLACK
6
CONTINUOUS
10
6.7983960236220469
20
-4.4738791732283465
11
6.7984926377952757
21
-4.4718483858267719
0
LINE
8
BLACK
6
CONTINUOUS
10
6.7984926377952757
20
-4.4718483858267719
11
6.7984946456692912
21
-4.4718281102362205
0
LINE
8
BLACK
6
CONTINUOUS
10
6.7984946456692912
20
-4.4718281102362205
11
6.7987092519685035
21
-4.4704198031496061
0
LINE
8
BLACK
6
CONTINUOUS
10
6.7987092519685035
20
-4.4704198031496061
11
6.7987183858267715
21
-4.4703835039370077
0
LINE
8
BLACK
6
CONTINUOUS
10
6.7987183858267715
20
-4.4703835039370077
11
6.7990935039370077
21
-4.4693283464566926
0
LINE
8
BLACK
6
CONTINUOUS
10
6.7990935039370077
20
-4.4693283464566926
11
6.799109803149606
21
-4.4692936220472443
0
LINE
8
BLACK
6
CONTINUOUS
10
6.799109803149606
20
-4.4692936220472443
11
6.7996879527559058
21
-4.4683220866141733
0
LINE
8
BLACK
6
CONTINUOUS
10
6.7996879527559058
20
-4.4683220866141733
11
6.7996969685039366
21
-4.4683082677165356
0
LINE
8
BLACK
6
CONTINUOUS
10
6.7996969685039366
20
-4.4683082677165356
11
6.8002277165354332
21
-4.4675658267716534
0
LINE
8
BLACK
6
CONTINUOUS
10
6.8002277165354332
20
-4.4675658267716534
11
6.8002459842519682
21
-4.4675438976377952
0
LINE
8
BLACK
6
CONTINUOUS
10
6.8002459842519682
20
-4.4675438976377952
11
6.8021730314960624
21
-4.4655394881889761
0
LINE
8
BLACK
6
CONTINUOUS
10
6.8021730314960624
20
-4.4655394881889761
11
6.802227086614173
21
-4.4654997244094483
0
LINE
8
BLACK
6
CONTINUOUS
10
6.802227086614173
20
-4.4654997244094483
11
6.8044104330708661
21
-4.4644111417322829
0
LINE
8
BLACK
6
CONTINUOUS
10
6.8044104330708661
20
-4.4644111417322829
11
6.80447374015748
21
-4.4643920078740154
0
LINE
8
BLACK
6
CONTINUOUS
10
6.80447374015748
20
-4.4643920078740154
11
6.8072167322834645
21
-4.4640474015748026
0
LINE
8
BLACK
6
CONTINUOUS
10
6.8072167322834645
20
-4.4640474015748026
11
6.8072626771653546
21
-4.4640470472440947
0
LINE
8
BLACK
6
CONTINUOUS
10
6.8072626771653546
20
-4.4640470472440947
11
6.8104018897637797
21
-4.4643905511811024
0
LINE
8
BLACK
6
CONTINUOUS
10
6.806842598425197
20
-4.4698260236220468
11
6.805759724409449
21
-4.4703976377952754
0
LINE
8
BLACK
6
CONTINUOUS
10
6.805759724409449
20
-4.4703976377952754
11
6.8050311417322833
21
-4.4716939370078741
0
LINE
8
BLACK
6
CONTINUOUS
10
6.8050311417322833
20
-4.4716939370078741
11
6.8046129527559049
21
-4.4739004724409446
0
LINE
8
BLACK
6
CONTINUOUS
10
6.8046129527559049
20
-4.4739004724409446
11
6.8044825590551179
21
-4.4771309842519686
0
LINE
8
BLACK
6
CONTINUOUS
10
6.8044825590551179
20
-4.4771309842519686
11
6.804483503937008
21
-4.477646417322835
0
LINE
8
BLACK
6
CONTINUOUS
10
6.804483503937008
20
-4.477646417322835
11
6.8045375984251963
21
-4.4799941338582681
0
LINE
8
BLACK
6
CONTINUOUS
10
6.8045375984251963
20
-4.4799941338582681
11
6.8047083858267712
21
-4.4815048031496065
0
LINE
8
BLACK
6
CONTINUOUS
10
6.8047083858267712
20
-4.4815048031496065
11
6.8050361811023619
21
-4.4824545669291336
0
LINE
8
BLACK
6
CONTINUOUS
10
6.8050361811023619
20
-4.4824545669291336
11
6.8055765748031494
21
-4.4831552362204725
0
LINE
8
BLACK
6
CONTINUOUS
10
6.8055765748031494
20
-4.4831552362204725
11
6.8055898031496058
21
-4.4831684251968502
0
LINE
8
BLACK
6
CONTINUOUS
10
6.8055898031496058
20
-4.4831684251968502
11
6.8069142913385825
21
-4.484072559055118
0
LINE
8
BLACK
6
CONTINUOUS
10
6.8069142913385825
20
-4.484072559055118
11
6.8081404724409449
21
-4.4839874409448814
0
LINE
8
BLACK
6
CONTINUOUS
10
6.8081404724409449
20
-4.4839874409448814
11
6.8096086220472438
21
-4.4828787007874018
0
LINE
8
BLACK
6
CONTINUOUS
10
6.8096086220472438
20
-4.4828787007874018
11
6.8099601181102365
21
-4.482507834645669
0
LINE
8
BLACK
6
CONTINUOUS
10
6.8099601181102365
20
-4.482507834645669
11
6.8104843700787399
21
-4.4817377559055114
0
LINE
8
BLACK
6
CONTINUOUS
10
6.8104843700787399
20
-4.4817377559055114
11
6.8107803149606294
21
-4.4807350393700789
0
LINE
8
BLACK
6
CONTINUOUS
10
6.8107803149606294
20
-4.4807350393700789
11
6.8109152362204721
21
-4.4791674015748031
0
LINE
8
BLACK
6
CONTINUOUS
10
6.8109152362204721
20
-4.4791674015748031
11
6.8109459842519682
21
-4.476740078740157
0
LINE
8
BLACK
6
CONTINUOUS
10
6.8109459842519682
20
-4.476740078740157
11
6.8109194881889765
21
-4.4752773622047242
0
LINE
8
BLACK
6
CONTINUOUS
10
6.8109194881889765
20
-4.4752773622047242
11
6.8106330708661416
21
-4.4726278346456692
0
LINE
8
BLACK
6
CONTINUOUS
10
6.8106330708661416
20
-4.4726278346456692
11
6.8099973228346453
21
-4.4709396850393697
0
LINE
8
BLACK
6
CONTINUOUS
10
6.8099973228346453
20
-4.4709396850393697
11
6.8089756692913381
21
-4.4700471653543303
0
LINE
8
BLACK
6
CONTINUOUS
10
6.8089756692913381
20
-4.4700471653543303
11
6.8074522440944882
21
-4.4697698818897633
0
LINE
8
BLACK
6
CONTINUOUS
10
6.8074522440944882
20
-4.4697698818897633
11
6.806842598425197
21
-4.4698260236220468
0
LINE
8
BLACK
6
CONTINUOUS
10
6.7663596456692909
20
-4.4643090157480314
11
6.7664231102362207
21
-4.4643266535433073
0
LINE
8
BLACK
6
CONTINUOUS
10
6.7664231102362207
20
-4.4643266535433073
11
6.7690920078740158
21
-4.4655809055118105
0
LINE
8
BLACK
6
CONTINUOUS
10
6.7690920078740158
20
-4.4655809055118105
11
6.7691468897637792
21
-4.4656192913385828
0
LINE
8
BLACK
6
CONTINUOUS
10
6.7691468897637792
20
-4.4656192913385828
11
6.771334133858268
21
-4.4677881889763782
0
LINE
8
BLACK
6
CONTINUOUS
10
6.771334133858268
20
-4.4677881889763782
11
6.7713592125984254
21
-4.467818661417323
0
LINE
8
BLACK
6
CONTINUOUS
10
6.7713592125984254
20
-4.467818661417323
11
6.7718125590551184
21
-4.4684976377952754
0
LINE
8
BLACK
6
CONTINUOUS
10
6.7718125590551184
20
-4.4684976377952754
11
6.7718257086614173
21
-4.4685205118110236
0
LINE
8
BLACK
6
CONTINUOUS
10
6.7718257086614173
20
-4.4685205118110236
11
6.772201732283464
21
-4.4692900393700787
0
LINE
8
BLACK
6
CONTINUOUS
10
6.772201732283464
20
-4.4692900393700787
11
6.7722146850393701
21
-4.4693242519685041
0
LINE
8
BLACK
6
CONTINUOUS
10
6.7722146850393701
20
-4.4693242519685041
11
6.7724813779527562
21
-4.4702941732283463
0
LINE
8
BLACK
6
CONTINUOUS
10
6.7724813779527562
20
-4.4702941732283463
11
6.772486692913386
21
-4.4703203149606301
0
LINE
8
BLACK
6
CONTINUOUS
10
6.772486692913386
20
-4.4703203149606301
11
6.7726683070866143
21
-4.4716790944881888
0
LINE
8
BLACK
6
CONTINUOUS
10
6.7726683070866143
20
-4.4716790944881888
11
6.772669645669291
21
-4.4716929133858265
0
LINE
8
BLACK
6
CONTINUOUS
10
6.772669645669291
20
-4.4716929133858265
11
6.7727904724409447
21
-4.4736290551181099
0
LINE
8
BLACK
6
CONTINUOUS
10
6.7727904724409447
20
-4.4736290551181099
11
6.7727907874015747
21
-4.4736351574803148
0
LINE
8
BLACK
6
CONTINUOUS
10
6.7727907874015747
20
-4.4736351574803148
11
6.7728750787401575
21
-4.4763371259842515
0
LINE
8
BLACK
6
CONTINUOUS
10
6.7728750787401575
20
-4.4763371259842515
11
6.7728751181102362
21
-4.4763393700787404
0
LINE
8
BLACK
6
CONTINUOUS
10
6.7728751181102362
20
-4.4763393700787404
11
6.7729471653543305
21
-4.4799956692913385
0
LINE
8
BLACK
6
CONTINUOUS
10
6.7729471653543305
20
-4.4799956692913385
11
6.7729471653543305
21
-4.4799961023622048
0
LINE
8
BLACK
6
CONTINUOUS
10
6.7729471653543305
20
-4.4799961023622048
11
6.7731261023622045
21
-4.4901385433070864
0
LINE
8
BLACK
6
CONTINUOUS
10
6.7731261023622045
20
-4.4901385433070864
11
6.773070905511811
21
-4.4902787401574802
0
LINE
8
BLACK
6
CONTINUOUS
10
6.773070905511811
20
-4.4902787401574802
11
6.7729327559055115
21
-4.4903388188976381
0
LINE
8
BLACK
6
CONTINUOUS
10
6.7729327559055115
20
-4.4903388188976381
11
6.7728593307086609
21
-4.490326023622047
0
LINE
8
BLACK
6
CONTINUOUS
10
6.7728593307086609
20
-4.490326023622047
11
6.7713562204724411
21
-4.4897545275590547
0
LINE
8
BLACK
6
CONTINUOUS
10
6.7713562204724411
20
-4.4897545275590547
11
6.7713560236220474
21
-4.4897544488188972
0
LINE
8
BLACK
6
CONTINUOUS
10
6.7713560236220474
20
-4.4897544488188972
11
6.7699797637795278
21
-4.4892294488188975
0
LINE
8
BLACK
6
CONTINUOUS
10
6.7699797637795278
20
-4.4892294488188975
11
6.7699632677165349
21
-4.4892222440944884
0
LINE
8
BLACK
6
CONTINUOUS
10
6.7699632677165349
20
-4.4892222440944884
11
6.7689329133858269
21
-4.4887170078740155
0
LINE
8
BLACK
6
CONTINUOUS
10
6.7689329133858269
20
-4.4887170078740155
11
6.7688826377952758
21
-4.4886816929133859
0
LINE
8
BLACK
6
CONTINUOUS
10
6.7688826377952758
20
-4.4886816929133859
11
6.7682100393700786
21
-4.4880303937007877
0
LINE
8
BLACK
6
CONTINUOUS
10
6.7682100393700786
20
-4.4880303937007877
11
6.7681637007874018
21
-4.4879608267716531
0
LINE
8
BLACK
6
CONTINUOUS
10
6.7681637007874018
20
-4.4879608267716531
11
6.7677728740157477
21
-4.4869641732283467
0
LINE
8
BLACK
6
CONTINUOUS
10
6.7677728740157477
20
-4.4869641732283467
11
6.7677607086614175
21
-4.4869157874015748
0
LINE
8
BLACK
6
CONTINUOUS
10
6.7677607086614175
20
-4.4869157874015748
11
6.7675756692913387
21
-4.4853744881889765
0
LINE
8
BLACK
6
CONTINUOUS
10
6.7675756692913387
20
-4.4853744881889765
11
6.7675742913385823
21
-4.4853557874015744
0
LINE
8
BLACK
6
CONTINUOUS
10
6.7675742913385823
20
-4.4853557874015744
11
6.7675190157480314
21
-4.4830704330708659
0
LINE
8
BLACK
6
CONTINUOUS
10
6.7675190157480314
20
-4.4830704330708659
11
6.7675189763779526
21
-4.4830657480314962
0
LINE
8
BLACK
6
CONTINUOUS
10
6.7675189763779526
20
-4.4830657480314962
11
6.7675174409448822
21
-4.4798376377952751
0
LINE
8
BLACK
6
CONTINUOUS
10
6.7675174409448822
20
-4.4798376377952751
11
6.7675096062992122
21
-4.4772641732283462
0
LINE
8
BLACK
6
CONTINUOUS
10
6.7675096062992122
20
-4.4772641732283462
11
6.7674630708661416
21
-4.4748025590551181
0
LINE
8
BLACK
6
CONTINUOUS
10
6.7674630708661416
20
-4.4748025590551181
11
6.7673526771653538
21
-4.4731318503937008
0
LINE
8
BLACK
6
CONTINUOUS
10
6.7673526771653538
20
-4.4731318503937008
11
6.7671572047244091
21
-4.472058385826772
0
LINE
8
BLACK
6
CONTINUOUS
10
6.7671572047244091
20
-4.472058385826772
11
6.7668601181102357
21
-4.4713745275590551
0
LINE
8
BLACK
6
CONTINUOUS
10
6.7668601181102357
20
-4.4713745275590551
11
6.7664365748031496
21
-4.4708602362204726
0
LINE
8
BLACK
6
CONTINUOUS
10
6.7664365748031496
20
-4.4708602362204726
11
6.7653696850393699
21
-4.4701165748031499
0
LINE
8
BLACK
6
CONTINUOUS
10
6.7653696850393699
20
-4.4701165748031499
11
6.7635755905511807
21
-4.4698359842519686
0
LINE
8
BLACK
6
CONTINUOUS
10
6.7635755905511807
20
-4.4698359842519686
11
6.7617793307086611
21
-4.470553582677165
0
LINE
8
BLACK
6
CONTINUOUS
10
6.7617793307086611
20
-4.470553582677165
11
6.7616928740157478
21
-4.4706205905511807
0
LINE
8
BLACK
6
CONTINUOUS
10
6.7616928740157478
20
-4.4706205905511807
11
6.7613424015748027
21
-4.4710232283464562
0
LINE
8
BLACK
6
CONTINUOUS
10
6.7613424015748027
20
-4.4710232283464562
11
6.7610780708661418
21
-4.4716833858267719
0
LINE
8
BLACK
6
CONTINUOUS
10
6.7610780708661418
20
-4.4716833858267719
11
6.7608763779527559
21
-4.4728065354330706
0
LINE
8
BLACK
6
CONTINUOUS
10
6.7608763779527559
20
-4.4728065354330706
11
6.7607240551181098
21
-4.4745627952755909
0
LINE
8
BLACK
6
CONTINUOUS
10
6.7607240551181098
20
-4.4745627952755909
11
6.7606004330708656
21
-4.4771194094488189
0
LINE
8
BLACK
6
CONTINUOUS
10
6.7606004330708656
20
-4.4771194094488189
11
6.760482440944882
21
-4.4806464566929129
0
LINE
8
BLACK
6
CONTINUOUS
10
6.760482440944882
20
-4.4806464566929129
11
6.7604824803149608
21
-4.4806464960629917
0
LINE
8
BLACK
6
CONTINUOUS
10
6.7604824803149608
20
-4.4806464960629917
11
6.7601967716535434
21
-4.4900963779527556
0
LINE
8
BLACK
6
CONTINUOUS
10
6.7601967716535434
20
-4.4900963779527556
11
6.7601349212598425
21
-4.4902337795275589
0
LINE
8
BLACK
6
CONTINUOUS
10
6.7601349212598425
20
-4.4902337795275589
11
6.7599940551181099
21
-4.4902872047244093
0
LINE
8
BLACK
6
CONTINUOUS
10
6.7599940551181099
20
-4.4902872047244093
11
6.7599194881889764
21
-4.4902700787401573
0
LINE
8
BLACK
6
CONTINUOUS
10
6.7599194881889764
20
-4.4902700787401573
11
6.7574909055118111
21
-4.4891813779527556
0
LINE
8
BLACK
6
CONTINUOUS
10
6.7574909055118111
20
-4.4891813779527556
11
6.7550623622047246
21
-4.488092677165354
0
LINE
8
BLACK
6
CONTINUOUS
10
6.7550623622047246
20
-4.488092677165354
11
6.7549589370078742
21
-4.48798311023622
0
LINE
8
BLACK
6
CONTINUOUS
10
6.7549589370078742
20
-4.48798311023622
11
6.7549460236220469
21
-4.4879130314960625
0
LINE
8
BLACK
6
CONTINUOUS
10
6.7549460236220469
20
-4.4879130314960625
11
6.7549460236220469
21
-4.4792844488188974
0
LINE
8
BLACK
6
CONTINUOUS
10
6.7549460236220469
20
-4.4792844488188974
11
6.7549560629921261
21
-4.4769405511811025
0
LINE
8
BLACK
6
CONTINUOUS
10
6.7549560629921261
20
-4.4769405511811025
11
6.7549561417322836
21
-4.476936141732283
0
LINE
8
BLACK
6
CONTINUOUS
10
6.7549561417322836
20
-4.476936141732283
11
6.7550428346456695
21
-4.4736755511811026
0
LINE
8
BLACK
6
CONTINUOUS
10
6.7550428346456695
20
-4.4736755511811026
11
6.7550435433070861
21
-4.4736630708661416
0
LINE
8
BLACK
6
CONTINUOUS
10
6.7550435433070861
20
-4.4736630708661416
11
6.7552630314960629
21
-4.4712353149606301
0
LINE
8
BLACK
6
CONTINUOUS
10
6.7552630314960629
20
-4.4712353149606301
11
6.7552670866141726
21
-4.4712096456692914
0
LINE
8
BLACK
6
CONTINUOUS
10
6.7552670866141726
20
-4.4712096456692914
11
6.755671811023622
21
-4.4694191338582678
0
LINE
8
BLACK
6
CONTINUOUS
10
6.755671811023622
20
-4.4694191338582678
11
6.7556861023622048
21
-4.4693778740157475
0
LINE
8
BLACK
6
CONTINUOUS
10
6.7556861023622048
20
-4.4693778740157475
11
6.7563285039370076
21
-4.4680288976377955
0
LINE
8
BLACK
6
CONTINUOUS
10
6.7563285039370076
20
-4.4680288976377955
11
6.7563559055118105
21
-4.4679864566929135
0
LINE
8
BLACK
6
CONTINUOUS
10
6.7563559055118105
20
-4.4679864566929135
11
6.7572883858267714
21
-4.4668833858267716
0
LINE
8
BLACK
6
CONTINUOUS
10
6.7572883858267714
20
-4.4668833858267716
11
6.7573133464566926
21
-4.4668587007874017
0
LINE
8
BLACK
6
CONTINUOUS
10
6.7573133464566926
20
-4.4668587007874017
11
6.7585883464566932
21
-4.4658058267716534
0
LINE
8
BLACK
6
CONTINUOUS
10
6.7585883464566932
20
-4.4658058267716534
11
6.7586151181102361
21
-4.4657872047244096
0
LINE
8
BLACK
6
CONTINUOUS
10
6.7586151181102361
20
-4.4657872047244096
11
6.7604489370078742
21
-4.4647264566929135
0
LINE
8
BLACK
6
CONTINUOUS
10
6.7604489370078742
20
-4.4647264566929135
11
6.7605016535433071
21
-4.4647054330708658
0
LINE
8
BLACK
6
CONTINUOUS
10
6.7605016535433071
20
-4.4647054330708658
11
6.7633906299212594
21
-4.4640129527559056
0
LINE
8
BLACK
6
CONTINUOUS
10
6.7633906299212594
20
-4.4640129527559056
11
6.7634567716535434
21
-4.4640085826771649
0
LINE
8
BLACK
6
CONTINUOUS
10
6.7634567716535434
20
-4.4640085826771649
11
6.7663596456692909
21
-4.4643090157480314
0
LINE
8
BLACK
6
CONTINUOUS
10
6.830651496062992
20
-4.4640131102362206
11
6.8306856692913387
21
-4.4640171653543304
0
LINE
8
BLACK
6
CONTINUOUS
10
6.8306856692913387
20
-4.4640171653543304
11
6.8332641338582674
21
-4.4645532283464568
0
LINE
8
BLACK
6
CONTINUOUS
10
6.8332641338582674
20
-4.4645532283464568
11
6.8333298818897639
21
-4.464579960629921
0
LINE
8
BLACK
6
CONTINUOUS
10
6.8333298818897639
20
-4.464579960629921
11
6.8354478346456693
21
-4.4659304330708665
0
LINE
8
BLACK
6
CONTINUOUS
10
6.8354478346456693
20
-4.4659304330708665
11
6.8354930708661419
21
-4.4659701968503933
0
LINE
8
BLACK
6
CONTINUOUS
10
6.8354930708661419
20
-4.4659701968503933
11
6.8374367716535431
21
-4.4682965354330708
0
LINE
8
BLACK
6
CONTINUOUS
10
6.8374367716535431
20
-4.4682965354330708
11
6.8374492519685042
21
-4.4683131496062991
0
LINE
8
BLACK
6
CONTINUOUS
10
6.8374492519685042
20
-4.4683131496062991
11
6.8375649212598422
21
-4.4684857480314957
0
LINE
8
BLACK
6
CONTINUOUS
10
6.8375649212598422
20
-4.4684857480314957
11
6.8375728740157475
21
-4.468498661417323
0
LINE
8
BLACK
6
CONTINUOUS
10
6.8375728740157475
20
-4.468498661417323
11
6.8380961811023617
21
-4.4694268897637794
0
LINE
8
BLACK
6
CONTINUOUS
10
6.8380961811023617
20
-4.4694268897637794
11
6.8381119291338583
21
-4.4694628346456691
0
LINE
8
BLACK
6
CONTINUOUS
10
6.8381119291338583
20
-4.4694628346456691
11
6.8384522834645667
21
-4.4705120472440942
0
LINE
8
BLACK
6
CONTINUOUS
10
6.8384522834645667
20
-4.4705120472440942
11
6.838460078740157
21
-4.4705460236220471
0
LINE
8
BLACK
6
CONTINUOUS
10
6.838460078740157
20
-4.4705460236220471
11
6.8386558267716531
21
-4.4719716141732286
0
LINE
8
BLACK
6
CONTINUOUS
10
6.8386558267716531
20
-4.4719716141732286
11
6.8386574409448819
21
-4.4719898425196849
0
LINE
8
BLACK
6
CONTINUOUS
10
6.8386574409448819
20
-4.4719898425196849
11
6.838746811023622
21
-4.4740470866141733
0
LINE
8
BLACK
6
CONTINUOUS
10
6.838746811023622
20
-4.4740470866141733
11
6.8387470078740158
21
-4.4740542125984248
0
LINE
8
BLACK
6
CONTINUOUS
10
6.8387470078740158
20
-4.4740542125984248
11
6.8387668503937009
21
-4.476801417322835
0
LINE
8
BLACK
6
CONTINUOUS
10
6.8387668503937009
20
-4.476801417322835
11
6.8387682677165351
21
-4.4769985826771652
0
LINE
8
BLACK
6
CONTINUOUS
10
6.8387682677165351
20
-4.4769985826771652
11
6.8387682677165351
21
-4.4770001574803144
0
LINE
8
BLACK
6
CONTINUOUS
10
6.8387682677165351
20
-4.4770001574803144
11
6.8387677559055113
21
-4.4776196456692912
0
LINE
8
BLACK
6
CONTINUOUS
10
6.8387677559055113
20
-4.4776196456692912
11
6.8387677559055113
21
-4.4776216929133854
0
LINE
8
BLACK
6
CONTINUOUS
10
6.8387677559055113
20
-4.4776216929133854
11
6.8387367716535428
21
-4.4803848425196851
0
LINE
8
BLACK
6
CONTINUOUS
10
6.8387367716535428
20
-4.4803848425196851
11
6.8387364566929136
21
-4.480393503937008
0
LINE
8
BLACK
6
CONTINUOUS
10
6.8387364566929136
20
-4.480393503937008
11
6.8386300000000002
21
-4.4823188188976379
0
LINE
8
BLACK
6
CONTINUOUS
10
6.8386300000000002
20
-4.4823188188976379
11
6.8386277165354326
21
-4.4823398425196848
0
LINE
8
BLACK
6
CONTINUOUS
10
6.8386277165354326
20
-4.4823398425196848
11
6.8384070866141728
21
-4.4836845669291341
0
LINE
8
BLACK
6
CONTINUOUS
10
6.8384070866141728
20
-4.4836845669291341
11
6.8383977165354333
21
-4.4837202755905512
0
LINE
8
BLACK
6
CONTINUOUS
10
6.8383977165354333
20
-4.4837202755905512
11
6.838024212598425
21
-4.4847417716535434
0
LINE
8
BLACK
6
CONTINUOUS
10
6.838024212598425
20
-4.4847417716535434
11
6.8380087795275593
21
-4.4847743700787399
0
LINE
8
BLACK
6
CONTINUOUS
10
6.8380087795275593
20
-4.4847743700787399
11
6.8374437795275593
21
-4.4857300000000002
0
LINE
8
BLACK
6
CONTINUOUS
10
6.8374437795275593
20
-4.4857300000000002
11
6.837435511811023
21
-4.4857427952755904
0
LINE
8
BLACK
6
CONTINUOUS
10
6.837435511811023
20
-4.4857427952755904
11
6.8372964960629918
21
-4.4859410629921257
0
LINE
8
BLACK
6
CONTINUOUS
10
6.8372964960629918
20
-4.4859410629921257
11
6.8372787007874019
21
-4.4859629527559051
0
LINE
8
BLACK
6
CONTINUOUS
10
6.8372787007874019
20
-4.4859629527559051
11
6.8358078740157477
21
-4.4875263385826774
0
LINE
8
BLACK
6
CONTINUOUS
10
6.8358078740157477
20
-4.4875263385826774
11
6.8357777559055117
21
-4.4875524409448815
0
LINE
8
BLACK
6
CONTINUOUS
10
6.8357777559055117
20
-4.4875524409448815
11
6.8341018897637795
21
-4.4887315354330708
0
LINE
8
BLACK
6
CONTINUOUS
10
6.8341018897637795
20
-4.4887315354330708
11
6.8340685826771654
21
-4.4887504330708659
0
LINE
8
BLACK
6
CONTINUOUS
10
6.8340685826771654
20
-4.4887504330708659
11
6.8332079921259838
21
-4.4891330314960625
0
LINE
8
BLACK
6
CONTINUOUS
10
6.8332079921259838
20
-4.4891330314960625
11
6.8331678346456695
21
-4.4891459448818898
0
LINE
8
BLACK
6
CONTINUOUS
10
6.8331678346456695
20
-4.4891459448818898
11
6.8300755511811024
21
-4.4897841338582678
0
LINE
8
BLACK
6
CONTINUOUS
10
6.8300755511811024
20
-4.4897841338582678
11
6.8300094094488184
21
-4.4897864173228346
0
LINE
8
BLACK
6
CONTINUOUS
10
6.8300094094488184
20
-4.4897864173228346
11
6.8269512598425193
21
-4.4893736220472436
0
LINE
8
BLACK
6
CONTINUOUS
10
6.8269512598425193
20
-4.4893736220472436
11
6.8268894881889759
21
-4.4893545669291335
0
LINE
8
BLACK
6
CONTINUOUS
10
6.8268894881889759
20
-4.4893545669291335
11
6.8240711417322837
21
-4.487944015748031
0
LINE
8
BLACK
6
CONTINUOUS
10
6.8240711417322837
20
-4.487944015748031
11
6.8240205905511813
21
-4.4879077165354326
0
LINE
8
BLACK
6
CONTINUOUS
10
6.8240205905511813
20
-4.4879077165354326
11
6.8216477165354332
21
-4.4855525984251967
0
LINE
8
BLACK
6
CONTINUOUS
10
6.8216477165354332
20
-4.4855525984251967
11
6.8216201968503931
21
-4.4855183858267713
0
LINE
8
BLACK
6
CONTINUOUS
10
6.8216201968503931
20
-4.4855183858267713
11
6.8214198818897636
21
-4.4852028740157479
0
LINE
8
BLACK
6
CONTINUOUS
10
6.8214198818897636
20
-4.4852028740157479
11
6.821400590551181
21
-4.4851633464566927
0
LINE
8
BLACK
6
CONTINUOUS
10
6.821400590551181
20
-4.4851633464566927
11
6.820748779527559
21
-4.4833314173228347
0
LINE
8
BLACK
6
CONTINUOUS
10
6.820748779527559
20
-4.4833314173228347
11
6.8207402755905511
21
-4.483298858267716
0
LINE
8
BLACK
6
CONTINUOUS
10
6.8207402755905511
20
-4.483298858267716
11
6.8203010236220472
21
-4.4807480708661416
0
LINE
8
BLACK
6
CONTINUOUS
10
6.8203010236220472
20
-4.4807480708661416
11
6.8202986614173229
21
-4.4807288582677165
0
LINE
8
BLACK
6
CONTINUOUS
10
6.8202986614173229
20
-4.4807288582677165
11
6.8200855511811023
21
-4.4777829921259844
0
LINE
8
BLACK
6
CONTINUOUS
10
6.8200855511811023
20
-4.4777829921259844
11
6.8200850393700785
21
-4.477767047244094
0
LINE
8
BLACK
6
CONTINUOUS
10
6.8200850393700785
20
-4.477767047244094
11
6.820111535433071
21
-4.4747500787401577
0
LINE
8
BLACK
6
CONTINUOUS
10
6.820111535433071
20
-4.4747500787401577
11
6.820112519685039
21
-4.4747320078740156
0
LINE
8
BLACK
6
CONTINUOUS
10
6.820112519685039
20
-4.4747320078740156
11
6.820392204724409
21
-4.4719676771653543
0
LINE
8
BLACK
6
CONTINUOUS
10
6.820392204724409
20
-4.4719676771653543
11
6.8203970866141734
21
-4.4719398031496063
0
LINE
8
BLACK
6
CONTINUOUS
10
6.8203970866141734
20
-4.4719398031496063
11
6.8209434645669287
21
-4.4697520078740158
0
LINE
8
BLACK
6
CONTINUOUS
10
6.8209434645669287
20
-4.4697520078740158
11
6.8209571259842514
21
-4.4697142519685036
0
LINE
8
BLACK
6
CONTINUOUS
10
6.8209571259842514
20
-4.4697142519685036
11
6.8216592519685042
21
-4.4682571259842518
0
LINE
8
BLACK
6
CONTINUOUS
10
6.8216592519685042
20
-4.4682571259842518
11
6.8216882283464564
21
-4.4682131889763781
0
LINE
8
BLACK
6
CONTINUOUS
10
6.8216882283464564
20
-4.4682131889763781
11
6.8236648425196851
21
-4.4659467322834647
0
LINE
8
BLACK
6
CONTINUOUS
10
6.8236648425196851
20
-4.4659467322834647
11
6.8237215748031499
21
-4.4659018503937009
0
LINE
8
BLACK
6
CONTINUOUS
10
6.8237215748031499
20
-4.4659018503937009
11
6.8263999212598421
21
-4.4644935433070865
0
LINE
8
BLACK
6
CONTINUOUS
10
6.8263999212598421
20
-4.4644935433070865
11
6.8264627952755905
21
-4.4644730708661413
0
LINE
8
BLACK
6
CONTINUOUS
10
6.8264627952755905
20
-4.4644730708661413
11
6.8297412598425193
21
-4.4639889370078736
0
LINE
8
BLACK
6
CONTINUOUS
10
6.8297412598425193
20
-4.4639889370078736
11
6.829775905511811
21
-4.4639868897637793
0
LINE
8
BLACK
6
CONTINUOUS
10
6.829775905511811
20
-4.4639868897637793
11
6.830651496062992
21
-4.4640131102362206
0
LINE
8
BLACK
6
CONTINUOUS
10
6.8290904330708662
20
-4.4698083070866144
11
6.8276815748031492
21
-4.4705703543307083
0
LINE
8
BLACK
6
CONTINUOUS
10
6.8276815748031492
20
-4.4705703543307083
11
6.8267362992125982
21
-4.4723053937007871
0
LINE
8
BLACK
6
CONTINUOUS
10
6.8267362992125982
20
-4.4723053937007871
11
6.8262698031496063
21
-4.4750591338582675
0
LINE
8
BLACK
6
CONTINUOUS
10
6.8262698031496063
20
-4.4750591338582675
11
6.8263149606299214
21
-4.4788104330708665
0
LINE
8
BLACK
6
CONTINUOUS
10
6.8263149606299214
20
-4.4788104330708665
11
6.8263323228346451
21
-4.4790416535433071
0
LINE
8
BLACK
6
CONTINUOUS
10
6.8263323228346451
20
-4.4790416535433071
11
6.8265952755905515
21
-4.4810985826771654
0
LINE
8
BLACK
6
CONTINUOUS
10
6.8265952755905515
20
-4.4810985826771654
11
6.8270492913385823
21
-4.4823635826771655
0
LINE
8
BLACK
6
CONTINUOUS
10
6.8270492913385823
20
-4.4823635826771655
11
6.827806220472441
21
-4.4832192913385827
0
LINE
8
BLACK
6
CONTINUOUS
10
6.827806220472441
20
-4.4832192913385827
11
6.8290794881889765
21
-4.4840234645669295
0
LINE
8
BLACK
6
CONTINUOUS
10
6.8290794881889765
20
-4.4840234645669295
11
6.8302868503937004
21
-4.4840640157480314
0
LINE
8
BLACK
6
CONTINUOUS
10
6.8302868503937004
20
-4.4840640157480314
11
6.8315833858267716
21
-4.4831372834645666
0
LINE
8
BLACK
6
CONTINUOUS
10
6.8315833858267716
20
-4.4831372834645666
11
6.8317941338582679
21
-4.4829094094488191
0
LINE
8
BLACK
6
CONTINUOUS
10
6.8317941338582679
20
-4.4829094094488191
11
6.832234015748031
21
-4.4821827952755902
0
LINE
8
BLACK
6
CONTINUOUS
10
6.832234015748031
20
-4.4821827952755902
11
6.8324979921259841
21
-4.4811100787401577
0
LINE
8
BLACK
6
CONTINUOUS
10
6.8324979921259841
20
-4.4811100787401577
11
6.8326270866141732
21
-4.4794020472440943
0
LINE
8
BLACK
6
CONTINUOUS
10
6.8326270866141732
20
-4.4794020472440943
11
6.8326601968503935
21
-4.476803818897638
0
LINE
8
BLACK
6
CONTINUOUS
10
6.8326601968503935
20
-4.476803818897638
11
6.8326035826771649
21
-4.4743742913385827
0
LINE
8
BLACK
6
CONTINUOUS
10
6.8326035826771649
20
-4.4743742913385827
11
6.8323237007874011
21
-4.4720823622047243
0
LINE
8
BLACK
6
CONTINUOUS
10
6.8323237007874011
20
-4.4720823622047243
11
6.8317657086614174
21
-4.4706835433070866
0
LINE
8
BLACK
6
CONTINUOUS
10
6.8317657086614174
20
-4.4706835433070866
11
6.8308875984251971
21
-4.4699796456692908
0
LINE
8
BLACK
6
CONTINUOUS
10
6.8308875984251971
20
-4.4699796456692908
11
6.8295597637795273
21
-4.4697695275590554
0
LINE
8
BLACK
6
CONTINUOUS
10
6.8295597637795273
20
-4.4697695275590554
11
6.8290904330708662
21
-4.4698083070866144
0
LINE
8
BLACK
6
CONTINUOUS
10
6.7874035433070867
20
-4.4641322834645667
11
6.7874663779527555
21
-4.4641440944881889
0
LINE
8
BLACK
6
CONTINUOUS
10
6.7874663779527555
20
-4.4641440944881889
11
6.79012031496063
21
-4.4651094094488188
0
LINE
8
BLACK
6
CONTINUOUS
10
6.79012031496063
20
-4.4651094094488188
11
6.7901767322834647
21
-4.46514125984252
0
LINE
8
BLACK
6
CONTINUOUS
10
6.7901767322834647
20
-4.46514125984252
11
6.7925860629921262
21
-4.467087086614173
0
LINE
8
BLACK
6
CONTINUOUS
10
6.7925860629921262
20
-4.467087086614173
11
6.7926241338582676
21
-4.4671280708661421
0
LINE
8
BLACK
6
CONTINUOUS
10
6.7926241338582676
20
-4.4671280708661421
11
6.7939590157480314
21
-4.4690536614173224
0
LINE
8
BLACK
6
CONTINUOUS
10
6.7939590157480314
20
-4.4690536614173224
11
6.79398311023622
21
-4.469100984251968
0
LINE
8
BLACK
6
CONTINUOUS
10
6.79398311023622
20
-4.469100984251968
11
6.7949420078740159
21
-4.4718496062992124
0
LINE
8
BLACK
6
CONTINUOUS
10
6.7949420078740159
20
-4.4718496062992124
11
6.7949518503937005
21
-4.4718933464566932
0
LINE
8
BLACK
6
CONTINUOUS
10
6.7949518503937005
20
-4.4718933464566932
11
6.7951077952755901
21
-4.4733390551181103
0
LINE
8
BLACK
6
CONTINUOUS
10
6.7951077952755901
20
-4.4733390551181103
11
6.7953255905511813
21
-4.4753590157480314
0
LINE
8
BLACK
6
CONTINUOUS
10
6.7953255905511813
20
-4.4753590157480314
11
6.7953265748031493
21
-4.4753883858267711
0
LINE
8
BLACK
6
CONTINUOUS
10
6.7953265748031493
20
-4.4753883858267711
11
6.7951448818897635
21
-4.4797199999999995
0
LINE
8
BLACK
6
CONTINUOUS
10
6.7951448818897635
20
-4.4797199999999995
11
6.7951438188976381
21
-4.4797336220472443
0
LINE
8
BLACK
6
CONTINUOUS
10
6.7951438188976381
20
-4.4797336220472443
11
6.7950412204724406
21
-4.4806512992125986
0
LINE
8
BLACK
6
CONTINUOUS
10
6.7950412204724406
20
-4.4806512992125986
11
6.7950372440944884
21
-4.4806742519685034
0
LINE
8
BLACK
6
CONTINUOUS
10
6.7950372440944884
20
-4.4806742519685034
11
6.7942727559055118
21
-4.4839405905511809
0
LINE
8
BLACK
6
CONTINUOUS
10
6.7942727559055118
20
-4.4839405905511809
11
6.7942531496062992
21
-4.4839914173228346
0
LINE
8
BLACK
6
CONTINUOUS
10
6.7942531496062992
20
-4.4839914173228346
11
6.7928717716535427
21
-4.4864755118110233
0
LINE
8
BLACK
6
CONTINUOUS
10
6.7928717716535427
20
-4.4864755118110233
11
6.7928319291338584
21
-4.486525708661417
0
LINE
8
BLACK
6
CONTINUOUS
10
6.7928319291338584
20
-4.486525708661417
11
6.790731102362205
21
-4.4884296456692914
0
LINE
8
BLACK
6
CONTINUOUS
10
6.790731102362205
20
-4.4884296456692914
11
6.7907075196850393
21
-4.4884479527559051
0
LINE
8
BLACK
6
CONTINUOUS
10
6.7907075196850393
20
-4.4884479527559051
11
6.7905887795275586
21
-4.4885265354330706
0
LINE
8
BLACK
6
CONTINUOUS
10
6.7905887795275586
20
-4.4885265354330706
11
6.7905561417322833
21
-4.4885439763779527
0
LINE
8
BLACK
6
CONTINUOUS
10
6.7905561417322833
20
-4.4885439763779527
11
6.7878855118110231
21
-4.4896613385826774
0
LINE
8
BLACK
6
CONTINUOUS
10
6.7878855118110231
20
-4.4896613385826774
11
6.7878165354330706
21
-4.489676456692913
0
LINE
8
BLACK
6
CONTINUOUS
10
6.7878165354330706
20
-4.489676456692913
11
6.7850280708661419
21
-4.4897759055118112
0
LINE
8
BLACK
6
CONTINUOUS
10
6.7850280708661419
20
-4.4897759055118112
11
6.7849616141732279
21
-4.4897668503937007
0
LINE
8
BLACK
6
CONTINUOUS
10
6.7849616141732279
20
-4.4897668503937007
11
6.7822747637795278
21
-4.4889159055118109
0
LINE
8
BLACK
6
CONTINUOUS
10
6.7822747637795278
20
-4.4889159055118109
11
6.7822178740157479
21
-4.4888870078740153
0
LINE
8
BLACK
6
CONTINUOUS
10
6.7822178740157479
20
-4.4888870078740153
11
6.7798520078740152
21
-4.4871533464566928
0
LINE
8
BLACK
6
CONTINUOUS
10
6.7798520078740152
20
-4.4871533464566928
11
6.779808307086614
21
-4.4871091732283466
0
LINE
8
BLACK
6
CONTINUOUS
10
6.779808307086614
20
-4.4871091732283466
11
6.7779828346456688
21
-4.4845603543307089
0
LINE
8
BLACK
6
CONTINUOUS
10
6.7779828346456688
20
-4.4845603543307089
11
6.7779667322834642
21
-4.4845336614173226
0
LINE
8
BLACK
6
CONTINUOUS
10
6.7779667322834642
20
-4.4845336614173226
11
6.7779360629921257
21
-4.4844722047244092
0
LINE
8
BLACK
6
CONTINUOUS
10
6.7779360629921257
20
-4.4844722047244092
11
6.7779283858267716
21
-4.4844547244094484
0
LINE
8
BLACK
6
CONTINUOUS
10
6.7779283858267716
20
-4.4844547244094484
11
6.7773218110236222
21
-4.4828719291338581
0
LINE
8
BLACK
6
CONTINUOUS
10
6.7773218110236222
20
-4.4828719291338581
11
6.7773145275590547
21
-4.4828487007874012
0
LINE
8
BLACK
6
CONTINUOUS
10
6.7773145275590547
20
-4.4828487007874012
11
6.7768701968503935
21
-4.481049803149606
0
LINE
8
BLACK
6
CONTINUOUS
10
6.7768701968503935
20
-4.481049803149606
11
6.7768663385826766
21
-4.4810298031496059
0
LINE
8
BLACK
6
CONTINUOUS
10
6.7768663385826766
20
-4.4810298031496059
11
6.77663062992126
21
-4.479341062992126
0
LINE
8
BLACK
6
CONTINUOUS
10
6.77663062992126
20
-4.479341062992126
11
6.7766287795275586
21
-4.4793108267716537
0
LINE
8
BLACK
6
CONTINUOUS
10
6.7766287795275586
20
-4.4793108267716537
11
6.7766481102362199
21
-4.4780583858267713
0
LINE
8
BLACK
6
CONTINUOUS
10
6.7766481102362199
20
-4.4780583858267713
11
6.7766801968503936
21
-4.4779536220472442
0
LINE
8
BLACK
6
CONTINUOUS
10
6.7766801968503936
20
-4.4779536220472442
11
6.7770009055118106
21
-4.4774636220472441
0
LINE
8
BLACK
6
CONTINUOUS
10
6.7770009055118106
20
-4.4774636220472441
11
6.7771253937007874
21
-4.4773787401574801
0
LINE
8
BLACK
6
CONTINUOUS
10
6.7771253937007874
20
-4.4773787401574801
11
6.7771861023622044
21
-4.4773756299212595
0
LINE
8
BLACK
6
CONTINUOUS
10
6.7771861023622044
20
-4.4773756299212595
11
6.7774710236220468
21
-4.4774054330708664
0
LINE
8
BLACK
6
CONTINUOUS
10
6.7774710236220468
20
-4.4774054330708664
11
6.7775233070866143
21
-4.477418307086614
0
LINE
8
BLACK
6
CONTINUOUS
10
6.7775233070866143
20
-4.477418307086614
11
6.7788857874015749
21
-4.4779601968503933
0
LINE
8
BLACK
6
CONTINUOUS
10
6.7788857874015749
20
-4.4779601968503933
11
6.7789197637795278
21
-4.4779777165354329
0
LINE
8
BLACK
6
CONTINUOUS
10
6.7789197637795278
20
-4.4779777165354329
11
6.7804641338582679
21
-4.4789742125984251
0
LINE
8
BLACK
6
CONTINUOUS
10
6.7804641338582679
20
-4.4789742125984251
11
6.7804872834645664
21
-4.4789916929133859
0
LINE
8
BLACK
6
CONTINUOUS
10
6.7804872834645664
20
-4.4789916929133859
11
6.7818010629921259
21
-4.480145196850394
0
LINE
8
BLACK
6
CONTINUOUS
10
6.7818010629921259
20
-4.480145196850394
11
6.7818353149606301
21
-4.4801844488188971
0
LINE
8
BLACK
6
CONTINUOUS
10
6.7818353149606301
20
-4.4801844488188971
11
6.7825059842519684
21
-4.481197322834646
0
LINE
8
BLACK
6
CONTINUOUS
10
6.7825059842519684
20
-4.481197322834646
11
6.7825174015748031
21
-4.4812168897637799
0
LINE
8
BLACK
6
CONTINUOUS
10
6.7825174015748031
20
-4.4812168897637799
11
6.7831973228346456
21
-4.482556850393701
0
LINE
8
BLACK
6
CONTINUOUS
10
6.7831973228346456
20
-4.482556850393701
11
6.7845654724409448
21
-4.4837533858267715
0
LINE
8
BLACK
6
CONTINUOUS
10
6.7845654724409448
20
-4.4837533858267715
11
6.7861331496062993
21
-4.4842248031496066
0
LINE
8
BLACK
6
CONTINUOUS
10
6.7861331496062993
20
-4.4842248031496066
11
6.7866598425196845
21
-4.4840998818897635
0
LINE
8
BLACK
6
CONTINUOUS
10
6.7866598425196845
20
-4.4840998818897635
11
6.7878150000000002
21
-4.4834010236220472
0
LINE
8
BLACK
6
CONTINUOUS
10
6.7878150000000002
20
-4.4834010236220472
11
6.7888198031496065
21
-4.4824322047244092
0
LINE
8
BLACK
6
CONTINUOUS
10
6.7888198031496065
20
-4.4824322047244092
11
6.7891847637795273
21
-4.4816856299212597
0
LINE
8
BLACK
6
CONTINUOUS
10
6.7891847637795273
20
-4.4816856299212597
11
6.7888092913385822
21
-4.4813747637795274
0
LINE
8
BLACK
6
CONTINUOUS
10
6.7888092913385822
20
-4.4813747637795274
11
6.7874765354330711
21
-4.4806281496062992
0
LINE
8
BLACK
6
CONTINUOUS
10
6.7874765354330711
20
-4.4806281496062992
11
6.7854900000000002
21
-4.4796428740157479
0
LINE
8
BLACK
6
CONTINUOUS
10
6.7854900000000002
20
-4.4796428740157479
11
6.7830626771653542
21
-4.4785311023622043
0
LINE
8
BLACK
6
CONTINUOUS
10
6.7830626771653542
20
-4.4785311023622043
11
6.783050039370079
21
-4.478525551181102
0
LINE
8
BLACK
6
CONTINUOUS
10
6.783050039370079
20
-4.478525551181102
11
6.783049409448819
21
-4.4785252755905507
0
LINE
8
BLACK
6
CONTINUOUS
10
6.783049409448819
20
-4.4785252755905507
11
6.7804076377952756
21
-4.4773490551181103
0
LINE
8
BLACK
6
CONTINUOUS
10
6.7804076377952756
20
-4.4773490551181103
11
6.780402755905512
21
-4.4773467716535436
0
LINE
8
BLACK
6
CONTINUOUS
10
6.780402755905512
20
-4.4773467716535436
11
6.7786320078740152
21
-4.4764993307086609
0
LINE
8
BLACK
6
CONTINUOUS
10
6.7786320078740152
20
-4.4764993307086609
11
6.778614881889764
21
-4.4764900787401576
0
LINE
8
BLACK
6
CONTINUOUS
10
6.778614881889764
20
-4.4764900787401576
11
6.7775414173228343
21
-4.4758390551181098
0
LINE
8
BLACK
6
CONTINUOUS
10
6.7775414173228343
20
-4.4758390551181098
11
6.7774998425196848
21
-4.4758053543307081
0
LINE
8
BLACK
6
CONTINUOUS
10
6.7774998425196848
20
-4.4758053543307081
11
6.7769499606299215
21
-4.4752185039370076
0
LINE
8
BLACK
6
CONTINUOUS
10
6.7769499606299215
20
-4.4752185039370076
11
6.7769053543307081
21
-4.475141377952756
0
LINE
8
BLACK
6
CONTINUOUS
10
6.7769053543307081
20
-4.475141377952756
11
6.7767053149606298
21
-4.4744863385826772
0
LINE
8
BLACK
6
CONTINUOUS
10
6.7767053149606298
20
-4.4744863385826772
11
6.7766968110236219
21
-4.4744343700787397
0
LINE
8
BLACK
6
CONTINUOUS
10
6.7766968110236219
20
-4.4744343700787397
11
6.776672913385827
21
-4.4735788188976375
0
LINE
8
BLACK
6
CONTINUOUS
10
6.776672913385827
20
-4.4735788188976375
11
6.7766738582677162
21
-4.4735532283464563
0
LINE
8
BLACK
6
CONTINUOUS
10
6.7766738582677162
20
-4.4735532283464563
11
6.776884212598425
21
-4.4715029921259841
0
LINE
8
BLACK
6
CONTINUOUS
10
6.776884212598425
20
-4.4715029921259841
11
6.7768956299212597
21
-4.4714542125984247
0
LINE
8
BLACK
6
CONTINUOUS
10
6.7768956299212597
20
-4.4714542125984247
11
6.7779357086614169
21
-4.4686687401574803
0
LINE
8
BLACK
6
CONTINUOUS
10
6.7779357086614169
20
-4.4686687401574803
11
6.7779660629921255
21
-4.4686150787401573
0
LINE
8
BLACK
6
CONTINUOUS
10
6.7779660629921255
20
-4.4686150787401573
11
6.7797070866141729
21
-4.4664261023622043
0
LINE
8
BLACK
6
CONTINUOUS
10
6.7797070866141729
20
-4.4664261023622043
11
6.7797512598425191
21
-4.4663852755905511
0
LINE
8
BLACK
6
CONTINUOUS
10
6.7797512598425191
20
-4.4663852755905511
11
6.782004173228346
21
-4.4648696850393703
0
LINE
8
BLACK
6
CONTINUOUS
10
6.782004173228346
20
-4.4648696850393703
11
6.782057992125984
21
-4.4648443307086616
0
LINE
8
BLACK
6
CONTINUOUS
10
6.782057992125984
20
-4.4648443307086616
11
6.7846337007874018
21
-4.464078897637795
0
LINE
8
BLACK
6
CONTINUOUS
10
6.7846337007874018
20
-4.464078897637795
11
6.7846942125984251
21
-4.4640707874015746
0
LINE
8
BLACK
6
CONTINUOUS
10
6.7846942125984251
20
-4.4640707874015746
11
6.7874035433070867
21
-4.4641322834645667
0
LINE
8
BLACK
6
CONTINUOUS
10
6.7850267322834643
20
-4.4698967322834644
11
6.7835565748031499
21
-4.4708670472440941
0
LINE
8
BLACK
6
CONTINUOUS
10
6.7835565748031499
20
-4.4708670472440941
11
6.7829991338582678
21
-4.4715138188976375
0
LINE
8
BLACK
6
CONTINUOUS
10
6.7829991338582678
20
-4.4715138188976375
11
6.7828990944881884
21
-4.4718858267716532
0
LINE
8
BLACK
6
CONTINUOUS
10
6.7828990944881884
20
-4.4718858267716532
11
6.783371692913386
21
-4.472299133858268
0
LINE
8
BLACK
6
CONTINUOUS
10
6.783371692913386
20
-4.472299133858268
11
6.7847994094488184
21
-4.473050118110236
0
LINE
8
BLACK
6
CONTINUOUS
10
6.7847994094488184
20
-4.473050118110236
11
6.784840472440945
21
-4.4730709448818899
0
LINE
8
BLACK
6
CONTINUOUS
10
6.784840472440945
20
-4.4730709448818899
11
6.7865457480314957
21
-4.4738829921259837
0
LINE
8
BLACK
6
CONTINUOUS
10
6.7865457480314957
20
-4.4738829921259837
11
6.7880615354330711
21
-4.4745266929133853
0
LINE
8
BLACK
6
CONTINUOUS
10
6.7880615354330711
20
-4.4745266929133853
11
6.7889137401574802
21
-4.4747680314960627
0
LINE
8
BLACK
6
CONTINUOUS
10
6.7889137401574802
20
-4.4747680314960627
11
6.7891651968503934
21
-4.474530748031496
0
LINE
8
BLACK
6
CONTINUOUS
10
6.7891651968503934
20
-4.474530748031496
11
6.7892306692913387
21
-4.4733730314960631
0
LINE
8
BLACK
6
CONTINUOUS
10
6.7892306692913387
20
-4.4733730314960631
11
6.7889472047244093
21
-4.4718714173228342
0
LINE
8
BLACK
6
CONTINUOUS
10
6.7889472047244093
20
-4.4718714173228342
11
6.7879749212598428
21
-4.4705213779527559
0
LINE
8
BLACK
6
CONTINUOUS
10
6.7879749212598428
20
-4.4705213779527559
11
6.7865781889763781
21
-4.4698268897637794
0
LINE
8
BLACK
6
CONTINUOUS
10
6.7865781889763781
20
-4.4698268897637794
11
6.7850267322834643
21
-4.4698967322834644
0
LINE
8
BLACK
6
CONTINUOUS
10
6.7349336220472438
20
-4.4569110236220473
11
6.7367907874015742
21
-4.4576943700787401
0
LINE
8
BLACK
6
CONTINUOUS
10
6.7367907874015742
20
-4.4576943700787401
11
6.7386479133858268
21
-4.4584777559055118
0
LINE
8
BLACK
6
CONTINUOUS
10
6.7386479133858268
20
-4.4584777559055118
11
6.7387537795275589
21
-4.4585850000000002
0
LINE
8
BLACK
6
CONTINUOUS
10
6.7387537795275589
20
-4.4585850000000002
11
6.7387682677165355
21
-4.4586591338582675
0
LINE
8
BLACK
6
CONTINUOUS
10
6.7387682677165355
20
-4.4586591338582675
11
6.7387682677165355
21
-4.4742959842519685
0
LINE
8
BLACK
6
CONTINUOUS
10
6.7387682677165355
20
-4.4742959842519685
11
6.7387605905511814
21
-4.4783506692913386
0
LINE
8
BLACK
6
CONTINUOUS
10
6.7387605905511814
20
-4.4783506692913386
11
6.7387605905511814
21
-4.4783514173228349
0
LINE
8
BLACK
6
CONTINUOUS
10
6.7387605905511814
20
-4.4783514173228349
11
6.7387400787401575
21
-4.4819987795275589
0
LINE
8
BLACK
6
CONTINUOUS
10
6.7387400787401575
20
-4.4819987795275589
11
6.7387400787401575
21
-4.4819996850393702
0
LINE
8
BLACK
6
CONTINUOUS
10
6.7387400787401575
20
-4.4819996850393702
11
6.7387086220472439
21
-4.4850925590551176
0
LINE
8
BLACK
6
CONTINUOUS
10
6.7387086220472439
20
-4.4850925590551176
11
6.7387085826771651
21
-4.4850938976377952
0
LINE
8
BLACK
6
CONTINUOUS
10
6.7387085826771651
20
-4.4850938976377952
11
6.7386681496062995
21
-4.4874851968503933
0
LINE
8
BLACK
6
CONTINUOUS
10
6.7386681496062995
20
-4.4874851968503933
11
6.7386681102362207
21
-4.4874879133858263
0
LINE
8
BLACK
6
CONTINUOUS
10
6.7386681102362207
20
-4.4874879133858263
11
6.7386205118110238
21
-4.4890305905511809
0
LINE
8
BLACK
6
CONTINUOUS
10
6.7386205118110238
20
-4.4890305905511809
11
6.73861968503937
21
-4.4890434251968507
0
LINE
8
BLACK
6
CONTINUOUS
10
6.73861968503937
20
-4.4890434251968507
11
6.7385669291338584
21
-4.4895903149606298
0
LINE
8
BLACK
6
CONTINUOUS
10
6.7385669291338584
20
-4.4895903149606298
11
6.738496181102362
21
-4.4897233464566932
0
LINE
8
BLACK
6
CONTINUOUS
10
6.738496181102362
20
-4.4897233464566932
11
6.738353779527559
21
-4.4897675196850395
0
LINE
8
BLACK
6
CONTINUOUS
10
6.738353779527559
20
-4.4897675196850395
11
6.7383331496062988
21
-4.4897657086614169
0
LINE
8
BLACK
6
CONTINUOUS
10
6.7383331496062988
20
-4.4897657086614169
11
6.7382966929133854
21
-4.4897590157480316
0
LINE
8
BLACK
6
CONTINUOUS
10
6.7382966929133854
20
-4.4897590157480316
11
6.7375954330708661
21
-4.4895602755905513
0
LINE
8
BLACK
6
CONTINUOUS
10
6.7375954330708661
20
-4.4895602755905513
11
6.7375867322834644
21
-4.489557598425197
0
LINE
8
BLACK
6
CONTINUOUS
10
6.7375867322834644
20
-4.489557598425197
11
6.7363086220472441
21
-4.4891308267716532
0
LINE
8
BLACK
6
CONTINUOUS
10
6.7363086220472441
20
-4.4891308267716532
11
6.7363061811023623
21
-4.4891299606299215
0
LINE
8
BLACK
6
CONTINUOUS
10
6.7363061811023623
20
-4.4891299606299215
11
6.7345066141732284
21
-4.4885026377952757
0
LINE
8
BLACK
6
CONTINUOUS
10
6.7345066141732284
20
-4.4885026377952757
11
6.7343941732283463
21
-4.4884024015748034
0
LINE
8
BLACK
6
CONTINUOUS
10
6.7343941732283463
20
-4.4884024015748034
11
6.7343745669291337
21
-4.488316771653543
0
LINE
8
BLACK
6
CONTINUOUS
10
6.7343745669291337
20
-4.488316771653543
11
6.7343745669291337
21
-4.4802673622047244
0
LINE
8
BLACK
6
CONTINUOUS
10
6.7343745669291337
20
-4.4802673622047244
11
6.734363149606299
21
-4.4771068503937004
0
LINE
8
BLACK
6
CONTINUOUS
10
6.734363149606299
20
-4.4771068503937004
11
6.7343101574803148
21
-4.474819409448819
0
LINE
8
BLACK
6
CONTINUOUS
10
6.7343101574803148
20
-4.474819409448819
11
6.7341893307086611
21
-4.4732764960629918
0
LINE
8
BLACK
6
CONTINUOUS
10
6.7341893307086611
20
-4.4732764960629918
11
6.7339780708661419
21
-4.472277047244094
0
LINE
8
BLACK
6
CONTINUOUS
10
6.7339780708661419
20
-4.472277047244094
11
6.7336557874015748
21
-4.4716038976377952
0
LINE
8
BLACK
6
CONTINUOUS
10
6.7336557874015748
20
-4.4716038976377952
11
6.7331842519685035
21
-4.4710279527559056
0
LINE
8
BLACK
6
CONTINUOUS
10
6.7331842519685035
20
-4.4710279527559056
11
6.7328783858267718
21
-4.4707366141732283
0
LINE
8
BLACK
6
CONTINUOUS
10
6.7328783858267718
20
-4.4707366141732283
11
6.7311285039370077
21
-4.4698826771653541
0
LINE
8
BLACK
6
CONTINUOUS
10
6.7311285039370077
20
-4.4698826771653541
11
6.7292183858267718
21
-4.4699575984251965
0
LINE
8
BLACK
6
CONTINUOUS
10
6.7292183858267718
20
-4.4699575984251965
11
6.727441850393701
21
-4.4709724409448821
0
LINE
8
BLACK
6
CONTINUOUS
10
6.727441850393701
20
-4.4709724409448821
11
6.7272011811023624
21
-4.4712067716535433
0
LINE
8
BLACK
6
CONTINUOUS
10
6.7272011811023624
20
-4.4712067716535433
11
6.7267972440944881
21
-4.4717168110236223
0
LINE
8
BLACK
6
CONTINUOUS
10
6.7267972440944881
20
-4.4717168110236223
11
6.7265225590551179
21
-4.4723866929133855
0
LINE
8
BLACK
6
CONTINUOUS
10
6.7265225590551179
20
-4.4723866929133855
11
6.7263442125984252
21
-4.4734389370078738
0
LINE
8
BLACK
6
CONTINUOUS
10
6.7263442125984252
20
-4.4734389370078738
11
6.7262455905511809
21
-4.4750701968503934
0
LINE
8
BLACK
6
CONTINUOUS
10
6.7262455905511809
20
-4.4750701968503934
11
6.7262048031496064
21
-4.4774639763779529
0
LINE
8
BLACK
6
CONTINUOUS
10
6.7262048031496064
20
-4.4774639763779529
11
6.7261968503937011
21
-4.4808143700787397
0
LINE
8
BLACK
6
CONTINUOUS
10
6.7261968503937011
20
-4.4808143700787397
11
6.726193031496063
21
-4.4825135826771652
0
LINE
8
BLACK
6
CONTINUOUS
10
6.726193031496063
20
-4.4825135826771652
11
6.726193031496063
21
-4.482514881889764
0
LINE
8
BLACK
6
CONTINUOUS
10
6.726193031496063
20
-4.482514881889764
11
6.7261682677165355
21
-4.4853097637795276
0
LINE
8
BLACK
6
CONTINUOUS
10
6.7261682677165355
20
-4.4853097637795276
11
6.7261682283464568
21
-4.4853118897637794
0
LINE
8
BLACK
6
CONTINUOUS
10
6.7261682283464568
20
-4.4853118897637794
11
6.7261242125984246
21
-4.4875501574803147
0
LINE
8
BLACK
6
CONTINUOUS
10
6.7261242125984246
20
-4.4875501574803147
11
6.7261240944881893
21
-4.4875540944881891
0
LINE
8
BLACK
6
CONTINUOUS
10
6.7261240944881893
20
-4.4875540944881891
11
6.7260653149606302
21
-4.4890403937007877
0
LINE
8
BLACK
6
CONTINUOUS
10
6.7260653149606302
20
-4.4890403937007877
11
6.7260638582677164
21
-4.4890576377952751
0
LINE
8
BLACK
6
CONTINUOUS
10
6.7260638582677164
20
-4.4890576377952751
11
6.7259948031496064
21
-4.4895964566929134
0
LINE
8
BLACK
6
CONTINUOUS
10
6.7259948031496064
20
-4.4895964566929134
11
6.7259199212598419
21
-4.4897271653543305
0
LINE
8
BLACK
6
CONTINUOUS
10
6.7259199212598419
20
-4.4897271653543305
11
6.7257823622047246
21
-4.4897675196850395
0
LINE
8
BLACK
6
CONTINUOUS
10
6.7257823622047246
20
-4.4897675196850395
11
6.7257617322834644
21
-4.4897657086614169
0
LINE
8
BLACK
6
CONTINUOUS
10
6.7257617322834644
20
-4.4897657086614169
11
6.725725275590551
21
-4.4897590157480316
0
LINE
8
BLACK
6
CONTINUOUS
10
6.725725275590551
20
-4.4897590157480316
11
6.7250240157480317
21
-4.4895602755905513
0
LINE
8
BLACK
6
CONTINUOUS
10
6.7250240157480317
20
-4.4895602755905513
11
6.72501531496063
21
-4.489557598425197
0
LINE
8
BLACK
6
CONTINUOUS
10
6.72501531496063
20
-4.489557598425197
11
6.7237372047244097
21
-4.4891308267716532
0
LINE
8
BLACK
6
CONTINUOUS
10
6.7237372047244097
20
-4.4891308267716532
11
6.7237347637795271
21
-4.4891299606299215
0
LINE
8
BLACK
6
CONTINUOUS
10
6.7237347637795271
20
-4.4891299606299215
11
6.721935196850394
21
-4.4885026377952757
0
LINE
8
BLACK
6
CONTINUOUS
10
6.721935196850394
20
-4.4885026377952757
11
6.7218227559055119
21
-4.4884024015748034
0
LINE
8
BLACK
6
CONTINUOUS
10
6.7218227559055119
20
-4.4884024015748034
11
6.7218031496062993
21
-4.4883167322834643
0
LINE
8
BLACK
6
CONTINUOUS
10
6.7218031496062993
20
-4.4883167322834643
11
6.7218040551181097
21
-4.4802297637795272
0
LINE
8
BLACK
6
CONTINUOUS
10
6.7218040551181097
20
-4.4802297637795272
11
6.7218040551181097
21
-4.4802294488188972
0
LINE
8
BLACK
6
CONTINUOUS
10
6.7218040551181097
20
-4.4802294488188972
11
6.7218053937007873
21
-4.4795095275590553
0
LINE
8
BLACK
6
CONTINUOUS
10
6.7218053937007873
20
-4.4795095275590553
11
6.7218054330708661
21
-4.4795059055118109
0
LINE
8
BLACK
6
CONTINUOUS
10
6.7218054330708661
20
-4.4795059055118109
11
6.721881062992126
21
-4.4757529527559052
0
LINE
8
BLACK
6
CONTINUOUS
10
6.721881062992126
20
-4.4757529527559052
11
6.721881692913386
21
-4.4757408661417326
0
LINE
8
BLACK
6
CONTINUOUS
10
6.721881692913386
20
-4.4757408661417326
11
6.7221139763779529
21
-4.4729029527559057
0
LINE
8
BLACK
6
CONTINUOUS
10
6.7221139763779529
20
-4.4729029527559057
11
6.7221175196850389
21
-4.4728784251968499
0
LINE
8
BLACK
6
CONTINUOUS
10
6.7221175196850389
20
-4.4728784251968499
11
6.722563307086614
21
-4.4707630708661412
0
LINE
8
BLACK
6
CONTINUOUS
10
6.722563307086614
20
-4.4707630708661412
11
6.7225765354330704
21
-4.4707226377952756
0
LINE
8
BLACK
6
CONTINUOUS
10
6.7225765354330704
20
-4.4707226377952756
11
6.7232925196850388
21
-4.4691374409448814
0
LINE
8
BLACK
6
CONTINUOUS
10
6.7232925196850388
20
-4.4691374409448814
11
6.7233209055118106
21
-4.4690922047244097
0
LINE
8
BLACK
6
CONTINUOUS
10
6.7233209055118106
20
-4.4690922047244097
11
6.7243638976377955
21
-4.4678446456692908
0
LINE
8
BLACK
6
CONTINUOUS
10
6.7243638976377955
20
-4.4678446456692908
11
6.7243945669291341
21
-4.4678151181102361
0
LINE
8
BLACK
6
CONTINUOUS
10
6.7243945669291341
20
-4.4678151181102361
11
6.7258212992125985
21
-4.4667127559055118
0
LINE
8
BLACK
6
CONTINUOUS
10
6.7258212992125985
20
-4.4667127559055118
11
6.7258542125984251
21
-4.4666922047244091
0
LINE
8
BLACK
6
CONTINUOUS
10
6.7258542125984251
20
-4.4666922047244091
11
6.7272457480314962
21
-4.4660021259842519
0
LINE
8
BLACK
6
CONTINUOUS
10
6.7272457480314962
20
-4.4660021259842519
11
6.7272872834645669
21
-4.4659870472440941
0
LINE
8
BLACK
6
CONTINUOUS
10
6.7272872834645669
20
-4.4659870472440941
11
6.7295120866141733
21
-4.4654536614173228
0
LINE
8
BLACK
6
CONTINUOUS
10
6.7295120866141733
20
-4.4654536614173228
11
6.7295552755905508
21
-4.4654482283464567
0
LINE
8
BLACK
6
CONTINUOUS
10
6.7295552755905508
20
-4.4654482283464567
11
6.731743582677165
21
-4.4654179133858269
0
LINE
8
BLACK
6
CONTINUOUS
10
6.731743582677165
20
-4.4654179133858269
11
6.7318043307086617
21
-4.4654266535433074
0
LINE
8
BLACK
6
CONTINUOUS
10
6.7318043307086617
20
-4.4654266535433074
11
6.7334866141732279
21
-4.4659455511811021
0
LINE
8
BLACK
6
CONTINUOUS
10
6.7334866141732279
20
-4.4659455511811021
11
6.7335256299212594
21
-4.465962401574803
0
LINE
8
BLACK
6
CONTINUOUS
10
6.7335256299212594
20
-4.465962401574803
11
6.7336051181102361
21
-4.4660074409448818
0
LINE
8
BLACK
6
CONTINUOUS
10
6.7336051181102361
20
-4.4660074409448818
11
6.7338159448818899
21
-4.4660032677165358
0
LINE
8
BLACK
6
CONTINUOUS
10
6.7338159448818899
20
-4.4660032677165358
11
6.7340204724409451
21
-4.4655426771653541
0
LINE
8
BLACK
6
CONTINUOUS
10
6.7340204724409451
20
-4.4655426771653541
11
6.7342081102362199
21
-4.4642001181102362
0
LINE
8
BLACK
6
CONTINUOUS
10
6.7342081102362199
20
-4.4642001181102362
11
6.7343750787401575
21
-4.4618712992125982
0
LINE
8
BLACK
6
CONTINUOUS
10
6.7343750787401575
20
-4.4618712992125982
11
6.7346606299212599
21
-4.4570806692913383
0
LINE
8
BLACK
6
CONTINUOUS
10
6.7346606299212599
20
-4.4570806692913383
11
6.734726456692913
21
-4.4569451574803152
0
LINE
8
BLACK
6
CONTINUOUS
10
6.734726456692913
20
-4.4569451574803152
11
6.7348688582677161
21
-4.4568959055118107
0
LINE
8
BLACK
6
CONTINUOUS
10
6.7348688582677161
20
-4.4568959055118107
11
6.7349336220472438
21
-4.4569110236220473
0
LINE
8
BLACK
6
CONTINUOUS
10
6.7110649212598421
20
-4.465476535433071
11
6.7135629527559058
21
-4.4659949999999995
0
LINE
8
BLACK
6
CONTINUOUS
10
6.7135629527559058
20
-4.4659949999999995
11
6.7136221259842515
21
-4.4660177165354327
0
LINE
8
BLACK
6
CONTINUOUS
10
6.7136221259842515
20
-4.4660177165354327
11
6.7155864173228341
21
-4.4671630708661416
0
LINE
8
BLACK
6
CONTINUOUS
10
6.7155864173228341
20
-4.4671630708661416
11
6.7156286614173224
21
-4.4671961811023619
0
LINE
8
BLACK
6
CONTINUOUS
10
6.7156286614173224
20
-4.4671961811023619
11
6.71649279527559
21
-4.4680885433070863
0
LINE
8
BLACK
6
CONTINUOUS
10
6.71649279527559
20
-4.4680885433070863
11
6.7165185039370074
21
-4.4681214566929137
0
LINE
8
BLACK
6
CONTINUOUS
10
6.7165185039370074
20
-4.4681214566929137
11
6.718179094488189
21
-4.4707889763779525
0
LINE
8
BLACK
6
CONTINUOUS
10
6.718179094488189
20
-4.4707889763779525
11
6.7182052755905506
21
-4.4708557874015744
0
LINE
8
BLACK
6
CONTINUOUS
10
6.7182052755905506
20
-4.4708557874015744
11
6.7187647244094491
21
-4.4737639763779526
0
LINE
8
BLACK
6
CONTINUOUS
10
6.7187647244094491
20
-4.4737639763779526
11
6.718768267716535
21
-4.4738011811023624
0
LINE
8
BLACK
6
CONTINUOUS
10
6.718768267716535
20
-4.4738011811023624
11
6.718768267716535
21
-4.4758019685039372
0
LINE
8
BLACK
6
CONTINUOUS
10
6.718768267716535
20
-4.4758019685039372
11
6.7187106299212598
21
-4.4759411811023622
0
LINE
8
BLACK
6
CONTINUOUS
10
6.7187106299212598
20
-4.4759411811023622
11
6.7185714173228348
21
-4.4759988188976374
0
LINE
8
BLACK
6
CONTINUOUS
10
6.7185714173228348
20
-4.4759988188976374
11
6.7184951181102361
21
-4.4759834251968504
0
LINE
8
BLACK
6
CONTINUOUS
10
6.7184951181102361
20
-4.4759834251968504
11
6.7166559448818894
21
-4.4752101181102359
0
LINE
8
BLACK
6
CONTINUOUS
10
6.7166559448818894
20
-4.4752101181102359
11
6.7166292913385828
21
-4.4751964566929132
0
LINE
8
BLACK
6
CONTINUOUS
10
6.7166292913385828
20
-4.4751964566929132
11
6.715357362204724
21
-4.4744161417322834
0
LINE
8
BLACK
6
CONTINUOUS
10
6.715357362204724
20
-4.4744161417322834
11
6.7152929133858263
21
-4.4743519291338583
0
LINE
8
BLACK
6
CONTINUOUS
10
6.7152929133858263
20
-4.4743519291338583
11
6.7142905118110239
21
-4.4727319291338583
0
LINE
8
BLACK
6
CONTINUOUS
10
6.7142905118110239
20
-4.4727319291338583
11
6.7142698031496062
21
-4.4726863385826769
0
LINE
8
BLACK
6
CONTINUOUS
10
6.7142698031496062
20
-4.4726863385826769
11
6.7141749212598425
21
-4.4723785433070864
0
LINE
8
BLACK
6
CONTINUOUS
10
6.7141749212598425
20
-4.4723785433070864
11
6.7131090551181103
21
-4.4707412204724406
0
LINE
8
BLACK
6
CONTINUOUS
10
6.7131090551181103
20
-4.4707412204724406
11
6.7115249606299212
21
-4.4698691338582677
0
LINE
8
BLACK
6
CONTINUOUS
10
6.7115249606299212
20
-4.4698691338582677
11
6.7097053149606296
21
-4.4698316535433067
0
LINE
8
BLACK
6
CONTINUOUS
10
6.7097053149606296
20
-4.4698316535433067
11
6.7079209448818897
21
-4.4707358267716533
0
LINE
8
BLACK
6
CONTINUOUS
10
6.7079209448818897
20
-4.4707358267716533
11
6.7076730708661412
21
-4.4709528346456695
0
LINE
8
BLACK
6
CONTINUOUS
10
6.7076730708661412
20
-4.4709528346456695
11
6.7067948818897634
21
-4.471951692913386
0
LINE
8
BLACK
6
CONTINUOUS
10
6.7067948818897634
20
-4.471951692913386
11
6.7066657480314955
21
-4.4727273622047239
0
LINE
8
BLACK
6
CONTINUOUS
10
6.7066657480314955
20
-4.4727273622047239
11
6.7072897244094483
21
-4.4735305511811019
0
LINE
8
BLACK
6
CONTINUOUS
10
6.7072897244094483
20
-4.4735305511811019
11
6.708879645669291
21
-4.4745067322834648
0
LINE
8
BLACK
6
CONTINUOUS
10
6.708879645669291
20
-4.4745067322834648
11
6.7115084645669292
21
-4.4757211417322837
0
LINE
8
BLACK
6
CONTINUOUS
10
6.7115084645669292
20
-4.4757211417322837
11
6.7116854330708664
21
-4.4757977559055115
0
LINE
8
BLACK
6
CONTINUOUS
10
6.7116854330708664
20
-4.4757977559055115
11
6.7116904330708662
21
-4.4757999999999996
0
LINE
8
BLACK
6
CONTINUOUS
10
6.7116904330708662
20
-4.4757999999999996
11
6.7146234251968506
21
-4.4771676377952758
0
LINE
8
BLACK
6
CONTINUOUS
10
6.7146234251968506
20
-4.4771676377952758
11
6.7146421259842519
21
-4.4771776377952754
0
LINE
8
BLACK
6
CONTINUOUS
10
6.7146421259842519
20
-4.4771776377952754
11
6.7166453149606298
21
-4.4783891732283463
0
LINE
8
BLACK
6
CONTINUOUS
10
6.7166453149606298
20
-4.4783891732283463
11
6.7166812598425194
21
-4.478417086614173
0
LINE
8
BLACK
6
CONTINUOUS
10
6.7166812598425194
20
-4.478417086614173
11
6.7179144094488183
21
-4.4796267322834646
0
LINE
8
BLACK
6
CONTINUOUS
10
6.7179144094488183
20
-4.4796267322834646
11
6.7179555905511812
21
-4.4796853937007874
0
LINE
8
BLACK
6
CONTINUOUS
10
6.7179555905511812
20
-4.4796853937007874
11
6.7185783464566926
21
-4.4810473622047242
0
LINE
8
BLACK
6
CONTINUOUS
10
6.7185783464566926
20
-4.4810473622047242
11
6.7185951574803147
21
-4.4811090157480313
0
LINE
8
BLACK
6
CONTINUOUS
10
6.7185951574803147
20
-4.4811090157480313
11
6.7187672440944883
21
-4.4827775196850395
0
LINE
8
BLACK
6
CONTINUOUS
10
6.7187672440944883
20
-4.4827775196850395
11
6.7187668110236221
21
-4.4828215354330707
0
LINE
8
BLACK
6
CONTINUOUS
10
6.7187668110236221
20
-4.4828215354330707
11
6.7185412992125979
21
-4.4846712992125983
0
LINE
8
BLACK
6
CONTINUOUS
10
6.7185412992125979
20
-4.4846712992125983
11
6.7185233070866142
21
-4.4847327952755904
0
LINE
8
BLACK
6
CONTINUOUS
10
6.7185233070866142
20
-4.4847327952755904
11
6.7173845669291339
21
-4.4871004724409449
0
LINE
8
BLACK
6
CONTINUOUS
10
6.7173845669291339
20
-4.4871004724409449
11
6.717334566929134
21
-4.4871651968503938
0
LINE
8
BLACK
6
CONTINUOUS
10
6.717334566929134
20
-4.4871651968503938
11
6.7153312598425199
21
-4.4888661023622047
0
LINE
8
BLACK
6
CONTINUOUS
10
6.7153312598425199
20
-4.4888661023622047
11
6.7152692913385827
21
-4.4889017322834643
0
LINE
8
BLACK
6
CONTINUOUS
10
6.7152692913385827
20
-4.4889017322834643
11
6.7138203149606301
21
-4.4894124015748034
0
LINE
8
BLACK
6
CONTINUOUS
10
6.7138203149606301
20
-4.4894124015748034
11
6.7137815354330703
21
-4.4894217716535429
0
LINE
8
BLACK
6
CONTINUOUS
10
6.7137815354330703
20
-4.4894217716535429
11
6.7117366535433067
21
-4.4897011811023617
0
LINE
8
BLACK
6
CONTINUOUS
10
6.7117366535433067
20
-4.4897011811023617
11
6.7117040944881889
21
-4.4897029133858268
0
LINE
8
BLACK
6
CONTINUOUS
10
6.7117040944881889
20
-4.4897029133858268
11
6.7097184645669286
21
-4.4896432283464565
0
LINE
8
BLACK
6
CONTINUOUS
10
6.7097184645669286
20
-4.4896432283464565
11
6.7096682677165349
21
-4.4896351574803148
0
LINE
8
BLACK
6
CONTINUOUS
10
6.7096682677165349
20
-4.4896351574803148
11
6.7082503149606296
21
-4.4892135826771655
0
LINE
8
BLACK
6
CONTINUOUS
10
6.7082503149606296
20
-4.4892135826771655
11
6.7081938582677161
21
-4.4891863779527554
0
LINE
8
BLACK
6
CONTINUOUS
10
6.7081938582677161
20
-4.4891863779527554
11
6.7080432677165351
21
-4.4890814173228346
0
LINE
8
BLACK
6
CONTINUOUS
10
6.7080432677165351
20
-4.4890814173228346
11
6.7079829921259844
21
-4.4890141732283464
0
LINE
8
BLACK
6
CONTINUOUS
10
6.7079829921259844
20
-4.4890141732283464
11
6.7075829921259844
21
-4.4882807480314959
0
LINE
8
BLACK
6
CONTINUOUS
10
6.7075829921259844
20
-4.4882807480314959
11
6.7075633464566931
21
-4.4881451574803153
0
LINE
8
BLACK
6
CONTINUOUS
10
6.7075633464566931
20
-4.4881451574803153
11
6.7078409055118104
21
-4.4868525590551176
0
LINE
8
BLACK
6
CONTINUOUS
10
6.7078409055118104
20
-4.4868525590551176
11
6.7078555905511807
21
-4.4868094094488189
0
LINE
8
BLACK
6
CONTINUOUS
10
6.7078555905511807
20
-4.4868094094488189
11
6.7083378346456692
21
-4.4857948425196845
0
LINE
8
BLACK
6
CONTINUOUS
10
6.7083378346456692
20
-4.4857948425196845
11
6.7084212598425195
21
-4.4857065748031495
0
LINE
8
BLACK
6
CONTINUOUS
10
6.7084212598425195
20
-4.4857065748031495
11
6.709194566929134
21
-4.4852841732283464
0
LINE
8
BLACK
6
CONTINUOUS
10
6.709194566929134
20
-4.4852841732283464
11
6.7092917716535432
21
-4.4852601181102365
0
LINE
8
BLACK
6
CONTINUOUS
10
6.7092917716535432
20
-4.4852601181102365
11
6.7107509055118113
21
-4.4852809842519683
0
LINE
8
BLACK
6
CONTINUOUS
10
6.7107509055118113
20
-4.4852809842519683
11
6.7127295275590546
21
-4.4851632677165352
0
LINE
8
BLACK
6
CONTINUOUS
10
6.7127295275590546
20
-4.4851632677165352
11
6.7139538976377953
21
-4.4843933464566925
0
LINE
8
BLACK
6
CONTINUOUS
10
6.7139538976377953
20
-4.4843933464566925
11
6.7143724803149603
21
-4.4829506692913386
0
LINE
8
BLACK
6
CONTINUOUS
10
6.7143724803149603
20
-4.4829506692913386
11
6.7141263779527556
21
-4.4821381889763776
0
LINE
8
BLACK
6
CONTINUOUS
10
6.7141263779527556
20
-4.4821381889763776
11
6.71325937007874
21
-4.481366181102362
0
LINE
8
BLACK
6
CONTINUOUS
10
6.71325937007874
20
-4.481366181102362
11
6.7114837795275593
21
-4.4804288976377951
0
LINE
8
BLACK
6
CONTINUOUS
10
6.7114837795275593
20
-4.4804288976377951
11
6.7090450787401572
21
-4.479289173228346
0
LINE
8
BLACK
6
CONTINUOUS
10
6.7090450787401572
20
-4.479289173228346
11
6.7074674803149605
21
-4.4786836220472441
0
LINE
8
BLACK
6
CONTINUOUS
10
6.7074674803149605
20
-4.4786836220472441
11
6.7066843307086614
21
-4.4787171653543307
0
LINE
8
BLACK
6
CONTINUOUS
10
6.7066843307086614
20
-4.4787171653543307
11
6.706319173228346
21
-4.4794035826771657
0
LINE
8
BLACK
6
CONTINUOUS
10
6.706319173228346
20
-4.4794035826771657
11
6.7061971259842519
21
-4.4810797244094491
0
LINE
8
BLACK
6
CONTINUOUS
10
6.7061971259842519
20
-4.4810797244094491
11
6.7061968503937006
21
-4.483818661417323
0
LINE
8
BLACK
6
CONTINUOUS
10
6.7061968503937006
20
-4.483818661417323
11
6.7061968503937006
21
-4.4838202362204722
0
LINE
8
BLACK
6
CONTINUOUS
10
6.7061968503937006
20
-4.4838202362204722
11
6.7061828346456691
21
-4.4855154724409445
0
LINE
8
BLACK
6
CONTINUOUS
10
6.7061828346456691
20
-4.4855154724409445
11
6.7061827559055116
21
-4.4855198818897639
0
LINE
8
BLACK
6
CONTINUOUS
10
6.7061827559055116
20
-4.4855198818897639
11
6.7061185433070865
21
-4.4876133464566932
0
LINE
8
BLACK
6
CONTINUOUS
10
6.7061185433070865
20
-4.4876133464566932
11
6.7061181102362202
21
-4.4876216141732286
0
LINE
8
BLACK
6
CONTINUOUS
10
6.7061181102362202
20
-4.4876216141732286
11
6.706013700787401
21
-4.4890545275590554
0
LINE
8
BLACK
6
CONTINUOUS
10
6.706013700787401
20
-4.4890545275590554
11
6.7060084645669287
21
-4.4890875196850395
0
LINE
8
BLACK
6
CONTINUOUS
10
6.7060084645669287
20
-4.4890875196850395
11
6.7058770078740153
21
-4.4896187007874016
0
LINE
8
BLACK
6
CONTINUOUS
10
6.7058770078740153
20
-4.4896187007874016
11
6.7057875984251964
21
-4.4897399606299215
0
LINE
8
BLACK
6
CONTINUOUS
10
6.7057875984251964
20
-4.4897399606299215
11
6.7056659448818898
21
-4.4897672440944882
0
LINE
8
BLACK
6
CONTINUOUS
10
6.7056659448818898
20
-4.4897672440944882
11
6.7056308267716531
21
-4.4897636614173226
0
LINE
8
BLACK
6
CONTINUOUS
10
6.7056308267716531
20
-4.4897636614173226
11
6.705581023622047
21
-4.4897518897637791
0
LINE
8
BLACK
6
CONTINUOUS
10
6.705581023622047
20
-4.4897518897637791
11
6.7048214566929136
21
-4.4894639763779525
0
LINE
8
BLACK
6
CONTINUOUS
10
6.7048214566929136
20
-4.4894639763779525
11
6.7048056299212595
21
-4.4894571653543309
0
LINE
8
BLACK
6
CONTINUOUS
10
6.7048056299212595
20
-4.4894571653543309
11
6.7035476377952756
21
-4.4888496062992127
0
LINE
8
BLACK
6
CONTINUOUS
10
6.7035476377952756
20
-4.4888496062992127
11
6.7035427952755908
21
-4.4888472047244097
0
LINE
8
BLACK
6
CONTINUOUS
10
6.7035427952755908
20
-4.4888472047244097
11
6.7018042125984252
21
-4.4879481496062992
0
LINE
8
BLACK
6
CONTINUOUS
10
6.7018042125984252
20
-4.4879481496062992
11
6.7017070866141735
21
-4.4878329921259841
0
LINE
8
BLACK
6
CONTINUOUS
10
6.7017070866141735
20
-4.4878329921259841
11
6.701697874015748
21
-4.4877683070866139
0
LINE
8
BLACK
6
CONTINUOUS
10
6.701697874015748
20
-4.4877683070866139
11
6.7019044488188975
21
-4.4796673622047241
0
LINE
8
BLACK
6
CONTINUOUS
10
6.7019044488188975
20
-4.4796673622047241
11
6.7019044488188975
21
-4.4796670866141728
0
LINE
8
BLACK
6
CONTINUOUS
10
6.7019044488188975
20
-4.4796670866141728
11
6.7019188188976377
21
-4.4791298425196846
0
LINE
8
BLACK
6
CONTINUOUS
10
6.7019188188976377
20
-4.4791298425196846
11
6.701918937007874
21
-4.4791265748031499
0
LINE
8
BLACK
6
CONTINUOUS
10
6.701918937007874
20
-4.4791265748031499
11
6.7020830314960627
21
-4.4753556692913383
0
LINE
8
BLACK
6
CONTINUOUS
10
6.7020830314960627
20
-4.4753556692913383
11
6.7020838582677165
21
-4.4753442519685036
0
LINE
8
BLACK
6
CONTINUOUS
10
6.7020838582677165
20
-4.4753442519685036
11
6.7023737795275586
21
-4.4725021653543306
0
LINE
8
BLACK
6
CONTINUOUS
10
6.7023737795275586
20
-4.4725021653543306
11
6.7023775984251968
21
-4.4724787401574799
0
LINE
8
BLACK
6
CONTINUOUS
10
6.7023775984251968
20
-4.4724787401574799
11
6.7028524803149603
21
-4.4703762204724411
0
LINE
8
BLACK
6
CONTINUOUS
10
6.7028524803149603
20
-4.4703762204724411
11
6.7028658661417317
21
-4.4703368503937009
0
LINE
8
BLACK
6
CONTINUOUS
10
6.7028658661417317
20
-4.4703368503937009
11
6.7035848818897632
21
-4.4687846850393695
0
LINE
8
BLACK
6
CONTINUOUS
10
6.7035848818897632
20
-4.4687846850393695
11
6.7036141338582675
21
-4.4687392125984253
0
LINE
8
BLACK
6
CONTINUOUS
10
6.7036141338582675
20
-4.4687392125984253
11
6.7046364566929135
21
-4.4675481496062988
0
LINE
8
BLACK
6
CONTINUOUS
10
6.7046364566929135
20
-4.4675481496062988
11
6.7046691338582676
21
-4.467517834645669
0
LINE
8
BLACK
6
CONTINUOUS
10
6.7046691338582676
20
-4.467517834645669
11
6.706053897637795
21
-4.4664986614173223
0
LINE
8
BLACK
6
CONTINUOUS
10
6.706053897637795
20
-4.4664986614173223
11
6.7060664173228348
21
-4.4664901574803144
0
LINE
8
BLACK
6
CONTINUOUS
10
6.7060664173228348
20
-4.4664901574803144
11
6.7060920472440939
21
-4.4664741732283462
0
LINE
8
BLACK
6
CONTINUOUS
10
6.7060920472440939
20
-4.4664741732283462
11
6.7061276771653544
21
-4.4664566929133853
0
LINE
8
BLACK
6
CONTINUOUS
10
6.7061276771653544
20
-4.4664566929133853
11
6.7083667322834648
21
-4.4656252362204727
0
LINE
8
BLACK
6
CONTINUOUS
10
6.7083667322834648
20
-4.4656252362204727
11
6.7084246062992126
21
-4.4656131889763779
0
LINE
8
BLACK
6
CONTINUOUS
10
6.7084246062992126
20
-4.4656131889763779
11
6.7110142519685034
21
-4.4654727165354329
0
LINE
8
BLACK
6
CONTINUOUS
10
6.7110142519685034
20
-4.4654727165354329
11
6.7110649212598421
21
-4.465476535433071
0
LINE
8
BLACK
6
CONTINUOUS
10
6.6109129133858264
20
-4.4656185039370078
11
6.6109673228346457
21
-4.46563031496063
0
LINE
8
BLACK
6
CONTINUOUS
10
6.6109673228346457
20
-4.46563031496063
11
6.613326535433071
21
-4.4665066141732286
0
LINE
8
BLACK
6
CONTINUOUS
10
6.613326535433071
20
-4.4665066141732286
11
6.6133676771653542
21
-4.4665276771653541
0
LINE
8
BLACK
6
CONTINUOUS
10
6.6133676771653542
20
-4.4665276771653541
11
6.6143487795275586
21
-4.4671861417322836
0
LINE
8
BLACK
6
CONTINUOUS
10
6.6143487795275586
20
-4.4671861417322836
11
6.6143746456692911
21
-4.4672068503937004
0
LINE
8
BLACK
6
CONTINUOUS
10
6.6143746456692911
20
-4.4672068503937004
11
6.6153682283464565
21
-4.4681502755905509
0
LINE
8
BLACK
6
CONTINUOUS
10
6.6153682283464565
20
-4.4681502755905509
11
6.6154021653543307
21
-4.4681929133858267
0
LINE
8
BLACK
6
CONTINUOUS
10
6.6154021653543307
20
-4.4681929133858267
11
6.6161109055118112
21
-4.4693930314960628
0
LINE
8
BLACK
6
CONTINUOUS
10
6.6161109055118112
20
-4.4693930314960628
11
6.6161305905511814
21
-4.4694387007874017
0
LINE
8
BLACK
6
CONTINUOUS
10
6.6161305905511814
20
-4.4694387007874017
11
6.6166009055118105
21
-4.4710724409448819
0
LINE
8
BLACK
6
CONTINUOUS
10
6.6166009055118105
20
-4.4710724409448819
11
6.6166070866141729
21
-4.4711026377952754
0
LINE
8
BLACK
6
CONTINUOUS
10
6.6166070866141729
20
-4.4711026377952754
11
6.6168855118110237
21
-4.4733470866141731
0
LINE
8
BLACK
6
CONTINUOUS
10
6.6168855118110237
20
-4.4733470866141731
11
6.6168868110236216
21
-4.4733627165354326
0
LINE
8
BLACK
6
CONTINUOUS
10
6.6168868110236216
20
-4.4733627165354326
11
6.6170198031496064
21
-4.4763948031496064
0
LINE
8
BLACK
6
CONTINUOUS
10
6.6170198031496064
20
-4.4763948031496064
11
6.6170200000000001
21
-4.4764017322834642
0
LINE
8
BLACK
6
CONTINUOUS
10
6.6170200000000001
20
-4.4764017322834642
11
6.617053976377953
21
-4.4803985039370078
0
LINE
8
BLACK
6
CONTINUOUS
10
6.617053976377953
20
-4.4803985039370078
11
6.617053976377953
21
-4.4804008267716533
0
LINE
8
BLACK
6
CONTINUOUS
10
6.617053976377953
20
-4.4804008267716533
11
6.6170473228346456
21
-4.4824662598425196
0
LINE
8
BLACK
6
CONTINUOUS
10
6.6170473228346456
20
-4.4824662598425196
11
6.6170473228346456
21
-4.482467952755905
0
LINE
8
BLACK
6
CONTINUOUS
10
6.6170473228346456
20
-4.482467952755905
11
6.6170138976377952
21
-4.48529031496063
0
LINE
8
BLACK
6
CONTINUOUS
10
6.6170138976377952
20
-4.48529031496063
11
6.6170138188976377
21
-4.4852929527559056
0
LINE
8
BLACK
6
CONTINUOUS
10
6.6170138188976377
20
-4.4852929527559056
11
6.6169570472440942
21
-4.4875453149606299
0
LINE
8
BLACK
6
CONTINUOUS
10
6.6169570472440942
20
-4.4875453149606299
11
6.6169568897637792
21
-4.4875501968503935
0
LINE
8
BLACK
6
CONTINUOUS
10
6.6169568897637792
20
-4.4875501968503935
11
6.6168822047244094
21
-4.4890416929133856
0
LINE
8
BLACK
6
CONTINUOUS
10
6.6168822047244094
20
-4.4890416929133856
11
6.6168799212598426
21
-4.489063267716535
0
LINE
8
BLACK
6
CONTINUOUS
10
6.6168799212598426
20
-4.489063267716535
11
6.6167926377952755
21
-4.4896028346456696
0
LINE
8
BLACK
6
CONTINUOUS
10
6.6167926377952755
20
-4.4896028346456696
11
6.6167135039370075
21
-4.4897310629921261
0
LINE
8
BLACK
6
CONTINUOUS
10
6.6167135039370075
20
-4.4897310629921261
11
6.6165668897637797
21
-4.4897657480314956
0
LINE
8
BLACK
6
CONTINUOUS
10
6.6165668897637797
20
-4.4897657480314956
11
6.6165392913385821
21
-4.4897592125984254
0
LINE
8
BLACK
6
CONTINUOUS
10
6.6165392913385821
20
-4.4897592125984254
11
6.6159713779527554
21
-4.4895807480314955
0
LINE
8
BLACK
6
CONTINUOUS
10
6.6159713779527554
20
-4.4895807480314955
11
6.6159537401574804
21
-4.489574251968504
0
LINE
8
BLACK
6
CONTINUOUS
10
6.6159537401574804
20
-4.489574251968504
11
6.6148073622047239
21
-4.4890895669291337
0
LINE
8
BLACK
6
CONTINUOUS
10
6.6148073622047239
20
-4.4890895669291337
11
6.6148023622047241
21
-4.4890874015748032
0
LINE
8
BLACK
6
CONTINUOUS
10
6.6148023622047241
20
-4.4890874015748032
11
6.6147679921259845
21
-4.4890717322834641
0
LINE
8
BLACK
6
CONTINUOUS
10
6.6147679921259845
20
-4.4890717322834641
11
6.6147583464566928
21
-4.4890670078740156
0
LINE
8
BLACK
6
CONTINUOUS
10
6.6147583464566928
20
-4.4890670078740156
11
6.6141630314960631
21
-4.4887553543307082
0
LINE
8
BLACK
6
CONTINUOUS
10
6.6141630314960631
20
-4.4887553543307082
11
6.6141106299212593
21
-4.488715472440945
0
LINE
8
BLACK
6
CONTINUOUS
10
6.6141106299212593
20
-4.488715472440945
11
6.6137102755905515
21
-4.4882878740157484
0
LINE
8
BLACK
6
CONTINUOUS
10
6.6137102755905515
20
-4.4882878740157484
11
6.6136668110236219
21
-4.4882143307086615
0
LINE
8
BLACK
6
CONTINUOUS
10
6.6136668110236219
20
-4.4882143307086615
11
6.6134227165354327
21
-4.4874653543307081
0
LINE
8
BLACK
6
CONTINUOUS
10
6.6134227165354327
20
-4.4874653543307081
11
6.6134139763779523
21
-4.4874237795275587
0
LINE
8
BLACK
6
CONTINUOUS
10
6.6134139763779523
20
-4.4874237795275587
11
6.6132874803149608
21
-4.4861481102362202
0
LINE
8
BLACK
6
CONTINUOUS
10
6.6132874803149608
20
-4.4861481102362202
11
6.6132865748031495
21
-4.4861333464566924
0
LINE
8
BLACK
6
CONTINUOUS
10
6.6132865748031495
20
-4.4861333464566924
11
6.6132390157480314
21
-4.4841255511811022
0
LINE
8
BLACK
6
CONTINUOUS
10
6.6132390157480314
20
-4.4841255511811022
11
6.6132389763779527
21
-4.4841213779527562
0
LINE
8
BLACK
6
CONTINUOUS
10
6.6132389763779527
20
-4.4841213779527562
11
6.6132317322834648
21
-4.4811771653543309
0
LINE
8
BLACK
6
CONTINUOUS
10
6.6132317322834648
20
-4.4811771653543309
11
6.6132170866141733
21
-4.4793121259842517
0
LINE
8
BLACK
6
CONTINUOUS
10
6.6132170866141733
20
-4.4793121259842517
11
6.6130616141732279
21
-4.4758136614173232
0
LINE
8
BLACK
6
CONTINUOUS
10
6.6130616141732279
20
-4.4758136614173232
11
6.6127081102362206
21
-4.4732694881889765
0
LINE
8
BLACK
6
CONTINUOUS
10
6.6127081102362206
20
-4.4732694881889765
11
6.6121285039370079
21
-4.4715518897637798
0
LINE
8
BLACK
6
CONTINUOUS
10
6.6121285039370079
20
-4.4715518897637798
11
6.6113053149606298
21
-4.4705168503937003
0
LINE
8
BLACK
6
CONTINUOUS
10
6.6113053149606298
20
-4.4705168503937003
11
6.6101774409448817
21
-4.4699820866141735
0
LINE
8
BLACK
6
CONTINUOUS
10
6.6101774409448817
20
-4.4699820866141735
11
6.6100538976377949
21
-4.4699526771653542
0
LINE
8
BLACK
6
CONTINUOUS
10
6.6100538976377949
20
-4.4699526771653542
11
6.6079048031496059
21
-4.4699230314960632
0
LINE
8
BLACK
6
CONTINUOUS
10
6.6079048031496059
20
-4.4699230314960632
11
6.6062609055118111
21
-4.4708674015748029
0
LINE
8
BLACK
6
CONTINUOUS
10
6.6062609055118111
20
-4.4708674015748029
11
6.6050983858267713
21
-4.4728060236220468
0
LINE
8
BLACK
6
CONTINUOUS
10
6.6050983858267713
20
-4.4728060236220468
11
6.6048910629921256
21
-4.4733665354330707
0
LINE
8
BLACK
6
CONTINUOUS
10
6.6048910629921256
20
-4.4733665354330707
11
6.6048903937007877
21
-4.4733683070866137
0
LINE
8
BLACK
6
CONTINUOUS
10
6.6048903937007877
20
-4.4733683070866137
11
6.6044032677165356
21
-4.4746468110236224
0
LINE
8
BLACK
6
CONTINUOUS
10
6.6044032677165356
20
-4.4746468110236224
11
6.604400826771653
21
-4.4746529527559051
0
LINE
8
BLACK
6
CONTINUOUS
10
6.604400826771653
20
-4.4746529527559051
11
6.6041541338582679
21
-4.4752404724409445
0
LINE
8
BLACK
6
CONTINUOUS
10
6.6041541338582679
20
-4.4752404724409445
11
6.6040470866141732
21
-4.4753464960629916
0
LINE
8
BLACK
6
CONTINUOUS
10
6.6040470866141732
20
-4.4753464960629916
11
6.6039415748031498
21
-4.4753586220472439
0
LINE
8
BLACK
6
CONTINUOUS
10
6.6039415748031498
20
-4.4753586220472439
11
6.6034349212598427
21
-4.4752776771653542
0
LINE
8
BLACK
6
CONTINUOUS
10
6.6034349212598427
20
-4.4752776771653542
11
6.6033933464566932
21
-4.4752662598425195
0
LINE
8
BLACK
6
CONTINUOUS
10
6.6033933464566932
20
-4.4752662598425195
11
6.6022869291338582
21
-4.474826929133858
0
LINE
8
BLACK
6
CONTINUOUS
10
6.6022869291338582
20
-4.474826929133858
11
6.6022463385826766
21
-4.4748049999999999
0
LINE
8
BLACK
6
CONTINUOUS
10
6.6022463385826766
20
-4.4748049999999999
11
6.6012143700787398
21
-4.4740794094488185
0
LINE
8
BLACK
6
CONTINUOUS
10
6.6012143700787398
20
-4.4740794094488185
11
6.6011414173228342
21
-4.4739822834645668
0
LINE
8
BLACK
6
CONTINUOUS
10
6.6011414173228342
20
-4.4739822834645668
11
6.6006709448818892
21
-4.4726110629921259
0
LINE
8
BLACK
6
CONTINUOUS
10
6.6006709448818892
20
-4.4726110629921259
11
6.6006622440944884
21
-4.4725193307086615
0
LINE
8
BLACK
6
CONTINUOUS
10
6.6006622440944884
20
-4.4725193307086615
11
6.6008025984251963
21
-4.4715371653543308
0
LINE
8
BLACK
6
CONTINUOUS
10
6.6008025984251963
20
-4.4715371653543308
11
6.6008168110236216
21
-4.4714868110236221
0
LINE
8
BLACK
6
CONTINUOUS
10
6.6008168110236216
20
-4.4714868110236221
11
6.6016789763779524
21
-4.4694945275590552
0
LINE
8
BLACK
6
CONTINUOUS
10
6.6016789763779524
20
-4.4694945275590552
11
6.6017019291338581
21
-4.4694549212598425
0
LINE
8
BLACK
6
CONTINUOUS
10
6.6017019291338581
20
-4.4694549212598425
11
6.6030959842519685
21
-4.4675880314960628
0
LINE
8
BLACK
6
CONTINUOUS
10
6.6030959842519685
20
-4.4675880314960628
11
6.6031314960629919
21
-4.4675514960629918
0
LINE
8
BLACK
6
CONTINUOUS
10
6.6031314960629919
20
-4.4675514960629918
11
6.6047617322834649
21
-4.4662603937007876
0
LINE
8
BLACK
6
CONTINUOUS
10
6.6047617322834649
20
-4.4662603937007876
11
6.6048051181102361
21
-4.4662343307086614
0
LINE
8
BLACK
6
CONTINUOUS
10
6.6048051181102361
20
-4.4662343307086614
11
6.6054881102362204
21
-4.4659358267716538
0
LINE
8
BLACK
6
CONTINUOUS
10
6.6054881102362204
20
-4.4659358267716538
11
6.6055296456692911
21
-4.4659229527559052
0
LINE
8
BLACK
6
CONTINUOUS
10
6.6055296456692911
20
-4.4659229527559052
11
6.6081158267716535
21
-4.4654238976377956
0
LINE
8
BLACK
6
CONTINUOUS
10
6.6081158267716535
20
-4.4654238976377956
11
6.6081672440944876
21
-4.4654208267716538
0
LINE
8
BLACK
6
CONTINUOUS
10
6.6081672440944876
20
-4.4654208267716538
11
6.6109129133858264
21
-4.4656185039370078
0
LINE
8
BLACK
6
CONTINUOUS
10
6.6299874015748026
20
-4.4654261023622048
11
6.6300285826771654
21
-4.4654320472440947
0
LINE
8
BLACK
6
CONTINUOUS
10
6.6300285826771654
20
-4.4654320472440947
11
6.631253149606299
21
-4.4657431102362199
0
LINE
8
BLACK
6
CONTINUOUS
10
6.631253149606299
20
-4.4657431102362199
11
6.6313153937007874
21
-4.465771141732283
0
LINE
8
BLACK
6
CONTINUOUS
10
6.6313153937007874
20
-4.465771141732283
11
6.6324555511811019
21
-4.4665465748031492
0
LINE
8
BLACK
6
CONTINUOUS
10
6.6324555511811019
20
-4.4665465748031492
11
6.6324828740157482
21
-4.4665690157480311
0
LINE
8
BLACK
6
CONTINUOUS
10
6.6324828740157482
20
-4.4665690157480311
11
6.6339502755905508
21
-4.4680125984251964
0
LINE
8
BLACK
6
CONTINUOUS
10
6.6339502755905508
20
-4.4680125984251964
11
6.6339566929133857
21
-4.4680191732283463
0
LINE
8
BLACK
6
CONTINUOUS
10
6.6339566929133857
20
-4.4680191732283463
11
6.6349003937007875
21
-4.4690386220472442
0
LINE
8
BLACK
6
CONTINUOUS
10
6.6349003937007875
20
-4.4690386220472442
11
6.6349139763779528
21
-4.469055
0
LINE
8
BLACK
6
CONTINUOUS
10
6.6349139763779528
20
-4.469055
11
6.635897007874016
21
-4.4703785826771654
0
LINE
8
BLACK
6
CONTINUOUS
10
6.635897007874016
20
-4.4703785826771654
11
6.6359243307086615
21
-4.4704296850393703
0
LINE
8
BLACK
6
CONTINUOUS
10
6.6359243307086615
20
-4.4704296850393703
11
6.6363676771653539
21
-4.4716701968503934
0
LINE
8
BLACK
6
CONTINUOUS
10
6.6363676771653539
20
-4.4716701968503934
11
6.6363787401574799
21
-4.4717235433070863
0
LINE
8
BLACK
6
CONTINUOUS
10
6.6363787401574799
20
-4.4717235433070863
11
6.6364821259842515
21
-4.4732975196850395
0
LINE
8
BLACK
6
CONTINUOUS
10
6.6364821259842515
20
-4.4732975196850395
11
6.6364825590551177
21
-4.473310433070866
0
LINE
8
BLACK
6
CONTINUOUS
10
6.6364825590551177
20
-4.473310433070866
11
6.6364825590551177
21
-4.4758864960629916
0
LINE
8
BLACK
6
CONTINUOUS
10
6.6364825590551177
20
-4.4758864960629916
11
6.6364249212598425
21
-4.4760257086614175
0
LINE
8
BLACK
6
CONTINUOUS
10
6.6364249212598425
20
-4.4760257086614175
11
6.6362857086614175
21
-4.4760833464566927
0
LINE
8
BLACK
6
CONTINUOUS
10
6.6362857086614175
20
-4.4760833464566927
11
6.6361952755905511
21
-4.4760613385826771
0
LINE
8
BLACK
6
CONTINUOUS
10
6.6361952755905511
20
-4.4760613385826771
11
6.634438503937008
21
-4.4751528740157482
0
LINE
8
BLACK
6
CONTINUOUS
10
6.634438503937008
20
-4.4751528740157482
11
6.6344064173228343
21
-4.4751321259842518
0
LINE
8
BLACK
6
CONTINUOUS
10
6.6344064173228343
20
-4.4751321259842518
11
6.6330142125984253
21
-4.4740251181102364
0
LINE
8
BLACK
6
CONTINUOUS
10
6.6330142125984253
20
-4.4740251181102364
11
6.6329709055118107
21
-4.4739770866141733
0
LINE
8
BLACK
6
CONTINUOUS
10
6.6329709055118107
20
-4.4739770866141733
11
6.6320172834645668
21
-4.4724859055118111
0
LINE
8
BLACK
6
CONTINUOUS
10
6.6320172834645668
20
-4.4724859055118111
11
6.632000590551181
21
-4.472453582677165
0
LINE
8
BLACK
6
CONTINUOUS
10
6.632000590551181
20
-4.472453582677165
11
6.631847440944882
21
-4.472074566929134
0
LINE
8
BLACK
6
CONTINUOUS
10
6.631847440944882
20
-4.472074566929134
11
6.6306467716535433
21
-4.4705625984251967
0
LINE
8
BLACK
6
CONTINUOUS
10
6.6306467716535433
20
-4.4705625984251967
11
6.6289987401574804
21
-4.4698137007874017
0
LINE
8
BLACK
6
CONTINUOUS
10
6.6289987401574804
20
-4.4698137007874017
11
6.62720468503937
21
-4.4698864566929135
0
LINE
8
BLACK
6
CONTINUOUS
10
6.62720468503937
20
-4.4698864566929135
11
6.6255561023622045
21
-4.4708674409448816
0
LINE
8
BLACK
6
CONTINUOUS
10
6.6255561023622045
20
-4.4708674409448816
11
6.6248719291338585
21
-4.4716488976377953
0
LINE
8
BLACK
6
CONTINUOUS
10
6.6248719291338585
20
-4.4716488976377953
11
6.6244929133858266
21
-4.4725997637795274
0
LINE
8
BLACK
6
CONTINUOUS
10
6.6244929133858266
20
-4.4725997637795274
11
6.6248858267716537
21
-4.4734192125984249
0
LINE
8
BLACK
6
CONTINUOUS
10
6.6248858267716537
20
-4.4734192125984249
11
6.6262366141732283
21
-4.4743306299212602
0
LINE
8
BLACK
6
CONTINUOUS
10
6.6262366141732283
20
-4.4743306299212602
11
6.6286619685039367
21
-4.4754009055118109
0
LINE
8
BLACK
6
CONTINUOUS
10
6.6286619685039367
20
-4.4754009055118109
11
6.6290306692913381
21
-4.4755490157480313
0
LINE
8
BLACK
6
CONTINUOUS
10
6.6290306692913381
20
-4.4755490157480313
11
6.629036299212598
21
-4.4755513779527556
0
LINE
8
BLACK
6
CONTINUOUS
10
6.629036299212598
20
-4.4755513779527556
11
6.6312624015748032
21
-4.4765267322834648
0
LINE
8
BLACK
6
CONTINUOUS
10
6.6312624015748032
20
-4.4765267322834648
11
6.6312719291338578
21
-4.4765312204724408
0
LINE
8
BLACK
6
CONTINUOUS
10
6.6312719291338578
20
-4.4765312204724408
11
6.6331822440944883
21
-4.4774930314960626
0
LINE
8
BLACK
6
CONTINUOUS
10
6.6331822440944883
20
-4.4774930314960626
11
6.6331980314960628
21
-4.477501929133858
0
LINE
8
BLACK
6
CONTINUOUS
10
6.6331980314960628
20
-4.477501929133858
11
6.6344134251968505
21
-4.4782616535433073
0
LINE
8
BLACK
6
CONTINUOUS
10
6.6344134251968505
20
-4.4782616535433073
11
6.63445562992126
21
-4.4782971259842519
0
LINE
8
BLACK
6
CONTINUOUS
10
6.63445562992126
20
-4.4782971259842519
11
6.6356729527559057
21
-4.4796540944881889
0
LINE
8
BLACK
6
CONTINUOUS
10
6.6356729527559057
20
-4.4796540944881889
11
6.6357108267716534
21
-4.4797166535433073
0
LINE
8
BLACK
6
CONTINUOUS
10
6.6357108267716534
20
-4.4797166535433073
11
6.6365201181102362
21
-4.4818821653543308
0
LINE
8
BLACK
6
CONTINUOUS
10
6.6365201181102362
20
-4.4818821653543308
11
6.6365324409448814
21
-4.4819583464566932
0
LINE
8
BLACK
6
CONTINUOUS
10
6.6365324409448814
20
-4.4819583464566932
11
6.6364464960629919
21
-4.4842822047244093
0
LINE
8
BLACK
6
CONTINUOUS
10
6.6364464960629919
20
-4.4842822047244093
11
6.6364302362204723
21
-4.4843535039370082
0
LINE
8
BLACK
6
CONTINUOUS
10
6.6364302362204723
20
-4.4843535039370082
11
6.6354727559055116
21
-4.4865527952755908
0
LINE
8
BLACK
6
CONTINUOUS
10
6.6354727559055116
20
-4.4865527952755908
11
6.6354309448818896
21
-4.4866139370078741
0
LINE
8
BLACK
6
CONTINUOUS
10
6.6354309448818896
20
-4.4866139370078741
11
6.6336255905511807
21
-4.4884056692913381
0
LINE
8
BLACK
6
CONTINUOUS
10
6.6336255905511807
20
-4.4884056692913381
11
6.6335779921259839
21
-4.4884404724409448
0
LINE
8
BLACK
6
CONTINUOUS
10
6.6335779921259839
20
-4.4884404724409448
11
6.6321161811023623
21
-4.4892031496062987
0
LINE
8
BLACK
6
CONTINUOUS
10
6.6321161811023623
20
-4.4892031496062987
11
6.6320616929133855
21
-4.4892220472440947
0
LINE
8
BLACK
6
CONTINUOUS
10
6.6320616929133855
20
-4.4892220472440947
11
6.6292377952755901
21
-4.4897561023622048
0
LINE
8
BLACK
6
CONTINUOUS
10
6.6292377952755901
20
-4.4897561023622048
11
6.6291922047244096
21
-4.4897593307086616
0
LINE
8
BLACK
6
CONTINUOUS
10
6.6291922047244096
20
-4.4897593307086616
11
6.627622952755905
21
-4.4896872834645665
0
LINE
8
BLACK
6
CONTINUOUS
10
6.627622952755905
20
-4.4896872834645665
11
6.627580984251968
21
-4.4896807480314962
0
LINE
8
BLACK
6
CONTINUOUS
10
6.627580984251968
20
-4.4896807480314962
11
6.6261282677165356
21
-4.4892912204724409
0
LINE
8
BLACK
6
CONTINUOUS
10
6.6261282677165356
20
-4.4892912204724409
11
6.6260166141732286
21
-4.4892120078740154
0
LINE
8
BLACK
6
CONTINUOUS
10
6.6260166141732286
20
-4.4892120078740154
11
6.6254592913385828
21
-4.4883946062992122
0
LINE
8
BLACK
6
CONTINUOUS
10
6.6254592913385828
20
-4.4883946062992122
11
6.6254274015748029
21
-4.4882535826771655
0
LINE
8
BLACK
6
CONTINUOUS
10
6.6254274015748029
20
-4.4882535826771655
11
6.6256358267716537
21
-4.4869074015748032
0
LINE
8
BLACK
6
CONTINUOUS
10
6.6256358267716537
20
-4.4869074015748032
11
6.6256440157480316
21
-4.4868740551181103
0
LINE
8
BLACK
6
CONTINUOUS
10
6.6256440157480316
20
-4.4868740551181103
11
6.6257046456692912
21
-4.4866960629921255
0
LINE
8
BLACK
6
CONTINUOUS
10
6.6257046456692912
20
-4.4866960629921255
11
6.6257155905511809
21
-4.4866701968503939
0
LINE
8
BLACK
6
CONTINUOUS
10
6.6257155905511809
20
-4.4866701968503939
11
6.6261963385826768
21
-4.4857262598425196
0
LINE
8
BLACK
6
CONTINUOUS
10
6.6261963385826768
20
-4.4857262598425196
11
6.6262914960629917
21
-4.4856358267716532
0
LINE
8
BLACK
6
CONTINUOUS
10
6.6262914960629917
20
-4.4856358267716532
11
6.6270919685039367
21
-4.4852785826771653
0
LINE
8
BLACK
6
CONTINUOUS
10
6.6270919685039367
20
-4.4852785826771653
11
6.6271752755905506
21
-4.4852615354330707
0
LINE
8
BLACK
6
CONTINUOUS
10
6.6271752755905506
20
-4.4852615354330707
11
6.6287002362204719
21
-4.4852854330708665
0
LINE
8
BLACK
6
CONTINUOUS
10
6.6287002362204719
20
-4.4852854330708665
11
6.6287031102362199
21
-4.4852854724409452
0
LINE
8
BLACK
6
CONTINUOUS
10
6.6287031102362199
20
-4.4852854724409452
11
6.6297553149606294
21
-4.4853172047244092
0
LINE
8
BLACK
6
CONTINUOUS
10
6.6297553149606294
20
-4.4853172047244092
11
6.630936929133858
21
-4.4850557086614176
0
LINE
8
BLACK
6
CONTINUOUS
10
6.630936929133858
20
-4.4850557086614176
11
6.6317347244094487
21
-4.4842852755905511
0
LINE
8
BLACK
6
CONTINUOUS
10
6.6317347244094487
20
-4.4842852755905511
11
6.632193937007874
21
-4.4833266929133861
0
LINE
8
BLACK
6
CONTINUOUS
10
6.632193937007874
20
-4.4833266929133861
11
6.6322422047244096
21
-4.48238
0
LINE
8
BLACK
6
CONTINUOUS
10
6.6322422047244096
20
-4.48238
11
6.631684212598425
21
-4.4818714566929136
0
LINE
8
BLACK
6
CONTINUOUS
10
6.631684212598425
20
-4.4818714566929136
11
6.6303407480314958
21
-4.4810389763779526
0
LINE
8
BLACK
6
CONTINUOUS
10
6.6303407480314958
20
-4.4810389763779526
11
6.6285849212598427
21
-4.4800990944881889
0
LINE
8
BLACK
6
CONTINUOUS
10
6.6285849212598427
20
-4.4800990944881889
11
6.6267541338582676
21
-4.4792242913385829
0
LINE
8
BLACK
6
CONTINUOUS
10
6.6267541338582676
20
-4.4792242913385829
11
6.6251835433070863
21
-4.4785833464566931
0
LINE
8
BLACK
6
CONTINUOUS
10
6.6251835433070863
20
-4.4785833464566931
11
6.6243253149606298
21
-4.4783689763779524
0
LINE
8
BLACK
6
CONTINUOUS
10
6.6243253149606298
20
-4.4783689763779524
11
6.6242699606299213
21
-4.4784599606299214
0
LINE
8
BLACK
6
CONTINUOUS
10
6.6242699606299213
20
-4.4784599606299214
11
6.6240879921259843
21
-4.4795783858267715
0
LINE
8
BLACK
6
CONTINUOUS
10
6.6240879921259843
20
-4.4795783858267715
11
6.6239591338582677
21
-4.4814668503937005
0
LINE
8
BLACK
6
CONTINUOUS
10
6.6239591338582677
20
-4.4814668503937005
11
6.6239111417322833
21
-4.4838585039370074
0
LINE
8
BLACK
6
CONTINUOUS
10
6.6239111417322833
20
-4.4838585039370074
11
6.6238999212598424
21
-4.4855187401574801
0
LINE
8
BLACK
6
CONTINUOUS
10
6.6238999212598424
20
-4.4855187401574801
11
6.6238998425196849
21
-4.4855223622047244
0
LINE
8
BLACK
6
CONTINUOUS
10
6.6238998425196849
20
-4.4855223622047244
11
6.6238470866141732
21
-4.4876133464566932
0
LINE
8
BLACK
6
CONTINUOUS
10
6.6238470866141732
20
-4.4876133464566932
11
6.6238468110236219
21
-4.4876202362204722
0
LINE
8
BLACK
6
CONTINUOUS
10
6.6238468110236219
20
-4.4876202362204722
11
6.6237605905511812
21
-4.489052204724409
0
LINE
8
BLACK
6
CONTINUOUS
10
6.6237605905511812
20
-4.489052204724409
11
6.6237569685039368
21
-4.4890798031496066
0
LINE
8
BLACK
6
CONTINUOUS
10
6.6237569685039368
20
-4.4890798031496066
11
6.6236483464566929
21
-4.4896108661417324
0
LINE
8
BLACK
6
CONTINUOUS
10
6.6236483464566929
20
-4.4896108661417324
11
6.6235639370078738
21
-4.4897356692913384
0
LINE
8
BLACK
6
CONTINUOUS
10
6.6235639370078738
20
-4.4897356692913384
11
6.6234160236220472
21
-4.4897642913385827
0
LINE
8
BLACK
6
CONTINUOUS
10
6.6234160236220472
20
-4.4897642913385827
11
6.6233964566929133
21
-4.4897592125984254
0
LINE
8
BLACK
6
CONTINUOUS
10
6.6233964566929133
20
-4.4897592125984254
11
6.6228285433070866
21
-4.4895807480314955
0
LINE
8
BLACK
6
CONTINUOUS
10
6.6228285433070866
20
-4.4895807480314955
11
6.6228109055118107
21
-4.489574251968504
0
LINE
8
BLACK
6
CONTINUOUS
10
6.6228109055118107
20
-4.489574251968504
11
6.6216645275590551
21
-4.4890895669291337
0
LINE
8
BLACK
6
CONTINUOUS
10
6.6216645275590551
20
-4.4890895669291337
11
6.621659566929134
21
-4.4890874015748032
0
LINE
8
BLACK
6
CONTINUOUS
10
6.621659566929134
20
-4.4890874015748032
11
6.620204094488189
21
-4.488424251968504
0
LINE
8
BLACK
6
CONTINUOUS
10
6.620204094488189
20
-4.488424251968504
11
6.6201013385826766
21
-4.48831405511811
0
LINE
8
BLACK
6
CONTINUOUS
10
6.6201013385826766
20
-4.48831405511811
11
6.6200888582677164
21
-4.4882451181102363
0
LINE
8
BLACK
6
CONTINUOUS
10
6.6200888582677164
20
-4.4882451181102363
11
6.6200888582677164
21
-4.4797362204724411
0
LINE
8
BLACK
6
CONTINUOUS
10
6.6200888582677164
20
-4.4797362204724411
11
6.6200981496062994
21
-4.4775553543307085
0
LINE
8
BLACK
6
CONTINUOUS
10
6.6200981496062994
20
-4.4775553543307085
11
6.6200982283464569
21
-4.47755094488189
0
LINE
8
BLACK
6
CONTINUOUS
10
6.6200982283464569
20
-4.47755094488189
11
6.6201862598425194
21
-4.4742391338582674
0
LINE
8
BLACK
6
CONTINUOUS
10
6.6201862598425194
20
-4.4742391338582674
11
6.6201870078740157
21
-4.4742264960629923
0
LINE
8
BLACK
6
CONTINUOUS
10
6.6201870078740157
20
-4.4742264960629923
11
6.6204111811023623
21
-4.4717695275590552
0
LINE
8
BLACK
6
CONTINUOUS
10
6.6204111811023623
20
-4.4717695275590552
11
6.620415393700787
21
-4.4717431496062989
0
LINE
8
BLACK
6
CONTINUOUS
10
6.620415393700787
20
-4.4717431496062989
11
6.6208279921259843
21
-4.4699540944881893
0
LINE
8
BLACK
6
CONTINUOUS
10
6.6208279921259843
20
-4.4699540944881893
11
6.6208437007874013
21
-4.4699103937007871
0
LINE
8
BLACK
6
CONTINUOUS
10
6.6208437007874013
20
-4.4699103937007871
11
6.6214970078740158
21
-4.4686023228346459
0
LINE
8
BLACK
6
CONTINUOUS
10
6.6214970078740158
20
-4.4686023228346459
11
6.6215291732283461
21
-4.4685559842519682
0
LINE
8
BLACK
6
CONTINUOUS
10
6.6215291732283461
20
-4.4685559842519682
11
6.6224753937007872
21
-4.467542007874016
0
LINE
8
BLACK
6
CONTINUOUS
10
6.6224753937007872
20
-4.467542007874016
11
6.6225062204724408
21
-4.4675151968503934
0
LINE
8
BLACK
6
CONTINUOUS
10
6.6225062204724408
20
-4.4675151968503934
11
6.6237976377952759
21
-4.4666083464566926
0
LINE
8
BLACK
6
CONTINUOUS
10
6.6237976377952759
20
-4.4666083464566926
11
6.6238292519685036
21
-4.4665902755905513
0
LINE
8
BLACK
6
CONTINUOUS
10
6.6238292519685036
20
-4.4665902755905513
11
6.6254745669291335
21
-4.4658418897637793
0
LINE
8
BLACK
6
CONTINUOUS
10
6.6254745669291335
20
-4.4658418897637793
11
6.6255272440944877
21
-4.4658263385826773
0
LINE
8
BLACK
6
CONTINUOUS
10
6.6255272440944877
20
-4.4658263385826773
11
6.6285651574803151
21
-4.4653766929133853
0
LINE
8
BLACK
6
CONTINUOUS
10
6.6285651574803151
20
-4.4653766929133853
11
6.6286012598425197
21
-4.4653746850393699
0
LINE
8
BLACK
6
CONTINUOUS
10
6.6286012598425197
20
-4.4653746850393699
11
6.6299874015748026
21
-4.4654261023622048
0
LINE
8
BLACK
6
CONTINUOUS
10
6.6919686220472441
20
-4.4654429921259844
11
6.6946110236220475
21
-4.4662313385826771
0
LINE
8
BLACK
6
CONTINUOUS
10
6.6946110236220475
20
-4.4662313385826771
11
6.6946500787401577
21
-4.4662477165354328
0
LINE
8
BLACK
6
CONTINUOUS
10
6.6946500787401577
20
-4.4662477165354328
11
6.6948304724409446
21
-4.4663475590551176
0
LINE
8
BLACK
6
CONTINUOUS
10
6.6948304724409446
20
-4.4663475590551176
11
6.6948558661417321
21
-4.4663642913385821
0
LINE
8
BLACK
6
CONTINUOUS
10
6.6948558661417321
20
-4.4663642913385821
11
6.6963295275590546
21
-4.4675081496062994
0
LINE
8
BLACK
6
CONTINUOUS
10
6.6963295275590546
20
-4.4675081496062994
11
6.6963554330708659
21
-4.4675323228346455
0
LINE
8
BLACK
6
CONTINUOUS
10
6.6963554330708659
20
-4.4675323228346455
11
6.6976729921259839
21
-4.4690029133858271
0
LINE
8
BLACK
6
CONTINUOUS
10
6.6976729921259839
20
-4.4690029133858271
11
6.6976883070866142
21
-4.4690222834645672
0
LINE
8
BLACK
6
CONTINUOUS
10
6.6976883070866142
20
-4.4690222834645672
11
6.6979181102362206
21
-4.4693546456692914
0
LINE
8
BLACK
6
CONTINUOUS
10
6.6979181102362206
20
-4.4693546456692914
11
6.6979274803149602
21
-4.4693696062992121
0
LINE
8
BLACK
6
CONTINUOUS
10
6.6979274803149602
20
-4.4693696062992121
11
6.6983667716535429
21
-4.4701452362204721
0
LINE
8
BLACK
6
CONTINUOUS
10
6.6983667716535429
20
-4.4701452362204721
11
6.698381811023622
21
-4.47017874015748
0
LINE
8
BLACK
6
CONTINUOUS
10
6.698381811023622
20
-4.47017874015748
11
6.6986956299212599
21
-4.4710992913385823
0
LINE
8
BLACK
6
CONTINUOUS
10
6.6986956299212599
20
-4.4710992913385823
11
6.6987033464566927
21
-4.4711296850393696
0
LINE
8
BLACK
6
CONTINUOUS
10
6.6987033464566927
20
-4.4711296850393696
11
6.6989191732283464
21
-4.4723947244094484
0
LINE
8
BLACK
6
CONTINUOUS
10
6.6989191732283464
20
-4.4723947244094484
11
6.6989213385826769
21
-4.472412086614173
0
LINE
8
BLACK
6
CONTINUOUS
10
6.6989213385826769
20
-4.472412086614173
11
6.6990665748031493
21
-4.4742212204724412
0
LINE
8
BLACK
6
CONTINUOUS
10
6.6990665748031493
20
-4.4742212204724412
11
6.6990670472440943
21
-4.4742290944881891
0
LINE
8
BLACK
6
CONTINUOUS
10
6.6990670472440943
20
-4.4742290944881891
11
6.6991690944881892
21
-4.4767818503937002
0
LINE
8
BLACK
6
CONTINUOUS
10
6.6991690944881892
20
-4.4767818503937002
11
6.6991691732283467
21
-4.4767848818897633
0
LINE
8
BLACK
6
CONTINUOUS
10
6.6991691732283467
20
-4.4767848818897633
11
6.6992555118110237
21
-4.4802808661417322
0
LINE
8
BLACK
6
CONTINUOUS
10
6.6992555118110237
20
-4.4802808661417322
11
6.6992555511811025
21
-4.4802816535433072
0
LINE
8
BLACK
6
CONTINUOUS
10
6.6992555511811025
20
-4.4802816535433072
11
6.6992677559055114
21
-4.4808726771653546
0
LINE
8
BLACK
6
CONTINUOUS
10
6.6992677559055114
20
-4.4808726771653546
11
6.6992677952755901
21
-4.4808747244094489
0
LINE
8
BLACK
6
CONTINUOUS
10
6.6992677952755901
20
-4.4808747244094489
11
6.6993070866141728
21
-4.4847066141732279
0
LINE
8
BLACK
6
CONTINUOUS
10
6.6993070866141728
20
-4.4847066141732279
11
6.6993070472440941
21
-4.4847126377952753
0
LINE
8
BLACK
6
CONTINUOUS
10
6.6993070472440941
20
-4.4847126377952753
11
6.6992516929133856
21
-4.487426614173228
0
LINE
8
BLACK
6
CONTINUOUS
10
6.6992516929133856
20
-4.487426614173228
11
6.6992508661417318
21
-4.4874409055118107
0
LINE
8
BLACK
6
CONTINUOUS
10
6.6992508661417318
20
-4.4874409055118107
11
6.6991000787401571
21
-4.4890556299212596
0
LINE
8
BLACK
6
CONTINUOUS
10
6.6991000787401571
20
-4.4890556299212596
11
6.6990827559055113
21
-4.489119960629921
0
LINE
8
BLACK
6
CONTINUOUS
10
6.6990827559055113
20
-4.489119960629921
11
6.6988357086614174
21
-4.4896540551181099
0
LINE
8
BLACK
6
CONTINUOUS
10
6.6988357086614174
20
-4.4896540551181099
11
6.6987249606299208
21
-4.4897561811023623
0
LINE
8
BLACK
6
CONTINUOUS
10
6.6987249606299208
20
-4.4897561811023623
11
6.6986158661417319
21
-4.4897638976377952
0
LINE
8
BLACK
6
CONTINUOUS
10
6.6986158661417319
20
-4.4897638976377952
11
6.6978681889763774
21
-4.4896039763779525
0
LINE
8
BLACK
6
CONTINUOUS
10
6.6978681889763774
20
-4.4896039763779525
11
6.6978392125984252
21
-4.4895954330708658
0
LINE
8
BLACK
6
CONTINUOUS
10
6.6978392125984252
20
-4.4895954330708658
11
6.6965691338582678
21
-4.4891108661417318
0
LINE
8
BLACK
6
CONTINUOUS
10
6.6965691338582678
20
-4.4891108661417318
11
6.696555
21
-4.4891048425196853
0
LINE
8
BLACK
6
CONTINUOUS
10
6.696555
20
-4.4891048425196853
11
6.6962559055118112
21
-4.4889631496062989
0
LINE
8
BLACK
6
CONTINUOUS
10
6.6962559055118112
20
-4.4889631496062989
11
6.6962287795275586
21
-4.4889475196850395
0
LINE
8
BLACK
6
CONTINUOUS
10
6.6962287795275586
20
-4.4889475196850395
11
6.6957616535433067
21
-4.4886267716535428
0
LINE
8
BLACK
6
CONTINUOUS
10
6.6957616535433067
20
-4.4886267716535428
11
6.6957050787401577
21
-4.4885671259842521
0
LINE
8
BLACK
6
CONTINUOUS
10
6.6957050787401577
20
-4.4885671259842521
11
6.6953829527559057
21
-4.488039803149606
0
LINE
8
BLACK
6
CONTINUOUS
10
6.6953829527559057
20
-4.488039803149606
11
6.6953590551181099
21
-4.4879810629921257
0
LINE
8
BLACK
6
CONTINUOUS
10
6.6953590551181099
20
-4.4879810629921257
11
6.6951483858267711
21
-4.4870599606299209
0
LINE
8
BLACK
6
CONTINUOUS
10
6.6951483858267711
20
-4.4870599606299209
11
6.6951441732283463
21
-4.4870333858267717
0
LINE
8
BLACK
6
CONTINUOUS
10
6.6951441732283463
20
-4.4870333858267717
11
6.6950113385826766
21
-4.4855312992125986
0
LINE
8
BLACK
6
CONTINUOUS
10
6.6950113385826766
20
-4.4855312992125986
11
6.6950107480314962
21
-4.4855216535433069
0
LINE
8
BLACK
6
CONTINUOUS
10
6.6950107480314962
20
-4.4855216535433069
11
6.6949221653543303
21
-4.4832513779527554
0
LINE
8
BLACK
6
CONTINUOUS
10
6.6949221653543303
20
-4.4832513779527554
11
6.694922047244094
21
-4.4832484645669286
0
LINE
8
BLACK
6
CONTINUOUS
10
6.694922047244094
20
-4.4832484645669286
11
6.6948441338582674
21
-4.4800227559055115
0
LINE
8
BLACK
6
CONTINUOUS
10
6.6948441338582674
20
-4.4800227559055115
11
6.6948441338582674
21
-4.4800224409448814
0
LINE
8
BLACK
6
CONTINUOUS
10
6.6948441338582674
20
-4.4800224409448814
11
6.6948227952755905
21
-4.4790795275590547
0
LINE
8
BLACK
6
CONTINUOUS
10
6.6948227952755905
20
-4.4790795275590547
11
6.6948227952755905
21
-4.4790794881889759
0
LINE
8
BLACK
6
CONTINUOUS
10
6.6948227952755905
20
-4.4790794881889759
11
6.694740393700787
21
-4.4761043700787404
0
LINE
8
BLACK
6
CONTINUOUS
10
6.694740393700787
20
-4.4761043700787404
11
6.6946337795275586
21
-4.4740294881889762
0
LINE
8
BLACK
6
CONTINUOUS
10
6.6946337795275586
20
-4.4740294881889762
11
6.6944723228346454
21
-4.4726639370078738
0
LINE
8
BLACK
6
CONTINUOUS
10
6.6944723228346454
20
-4.4726639370078738
11
6.6942310629921256
21
-4.4718172440944883
0
LINE
8
BLACK
6
CONTINUOUS
10
6.6942310629921256
20
-4.4718172440944883
11
6.6938853543307086
21
-4.4712751181102357
0
LINE
8
BLACK
6
CONTINUOUS
10
6.6938853543307086
20
-4.4712751181102357
11
6.693392874015748
21
-4.4708238976377954
0
LINE
8
BLACK
6
CONTINUOUS
10
6.693392874015748
20
-4.4708238976377954
11
6.69188342519685
21
-4.4700049999999996
0
LINE
8
BLACK
6
CONTINUOUS
10
6.69188342519685
20
-4.4700049999999996
11
6.6900411417322836
21
-4.4698485433070863
0
LINE
8
BLACK
6
CONTINUOUS
10
6.6900411417322836
20
-4.4698485433070863
11
6.688401692913386
21
-4.4704668503937004
0
LINE
8
BLACK
6
CONTINUOUS
10
6.688401692913386
20
-4.4704668503937004
11
6.6872265354330711
21
-4.4717422834645673
0
LINE
8
BLACK
6
CONTINUOUS
10
6.6872265354330711
20
-4.4717422834645673
11
6.6867676377952758
21
-4.4735979133858264
0
LINE
8
BLACK
6
CONTINUOUS
10
6.6867676377952758
20
-4.4735979133858264
11
6.686754960629921
21
-4.4740997244094487
0
LINE
8
BLACK
6
CONTINUOUS
10
6.686754960629921
20
-4.4740997244094487
11
6.6867480314960632
21
-4.4741468897637793
0
LINE
8
BLACK
6
CONTINUOUS
10
6.6867480314960632
20
-4.4741468897637793
11
6.6864879527559058
21
-4.4750943307086617
0
LINE
8
BLACK
6
CONTINUOUS
10
6.6864879527559058
20
-4.4750943307086617
11
6.6863955118110239
21
-4.4752132677165353
0
LINE
8
BLACK
6
CONTINUOUS
10
6.6863955118110239
20
-4.4752132677165353
11
6.6863345275590547
21
-4.4752356692913384
0
LINE
8
BLACK
6
CONTINUOUS
10
6.6863345275590547
20
-4.4752356692913384
11
6.6855667322834647
21
-4.475380236220472
0
LINE
8
BLACK
6
CONTINUOUS
10
6.6855667322834647
20
-4.475380236220472
11
6.6854611417322829
21
-4.4753710629921262
0
LINE
8
BLACK
6
CONTINUOUS
10
6.6854611417322829
20
-4.4753710629921262
11
6.6839577165354331
21
-4.4748068503937004
0
LINE
8
BLACK
6
CONTINUOUS
10
6.6839577165354331
20
-4.4748068503937004
11
6.6839361417322829
21
-4.4747972440944883
0
LINE
8
BLACK
6
CONTINUOUS
10
6.6839361417322829
20
-4.4747972440944883
11
6.6835879133858267
21
-4.474616299212598
0
LINE
8
BLACK
6
CONTINUOUS
10
6.6835879133858267
20
-4.474616299212598
11
6.6835311811023619
21
-4.4745720078740154
0
LINE
8
BLACK
6
CONTINUOUS
10
6.6835311811023619
20
-4.4745720078740154
11
6.6825900787401578
21
-4.4735077952755908
0
LINE
8
BLACK
6
CONTINUOUS
10
6.6825900787401578
20
-4.4735077952755908
11
6.682540708661417
21
-4.4733797244094484
0
LINE
8
BLACK
6
CONTINUOUS
10
6.682540708661417
20
-4.4733797244094484
11
6.6825220866141732
21
-4.4717973622047245
0
LINE
8
BLACK
6
CONTINUOUS
10
6.6825220866141732
20
-4.4717973622047245
11
6.6825367716535435
21
-4.471720393700787
0
LINE
8
BLACK
6
CONTINUOUS
10
6.6825367716535435
20
-4.471720393700787
11
6.6834334251968501
21
-4.4695320078740153
0
LINE
8
BLACK
6
CONTINUOUS
10
6.6834334251968501
20
-4.4695320078740153
11
6.6834535433070865
21
-4.469494881889764
0
LINE
8
BLACK
6
CONTINUOUS
10
6.6834535433070865
20
-4.469494881889764
11
6.6842760236220471
21
-4.4683022834645669
0
LINE
8
BLACK
6
CONTINUOUS
10
6.6842760236220471
20
-4.4683022834645669
11
6.6843145669291335
21
-4.4682607480314962
0
LINE
8
BLACK
6
CONTINUOUS
10
6.6843145669291335
20
-4.4682607480314962
11
6.6864175196850395
21
-4.4665665354330706
0
LINE
8
BLACK
6
CONTINUOUS
10
6.6864175196850395
20
-4.4665665354330706
11
6.686472874015748
21
-4.4665351574803145
0
LINE
8
BLACK
6
CONTINUOUS
10
6.686472874015748
20
-4.4665351574803145
11
6.6890686220472437
21
-4.4655773228346458
0
LINE
8
BLACK
6
CONTINUOUS
10
6.6890686220472437
20
-4.4655773228346458
11
6.689127519685039
21
-4.4655653937007873
0
LINE
8
BLACK
6
CONTINUOUS
10
6.689127519685039
20
-4.4655653937007873
11
6.6919031102362201
21
-4.4654350000000003
0
LINE
8
BLACK
6
CONTINUOUS
10
6.6919031102362201
20
-4.4654350000000003
11
6.6919686220472441
21
-4.4654429921259844
0
LINE
8
BLACK
6
CONTINUOUS
10
6.6632189370078736
20
-4.456873582677165
11
6.6650760629921262
21
-4.4576515748031493
0
LINE
8
BLACK
6
CONTINUOUS
10
6.6650760629921262
20
-4.4576515748031493
11
6.6650783070866142
21
-4.4576525590551181
0
LINE
8
BLACK
6
CONTINUOUS
10
6.6650783070866142
20
-4.4576525590551181
11
6.665569330708661
21
-4.457865472440945
0
LINE
8
BLACK
6
CONTINUOUS
10
6.665569330708661
20
-4.457865472440945
11
6.6655941732283459
21
-4.4578784251968502
0
LINE
8
BLACK
6
CONTINUOUS
10
6.6655941732283459
20
-4.4578784251968502
11
6.6663757480314958
21
-4.4583593307086611
0
LINE
8
BLACK
6
CONTINUOUS
10
6.6663757480314958
20
-4.4583593307086611
11
6.6664403149606297
21
-4.4584239370078738
0
LINE
8
BLACK
6
CONTINUOUS
10
6.6664403149606297
20
-4.4584239370078738
11
6.666887677165354
21
-4.4591521653543307
0
LINE
8
BLACK
6
CONTINUOUS
10
6.666887677165354
20
-4.4591521653543307
11
6.6669132283464565
21
-4.4592178740157475
0
LINE
8
BLACK
6
CONTINUOUS
10
6.6669132283464565
20
-4.4592178740157475
11
6.6671591338582674
21
-4.4604913779527555
0
LINE
8
BLACK
6
CONTINUOUS
10
6.6671591338582674
20
-4.4604913779527555
11
6.6671620472440942
21
-4.460512283464567
0
LINE
8
BLACK
6
CONTINUOUS
10
6.6671620472440942
20
-4.460512283464567
11
6.6673390157480314
21
-4.462628700787401
0
LINE
8
BLACK
6
CONTINUOUS
10
6.6673390157480314
20
-4.462628700787401
11
6.6674999606299208
21
-4.4645209842519682
0
LINE
8
BLACK
6
CONTINUOUS
10
6.6674999606299208
20
-4.4645209842519682
11
6.667705275590551
21
-4.4657197637795276
0
LINE
8
BLACK
6
CONTINUOUS
10
6.667705275590551
20
-4.4657197637795276
11
6.6679105511811025
21
-4.4660319291338579
0
LINE
8
BLACK
6
CONTINUOUS
10
6.6679105511811025
20
-4.4660319291338579
11
6.6682254724409447
21
-4.465946692913386
0
LINE
8
BLACK
6
CONTINUOUS
10
6.6682254724409447
20
-4.465946692913386
11
6.6693925196850392
21
-4.465511141732283
0
LINE
8
BLACK
6
CONTINUOUS
10
6.6693925196850392
20
-4.465511141732283
11
6.6694511417322833
21
-4.4654989763779529
0
LINE
8
BLACK
6
CONTINUOUS
10
6.6694511417322833
20
-4.4654989763779529
11
6.6715521653543304
21
-4.465390196850394
0
LINE
8
BLACK
6
CONTINUOUS
10
6.6715521653543304
20
-4.465390196850394
11
6.6715972047244092
21
-4.4653930314960633
0
LINE
8
BLACK
6
CONTINUOUS
10
6.6715972047244092
20
-4.4653930314960633
11
6.6738574015748027
21
-4.4657993700787397
0
LINE
8
BLACK
6
CONTINUOUS
10
6.6738574015748027
20
-4.4657993700787397
11
6.6739031889763778
21
-4.4658135433070862
0
LINE
8
BLACK
6
CONTINUOUS
10
6.6739031889763778
20
-4.4658135433070862
11
6.6758532677165352
21
-4.4666889763779523
0
LINE
8
BLACK
6
CONTINUOUS
10
6.6758532677165352
20
-4.4666889763779523
11
6.67589125984252
21
-4.4667114566929129
0
LINE
8
BLACK
6
CONTINUOUS
10
6.67589125984252
20
-4.4667114566929129
11
6.6769641338582675
21
-4.4675217716535434
0
LINE
8
BLACK
6
CONTINUOUS
10
6.6769641338582675
20
-4.4675217716535434
11
6.6769939370078735
21
-4.4675495275590551
0
LINE
8
BLACK
6
CONTINUOUS
10
6.6769939370078735
20
-4.4675495275590551
11
6.6783714566929131
21
-4.4691305118110236
0
LINE
8
BLACK
6
CONTINUOUS
10
6.6783714566929131
20
-4.4691305118110236
11
6.6784035433070867
21
-4.4691812992125985
0
LINE
8
BLACK
6
CONTINUOUS
10
6.6784035433070867
20
-4.4691812992125985
11
6.6792857874015743
21
-4.4712083070866138
0
LINE
8
BLACK
6
CONTINUOUS
10
6.6792857874015743
20
-4.4712083070866138
11
6.6792992125984254
21
-4.4712531102362201
0
LINE
8
BLACK
6
CONTINUOUS
10
6.6792992125984254
20
-4.4712531102362201
11
6.6797683464566928
21
-4.473949251968504
0
LINE
8
BLACK
6
CONTINUOUS
10
6.6797683464566928
20
-4.473949251968504
11
6.6797711023622046
21
-4.4739754330708656
0
LINE
8
BLACK
6
CONTINUOUS
10
6.6797711023622046
20
-4.4739754330708656
11
6.6799030708661418
21
-4.47740374015748
0
LINE
8
BLACK
6
CONTINUOUS
10
6.6799030708661418
20
-4.47740374015748
11
6.6799092125984254
21
-4.4775638582677164
0
LINE
8
BLACK
6
CONTINUOUS
10
6.6799092125984254
20
-4.4775638582677164
11
6.6799093307086617
21
-4.4775754724409449
0
LINE
8
BLACK
6
CONTINUOUS
10
6.6799093307086617
20
-4.4775754724409449
11
6.679863622047244
21
-4.4798037795275594
0
LINE
8
BLACK
6
CONTINUOUS
10
6.679863622047244
20
-4.4798037795275594
11
6.6798625590551177
21
-4.4798205118110239
0
LINE
8
BLACK
6
CONTINUOUS
10
6.6798625590551177
20
-4.4798205118110239
11
6.679540039370079
21
-4.4828578740157479
0
LINE
8
BLACK
6
CONTINUOUS
10
6.679540039370079
20
-4.4828578740157479
11
6.6795324015748028
21
-4.4828950787401576
0
LINE
8
BLACK
6
CONTINUOUS
10
6.6795324015748028
20
-4.4828950787401576
11
6.6788305905511809
21
-4.4851712204724405
0
LINE
8
BLACK
6
CONTINUOUS
10
6.6788305905511809
20
-4.4851712204724405
11
6.678806062992126
21
-4.485222716535433
0
LINE
8
BLACK
6
CONTINUOUS
10
6.678806062992126
20
-4.485222716535433
11
6.6776429133858271
21
-4.4869607480314961
0
LINE
8
BLACK
6
CONTINUOUS
10
6.6776429133858271
20
-4.4869607480314961
11
6.6776053937007873
21
-4.4870024409448819
0
LINE
8
BLACK
6
CONTINUOUS
10
6.6776053937007873
20
-4.4870024409448819
11
6.6758987007874016
21
-4.4884255118110232
0
LINE
8
BLACK
6
CONTINUOUS
10
6.6758987007874016
20
-4.4884255118110232
11
6.6758615354330706
21
-4.4884499606299215
0
LINE
8
BLACK
6
CONTINUOUS
10
6.6758615354330706
20
-4.4884499606299215
11
6.6742358267716533
21
-4.4892725984251971
0
LINE
8
BLACK
6
CONTINUOUS
10
6.6742358267716533
20
-4.4892725984251971
11
6.674179488188976
21
-4.4892911023622046
0
LINE
8
BLACK
6
CONTINUOUS
10
6.674179488188976
20
-4.4892911023622046
11
6.6714493700787401
21
-4.4897488582677161
0
LINE
8
BLACK
6
CONTINUOUS
10
6.6714493700787401
20
-4.4897488582677161
11
6.6713812598425193
21
-4.4897483464566932
0
LINE
8
BLACK
6
CONTINUOUS
10
6.6713812598425193
20
-4.4897483464566932
11
6.6686548425196852
21
-4.4892478346456688
0
LINE
8
BLACK
6
CONTINUOUS
10
6.6686548425196852
20
-4.4892478346456688
11
6.6685934251968506
21
-4.4892255118110231
0
LINE
8
BLACK
6
CONTINUOUS
10
6.6685934251968506
20
-4.4892255118110231
11
6.6661292125984248
21
-4.4878305511811023
0
LINE
8
BLACK
6
CONTINUOUS
10
6.6661292125984248
20
-4.4878305511811023
11
6.666077913385827
21
-4.4877887401574803
0
LINE
8
BLACK
6
CONTINUOUS
10
6.666077913385827
20
-4.4877887401574803
11
6.6641343700787399
21
-4.4855632677165351
0
LINE
8
BLACK
6
CONTINUOUS
10
6.6641343700787399
20
-4.4855632677165351
11
6.664111771653543
21
-4.4855314960629924
0
LINE
8
BLACK
6
CONTINUOUS
10
6.664111771653543
20
-4.4855314960629924
11
6.663877086614173
21
-4.4851211417322832
0
LINE
8
BLACK
6
CONTINUOUS
10
6.663877086614173
20
-4.4851211417322832
11
6.6638672047244096
21
-4.4851013385826768
0
LINE
8
BLACK
6
CONTINUOUS
10
6.6638672047244096
20
-4.4851013385826768
11
6.6635572440944877
21
-4.4843823622047241
0
LINE
8
BLACK
6
CONTINUOUS
10
6.6635572440944877
20
-4.4843823622047241
11
6.6635470472440943
21
-4.4843522834645668
0
LINE
8
BLACK
6
CONTINUOUS
10
6.6635470472440943
20
-4.4843522834645668
11
6.6633171653543304
21
-4.4834348031496063
0
LINE
8
BLACK
6
CONTINUOUS
10
6.6633171653543304
20
-4.4834348031496063
11
6.6633128346456694
21
-4.4834117716535431
0
LINE
8
BLACK
6
CONTINUOUS
10
6.6633128346456694
20
-4.4834117716535431
11
6.6631511417322837
21
-4.4821383858267714
0
LINE
8
BLACK
6
CONTINUOUS
10
6.6631511417322837
20
-4.4821383858267714
11
6.6631499212598424
21
-4.4821251574803149
0
LINE
8
BLACK
6
CONTINUOUS
10
6.6631499212598424
20
-4.4821251574803149
11
6.6630446456692916
21
-4.4803385039370074
0
LINE
8
BLACK
6
CONTINUOUS
10
6.6630446456692916
20
-4.4803385039370074
11
6.6630443700787403
21
-4.4803318110236221
0
LINE
8
BLACK
6
CONTINUOUS
10
6.6630443700787403
20
-4.4803318110236221
11
6.6629835826771648
21
-4.4778744488188975
0
LINE
8
BLACK
6
CONTINUOUS
10
6.6629835826771648
20
-4.4778744488188975
11
6.6629835039370073
21
-4.4778712598425194
0
LINE
8
BLACK
6
CONTINUOUS
10
6.6629835039370073
20
-4.4778712598425194
11
6.6629553937007868
21
-4.4745858267716532
0
LINE
8
BLACK
6
CONTINUOUS
10
6.6629553937007868
20
-4.4745858267716532
11
6.6629553937007868
21
-4.4745844488188977
0
LINE
8
BLACK
6
CONTINUOUS
10
6.6629553937007868
20
-4.4745844488188977
11
6.662948149606299
21
-4.4703136220472439
0
LINE
8
BLACK
6
CONTINUOUS
10
6.662948149606299
20
-4.4703136220472439
11
6.662948149606299
21
-4.4703133464566926
0
LINE
8
BLACK
6
CONTINUOUS
10
6.662948149606299
20
-4.4703133464566926
11
6.6629460236220472
21
-4.4570551968503933
0
LINE
8
BLACK
6
CONTINUOUS
10
6.6629460236220472
20
-4.4570551968503933
11
6.6630036614173225
21
-4.4569159842519683
0
LINE
8
BLACK
6
CONTINUOUS
10
6.6630036614173225
20
-4.4569159842519683
11
6.6631428346456687
21
-4.4568583070866143
0
LINE
8
BLACK
6
CONTINUOUS
10
6.6631428346456687
20
-4.4568583070866143
11
6.6632189370078736
21
-4.456873582677165
0
LINE
8
BLACK
6
CONTINUOUS
10
6.6701827165354333
20
-4.469988267716535
11
6.6685155905511806
21
-4.4710444488188976
0
LINE
8
BLACK
6
CONTINUOUS
10
6.6685155905511806
20
-4.4710444488188976
11
6.6681744094488185
21
-4.4714425984251971
0
LINE
8
BLACK
6
CONTINUOUS
10
6.6681744094488185
20
-4.4714425984251971
11
6.6677422440944882
21
-4.4722212204724405
0
LINE
8
BLACK
6
CONTINUOUS
10
6.6677422440944882
20
-4.4722212204724405
11
6.6674886614173223
21
-4.473324527559055
0
LINE
8
BLACK
6
CONTINUOUS
10
6.6674886614173223
20
-4.473324527559055
11
6.6673689370078737
21
-4.4750463779527561
0
LINE
8
BLACK
6
CONTINUOUS
10
6.6673689370078737
20
-4.4750463779527561
11
6.667339724409449
21
-4.4776524015748027
0
LINE
8
BLACK
6
CONTINUOUS
10
6.667339724409449
20
-4.4776524015748027
11
6.667353188976378
21
-4.4797261811023619
0
LINE
8
BLACK
6
CONTINUOUS
10
6.667353188976378
20
-4.4797261811023619
11
6.6674378740157483
21
-4.4815912992125986
0
LINE
8
BLACK
6
CONTINUOUS
10
6.6674378740157483
20
-4.4815912992125986
11
6.6676422834645672
21
-4.4827666141732285
0
LINE
8
BLACK
6
CONTINUOUS
10
6.6676422834645672
20
-4.4827666141732285
11
6.6680083858267718
21
-4.483532244094488
0
LINE
8
BLACK
6
CONTINUOUS
10
6.6680083858267718
20
-4.483532244094488
11
6.6686045275590553
21
-4.4841894094488186
0
LINE
8
BLACK
6
CONTINUOUS
10
6.6686045275590553
20
-4.4841894094488186
11
6.6687243700787402
21
-4.48429779527559
0
LINE
8
BLACK
6
CONTINUOUS
10
6.6687243700787402
20
-4.48429779527559
11
6.6705275590551176
21
-4.4852345275590553
0
LINE
8
BLACK
6
CONTINUOUS
10
6.6705275590551176
20
-4.4852345275590553
11
6.6724044881889766
21
-4.4851401968503932
0
LINE
8
BLACK
6
CONTINUOUS
10
6.6724044881889766
20
-4.4851401968503932
11
6.6741840551181104
21
-4.4840165748031495
0
LINE
8
BLACK
6
CONTINUOUS
10
6.6741840551181104
20
-4.4840165748031495
11
6.6747012992125985
21
-4.4834483858267715
0
LINE
8
BLACK
6
CONTINUOUS
10
6.6747012992125985
20
-4.4834483858267715
11
6.6751361023622042
21
-4.4826917716535428
0
LINE
8
BLACK
6
CONTINUOUS
10
6.6751361023622042
20
-4.4826917716535428
11
6.6753827952755902
21
-4.4816291338582674
0
LINE
8
BLACK
6
CONTINUOUS
10
6.6753827952755902
20
-4.4816291338582674
11
6.6754931102362205
21
-4.4799593307086614
0
LINE
8
BLACK
6
CONTINUOUS
10
6.6754931102362205
20
-4.4799593307086614
11
6.6755174409448816
21
-4.4774094094488186
0
LINE
8
BLACK
6
CONTINUOUS
10
6.6755174409448816
20
-4.4774094094488186
11
6.6755053937007869
21
-4.4754660629921261
0
LINE
8
BLACK
6
CONTINUOUS
10
6.6755053937007869
20
-4.4754660629921261
11
6.6754228346456692
21
-4.4735794881889763
0
LINE
8
BLACK
6
CONTINUOUS
10
6.6754228346456692
20
-4.4735794881889763
11
6.6752195275590553
21
-4.4723899999999999
0
LINE
8
BLACK
6
CONTINUOUS
10
6.6752195275590553
20
-4.4723899999999999
11
6.6748526771653545
21
-4.4716164173228341
0
LINE
8
BLACK
6
CONTINUOUS
10
6.6748526771653545
20
-4.4716164173228341
11
6.6742544488188971
21
-4.4709555905511813
0
LINE
8
BLACK
6
CONTINUOUS
10
6.6742544488188971
20
-4.4709555905511813
11
6.6739182677165356
21
-4.4706709448818893
0
LINE
8
BLACK
6
CONTINUOUS
10
6.6739182677165356
20
-4.4706709448818893
11
6.6720820078740157
21
-4.469862677165354
0
LINE
8
BLACK
6
CONTINUOUS
10
6.6720820078740157
20
-4.469862677165354
11
6.6701827165354333
21
-4.469988267716535
0
LINE
8
BLACK
6
CONTINUOUS
10
6.6400630314960631
20
-4.4653764960629916
11
6.6401175590551178
21
-4.4653881889763776
0
LINE
8
BLACK
6
CONTINUOUS
10
6.6401175590551178
20
-4.4653881889763776
11
6.6408479527559052
21
-4.465657559055118
0
LINE
8
BLACK
6
CONTINUOUS
10
6.6408479527559052
20
-4.465657559055118
11
6.6408651574803148
21
-4.4656648425196845
0
LINE
8
BLACK
6
CONTINUOUS
10
6.6408651574803148
20
-4.4656648425196845
11
6.6420992125984251
21
-4.4662583464566925
0
LINE
8
BLACK
6
CONTINUOUS
10
6.6420992125984251
20
-4.4662583464566925
11
6.6421043307086611
21
-4.4662609055118105
0
LINE
8
BLACK
6
CONTINUOUS
10
6.6421043307086611
20
-4.4662609055118105
11
6.6437757874015748
21
-4.4671252362204728
0
LINE
8
BLACK
6
CONTINUOUS
10
6.6437757874015748
20
-4.4671252362204728
11
6.6438729133858265
21
-4.4672403543307082
0
LINE
8
BLACK
6
CONTINUOUS
10
6.6438729133858265
20
-4.4672403543307082
11
6.6438821653543307
21
-4.4672966535433067
0
LINE
8
BLACK
6
CONTINUOUS
10
6.6438821653543307
20
-4.4672966535433067
11
6.6440394881889766
21
-4.4762894881889759
0
LINE
8
BLACK
6
CONTINUOUS
10
6.6440394881889766
20
-4.4762894881889759
11
6.6441934251968506
21
-4.4850888582677166
0
LINE
8
BLACK
6
CONTINUOUS
10
6.6441934251968506
20
-4.4850888582677166
11
6.6472348425196852
21
-4.4850888582677166
0
LINE
8
BLACK
6
CONTINUOUS
10
6.6472348425196852
20
-4.4850888582677166
11
6.6473881102362204
21
-4.4754254724409446
0
LINE
8
BLACK
6
CONTINUOUS
10
6.6473881102362204
20
-4.4754254724409446
11
6.6473881102362204
21
-4.4754249606299208
0
LINE
8
BLACK
6
CONTINUOUS
10
6.6473881102362204
20
-4.4754249606299208
11
6.6474376771653541
21
-4.4727454724409448
0
LINE
8
BLACK
6
CONTINUOUS
10
6.6474376771653541
20
-4.4727454724409448
11
6.6474377165354328
21
-4.4727442125984247
0
LINE
8
BLACK
6
CONTINUOUS
10
6.6474377165354328
20
-4.4727442125984247
11
6.6475086614173229
21
-4.4698802362204724
0
LINE
8
BLACK
6
CONTINUOUS
10
6.6475086614173229
20
-4.4698802362204724
11
6.6475087007874016
21
-4.4698784645669294
0
LINE
8
BLACK
6
CONTINUOUS
10
6.6475087007874016
20
-4.4698784645669294
11
6.6475855905511807
21
-4.4676047637795273
0
LINE
8
BLACK
6
CONTINUOUS
10
6.6475855905511807
20
-4.4676047637795273
11
6.647585708661417
21
-4.4676013779527555
0
LINE
8
BLACK
6
CONTINUOUS
10
6.647585708661417
20
-4.4676013779527555
11
6.6476621259842519
21
-4.466102086614173
0
LINE
8
BLACK
6
CONTINUOUS
10
6.6476621259842519
20
-4.466102086614173
11
6.6476635039370073
21
-4.4660870472440948
0
LINE
8
BLACK
6
CONTINUOUS
10
6.6476635039370073
20
-4.4660870472440948
11
6.6477329921259845
21
-4.4655463385826772
0
LINE
8
BLACK
6
CONTINUOUS
10
6.6477329921259845
20
-4.4655463385826772
11
6.6478079133858268
21
-4.4654156299212602
0
LINE
8
BLACK
6
CONTINUOUS
10
6.6478079133858268
20
-4.4654156299212602
11
6.6479467322834642
21
-4.4653754330708662
0
LINE
8
BLACK
6
CONTINUOUS
10
6.6479467322834642
20
-4.4653754330708662
11
6.6479667322834644
21
-4.4653773228346454
0
LINE
8
BLACK
6
CONTINUOUS
10
6.6479667322834644
20
-4.4653773228346454
11
6.6480025590551177
21
-4.4653840944881891
0
LINE
8
BLACK
6
CONTINUOUS
10
6.6480025590551177
20
-4.4653840944881891
11
6.6486953543307088
21
-4.4655830314960632
0
LINE
8
BLACK
6
CONTINUOUS
10
6.6486953543307088
20
-4.4655830314960632
11
6.6487035433070867
21
-4.4655855905511812
0
LINE
8
BLACK
6
CONTINUOUS
10
6.6487035433070867
20
-4.4655855905511812
11
6.6499772440944884
21
-4.4660121259842516
0
LINE
8
BLACK
6
CONTINUOUS
10
6.6499772440944884
20
-4.4660121259842516
11
6.6499795275590552
21
-4.4660129133858266
0
LINE
8
BLACK
6
CONTINUOUS
10
6.6499795275590552
20
-4.4660129133858266
11
6.6517790944881892
21
-4.4666402362204725
0
LINE
8
BLACK
6
CONTINUOUS
10
6.6517790944881892
20
-4.4666402362204725
11
6.6518915354330703
21
-4.4667404724409447
0
LINE
8
BLACK
6
CONTINUOUS
10
6.6518915354330703
20
-4.4667404724409447
11
6.6519111417322829
21
-4.4668259055118114
0
LINE
8
BLACK
6
CONTINUOUS
10
6.6519111417322829
20
-4.4668259055118114
11
6.6519198818897634
21
-4.4754833464566932
0
LINE
8
BLACK
6
CONTINUOUS
10
6.6519198818897634
20
-4.4754833464566932
11
6.6519286220472438
21
-4.4769859055118113
0
LINE
8
BLACK
6
CONTINUOUS
10
6.6519286220472438
20
-4.4769859055118113
11
6.651989291338583
21
-4.4799050787401571
0
LINE
8
BLACK
6
CONTINUOUS
10
6.651989291338583
20
-4.4799050787401571
11
6.6520977165354331
21
-4.482339173228346
0
LINE
8
BLACK
6
CONTINUOUS
10
6.6520977165354331
20
-4.482339173228346
11
6.6522414960629916
21
-4.4840626377952759
0
LINE
8
BLACK
6
CONTINUOUS
10
6.6522414960629916
20
-4.4840626377952759
11
6.6523933070866139
21
-4.4847919291338583
0
LINE
8
BLACK
6
CONTINUOUS
10
6.6523933070866139
20
-4.4847919291338583
11
6.6528968503937005
21
-4.4851536220472443
0
LINE
8
BLACK
6
CONTINUOUS
10
6.6528968503937005
20
-4.4851536220472443
11
6.6540613779527558
21
-4.4852801968503933
0
LINE
8
BLACK
6
CONTINUOUS
10
6.6540613779527558
20
-4.4852801968503933
11
6.6552344094488189
21
-4.4851143307086616
0
LINE
8
BLACK
6
CONTINUOUS
10
6.6552344094488189
20
-4.4851143307086616
11
6.6553881102362205
21
-4.4754254724409446
0
LINE
8
BLACK
6
CONTINUOUS
10
6.6553881102362205
20
-4.4754254724409446
11
6.6553881102362205
21
-4.4754241732283466
0
LINE
8
BLACK
6
CONTINUOUS
10
6.6553881102362205
20
-4.4754241732283466
11
6.6554440551181102
21
-4.4729193307086614
0
LINE
8
BLACK
6
CONTINUOUS
10
6.6554440551181102
20
-4.4729193307086614
11
6.6554441732283465
21
-4.4729160236220471
0
LINE
8
BLACK
6
CONTINUOUS
10
6.6554441732283465
20
-4.4729160236220471
11
6.6555601968503932
21
-4.4699511811023624
0
LINE
8
BLACK
6
CONTINUOUS
10
6.6555601968503932
20
-4.4699511811023624
11
6.6555604724409445
21
-4.4699460629921255
0
LINE
8
BLACK
6
CONTINUOUS
10
6.6555604724409445
20
-4.4699460629921255
11
6.6557122047244093
21
-4.4676204724409452
0
LINE
8
BLACK
6
CONTINUOUS
10
6.6557122047244093
20
-4.4676204724409452
11
6.6557130708661418
21
-4.4676106692913384
0
LINE
8
BLACK
6
CONTINUOUS
10
6.6557130708661418
20
-4.4676106692913384
11
6.655888779527559
21
-4.4660922440944884
0
LINE
8
BLACK
6
CONTINUOUS
10
6.655888779527559
20
-4.4660922440944884
11
6.6558983070866145
21
-4.4660505118110239
0
LINE
8
BLACK
6
CONTINUOUS
10
6.6558983070866145
20
-4.4660505118110239
11
6.656086299212598
21
-4.4655070472440945
0
LINE
8
BLACK
6
CONTINUOUS
10
6.656086299212598
20
-4.4655070472440945
11
6.6561862992125986
21
-4.46539437007874
0
LINE
8
BLACK
6
CONTINUOUS
10
6.6561862992125986
20
-4.46539437007874
11
6.656317283464567
21
-4.4653797637795272
0
LINE
8
BLACK
6
CONTINUOUS
10
6.656317283464567
20
-4.4653797637795272
11
6.6570505118110237
21
-4.4655517322834646
0
LINE
8
BLACK
6
CONTINUOUS
10
6.6570505118110237
20
-4.4655517322834646
11
6.6570773622047241
21
-4.4655601181102362
0
LINE
8
BLACK
6
CONTINUOUS
10
6.6570773622047241
20
-4.4655601181102362
11
6.6583306299212595
21
-4.466051299212598
0
LINE
8
BLACK
6
CONTINUOUS
10
6.6583306299212595
20
-4.466051299212598
11
6.6583404330708662
21
-4.4660554330708662
0
LINE
8
BLACK
6
CONTINUOUS
10
6.6583404330708662
20
-4.4660554330708662
11
6.6597959055118112
21
-4.4667185826771654
0
LINE
8
BLACK
6
CONTINUOUS
10
6.6597959055118112
20
-4.4667185826771654
11
6.6598986614173228
21
-4.4668287795275585
0
LINE
8
BLACK
6
CONTINUOUS
10
6.6598986614173228
20
-4.4668287795275585
11
6.6599111417322829
21
-4.4668977165354331
0
LINE
8
BLACK
6
CONTINUOUS
10
6.6599111417322829
20
-4.4668977165354331
11
6.6599111417322829
21
-4.4860549606299216
0
LINE
8
BLACK
6
CONTINUOUS
10
6.6599111417322829
20
-4.4860549606299216
11
6.6598535039370077
21
-4.4861941732283466
0
LINE
8
BLACK
6
CONTINUOUS
10
6.6598535039370077
20
-4.4861941732283466
11
6.6580451968503933
21
-4.488002480314961
0
LINE
8
BLACK
6
CONTINUOUS
10
6.6580451968503933
20
-4.488002480314961
11
6.6580438976377954
21
-4.4880037401574802
0
LINE
8
BLACK
6
CONTINUOUS
10
6.6580438976377954
20
-4.4880037401574802
11
6.6576308267716531
21
-4.4884092519685037
0
LINE
8
BLACK
6
CONTINUOUS
10
6.6576308267716531
20
-4.4884092519685037
11
6.6576147244094486
21
-4.4884234251968502
0
LINE
8
BLACK
6
CONTINUOUS
10
6.6576147244094486
20
-4.4884234251968502
11
6.6564704330708659
21
-4.4893247244094487
0
LINE
8
BLACK
6
CONTINUOUS
10
6.6564704330708659
20
-4.4893247244094487
11
6.6563968897637791
21
-4.4893609055118109
0
LINE
8
BLACK
6
CONTINUOUS
10
6.6563968897637791
20
-4.4893609055118109
11
6.6552428740157481
21
-4.4896528346456694
0
LINE
8
BLACK
6
CONTINUOUS
10
6.6552428740157481
20
-4.4896528346456694
11
6.6551792519685034
21
-4.4896582677165355
0
LINE
8
BLACK
6
CONTINUOUS
10
6.6551792519685034
20
-4.4896582677165355
11
6.6534620472440942
21
-4.4895238582677166
0
LINE
8
BLACK
6
CONTINUOUS
10
6.6534620472440942
20
-4.4895238582677166
11
6.65345311023622
21
-4.4895229527559053
0
LINE
8
BLACK
6
CONTINUOUS
10
6.65345311023622
20
-4.4895229527559053
11
6.6527553543307087
21
-4.4894362204724407
0
LINE
8
BLACK
6
CONTINUOUS
10
6.6527553543307087
20
-4.4894362204724407
11
6.6509599606299208
21
-4.4892531889763783
0
LINE
8
BLACK
6
CONTINUOUS
10
6.6509599606299208
20
-4.4892531889763783
11
6.6497114173228349
21
-4.4891806692913381
0
LINE
8
BLACK
6
CONTINUOUS
10
6.6497114173228349
20
-4.4891806692913381
11
6.6493504724409451
21
-4.4891914566929136
0
LINE
8
BLACK
6
CONTINUOUS
10
6.6493504724409451
20
-4.4891914566929136
11
6.6478257480314955
21
-4.4893119291338586
0
LINE
8
BLACK
6
CONTINUOUS
10
6.6478257480314955
20
-4.4893119291338586
11
6.6459735039370074
21
-4.4895231889763778
0
LINE
8
BLACK
6
CONTINUOUS
10
6.6459735039370074
20
-4.4895231889763778
11
6.6453816141732283
21
-4.4895957086614171
0
LINE
8
BLACK
6
CONTINUOUS
10
6.6453816141732283
20
-4.4895957086614171
11
6.6453614173228344
21
-4.4895971259842522
0
LINE
8
BLACK
6
CONTINUOUS
10
6.6453614173228344
20
-4.4895971259842522
11
6.6438663385826766
21
-4.4896256692913381
0
LINE
8
BLACK
6
CONTINUOUS
10
6.6438663385826766
20
-4.4896256692913381
11
6.6437875196850396
21
-4.4896108267716537
0
LINE
8
BLACK
6
CONTINUOUS
10
6.6437875196850396
20
-4.4896108267716537
11
6.6426936220472443
21
-4.4891594881889763
0
LINE
8
BLACK
6
CONTINUOUS
10
6.6426936220472443
20
-4.4891594881889763
11
6.6426374803149608
21
-4.4891242519685042
0
LINE
8
BLACK
6
CONTINUOUS
10
6.6426374803149608
20
-4.4891242519685042
11
6.6413913779527558
21
-4.4880100000000001
0
LINE
8
BLACK
6
CONTINUOUS
10
6.6413913779527558
20
-4.4880100000000001
11
6.6413833858267717
21
-4.488002480314961
0
LINE
8
BLACK
6
CONTINUOUS
10
6.6413833858267717
20
-4.488002480314961
11
6.6395750787401573
21
-4.4861941732283466
0
LINE
8
BLACK
6
CONTINUOUS
10
6.6395750787401573
20
-4.4861941732283466
11
6.6395174409448821
21
-4.4860549606299216
0
LINE
8
BLACK
6
CONTINUOUS
10
6.6395174409448821
20
-4.4860549606299216
11
6.6395174409448821
21
-4.4758122834645668
0
LINE
8
BLACK
6
CONTINUOUS
10
6.6395174409448821
20
-4.4758122834645668
11
6.6395315354330711
21
-4.4727857086614176
0
LINE
8
BLACK
6
CONTINUOUS
10
6.6395315354330711
20
-4.4727857086614176
11
6.6395315748031498
21
-4.4727836220472437
0
LINE
8
BLACK
6
CONTINUOUS
10
6.6395315748031498
20
-4.4727836220472437
11
6.6395754724409448
21
-4.4698980314960632
0
LINE
8
BLACK
6
CONTINUOUS
10
6.6395754724409448
20
-4.4698980314960632
11
6.6395755118110236
21
-4.4698951574803152
0
LINE
8
BLACK
6
CONTINUOUS
10
6.6395755118110236
20
-4.4698951574803152
11
6.639643858267716
21
-4.4676102755905509
0
LINE
8
BLACK
6
CONTINUOUS
10
6.639643858267716
20
-4.4676102755905509
11
6.6396440944881885
21
-4.4676047244094486
0
LINE
8
BLACK
6
CONTINUOUS
10
6.6396440944881885
20
-4.4676047244094486
11
6.6397312992125981
21
-4.4661012992125979
0
LINE
8
BLACK
6
CONTINUOUS
10
6.6397312992125981
20
-4.4661012992125979
11
6.6397342913385824
21
-4.466076771653543
0
LINE
8
BLACK
6
CONTINUOUS
10
6.6397342913385824
20
-4.466076771653543
11
6.6398348425196847
21
-4.4655354724409451
0
LINE
8
BLACK
6
CONTINUOUS
10
6.6398348425196847
20
-4.4655354724409451
11
6.639916968503937
21
-4.4654091338582678
0
LINE
8
BLACK
6
CONTINUOUS
10
6.639916968503937
20
-4.4654091338582678
11
6.6400419685039367
21
-4.4653750393700786
0
LINE
8
BLACK
6
CONTINUOUS
10
6.6400419685039367
20
-4.4653750393700786
11
6.6400630314960631
21
-4.4653764960629916
0
LINE
8
BLACK
6
CONTINUOUS
10
6.5913013385826771
20
-4.4655554330708664
11
6.5913655511811022
21
-4.4655676771653541
0
LINE
8
BLACK
6
CONTINUOUS
10
6.5913655511811022
20
-4.4655676771653541
11
6.5938978346456691
21
-4.4665065748031498
0
LINE
8
BLACK
6
CONTINUOUS
10
6.5938978346456691
20
-4.4665065748031498
11
6.5939362992125981
21
-4.4665258661417324
0
LINE
8
BLACK
6
CONTINUOUS
10
6.5939362992125981
20
-4.4665258661417324
11
6.5944937401574801
21
-4.4668864173228346
0
LINE
8
BLACK
6
CONTINUOUS
10
6.5944937401574801
20
-4.4668864173228346
11
6.5945162598425195
21
-4.466903346456693
0
LINE
8
BLACK
6
CONTINUOUS
10
6.5945162598425195
20
-4.466903346456693
11
6.5957949212598423
21
-4.4680189370078738
0
LINE
8
BLACK
6
CONTINUOUS
10
6.5957949212598423
20
-4.4680189370078738
11
6.5958328346456687
21
-4.4680635826771651
0
LINE
8
BLACK
6
CONTINUOUS
10
6.5958328346456687
20
-4.4680635826771651
11
6.5967073228346456
21
-4.4694748425196851
0
LINE
8
BLACK
6
CONTINUOUS
10
6.5967073228346456
20
-4.4694748425196851
11
6.5967294881889762
21
-4.4695252755905512
0
LINE
8
BLACK
6
CONTINUOUS
10
6.5967294881889762
20
-4.4695252755905512
11
6.5972683858267711
21
-4.4714421653543308
0
LINE
8
BLACK
6
CONTINUOUS
10
6.5972683858267711
20
-4.4714421653543308
11
6.5972747244094485
21
-4.4714751968503936
0
LINE
8
BLACK
6
CONTINUOUS
10
6.5972747244094485
20
-4.4714751968503936
11
6.5975468110236219
21
-4.4741076771653541
0
LINE
8
BLACK
6
CONTINUOUS
10
6.5975468110236219
20
-4.4741076771653541
11
6.5975477952755908
21
-4.4741238188976373
0
LINE
8
BLACK
6
CONTINUOUS
10
6.5975477952755908
20
-4.4741238188976373
11
6.5975837401574804
21
-4.4758560236220468
0
LINE
8
BLACK
6
CONTINUOUS
10
6.5975837401574804
20
-4.4758560236220468
11
6.597621614173228
21
-4.4776818110236221
0
LINE
8
BLACK
6
CONTINUOUS
10
6.597621614173228
20
-4.4776818110236221
11
6.5976216535433068
21
-4.4776873622047244
0
LINE
8
BLACK
6
CONTINUOUS
10
6.5976216535433068
20
-4.4776873622047244
11
6.5976105118110233
21
-4.4792103149606302
0
LINE
8
BLACK
6
CONTINUOUS
10
6.5976105118110233
20
-4.4792103149606302
11
6.5976103149606296
21
-4.4792179921259843
0
LINE
8
BLACK
6
CONTINUOUS
10
6.5976103149606296
20
-4.4792179921259843
11
6.5974707480314958
21
-4.4822186220472444
0
LINE
8
BLACK
6
CONTINUOUS
10
6.5974707480314958
20
-4.4822186220472444
11
6.5974682677165353
21
-4.4822418110236217
0
LINE
8
BLACK
6
CONTINUOUS
10
6.5974682677165353
20
-4.4822418110236217
11
6.5971029527559057
21
-4.4844375984251972
0
LINE
8
BLACK
6
CONTINUOUS
10
6.5971029527559057
20
-4.4844375984251972
11
6.5970906692913385
21
-4.4844805905511809
0
LINE
8
BLACK
6
CONTINUOUS
10
6.5970906692913385
20
-4.4844805905511809
11
6.5964171259842521
21
-4.4861073228346457
0
LINE
8
BLACK
6
CONTINUOUS
10
6.5964171259842521
20
-4.4861073228346457
11
6.5963872440944877
21
-4.4861570866141731
0
LINE
8
BLACK
6
CONTINUOUS
10
6.5963872440944877
20
-4.4861570866141731
11
6.5953230314960631
21
-4.4874505511811025
0
LINE
8
BLACK
6
CONTINUOUS
10
6.5953230314960631
20
-4.4874505511811025
11
6.5952918897637796
21
-4.4874808661417322
0
LINE
8
BLACK
6
CONTINUOUS
10
6.5952918897637796
20
-4.4874808661417322
11
6.5937544094488185
21
-4.488676889763779
0
LINE
8
BLACK
6
CONTINUOUS
10
6.5937544094488185
20
-4.488676889763779
11
6.5937292125984248
21
-4.4886935433070869
0
LINE
8
BLACK
6
CONTINUOUS
10
6.5937292125984248
20
-4.4886935433070869
11
6.5927509842519685
21
-4.4892374015748029
0
LINE
8
BLACK
6
CONTINUOUS
10
6.5927509842519685
20
-4.4892374015748029
11
6.5927000787401573
21
-4.4892570472440942
0
LINE
8
BLACK
6
CONTINUOUS
10
6.5927000787401573
20
-4.4892570472440942
11
6.5911319685039365
21
-4.4896233858267713
0
LINE
8
BLACK
6
CONTINUOUS
10
6.5911319685039365
20
-4.4896233858267713
11
6.5910846062992121
21
-4.4896285433070862
0
LINE
8
BLACK
6
CONTINUOUS
10
6.5910846062992121
20
-4.4896285433070862
11
6.588881850393701
21
-4.4895996062992127
0
LINE
8
BLACK
6
CONTINUOUS
10
6.588881850393701
20
-4.4895996062992127
11
6.5888659842519681
21
-4.4895987401574802
0
LINE
8
BLACK
6
CONTINUOUS
10
6.5888659842519681
20
-4.4895987401574802
11
6.5876344881889759
21
-4.4894827165354334
0
LINE
8
BLACK
6
CONTINUOUS
10
6.5876344881889759
20
-4.4894827165354334
11
6.5876072834645667
21
-4.4894782283464565
0
LINE
8
BLACK
6
CONTINUOUS
10
6.5876072834645667
20
-4.4894782283464565
11
6.5861217716535432
21
-4.4891238976377954
0
LINE
8
BLACK
6
CONTINUOUS
10
6.5861217716535432
20
-4.4891238976377954
11
6.5860603149606298
21
-4.4890975590551179
0
LINE
8
BLACK
6
CONTINUOUS
10
6.5860603149606298
20
-4.4890975590551179
11
6.5848729527559051
21
-4.4883273622047239
0
LINE
8
BLACK
6
CONTINUOUS
10
6.5848729527559051
20
-4.4883273622047239
11
6.5848382677165356
21
-4.4882987007874018
0
LINE
8
BLACK
6
CONTINUOUS
10
6.5848382677165356
20
-4.4882987007874018
11
6.5834569291338578
21
-4.4868635433070869
0
LINE
8
BLACK
6
CONTINUOUS
10
6.5834569291338578
20
-4.4868635433070869
11
6.583450984251968
21
-4.486857125984252
0
LINE
8
BLACK
6
CONTINUOUS
10
6.583450984251968
20
-4.486857125984252
11
6.5832664173228341
21
-4.4866475196850395
0
LINE
8
BLACK
6
CONTINUOUS
10
6.5832664173228341
20
-4.4866475196850395
11
6.5832581889763775
21
-4.486637519685039
0
LINE
8
BLACK
6
CONTINUOUS
10
6.5832581889763775
20
-4.486637519685039
11
6.5820163385826769
21
-4.4850243700787402
0
LINE
8
BLACK
6
CONTINUOUS
10
6.5820163385826769
20
-4.4850243700787402
11
6.5819909448818894
21
-4.4849807874015744
0
LINE
8
BLACK
6
CONTINUOUS
10
6.5819909448818894
20
-4.4849807874015744
11
6.581398464566929
21
-4.483575826771653
0
LINE
8
BLACK
6
CONTINUOUS
10
6.581398464566929
20
-4.483575826771653
11
6.5813837795275587
21
-4.4835171259842515
0
LINE
8
BLACK
6
CONTINUOUS
10
6.5813837795275587
20
-4.4835171259842515
11
6.581232519685039
21
-4.4818511023622047
0
LINE
8
BLACK
6
CONTINUOUS
10
6.581232519685039
20
-4.4818511023622047
11
6.5812317322834648
21
-4.4818333070866139
0
LINE
8
BLACK
6
CONTINUOUS
10
6.5812317322834648
20
-4.4818333070866139
11
6.5812317322834648
21
-4.4793849999999997
0
LINE
8
BLACK
6
CONTINUOUS
10
6.5812317322834648
20
-4.4793849999999997
11
6.58128937007874
21
-4.4792457874015748
0
LINE
8
BLACK
6
CONTINUOUS
10
6.58128937007874
20
-4.4792457874015748
11
6.581428582677165
21
-4.4791881496062995
0
LINE
8
BLACK
6
CONTINUOUS
10
6.581428582677165
20
-4.4791881496062995
11
6.58149811023622
21
-4.4792008267716534
0
LINE
8
BLACK
6
CONTINUOUS
10
6.58149811023622
20
-4.4792008267716534
11
6.5832089763779527
21
-4.479846614173228
0
LINE
8
BLACK
6
CONTINUOUS
10
6.5832089763779527
20
-4.479846614173228
11
6.5832413779527554
21
-4.4798623622047247
0
LINE
8
BLACK
6
CONTINUOUS
10
6.5832413779527554
20
-4.4798623622047247
11
6.5844887007874018
21
-4.4806172440944882
0
LINE
8
BLACK
6
CONTINUOUS
10
6.5844887007874018
20
-4.4806172440944882
11
6.5845546850393699
21
-4.4806829133858264
0
LINE
8
BLACK
6
CONTINUOUS
10
6.5845546850393699
20
-4.4806829133858264
11
6.5856388582677168
21
-4.4824542125984248
0
LINE
8
BLACK
6
CONTINUOUS
10
6.5856388582677168
20
-4.4824542125984248
11
6.5856537795275587
21
-4.4824840157480317
0
LINE
8
BLACK
6
CONTINUOUS
10
6.5856537795275587
20
-4.4824840157480317
11
6.5858695275590549
21
-4.4830246456692908
0
LINE
8
BLACK
6
CONTINUOUS
10
6.5858695275590549
20
-4.4830246456692908
11
6.5870885826771648
21
-4.4845717322834648
0
LINE
8
BLACK
6
CONTINUOUS
10
6.5870885826771648
20
-4.4845717322834648
11
6.5887257086614168
21
-4.4853400393700786
0
LINE
8
BLACK
6
CONTINUOUS
10
6.5887257086614168
20
-4.4853400393700786
11
6.5905029921259839
21
-4.4852711811023624
0
LINE
8
BLACK
6
CONTINUOUS
10
6.5905029921259839
20
-4.4852711811023624
11
6.5921597637795273
21
-4.484274566929134
0
LINE
8
BLACK
6
CONTINUOUS
10
6.5921597637795273
20
-4.484274566929134
11
6.5927173228346456
21
-4.4836660236220469
0
LINE
8
BLACK
6
CONTINUOUS
10
6.5927173228346456
20
-4.4836660236220469
11
6.5932092519685037
21
-4.48277279527559
0
LINE
8
BLACK
6
CONTINUOUS
10
6.5932092519685037
20
-4.48277279527559
11
6.5930662598425194
21
-4.482018464566929
0
LINE
8
BLACK
6
CONTINUOUS
10
6.5930662598425194
20
-4.482018464566929
11
6.5921624409448816
21
-4.4811660236220474
0
LINE
8
BLACK
6
CONTINUOUS
10
6.5921624409448816
20
-4.4811660236220474
11
6.5903295275590548
21
-4.480128228346457
0
LINE
8
BLACK
6
CONTINUOUS
10
6.5903295275590548
20
-4.480128228346457
11
6.5874895669291336
21
-4.4788220866141728
0
LINE
8
BLACK
6
CONTINUOUS
10
6.5874895669291336
20
-4.4788220866141728
11
6.5816353543307082
21
-4.4762596850393699
0
LINE
8
BLACK
6
CONTINUOUS
10
6.5816353543307082
20
-4.4762596850393699
11
6.5815309448818899
21
-4.476151062992126
0
LINE
8
BLACK
6
CONTINUOUS
10
6.5815309448818899
20
-4.476151062992126
11
6.5815177952755901
21
-4.4760913779527556
0
LINE
8
BLACK
6
CONTINUOUS
10
6.5815177952755901
20
-4.4760913779527556
11
6.5813623622047244
21
-4.4735516929133858
0
LINE
8
BLACK
6
CONTINUOUS
10
6.5813623622047244
20
-4.4735516929133858
11
6.5813621259842519
21
-4.4735325590551183
0
LINE
8
BLACK
6
CONTINUOUS
10
6.5813621259842519
20
-4.4735325590551183
11
6.5814307480314955
21
-4.4716331889763783
0
LINE
8
BLACK
6
CONTINUOUS
10
6.5814307480314955
20
-4.4716331889763783
11
6.5814422440944877
21
-4.4715736614173229
0
LINE
8
BLACK
6
CONTINUOUS
10
6.5814422440944877
20
-4.4715736614173229
11
6.5823061417322837
21
-4.4691733464566932
0
LINE
8
BLACK
6
CONTINUOUS
10
6.5823061417322837
20
-4.4691733464566932
11
6.5823394881889765
21
-4.4691148031496066
0
LINE
8
BLACK
6
CONTINUOUS
10
6.5823394881889765
20
-4.4691148031496066
11
6.5834299606299211
21
-4.4677920078740154
0
LINE
8
BLACK
6
CONTINUOUS
10
6.5834299606299211
20
-4.4677920078740154
11
6.5834741732283462
21
-4.4677524409448814
0
LINE
8
BLACK
6
CONTINUOUS
10
6.5834741732283462
20
-4.4677524409448814
11
6.5857350393700784
21
-4.4662748425196845
0
LINE
8
BLACK
6
CONTINUOUS
10
6.5857350393700784
20
-4.4662748425196845
11
6.5857899212598427
21
-4.4662499606299209
0
LINE
8
BLACK
6
CONTINUOUS
10
6.5857899212598427
20
-4.4662499606299209
11
6.5884718897637793
21
-4.4655035039370077
0
LINE
8
BLACK
6
CONTINUOUS
10
6.5884718897637793
20
-4.4655035039370077
11
6.5885288976377954
21
-4.4654963385826774
0
LINE
8
BLACK
6
CONTINUOUS
10
6.5885288976377954
20
-4.4654963385826774
11
6.5913013385826771
21
-4.4655554330708664
0
LINE
8
BLACK
6
CONTINUOUS
10
6.586800039370079
20
-4.4706314960629916
11
6.5862715748031491
21
-4.4710449606299214
0
LINE
8
BLACK
6
CONTINUOUS
10
6.5862715748031491
20
-4.4710449606299214
11
6.5856483464566926
21
-4.4719564960629921
0
LINE
8
BLACK
6
CONTINUOUS
10
6.5856483464566926
20
-4.4719564960629921
11
6.5858950787401573
21
-4.4728094881889762
0
LINE
8
BLACK
6
CONTINUOUS
10
6.5858950787401573
20
-4.4728094881889762
11
6.5871490551181102
21
-4.4738266535433073
0
LINE
8
BLACK
6
CONTINUOUS
10
6.5871490551181102
20
-4.4738266535433073
11
6.5895183070866139
21
-4.4750314173228345
0
LINE
8
BLACK
6
CONTINUOUS
10
6.5895183070866139
20
-4.4750314173228345
11
6.5899092519685034
21
-4.4752054724409449
0
LINE
8
BLACK
6
CONTINUOUS
10
6.5899092519685034
20
-4.4752054724409449
11
6.5917978346456687
21
-4.4760235039370082
0
LINE
8
BLACK
6
CONTINUOUS
10
6.5917978346456687
20
-4.4760235039370082
11
6.5932068110236219
21
-4.4765972047244089
0
LINE
8
BLACK
6
CONTINUOUS
10
6.5932068110236219
20
-4.4765972047244089
11
6.5937028740157482
21
-4.4767614566929135
0
LINE
8
BLACK
6
CONTINUOUS
10
6.5937028740157482
20
-4.4767614566929135
11
6.5937394881889766
21
-4.4758650393700785
0
LINE
8
BLACK
6
CONTINUOUS
10
6.5937394881889766
20
-4.4758650393700785
11
6.5935992125984253
21
-4.4743169291338578
0
LINE
8
BLACK
6
CONTINUOUS
10
6.5935992125984253
20
-4.4743169291338578
11
6.5932496456692915
21
-4.4728193307086617
0
LINE
8
BLACK
6
CONTINUOUS
10
6.5932496456692915
20
-4.4728193307086617
11
6.5921661023622047
21
-4.4709441732283466
0
LINE
8
BLACK
6
CONTINUOUS
10
6.5921661023622047
20
-4.4709441732283466
11
6.5906289370078737
21
-4.4699057086614173
0
LINE
8
BLACK
6
CONTINUOUS
10
6.5906289370078737
20
-4.4699057086614173
11
6.5887969685039369
21
-4.4697654724409448
0
LINE
8
BLACK
6
CONTINUOUS
10
6.5887969685039369
20
-4.4697654724409448
11
6.586800039370079
21
-4.4706314960629916
0
LINE
8
BLACK
6
CONTINUOUS
10
5.5553412598425194
20
-4.4400645669291334
11
5.5561559055118108
21
-4.4408792125984249
0
LINE
8
BLACK
6
CONTINUOUS
10
5.5561559055118108
20
-4.4408792125984249
11
5.5565968110236224
21
-4.4419436220472441
0
LINE
8
BLACK
6
CONTINUOUS
10
5.5565968110236224
20
-4.4419436220472441
11
5.5566535433070863
21
-4.44251968503937
0
LINE
8
BLACK
6
CONTINUOUS
10
5.5566535433070863
20
-4.44251968503937
11
5.5566535433070863
21
-4.4681102362204728
0
LINE
8
BLACK
6
CONTINUOUS
10
5.5566535433070863
20
-4.4681102362204728
11
5.5565968110236224
21
-4.4686862992125986
0
LINE
8
BLACK
6
CONTINUOUS
10
5.5565968110236224
20
-4.4686862992125986
11
5.5561559055118108
21
-4.469750708661417
0
LINE
8
BLACK
6
CONTINUOUS
10
5.5561559055118108
20
-4.469750708661417
11
5.5553412598425194
21
-4.4705653543307085
0
LINE
8
BLACK
6
CONTINUOUS
10
5.5553412598425194
20
-4.4705653543307085
11
5.554276850393701
21
-4.47100625984252
0
LINE
8
BLACK
6
CONTINUOUS
10
5.554276850393701
20
-4.47100625984252
11
5.5531247244094484
21
-4.47100625984252
0
LINE
8
BLACK
6
CONTINUOUS
10
5.5531247244094484
20
-4.47100625984252
11
5.55206031496063
21
-4.4705653543307085
0
LINE
8
BLACK
6
CONTINUOUS
10
5.55206031496063
20
-4.4705653543307085
11
5.5512456692913386
21
-4.469750708661417
0
LINE
8
BLACK
6
CONTINUOUS
10
5.5512456692913386
20
-4.469750708661417
11
5.550804763779527
21
-4.4686862992125986
0
LINE
8
BLACK
6
CONTINUOUS
10
5.550804763779527
20
-4.4686862992125986
11
5.5507480314960631
21
-4.4681102362204728
0
LINE
8
BLACK
6
CONTINUOUS
10
5.5507480314960631
20
-4.4681102362204728
11
5.5507480314960631
21
-4.44251968503937
0
LINE
8
BLACK
6
CONTINUOUS
10
5.5507480314960631
20
-4.44251968503937
11
5.550804763779527
21
-4.4419436220472441
0
LINE
8
BLACK
6
CONTINUOUS
10
5.550804763779527
20
-4.4419436220472441
11
5.5512456692913386
21
-4.4408792125984249
0
LINE
8
BLACK
6
CONTINUOUS
10
5.5512456692913386
20
-4.4408792125984249
11
5.55206031496063
21
-4.4400645669291334
0
LINE
8
BLACK
6
CONTINUOUS
10
5.55206031496063
20
-4.4400645669291334
11
5.5531247244094484
21
-4.4396236614173228
0
LINE
8
BLACK
6
CONTINUOUS
10
5.5531247244094484
20
-4.4396236614173228
11
5.554276850393701
21
-4.4396236614173228
0
LINE
8
BLACK
6
CONTINUOUS
10
5.554276850393701
20
-4.4396236614173228
11
5.5553412598425194
21
-4.4400645669291334
0
LINE
8
BLACK
6
CONTINUOUS
10
4.6028749606299213
20
-4.3003749999999998
11
4.6153750000000002
21
-4.3003749999999998
0
LINE
8
BLACK
6
CONTINUOUS
10
4.6153750000000002
20
-4.3003749999999998
11
4.6153750000000002
21
-4.3034999606299209
0
LINE
8
BLACK
6
CONTINUOUS
10
4.6153750000000002
20
-4.3034999606299209
11
4.6247500393700784
21
-4.3034999606299209
0
LINE
8
BLACK
6
CONTINUOUS
10
4.6247500393700784
20
-4.3034999606299209
11
4.6247499212598422
21
-4.3066249606299207
0
LINE
8
BLACK
6
CONTINUOUS
10
4.6247499212598422
20
-4.3066249606299207
11
4.6278749999999995
21
-4.3066249606299207
0
LINE
8
BLACK
6
CONTINUOUS
10
4.6278749999999995
20
-4.3066249606299207
11
4.6278749999999995
21
-4.3097500393700789
0
LINE
8
BLACK
6
CONTINUOUS
10
4.6278749999999995
20
-4.3097500393700789
11
4.6341249606299213
21
-4.3097500000000002
0
LINE
8
BLACK
6
CONTINUOUS
10
4.6341249606299213
20
-4.3097500000000002
11
4.6341249606299213
21
-4.3128749212598425
0
LINE
8
BLACK
6
CONTINUOUS
10
4.6341249606299213
20
-4.3128749212598425
11
4.6403749606299209
21
-4.3128749212598425
0
LINE
8
BLACK
6
CONTINUOUS
10
4.6403749606299209
20
-4.3128749212598425
11
4.6403749606299209
21
-4.3159999999999998
0
LINE
8
BLACK
6
CONTINUOUS
10
4.6403749606299209
20
-4.3159999999999998
11
4.6434999999999995
21
-4.3159999999999998
0
LINE
8
BLACK
6
CONTINUOUS
10
4.6434999999999995
20
-4.3159999999999998
11
4.6434999606299208
21
-4.3191248818897634
0
LINE
8
BLACK
6
CONTINUOUS
10
4.6434999606299208
20
-4.3191248818897634
11
4.6466250000000002
21
-4.3191249606299209
0
LINE
8
BLACK
6
CONTINUOUS
10
4.6466250000000002
20
-4.3191249606299209
11
4.6466249606299215
21
-4.3222499999999995
0
LINE
8
BLACK
6
CONTINUOUS
10
4.6466249606299215
20
-4.3222499999999995
11
4.6497499606299213
21
-4.3222499999999995
0
LINE
8
BLACK
6
CONTINUOUS
10
4.6497499606299213
20
-4.3222499999999995
11
4.6497499606299213
21
-4.3253750000000002
0
LINE
8
BLACK
6
CONTINUOUS
10
4.6497499606299213
20
-4.3253750000000002
11
4.6528749606299211
21
-4.3253749212598427
0
LINE
8
BLACK
6
CONTINUOUS
10
4.6528749606299211
20
-4.3253749212598427
11
4.6528749606299211
21
-4.3285
0
LINE
8
BLACK
6
CONTINUOUS
10
4.6528749606299211
20
-4.3285
11
4.6559999606299209
21
-4.3284999212598425
0
LINE
8
BLACK
6
CONTINUOUS
10
4.6559999606299209
20
-4.3284999212598425
11
4.6560000393700784
21
-4.3347499606299209
0
LINE
8
BLACK
6
CONTINUOUS
10
4.6560000393700784
20
-4.3347499606299209
11
4.6591249606299208
21
-4.3347498818897634
0
LINE
8
BLACK
6
CONTINUOUS
10
4.6591249606299208
20
-4.3347498818897634
11
4.6591249999999995
21
-4.344125
0
LINE
8
BLACK
6
CONTINUOUS
10
4.6591249999999995
20
-4.344125
11
4.6559999606299209
21
-4.3441249212598425
0
LINE
8
BLACK
6
CONTINUOUS
10
4.6559999606299209
20
-4.3441249212598425
11
4.6559999212598422
21
-4.3378749606299207
0
LINE
8
BLACK
6
CONTINUOUS
10
4.6559999212598422
20
-4.3378749606299207
11
4.6528749606299211
21
-4.3378749606299207
0
LINE
8
BLACK
6
CONTINUOUS
10
4.6528749606299211
20
-4.3378749606299207
11
4.6528749606299211
21
-4.3316249212598423
0
LINE
8
BLACK
6
CONTINUOUS
10
4.6528749606299211
20
-4.3316249212598423
11
4.6497499606299213
21
-4.3316249999999998
0
LINE
8
BLACK
6
CONTINUOUS
10
4.6497499606299213
20
-4.3316249999999998
11
4.6497499606299213
21
-4.3284999212598425
0
LINE
8
BLACK
6
CONTINUOUS
10
4.6497499606299213
20
-4.3284999212598425
11
4.6466250000000002
21
-4.3285
0
LINE
8
BLACK
6
CONTINUOUS
10
4.6466250000000002
20
-4.3285
11
4.6466250000000002
21
-4.3253749606299214
0
LINE
8
BLACK
6
CONTINUOUS
10
4.6466250000000002
20
-4.3253749606299214
11
4.6434999999999995
21
-4.3253750393700789
0
LINE
8
BLACK
6
CONTINUOUS
10
4.6434999999999995
20
-4.3253750393700789
11
4.6434999999999995
21
-4.3222499606299207
0
LINE
8
BLACK
6
CONTINUOUS
10
4.6434999999999995
20
-4.3222499606299207
11
4.6403749212598422
21
-4.3222499606299207
0
LINE
8
BLACK
6
CONTINUOUS
10
4.6403749212598422
20
-4.3222499606299207
11
4.6403750393700784
21
-4.3191249606299209
0
LINE
8
BLACK
6
CONTINUOUS
10
4.6403750393700784
20
-4.3191249606299209
11
4.6372499606299211
21
-4.3191249999999997
0
LINE
8
BLACK
6
CONTINUOUS
10
4.6372499606299211
20
-4.3191249999999997
11
4.6372499606299211
21
-4.3159999212598423
0
LINE
8
BLACK
6
CONTINUOUS
10
4.6372499606299211
20
-4.3159999212598423
11
4.6310000000000002
21
-4.3159999999999998
0
LINE
8
BLACK
6
CONTINUOUS
10
4.6310000000000002
20
-4.3159999999999998
11
4.6310000000000002
21
-4.312875
0
LINE
8
BLACK
6
CONTINUOUS
10
4.6310000000000002
20
-4.312875
11
4.6247499606299209
21
-4.3128749212598425
0
LINE
8
BLACK
6
CONTINUOUS
10
4.6247499606299209
20
-4.3128749212598425
11
4.6247499606299209
21
-4.3097499606299214
0
LINE
8
BLACK
6
CONTINUOUS
10
4.6247499606299209
20
-4.3097499606299214
11
4.5872499606299213
21
-4.3097500000000002
0
LINE
8
BLACK
6
CONTINUOUS
10
4.5872499606299213
20
-4.3097500000000002
11
4.5872499606299213
21
-4.3066249999999995
0
LINE
8
BLACK
6
CONTINUOUS
10
4.5872499606299213
20
-4.3066249999999995
11
4.6122499999999995
21
-4.3066249606299207
0
LINE
8
BLACK
6
CONTINUOUS
10
4.6122499999999995
20
-4.3066249606299207
11
4.6122499606299208
21
-4.3034998818897634
0
LINE
8
BLACK
6
CONTINUOUS
10
4.6122499606299208
20
-4.3034998818897634
11
4.5997500000000002
21
-4.3034999606299209
0
LINE
8
BLACK
6
CONTINUOUS
10
4.5997500000000002
20
-4.3034999606299209
11
4.5997500000000002
21
-4.3003749999999998
0
LINE
8
BLACK
6
CONTINUOUS
10
4.5997500000000002
20
-4.3003749999999998
11
4.5591249606299211
21
-4.3003749212598423
0
LINE
8
BLACK
6
CONTINUOUS
10
4.5591249606299211
20
-4.3003749212598423
11
4.5591249606299211
21
-4.3034999999999997
0
LINE
8
BLACK
6
CONTINUOUS
10
4.5591249606299211
20
-4.3034999999999997
11
4.5559999606299213
21
-4.3034999606299209
0
LINE
8
BLACK
6
CONTINUOUS
10
4.5559999606299213
20
-4.3034999606299209
11
4.5559999606299213
21
-4.3066249999999995
0
LINE
8
BLACK
6
CONTINUOUS
10
4.5559999606299213
20
-4.3066249999999995
11
4.5528750000000002
21
-4.3066249999999995
0
LINE
8
BLACK
6
CONTINUOUS
10
4.5528750000000002
20
-4.3066249999999995
11
4.5528750000000002
21
-4.3034999606299209
0
LINE
8
BLACK
6
CONTINUOUS
10
4.5528750000000002
20
-4.3034999606299209
11
4.5497499606299208
21
-4.3034998818897634
0
LINE
8
BLACK
6
CONTINUOUS
10
4.5497499606299208
20
-4.3034998818897634
11
4.5497499999999995
21
-4.3066249606299207
0
LINE
8
BLACK
6
CONTINUOUS
10
4.5497499999999995
20
-4.3066249606299207
11
4.5341249999999995
21
-4.3066249606299207
0
LINE
8
BLACK
6
CONTINUOUS
10
4.5341249999999995
20
-4.3066249606299207
11
4.5341249999999995
21
-4.312875
0
LINE
8
BLACK
6
CONTINUOUS
10
4.5341249999999995
20
-4.312875
11
4.5216250000000002
21
-4.312875
0
LINE
8
BLACK
6
CONTINUOUS
10
4.5216250000000002
20
-4.312875
11
4.5216250000000002
21
-4.3159999999999998
0
LINE
8
BLACK
6
CONTINUOUS
10
4.5216250000000002
20
-4.3159999999999998
11
4.5184999999999995
21
-4.3159999999999998
0
LINE
8
BLACK
6
CONTINUOUS
10
4.5184999999999995
20
-4.3159999999999998
11
4.5184999606299208
21
-4.3191248818897634
0
LINE
8
BLACK
6
CONTINUOUS
10
4.5184999606299208
20
-4.3191248818897634
11
4.5153750393700784
21
-4.3191249606299209
0
LINE
8
BLACK
6
CONTINUOUS
10
4.5153750393700784
20
-4.3191249606299209
11
4.5153749606299209
21
-4.3222499606299207
0
LINE
8
BLACK
6
CONTINUOUS
10
4.5153749606299209
20
-4.3222499606299207
11
4.5122499606299211
21
-4.3222499606299207
0
LINE
8
BLACK
6
CONTINUOUS
10
4.5122499606299211
20
-4.3222499606299207
11
4.5122499606299211
21
-4.3253749212598427
0
LINE
8
BLACK
6
CONTINUOUS
10
4.5122499606299211
20
-4.3253749212598427
11
4.509125
21
-4.3253750000000002
0
LINE
8
BLACK
6
CONTINUOUS
10
4.509125
20
-4.3253750000000002
11
4.509125
21
-4.3347499606299209
0
LINE
8
BLACK
6
CONTINUOUS
10
4.509125
20
-4.3347499606299209
11
4.5122499606299211
21
-4.3347499999999997
0
LINE
8
BLACK
6
CONTINUOUS
10
4.5122499606299211
20
-4.3347499999999997
11
4.5122499606299211
21
-4.3378749606299207
0
LINE
8
BLACK
6
CONTINUOUS
10
4.5122499606299211
20
-4.3378749606299207
11
4.5028750393700783
21
-4.3378749606299207
0
LINE
8
BLACK
6
CONTINUOUS
10
4.5028750393700783
20
-4.3378749606299207
11
4.5028749999999995
21
-4.344125
0
LINE
8
BLACK
6
CONTINUOUS
10
4.5028749999999995
20
-4.344125
11
4.4966249606299211
21
-4.344125
0
LINE
8
BLACK
6
CONTINUOUS
10
4.4966249606299211
20
-4.344125
11
4.4966249606299211
21
-4.3409999212598427
0
LINE
8
BLACK
6
CONTINUOUS
10
4.4966249606299211
20
-4.3409999212598427
11
4.4903750000000002
21
-4.3409999606299214
0
LINE
8
BLACK
6
CONTINUOUS
10
4.4903750000000002
20
-4.3409999606299214
11
4.4903750000000002
21
-4.3378749999999995
0
LINE
8
BLACK
6
CONTINUOUS
10
4.4903750000000002
20
-4.3378749999999995
11
4.4841249606299209
21
-4.3378749606299207
0
LINE
8
BLACK
6
CONTINUOUS
10
4.4841249606299209
20
-4.3378749606299207
11
4.4841250393700784
21
-4.3347499606299209
0
LINE
8
BLACK
6
CONTINUOUS
10
4.4841250393700784
20
-4.3347499606299209
11
4.477875
21
-4.3347498818897634
0
LINE
8
BLACK
6
CONTINUOUS
10
4.477875
20
-4.3347498818897634
11
4.477875
21
-4.3316249212598423
0
LINE
8
BLACK
6
CONTINUOUS
10
4.477875
20
-4.3316249212598423
11
4.4560000393700783
21
-4.3316249999999998
0
LINE
8
BLACK
6
CONTINUOUS
10
4.4560000393700783
20
-4.3316249999999998
11
4.4560000393700783
21
-4.3347499606299209
0
LINE
8
BLACK
6
CONTINUOUS
10
4.4560000393700783
20
-4.3347499606299209
11
4.446625
21
-4.3347499606299209
0
LINE
8
BLACK
6
CONTINUOUS
10
4.446625
20
-4.3347499606299209
11
4.446625
21
-4.3378749606299207
0
LINE
8
BLACK
6
CONTINUOUS
10
4.446625
20
-4.3378749606299207
11
4.4435000000000002
21
-4.3378749999999995
0
LINE
8
BLACK
6
CONTINUOUS
10
4.4435000000000002
20
-4.3378749999999995
11
4.4435000000000002
21
-4.3409999606299214
0
LINE
8
BLACK
6
CONTINUOUS
10
4.4435000000000002
20
-4.3409999606299214
11
4.4560000393700783
21
-4.3409999606299214
0
LINE
8
BLACK
6
CONTINUOUS
10
4.4560000393700783
20
-4.3409999606299214
11
4.4560000393700783
21
-4.344125
0
LINE
8
BLACK
6
CONTINUOUS
10
4.4560000393700783
20
-4.344125
11
4.4653749606299211
21
-4.344125
0
LINE
8
BLACK
6
CONTINUOUS
10
4.4653749606299211
20
-4.344125
11
4.4653749606299211
21
-4.3472499212598423
0
LINE
8
BLACK
6
CONTINUOUS
10
4.4653749606299211
20
-4.3472499212598423
11
4.4716250393700783
21
-4.3472499999999998
0
LINE
8
BLACK
6
CONTINUOUS
10
4.4716250393700783
20
-4.3472499999999998
11
4.4716249606299208
21
-4.3503748818897634
0
LINE
8
BLACK
6
CONTINUOUS
10
4.4716249606299208
20
-4.3503748818897634
11
4.477875
21
-4.3503748818897634
0
LINE
8
BLACK
6
CONTINUOUS
10
4.477875
20
-4.3503748818897634
11
4.477875
21
-4.3534999606299207
0
LINE
8
BLACK
6
CONTINUOUS
10
4.477875
20
-4.3534999606299207
11
4.4809999606299211
21
-4.3534999606299207
0
LINE
8
BLACK
6
CONTINUOUS
10
4.4809999606299211
20
-4.3534999606299207
11
4.4809999606299211
21
-4.3566249212598427
0
LINE
8
BLACK
6
CONTINUOUS
10
4.4809999606299211
20
-4.3566249212598427
11
4.4841249606299209
21
-4.3566249606299214
0
LINE
8
BLACK
6
CONTINUOUS
10
4.4841249606299209
20
-4.3566249606299214
11
4.4841249606299209
21
-4.3597499212598425
0
LINE
8
BLACK
6
CONTINUOUS
10
4.4841249606299209
20
-4.3597499212598425
11
4.4872499999999995
21
-4.35975
0
LINE
8
BLACK
6
CONTINUOUS
10
4.4872499999999995
20
-4.35975
11
4.4872500393700783
21
-4.3628749999999998
0
LINE
8
BLACK
6
CONTINUOUS
10
4.4872500393700783
20
-4.3628749999999998
11
4.4903750000000002
21
-4.3628749999999998
0
LINE
8
BLACK
6
CONTINUOUS
10
4.4903750000000002
20
-4.3628749999999998
11
4.4903750000000002
21
-4.3659999606299209
0
LINE
8
BLACK
6
CONTINUOUS
10
4.4903750000000002
20
-4.3659999606299209
11
4.4935
21
-4.3659999606299209
0
LINE
8
BLACK
6
CONTINUOUS
10
4.4935
20
-4.3659999606299209
11
4.4935
21
-4.3691249606299207
0
LINE
8
BLACK
6
CONTINUOUS
10
4.4935
20
-4.3691249606299207
11
4.4966249606299211
21
-4.3691249606299207
0
LINE
8
BLACK
6
CONTINUOUS
10
4.4966249606299211
20
-4.3691249606299207
11
4.4966249606299211
21
-4.3722499212598427
0
LINE
8
BLACK
6
CONTINUOUS
10
4.4966249606299211
20
-4.3722499212598427
11
4.4997500393700784
21
-4.3722499212598427
0
LINE
8
BLACK
6
CONTINUOUS
10
4.4997500393700784
20
-4.3722499212598427
11
4.4997500393700784
21
-4.375375
0
LINE
8
BLACK
6
CONTINUOUS
10
4.4997500393700784
20
-4.375375
11
4.5028749999999995
21
-4.375375
0
LINE
8
BLACK
6
CONTINUOUS
10
4.5028749999999995
20
-4.375375
11
4.5028750393700783
21
-4.3784999999999998
0
LINE
8
BLACK
6
CONTINUOUS
10
4.5028750393700783
20
-4.3784999999999998
11
4.5060000000000002
21
-4.3784999999999998
0
LINE
8
BLACK
6
CONTINUOUS
10
4.5060000000000002
20
-4.3784999999999998
11
4.5060000000000002
21
-4.3816249606299209
0
LINE
8
BLACK
6
CONTINUOUS
10
4.5060000000000002
20
-4.3816249606299209
11
4.509125
21
-4.3816249606299209
0
LINE
8
BLACK
6
CONTINUOUS
10
4.509125
20
-4.3816249606299209
11
4.509125
21
-4.3847499606299207
0
LINE
8
BLACK
6
CONTINUOUS
10
4.509125
20
-4.3847499606299207
11
4.5122499606299211
21
-4.3847499606299207
0
LINE
8
BLACK
6
CONTINUOUS
10
4.5122499606299211
20
-4.3847499606299207
11
4.5122499606299211
21
-4.3878749212598427
0
LINE
8
BLACK
6
CONTINUOUS
10
4.5122499606299211
20
-4.3878749212598427
11
4.5153749606299209
21
-4.3878749606299214
0
LINE
8
BLACK
6
CONTINUOUS
10
4.5153749606299209
20
-4.3878749606299214
11
4.5153749606299209
21
-4.3909999212598425
0
LINE
8
BLACK
6
CONTINUOUS
10
4.5153749606299209
20
-4.3909999212598425
11
4.5184999999999995
21
-4.391
0
LINE
8
BLACK
6
CONTINUOUS
10
4.5184999999999995
20
-4.391
11
4.5184999999999995
21
-4.3941249999999998
0
LINE
8
BLACK
6
CONTINUOUS
10
4.5184999999999995
20
-4.3941249999999998
11
4.5216250000000002
21
-4.3941249999999998
0
LINE
8
BLACK
6
CONTINUOUS
10
4.5216250000000002
20
-4.3941249999999998
11
4.5216250000000002
21
-4.3972499606299209
0
LINE
8
BLACK
6
CONTINUOUS
10
4.5216250000000002
20
-4.3972499606299209
11
4.52475
21
-4.3972499606299209
0
LINE
8
BLACK
6
CONTINUOUS
10
4.52475
20
-4.3972499606299209
11
4.52475
21
-4.4003749606299207
0
LINE
8
BLACK
6
CONTINUOUS
10
4.52475
20
-4.4003749606299207
11
4.5278749606299211
21
-4.4003749606299207
0
LINE
8
BLACK
6
CONTINUOUS
10
4.5278749606299211
20
-4.4003749606299207
11
4.5278749606299211
21
-4.4034999212598427
0
LINE
8
BLACK
6
CONTINUOUS
10
4.5278749606299211
20
-4.4034999212598427
11
4.5309999606299209
21
-4.4034999606299214
0
LINE
8
BLACK
6
CONTINUOUS
10
4.5309999606299209
20
-4.4034999606299214
11
4.5309999606299209
21
-4.4066249212598425
0
LINE
8
BLACK
6
CONTINUOUS
10
4.5309999606299209
20
-4.4066249212598425
11
4.5372500000000002
21
-4.406625
0
LINE
8
BLACK
6
CONTINUOUS
10
4.5372500000000002
20
-4.406625
11
4.5372500000000002
21
-4.4097499999999998
0
LINE
8
BLACK
6
CONTINUOUS
10
4.5372500000000002
20
-4.4097499999999998
11
4.5434999606299211
21
-4.4097499212598423
0
LINE
8
BLACK
6
CONTINUOUS
10
4.5434999606299211
20
-4.4097499212598423
11
4.5434999606299211
21
-4.4128749999999997
0
LINE
8
BLACK
6
CONTINUOUS
10
4.5434999606299211
20
-4.4128749999999997
11
4.5528750000000002
21
-4.4128749606299209
0
LINE
8
BLACK
6
CONTINUOUS
10
4.5528750000000002
20
-4.4128749606299209
11
4.5528750000000002
21
-4.4159999999999995
0
LINE
8
BLACK
6
CONTINUOUS
10
4.5528750000000002
20
-4.4159999999999995
11
4.5685000000000002
21
-4.4159999999999995
0
LINE
8
BLACK
6
CONTINUOUS
10
4.5685000000000002
20
-4.4159999999999995
11
4.5685000000000002
21
-4.4191249606299214
0
LINE
8
BLACK
6
CONTINUOUS
10
4.5685000000000002
20
-4.4191249606299214
11
4.4872499999999995
21
-4.4191250000000002
0
LINE
8
BLACK
6
CONTINUOUS
10
4.4872499999999995
20
-4.4191250000000002
11
4.4872500393700783
21
-4.4159999606299207
0
LINE
8
BLACK
6
CONTINUOUS
10
4.4872500393700783
20
-4.4159999606299207
11
4.52475
21
-4.4159999606299207
0
LINE
8
BLACK
6
CONTINUOUS
10
4.52475
20
-4.4159999606299207
11
4.52475
21
-4.4097499999999998
0
LINE
8
BLACK
6
CONTINUOUS
10
4.52475
20
-4.4097499999999998
11
4.5216250000000002
21
-4.4097499999999998
0
LINE
8
BLACK
6
CONTINUOUS
10
4.5216250000000002
20
-4.4097499999999998
11
4.5216250000000002
21
-4.406625
0
LINE
8
BLACK
6
CONTINUOUS
10
4.5216250000000002
20
-4.406625
11
4.5184999999999995
21
-4.406625
0
LINE
8
BLACK
6
CONTINUOUS
10
4.5184999999999995
20
-4.406625
11
4.5184999999999995
21
-4.4035000000000002
0
LINE
8
BLACK
6
CONTINUOUS
10
4.5184999999999995
20
-4.4035000000000002
11
4.5153749606299209
21
-4.4034999606299214
0
LINE
8
BLACK
6
CONTINUOUS
10
4.5153749606299209
20
-4.4034999606299214
11
4.5153749606299209
21
-4.4003749606299207
0
LINE
8
BLACK
6
CONTINUOUS
10
4.5153749606299209
20
-4.4003749606299207
11
4.4935
21
-4.4003749606299207
0
LINE
8
BLACK
6
CONTINUOUS
10
4.4935
20
-4.4003749606299207
11
4.4935
21
-4.4035000000000002
0
LINE
8
BLACK
6
CONTINUOUS
10
4.4935
20
-4.4035000000000002
11
4.4809999606299211
21
-4.4034999212598427
0
LINE
8
BLACK
6
CONTINUOUS
10
4.4809999606299211
20
-4.4034999212598427
11
4.4809999606299211
21
-4.4003749606299207
0
LINE
8
BLACK
6
CONTINUOUS
10
4.4809999606299211
20
-4.4003749606299207
11
4.4435000000000002
21
-4.4003749999999995
0
LINE
8
BLACK
6
CONTINUOUS
10
4.4435000000000002
20
-4.4003749999999995
11
4.4435000000000002
21
-4.4034999606299214
0
LINE
8
BLACK
6
CONTINUOUS
10
4.4435000000000002
20
-4.4034999606299214
11
4.4372499606299209
21
-4.4034999606299214
0
LINE
8
BLACK
6
CONTINUOUS
10
4.4372499606299209
20
-4.4034999606299214
11
4.4372500393700784
21
-4.4128749606299209
0
LINE
8
BLACK
6
CONTINUOUS
10
4.4372500393700784
20
-4.4128749606299209
11
4.4403749606299208
21
-4.4128748818897634
0
LINE
8
BLACK
6
CONTINUOUS
10
4.4403749606299208
20
-4.4128748818897634
11
4.4403750393700783
21
-4.4159999606299207
0
LINE
8
BLACK
6
CONTINUOUS
10
4.4403750393700783
20
-4.4159999606299207
11
4.4435000000000002
21
-4.4159999999999995
0
LINE
8
BLACK
6
CONTINUOUS
10
4.4435000000000002
20
-4.4159999999999995
11
4.4435000000000002
21
-4.4191249606299214
0
LINE
8
BLACK
6
CONTINUOUS
10
4.4435000000000002
20
-4.4191249606299214
11
4.446625
21
-4.4191250000000002
0
LINE
8
BLACK
6
CONTINUOUS
10
4.446625
20
-4.4191250000000002
11
4.446625
21
-4.4222499606299213
0
LINE
8
BLACK
6
CONTINUOUS
10
4.446625
20
-4.4222499606299213
11
4.4497499606299211
21
-4.42225
0
LINE
8
BLACK
6
CONTINUOUS
10
4.4497499606299211
20
-4.42225
11
4.4497499606299211
21
-4.4253749212598423
0
LINE
8
BLACK
6
CONTINUOUS
10
4.4497499606299211
20
-4.4253749212598423
11
4.4560000393700783
21
-4.4253749606299211
0
LINE
8
BLACK
6
CONTINUOUS
10
4.4560000393700783
20
-4.4253749606299211
11
4.4560000393700783
21
-4.4284999606299209
0
LINE
8
BLACK
6
CONTINUOUS
10
4.4560000393700783
20
-4.4284999606299209
11
4.4653749606299211
21
-4.4284999999999997
0
LINE
8
BLACK
6
CONTINUOUS
10
4.4653749606299211
20
-4.4284999999999997
11
4.4653749606299211
21
-4.4316249606299207
0
LINE
8
BLACK
6
CONTINUOUS
10
4.4653749606299211
20
-4.4316249606299207
11
4.4747500000000002
21
-4.4316249999999995
0
LINE
8
BLACK
6
CONTINUOUS
10
4.4747500000000002
20
-4.4316249999999995
11
4.4747500000000002
21
-4.4347499606299214
0
LINE
8
BLACK
6
CONTINUOUS
10
4.4747500000000002
20
-4.4347499606299214
11
4.4841249606299209
21
-4.4347499606299214
0
LINE
8
BLACK
6
CONTINUOUS
10
4.4841249606299209
20
-4.4347499606299214
11
4.4841249606299209
21
-4.4378749212598425
0
LINE
8
BLACK
6
CONTINUOUS
10
4.4841249606299209
20
-4.4378749212598425
11
4.4966249606299211
21
-4.437875
0
LINE
8
BLACK
6
CONTINUOUS
10
4.4966249606299211
20
-4.437875
11
4.4966249606299211
21
-4.4409999212598423
0
LINE
8
BLACK
6
CONTINUOUS
10
4.4966249606299211
20
-4.4409999212598423
11
4.509125
21
-4.4409999606299211
0
LINE
8
BLACK
6
CONTINUOUS
10
4.509125
20
-4.4409999606299211
11
4.509125
21
-4.4441249606299209
0
LINE
8
BLACK
6
CONTINUOUS
10
4.509125
20
-4.4441249606299209
11
4.5184999606299208
21
-4.4441248818897634
0
LINE
8
BLACK
6
CONTINUOUS
10
4.5184999606299208
20
-4.4441248818897634
11
4.5184999999999995
21
-4.447249921259842
0
LINE
8
BLACK
6
CONTINUOUS
10
4.5184999999999995
20
-4.447249921259842
11
4.52475
21
-4.4472499606299207
0
LINE
8
BLACK
6
CONTINUOUS
10
4.52475
20
-4.4472499606299207
11
4.52475
21
-4.4503750000000002
0
LINE
8
BLACK
6
CONTINUOUS
10
4.52475
20
-4.4503750000000002
11
4.5309999606299209
21
-4.4503749606299214
0
LINE
8
BLACK
6
CONTINUOUS
10
4.5309999606299209
20
-4.4503749606299214
11
4.5309999606299209
21
-4.4566249999999998
0
LINE
8
BLACK
6
CONTINUOUS
10
4.5309999606299209
20
-4.4566249999999998
11
4.5278749606299211
21
-4.4566249212598423
0
LINE
8
BLACK
6
CONTINUOUS
10
4.5278749606299211
20
-4.4566249212598423
11
4.5278749606299211
21
-4.4535
0
LINE
8
BLACK
6
CONTINUOUS
10
4.5278749606299211
20
-4.4535
11
4.52475
21
-4.4534999606299213
0
LINE
8
BLACK
6
CONTINUOUS
10
4.52475
20
-4.4534999606299213
11
4.52475
21
-4.4566249606299211
0
LINE
8
BLACK
6
CONTINUOUS
10
4.52475
20
-4.4566249606299211
11
4.5216250000000002
21
-4.4566249606299211
0
LINE
8
BLACK
6
CONTINUOUS
10
4.5216250000000002
20
-4.4566249606299211
11
4.5216250000000002
21
-4.4597499606299209
0
LINE
8
BLACK
6
CONTINUOUS
10
4.5216250000000002
20
-4.4597499606299209
11
4.5184999606299208
21
-4.4597498818897634
0
LINE
8
BLACK
6
CONTINUOUS
10
4.5184999606299208
20
-4.4597498818897634
11
4.5184999999999995
21
-4.4566249606299211
0
LINE
8
BLACK
6
CONTINUOUS
10
4.5184999999999995
20
-4.4566249606299211
11
4.5153749606299209
21
-4.4566249999999998
0
LINE
8
BLACK
6
CONTINUOUS
10
4.5153749606299209
20
-4.4566249999999998
11
4.5153750393700784
21
-4.4597499606299209
0
LINE
8
BLACK
6
CONTINUOUS
10
4.5153750393700784
20
-4.4597499606299209
11
4.5122499606299211
21
-4.4597499999999997
0
LINE
8
BLACK
6
CONTINUOUS
10
4.5122499606299211
20
-4.4597499999999997
11
4.5122499606299211
21
-4.4628749606299207
0
LINE
8
BLACK
6
CONTINUOUS
10
4.5122499606299211
20
-4.4628749606299207
11
4.509125
21
-4.4628749606299207
0
LINE
8
BLACK
6
CONTINUOUS
10
4.509125
20
-4.4628749606299207
11
4.509125
21
-4.4597499606299209
0
LINE
8
BLACK
6
CONTINUOUS
10
4.509125
20
-4.4597499606299209
11
4.5060000000000002
21
-4.4597499606299209
0
LINE
8
BLACK
6
CONTINUOUS
10
4.5060000000000002
20
-4.4597499606299209
11
4.5060000000000002
21
-4.462874921259842
0
LINE
8
BLACK
6
CONTINUOUS
10
4.5060000000000002
20
-4.462874921259842
11
4.5028750393700783
21
-4.462874921259842
0
LINE
8
BLACK
6
CONTINUOUS
10
4.5028750393700783
20
-4.462874921259842
11
4.5028749999999995
21
-4.4660000000000002
0
LINE
8
BLACK
6
CONTINUOUS
10
4.5028749999999995
20
-4.4660000000000002
11
4.4997500393700784
21
-4.4659999212598427
0
LINE
8
BLACK
6
CONTINUOUS
10
4.4997500393700784
20
-4.4659999212598427
11
4.4997500393700784
21
-4.469125
0
LINE
8
BLACK
6
CONTINUOUS
10
4.4997500393700784
20
-4.469125
11
4.4935
21
-4.4691248818897638
0
LINE
8
BLACK
6
CONTINUOUS
10
4.4935
20
-4.4691248818897638
11
4.4935
21
-4.4597499606299209
0
LINE
8
BLACK
6
CONTINUOUS
10
4.4935
20
-4.4597499606299209
11
4.4966249606299211
21
-4.4597499999999997
0
LINE
8
BLACK
6
CONTINUOUS
10
4.4966249606299211
20
-4.4597499999999997
11
4.4966249606299211
21
-4.4472499606299207
0
LINE
8
BLACK
6
CONTINUOUS
10
4.4966249606299211
20
-4.4472499606299207
11
4.4935
21
-4.4472499606299207
0
LINE
8
BLACK
6
CONTINUOUS
10
4.4935
20
-4.4472499606299207
11
4.4935
21
-4.4409999606299211
0
LINE
8
BLACK
6
CONTINUOUS
10
4.4935
20
-4.4409999606299211
11
4.4809999606299211
21
-4.4409999212598423
0
LINE
8
BLACK
6
CONTINUOUS
10
4.4809999606299211
20
-4.4409999212598423
11
4.4809999606299211
21
-4.437875
0
LINE
8
BLACK
6
CONTINUOUS
10
4.4809999606299211
20
-4.437875
11
4.4716249999999995
21
-4.437875
0
LINE
8
BLACK
6
CONTINUOUS
10
4.4716249999999995
20
-4.437875
11
4.4716249999999995
21
-4.4347500000000002
0
LINE
8
BLACK
6
CONTINUOUS
10
4.4716249999999995
20
-4.4347500000000002
11
4.46225
21
-4.4347500000000002
0
LINE
8
BLACK
6
CONTINUOUS
10
4.46225
20
-4.4347500000000002
11
4.46225
21
-4.4316249606299207
0
LINE
8
BLACK
6
CONTINUOUS
10
4.46225
20
-4.4316249606299207
11
4.4528750393700784
21
-4.4316249606299207
0
LINE
8
BLACK
6
CONTINUOUS
10
4.4528750393700784
20
-4.4316249606299207
11
4.4528750393700784
21
-4.4284999606299209
0
LINE
8
BLACK
6
CONTINUOUS
10
4.4528750393700784
20
-4.4284999606299209
11
4.446625
21
-4.4284999606299209
0
LINE
8
BLACK
6
CONTINUOUS
10
4.446625
20
-4.4284999606299209
11
4.446625
21
-4.4253749606299211
0
LINE
8
BLACK
6
CONTINUOUS
10
4.446625
20
-4.4253749606299211
11
4.4435000000000002
21
-4.4253749606299211
0
LINE
8
BLACK
6
CONTINUOUS
10
4.4435000000000002
20
-4.4253749606299211
11
4.4435000000000002
21
-4.42225
0
LINE
8
BLACK
6
CONTINUOUS
10
4.4435000000000002
20
-4.42225
11
4.4403749999999995
21
-4.42225
0
LINE
8
BLACK
6
CONTINUOUS
10
4.4403749999999995
20
-4.42225
11
4.4403749999999995
21
-4.4191250000000002
0
LINE
8
BLACK
6
CONTINUOUS
10
4.4403749999999995
20
-4.4191250000000002
11
4.4372499606299209
21
-4.4191249606299214
0
LINE
8
BLACK
6
CONTINUOUS
10
4.4372499606299209
20
-4.4191249606299214
11
4.4372499606299209
21
-4.4159999606299207
0
LINE
8
BLACK
6
CONTINUOUS
10
4.4372499606299209
20
-4.4159999606299207
11
4.4341250787401574
21
-4.4159999606299207
0
LINE
8
BLACK
6
CONTINUOUS
10
4.4341250787401574
20
-4.4159999606299207
11
4.4341250787401574
21
-4.4003749606299207
0
LINE
8
BLACK
6
CONTINUOUS
10
4.4341250787401574
20
-4.4003749606299207
11
4.4372499606299209
21
-4.4003749606299207
0
LINE
8
BLACK
6
CONTINUOUS
10
4.4372499606299209
20
-4.4003749606299207
11
4.4372500393700784
21
-4.3972499606299209
0
LINE
8
BLACK
6
CONTINUOUS
10
4.4372500393700784
20
-4.3972499606299209
11
4.4903750000000002
21
-4.3972499606299209
0
LINE
8
BLACK
6
CONTINUOUS
10
4.4903750000000002
20
-4.3972499606299209
11
4.4903750000000002
21
-4.3941249999999998
0
LINE
8
BLACK
6
CONTINUOUS
10
4.4903750000000002
20
-4.3941249999999998
11
4.4872500393700783
21
-4.3941249999999998
0
LINE
8
BLACK
6
CONTINUOUS
10
4.4872500393700783
20
-4.3941249999999998
11
4.4872499999999995
21
-4.391
0
LINE
8
BLACK
6
CONTINUOUS
10
4.4872499999999995
20
-4.391
11
4.4841249606299209
21
-4.3909999212598425
0
LINE
8
BLACK
6
CONTINUOUS
10
4.4841249606299209
20
-4.3909999212598425
11
4.4841249606299209
21
-4.3878749606299214
0
LINE
8
BLACK
6
CONTINUOUS
10
4.4841249606299209
20
-4.3878749606299214
11
4.4809999606299211
21
-4.3878749212598427
0
LINE
8
BLACK
6
CONTINUOUS
10
4.4809999606299211
20
-4.3878749212598427
11
4.4809999606299211
21
-4.3847499606299207
0
LINE
8
BLACK
6
CONTINUOUS
10
4.4809999606299211
20
-4.3847499606299207
11
4.477875
21
-4.3847499606299207
0
LINE
8
BLACK
6
CONTINUOUS
10
4.477875
20
-4.3847499606299207
11
4.477875
21
-4.3816248818897634
0
LINE
8
BLACK
6
CONTINUOUS
10
4.477875
20
-4.3816248818897634
11
4.4747500000000002
21
-4.3816249606299209
0
LINE
8
BLACK
6
CONTINUOUS
10
4.4747500000000002
20
-4.3816249606299209
11
4.4747500000000002
21
-4.3784999999999998
0
LINE
8
BLACK
6
CONTINUOUS
10
4.4747500000000002
20
-4.3784999999999998
11
4.4716250393700783
21
-4.3784999999999998
0
LINE
8
BLACK
6
CONTINUOUS
10
4.4716250393700783
20
-4.3784999999999998
11
4.4716249999999995
21
-4.375375
0
LINE
8
BLACK
6
CONTINUOUS
10
4.4716249999999995
20
-4.375375
11
4.4684999606299209
21
-4.3753749212598425
0
LINE
8
BLACK
6
CONTINUOUS
10
4.4684999606299209
20
-4.3753749212598425
11
4.4684999606299209
21
-4.3722499606299214
0
LINE
8
BLACK
6
CONTINUOUS
10
4.4684999606299209
20
-4.3722499606299214
11
4.4653749606299211
21
-4.3722499212598427
0
LINE
8
BLACK
6
CONTINUOUS
10
4.4653749606299211
20
-4.3722499212598427
11
4.4653749606299211
21
-4.3691249606299207
0
LINE
8
BLACK
6
CONTINUOUS
10
4.4653749606299211
20
-4.3691249606299207
11
4.46225
21
-4.3691249606299207
0
LINE
8
BLACK
6
CONTINUOUS
10
4.46225
20
-4.3691249606299207
11
4.46225
21
-4.3659999606299209
0
LINE
8
BLACK
6
CONTINUOUS
10
4.46225
20
-4.3659999606299209
11
4.4591250000000002
21
-4.3659999606299209
0
LINE
8
BLACK
6
CONTINUOUS
10
4.4591250000000002
20
-4.3659999606299209
11
4.4591250000000002
21
-4.3628749999999998
0
LINE
8
BLACK
6
CONTINUOUS
10
4.4591250000000002
20
-4.3628749999999998
11
4.4560000393700783
21
-4.3628749999999998
0
LINE
8
BLACK
6
CONTINUOUS
10
4.4560000393700783
20
-4.3628749999999998
11
4.4560000393700783
21
-4.35975
0
LINE
8
BLACK
6
CONTINUOUS
10
4.4560000393700783
20
-4.35975
11
4.4528750393700784
21
-4.35975
0
LINE
8
BLACK
6
CONTINUOUS
10
4.4528750393700784
20
-4.35975
11
4.4528750393700784
21
-4.3566249212598427
0
LINE
8
BLACK
6
CONTINUOUS
10
4.4528750393700784
20
-4.3566249212598427
11
4.4497499606299211
21
-4.3566249212598427
0
LINE
8
BLACK
6
CONTINUOUS
10
4.4497499606299211
20
-4.3566249212598427
11
4.4497499606299211
21
-4.3534999606299207
0
LINE
8
BLACK
6
CONTINUOUS
10
4.4497499606299211
20
-4.3534999606299207
11
4.446625
21
-4.3534999606299207
0
LINE
8
BLACK
6
CONTINUOUS
10
4.446625
20
-4.3534999606299207
11
4.446625
21
-4.3503749606299209
0
LINE
8
BLACK
6
CONTINUOUS
10
4.446625
20
-4.3503749606299209
11
4.4435000000000002
21
-4.3503749606299209
0
LINE
8
BLACK
6
CONTINUOUS
10
4.4435000000000002
20
-4.3503749606299209
11
4.4435000000000002
21
-4.3472499999999998
0
LINE
8
BLACK
6
CONTINUOUS
10
4.4435000000000002
20
-4.3472499999999998
11
4.4403750393700783
21
-4.3472499999999998
0
LINE
8
BLACK
6
CONTINUOUS
10
4.4403750393700783
20
-4.3472499999999998
11
4.4403749606299208
21
-4.3347498818897634
0
LINE
8
BLACK
6
CONTINUOUS
10
4.4403749606299208
20
-4.3347498818897634
11
4.4435000000000002
21
-4.3347499606299209
0
LINE
8
BLACK
6
CONTINUOUS
10
4.4435000000000002
20
-4.3347499606299209
11
4.4435000000000002
21
-4.3316249999999998
0
LINE
8
BLACK
6
CONTINUOUS
10
4.4435000000000002
20
-4.3316249999999998
11
4.4528750393700784
21
-4.3316249999999998
0
LINE
8
BLACK
6
CONTINUOUS
10
4.4528750393700784
20
-4.3316249999999998
11
4.4528750393700784
21
-4.3285
0
LINE
8
BLACK
6
CONTINUOUS
10
4.4528750393700784
20
-4.3285
11
4.4809999606299211
21
-4.3285
0
LINE
8
BLACK
6
CONTINUOUS
10
4.4809999606299211
20
-4.3285
11
4.4809999606299211
21
-4.3316249212598423
0
LINE
8
BLACK
6
CONTINUOUS
10
4.4809999606299211
20
-4.3316249212598423
11
4.4872500393700783
21
-4.3316249999999998
0
LINE
8
BLACK
6
CONTINUOUS
10
4.4872500393700783
20
-4.3316249999999998
11
4.4872499606299208
21
-4.3347498818897634
0
LINE
8
BLACK
6
CONTINUOUS
10
4.4872499606299208
20
-4.3347498818897634
11
4.4935
21
-4.3347499606299209
0
LINE
8
BLACK
6
CONTINUOUS
10
4.4935
20
-4.3347499606299209
11
4.4935
21
-4.3378749606299207
0
LINE
8
BLACK
6
CONTINUOUS
10
4.4935
20
-4.3378749606299207
11
4.4997500393700784
21
-4.3378749606299207
0
LINE
8
BLACK
6
CONTINUOUS
10
4.4997500393700784
20
-4.3378749606299207
11
4.4997500393700784
21
-4.3347499606299209
0
LINE
8
BLACK
6
CONTINUOUS
10
4.4997500393700784
20
-4.3347499606299209
11
4.5028749606299208
21
-4.3347498818897634
0
LINE
8
BLACK
6
CONTINUOUS
10
4.5028749606299208
20
-4.3347498818897634
11
4.5028749999999995
21
-4.3285
0
LINE
8
BLACK
6
CONTINUOUS
10
4.5028749999999995
20
-4.3285
11
4.5060000000000002
21
-4.3285
0
LINE
8
BLACK
6
CONTINUOUS
10
4.5060000000000002
20
-4.3285
11
4.5060000000000002
21
-4.3222499999999995
0
LINE
8
BLACK
6
CONTINUOUS
10
4.5060000000000002
20
-4.3222499999999995
11
4.509125
21
-4.3222499606299207
0
LINE
8
BLACK
6
CONTINUOUS
10
4.509125
20
-4.3222499606299207
11
4.509125
21
-4.3191249606299209
0
LINE
8
BLACK
6
CONTINUOUS
10
4.509125
20
-4.3191249606299209
11
4.5122499606299211
21
-4.3191249999999997
0
LINE
8
BLACK
6
CONTINUOUS
10
4.5122499606299211
20
-4.3191249999999997
11
4.5122499606299211
21
-4.3159999212598423
0
LINE
8
BLACK
6
CONTINUOUS
10
4.5122499606299211
20
-4.3159999212598423
11
4.5153749606299209
21
-4.3159999999999998
0
LINE
8
BLACK
6
CONTINUOUS
10
4.5153749606299209
20
-4.3159999999999998
11
4.5153749606299209
21
-4.3128749212598425
0
LINE
8
BLACK
6
CONTINUOUS
10
4.5153749606299209
20
-4.3128749212598425
11
4.5184999999999995
21
-4.312875
0
LINE
8
BLACK
6
CONTINUOUS
10
4.5184999999999995
20
-4.312875
11
4.5184999999999995
21
-4.3097500393700789
0
LINE
8
BLACK
6
CONTINUOUS
10
4.5184999999999995
20
-4.3097500393700789
11
4.52475
21
-4.3097500000000002
0
LINE
8
BLACK
6
CONTINUOUS
10
4.52475
20
-4.3097500000000002
11
4.52475
21
-4.3066249606299207
0
LINE
8
BLACK
6
CONTINUOUS
10
4.52475
20
-4.3066249606299207
11
4.5309999606299209
21
-4.3066249606299207
0
LINE
8
BLACK
6
CONTINUOUS
10
4.5309999606299209
20
-4.3066249606299207
11
4.5310000393700784
21
-4.3034999606299209
0
LINE
8
BLACK
6
CONTINUOUS
10
4.5310000393700784
20
-4.3034999606299209
11
4.5403749606299213
21
-4.3034999606299209
0
LINE
8
BLACK
6
CONTINUOUS
10
4.5403749606299213
20
-4.3034999606299209
11
4.5403749606299213
21
-4.3003749999999998
0
LINE
8
BLACK
6
CONTINUOUS
10
4.5403749606299213
20
-4.3003749999999998
11
4.5559999606299213
21
-4.3003749999999998
0
LINE
8
BLACK
6
CONTINUOUS
10
4.5559999606299213
20
-4.3003749999999998
11
4.5559999606299213
21
-4.2972499212598425
0
LINE
8
BLACK
6
CONTINUOUS
10
4.5559999606299213
20
-4.2972499212598425
11
4.6028749606299213
21
-4.2972499212598425
0
LINE
8
BLACK
6
CONTINUOUS
10
4.6028749606299213
20
-4.2972499212598425
11
4.6028749606299213
21
-4.3003749999999998
0
LINE
8
BLACK
6
CONTINUOUS
10
4.5060000000000002
20
-4.469125
11
4.5028749999999995
21
-4.469125
0
LINE
8
BLACK
6
CONTINUOUS
10
4.5028749999999995
20
-4.469125
11
4.5028749999999995
21
-4.4660000000000002
0
LINE
8
BLACK
6
CONTINUOUS
10
4.5028749999999995
20
-4.4660000000000002
11
4.5060000000000002
21
-4.4659999606299214
0
LINE
8
BLACK
6
CONTINUOUS
10
4.5060000000000002
20
-4.4659999606299214
11
4.5060000000000002
21
-4.469125
0
LINE
8
BLACK
6
CONTINUOUS
10
4.5122499606299211
20
-4.469125
11
4.509125
21
-4.4691248818897638
0
LINE
8
BLACK
6
CONTINUOUS
10
4.509125
20
-4.4691248818897638
11
4.509125
21
-4.4660000000000002
0
LINE
8
BLACK
6
CONTINUOUS
10
4.509125
20
-4.4660000000000002
11
4.5122499606299211
21
-4.4659999212598427
0
LINE
8
BLACK
6
CONTINUOUS
10
4.5122499606299211
20
-4.4659999212598427
11
4.5122499606299211
21
-4.469125
0
LINE
8
BLACK
6
CONTINUOUS
10
4.509125
20
-4.4628749606299207
11
4.509125
21
-4.4660000000000002
0
LINE
8
BLACK
6
CONTINUOUS
10
4.509125
20
-4.4660000000000002
11
4.5060000000000002
21
-4.4659999606299214
0
LINE
8
BLACK
6
CONTINUOUS
10
4.5060000000000002
20
-4.4659999606299214
11
4.5060000000000002
21
-4.462874921259842
0
LINE
8
BLACK
6
CONTINUOUS
10
4.5060000000000002
20
-4.462874921259842
11
4.509125
21
-4.4628749606299207
0
LINE
8
BLACK
6
CONTINUOUS
10
4.5216250000000002
20
-4.4659999606299214
11
4.5184999999999995
21
-4.4660000000000002
0
LINE
8
BLACK
6
CONTINUOUS
10
4.5184999999999995
20
-4.4660000000000002
11
4.5184999999999995
21
-4.462874921259842
0
LINE
8
BLACK
6
CONTINUOUS
10
4.5184999999999995
20
-4.462874921259842
11
4.5216250000000002
21
-4.462874921259842
0
LINE
8
BLACK
6
CONTINUOUS
10
4.5216250000000002
20
-4.462874921259842
11
4.5216250000000002
21
-4.4659999606299214
0
LINE
8
BLACK
6
CONTINUOUS
10
4.5153749606299209
20
-4.4659999606299214
11
4.5122499606299211
21
-4.4659999212598427
0
LINE
8
BLACK
6
CONTINUOUS
10
4.5122499606299211
20
-4.4659999212598427
11
4.5122499606299211
21
-4.4628749606299207
0
LINE
8
BLACK
6
CONTINUOUS
10
4.5122499606299211
20
-4.4628749606299207
11
4.5153749606299209
21
-4.462874921259842
0
LINE
8
BLACK
6
CONTINUOUS
10
4.5153749606299209
20
-4.462874921259842
11
4.5153749606299209
21
-4.4659999606299214
0
LINE
8
BLACK
6
CONTINUOUS
10
4.52475
20
-4.4628749606299207
11
4.5216250000000002
21
-4.462874921259842
0
LINE
8
BLACK
6
CONTINUOUS
10
4.5216250000000002
20
-4.462874921259842
11
4.5216250000000002
21
-4.4597499606299209
0
LINE
8
BLACK
6
CONTINUOUS
10
4.5216250000000002
20
-4.4597499606299209
11
4.52475
21
-4.4597499606299209
0
LINE
8
BLACK
6
CONTINUOUS
10
4.52475
20
-4.4597499606299209
11
4.52475
21
-4.4628749606299207
0
LINE
8
BLACK
6
CONTINUOUS
10
4.5184999999999995
20
-4.462874921259842
11
4.5153749606299209
21
-4.462874921259842
0
LINE
8
BLACK
6
CONTINUOUS
10
4.5153749606299209
20
-4.462874921259842
11
4.5153750393700784
21
-4.4597499606299209
0
LINE
8
BLACK
6
CONTINUOUS
10
4.5153750393700784
20
-4.4597499606299209
11
4.5184999606299208
21
-4.4597498818897634
0
LINE
8
BLACK
6
CONTINUOUS
10
4.5184999606299208
20
-4.4597498818897634
11
4.5184999999999995
21
-4.462874921259842
0
LINE
8
BLACK
6
CONTINUOUS
10
4.5278749606299211
20
-4.4597499999999997
11
4.52475
21
-4.4597499606299209
0
LINE
8
BLACK
6
CONTINUOUS
10
4.52475
20
-4.4597499606299209
11
4.52475
21
-4.4566249606299211
0
LINE
8
BLACK
6
CONTINUOUS
10
4.52475
20
-4.4566249606299211
11
4.5278749606299211
21
-4.4566249212598423
0
LINE
8
BLACK
6
CONTINUOUS
10
4.5278749606299211
20
-4.4566249212598423
11
4.5278749606299211
21
-4.4597499999999997
0
LINE
8
BLACK
6
CONTINUOUS
10
4.7862375196850389
20
-4.3593322440944879
11
4.7864173228346454
21
-4.3602362204724407
0
LINE
8
BLACK
6
CONTINUOUS
10
4.7864173228346454
20
-4.3602362204724407
11
4.7864173228346454
21
-4.4149606299212598
0
LINE
8
BLACK
6
CONTINUOUS
10
4.7864173228346454
20
-4.4149606299212598
11
4.85492125984252
21
-4.4149606299212598
0
LINE
8
BLACK
6
CONTINUOUS
10
4.85492125984252
20
-4.4149606299212598
11
4.8558252362204719
21
-4.4151404330708663
0
LINE
8
BLACK
6
CONTINUOUS
10
4.8558252362204719
20
-4.4151404330708663
11
4.8571036614173231
21
-4.4164188582677166
0
LINE
8
BLACK
6
CONTINUOUS
10
4.8571036614173231
20
-4.4164188582677166
11
4.8572834645669287
21
-4.4173228346456694
0
LINE
8
BLACK
6
CONTINUOUS
10
4.8572834645669287
20
-4.4173228346456694
11
4.8572834645669287
21
-4.4562992125984247
0
LINE
8
BLACK
6
CONTINUOUS
10
4.8572834645669287
20
-4.4562992125984247
11
4.8571036614173231
21
-4.4572031889763775
0
LINE
8
BLACK
6
CONTINUOUS
10
4.8571036614173231
20
-4.4572031889763775
11
4.8558252362204719
21
-4.4584816141732286
0
LINE
8
BLACK
6
CONTINUOUS
10
4.8558252362204719
20
-4.4584816141732286
11
4.8540172834645672
21
-4.4584816141732286
0
LINE
8
BLACK
6
CONTINUOUS
10
4.8540172834645672
20
-4.4584816141732286
11
4.852738858267716
21
-4.4572031889763775
0
LINE
8
BLACK
6
CONTINUOUS
10
4.852738858267716
20
-4.4572031889763775
11
4.8525590551181104
21
-4.4562992125984247
0
LINE
8
BLACK
6
CONTINUOUS
10
4.8525590551181104
20
-4.4562992125984247
11
4.8525590551181104
21
-4.4196850393700791
0
LINE
8
BLACK
6
CONTINUOUS
10
4.8525590551181104
20
-4.4196850393700791
11
4.7840551181102358
21
-4.4196850393700791
0
LINE
8
BLACK
6
CONTINUOUS
10
4.7840551181102358
20
-4.4196850393700791
11
4.783151141732283
21
-4.4195052362204725
0
LINE
8
BLACK
6
CONTINUOUS
10
4.783151141732283
20
-4.4195052362204725
11
4.7818727165354327
21
-4.4182268110236222
0
LINE
8
BLACK
6
CONTINUOUS
10
4.7818727165354327
20
-4.4182268110236222
11
4.781692913385827
21
-4.4173228346456694
0
LINE
8
BLACK
6
CONTINUOUS
10
4.781692913385827
20
-4.4173228346456694
11
4.781692913385827
21
-4.3602362204724407
0
LINE
8
BLACK
6
CONTINUOUS
10
4.781692913385827
20
-4.3602362204724407
11
4.7818727165354327
21
-4.3593322440944879
0
LINE
8
BLACK
6
CONTINUOUS
10
4.7818727165354327
20
-4.3593322440944879
11
4.783151141732283
21
-4.3580538188976377
0
LINE
8
BLACK
6
CONTINUOUS
10
4.783151141732283
20
-4.3580538188976377
11
4.7849590944881886
21
-4.3580538188976377
0
LINE
8
BLACK
6
CONTINUOUS
10
4.7849590944881886
20
-4.3580538188976377
11
4.7862375196850389
21
-4.3593322440944879
0
LINE
8
BLACK
6
CONTINUOUS
10
5.8393871259842518
20
-4.3593322440944879
11
5.8395669291338583
21
-4.3602362204724407
0
LINE
8
BLACK
6
CONTINUOUS
10
5.8395669291338583
20
-4.3602362204724407
11
5.8395669291338583
21
-4.4149606299212598
0
LINE
8
BLACK
6
CONTINUOUS
10
5.8395669291338583
20
-4.4149606299212598
11
5.908070866141732
21
-4.4149606299212598
0
LINE
8
BLACK
6
CONTINUOUS
10
5.908070866141732
20
-4.4149606299212598
11
5.9089748425196849
21
-4.4151404330708663
0
LINE
8
BLACK
6
CONTINUOUS
10
5.9089748425196849
20
-4.4151404330708663
11
5.9102532677165351
21
-4.4164188582677166
0
LINE
8
BLACK
6
CONTINUOUS
10
5.9102532677165351
20
-4.4164188582677166
11
5.9104330708661417
21
-4.4173228346456694
0
LINE
8
BLACK
6
CONTINUOUS
10
5.9104330708661417
20
-4.4173228346456694
11
5.9104330708661417
21
-4.4562992125984247
0
LINE
8
BLACK
6
CONTINUOUS
10
5.9104330708661417
20
-4.4562992125984247
11
5.9102532677165351
21
-4.4572031889763775
0
LINE
8
BLACK
6
CONTINUOUS
10
5.9102532677165351
20
-4.4572031889763775
11
5.9089748425196849
21
-4.4584816141732286
0
LINE
8
BLACK
6
CONTINUOUS
10
5.9089748425196849
20
-4.4584816141732286
11
5.9071668897637792
21
-4.4584816141732286
0
LINE
8
BLACK
6
CONTINUOUS
10
5.9071668897637792
20
-4.4584816141732286
11
5.905888464566929
21
-4.4572031889763775
0
LINE
8
BLACK
6
CONTINUOUS
10
5.905888464566929
20
-4.4572031889763775
11
5.9057086614173224
21
-4.4562992125984247
0
LINE
8
BLACK
6
CONTINUOUS
10
5.9057086614173224
20
-4.4562992125984247
11
5.9057086614173224
21
-4.4196850393700791
0
LINE
8
BLACK
6
CONTINUOUS
10
5.9057086614173224
20
-4.4196850393700791
11
5.8372047244094487
21
-4.4196850393700791
0
LINE
8
BLACK
6
CONTINUOUS
10
5.8372047244094487
20
-4.4196850393700791
11
5.8363007480314959
21
-4.4195052362204725
0
LINE
8
BLACK
6
CONTINUOUS
10
5.8363007480314959
20
-4.4195052362204725
11
5.8350223228346456
21
-4.4182268110236222
0
LINE
8
BLACK
6
CONTINUOUS
10
5.8350223228346456
20
-4.4182268110236222
11
5.8348425196850391
21
-4.4173228346456694
0
LINE
8
BLACK
6
CONTINUOUS
10
5.8348425196850391
20
-4.4173228346456694
11
5.8348425196850391
21
-4.3602362204724407
0
LINE
8
BLACK
6
CONTINUOUS
10
5.8348425196850391
20
-4.3602362204724407
11
5.8350223228346456
21
-4.3593322440944879
0
LINE
8
BLACK
6
CONTINUOUS
10
5.8350223228346456
20
-4.3593322440944879
11
5.8363007480314959
21
-4.3580538188976377
0
LINE
8
BLACK
6
CONTINUOUS
10
5.8363007480314959
20
-4.3580538188976377
11
5.8381087007874015
21
-4.3580538188976377
0
LINE
8
BLACK
6
CONTINUOUS
10
5.8381087007874015
20
-4.3580538188976377
11
5.8393871259842518
21
-4.3593322440944879
0
LINE
8
BLACK
6
CONTINUOUS
10
6.7144857086614174
20
-4.2802350787401577
11
6.7144868503937003
21
-4.2802350787401577
0
LINE
8
BLACK
6
CONTINUOUS
10
6.7144868503937003
20
-4.2802350787401577
11
6.7174759448818895
21
-4.2802545275590553
0
LINE
8
BLACK
6
CONTINUOUS
10
6.7174759448818895
20
-4.2802545275590553
11
6.7174792125984251
21
-4.2802545669291341
0
LINE
8
BLACK
6
CONTINUOUS
10
6.7174792125984251
20
-4.2802545669291341
11
6.7196301968503933
21
-4.280304566929134
0
LINE
8
BLACK
6
CONTINUOUS
10
6.7196301968503933
20
-4.280304566929134
11
6.71963842519685
21
-4.2803049606299215
0
LINE
8
BLACK
6
CONTINUOUS
10
6.71963842519685
20
-4.2803049606299215
11
6.7210954724409451
21
-4.2803999212598427
0
LINE
8
BLACK
6
CONTINUOUS
10
6.7210954724409451
20
-4.2803999212598427
11
6.7211156692913381
21
-4.280402283464567
0
LINE
8
BLACK
6
CONTINUOUS
10
6.7211156692913381
20
-4.280402283464567
11
6.7220230314960627
21
-4.2805566141732285
0
LINE
8
BLACK
6
CONTINUOUS
10
6.7220230314960627
20
-4.2805566141732285
11
6.7220714960629921
21
-4.2805714566929129
0
LINE
8
BLACK
6
CONTINUOUS
10
6.7220714960629921
20
-4.2805714566929129
11
6.7225734251968499
21
-4.2807996062992126
0
LINE
8
BLACK
6
CONTINUOUS
10
6.7225734251968499
20
-4.2807996062992126
11
6.7226486220472443
21
-4.2808596062992121
0
LINE
8
BLACK
6
CONTINUOUS
10
6.7226486220472443
20
-4.2808596062992121
11
6.7228893700787404
21
-4.2811760236220469
0
LINE
8
BLACK
6
CONTINUOUS
10
6.7228893700787404
20
-4.2811760236220469
11
6.7229214960629919
21
-4.2812394488188978
0
LINE
8
BLACK
6
CONTINUOUS
10
6.7229214960629919
20
-4.2812394488188978
11
6.72304531496063
21
-4.2816585039370079
0
LINE
8
BLACK
6
CONTINUOUS
10
6.72304531496063
20
-4.2816585039370079
11
6.7230481496062993
21
-4.2816691338582675
0
LINE
8
BLACK
6
CONTINUOUS
10
6.7230481496062993
20
-4.2816691338582675
11
6.7230516929133861
21
-4.2816841732283466
0
LINE
8
BLACK
6
CONTINUOUS
10
6.7230516929133861
20
-4.2816841732283466
11
6.7230528740157478
21
-4.2816895275590552
0
LINE
8
BLACK
6
CONTINUOUS
10
6.7230528740157478
20
-4.2816895275590552
11
6.7232563385826767
21
-4.2826746456692915
0
LINE
8
BLACK
6
CONTINUOUS
10
6.7232563385826767
20
-4.2826746456692915
11
6.723256771653543
21
-4.2826768897637795
0
LINE
8
BLACK
6
CONTINUOUS
10
6.723256771653543
20
-4.2826768897637795
11
6.7236266535433069
21
-4.2845798031496063
0
LINE
8
BLACK
6
CONTINUOUS
10
6.7236266535433069
20
-4.2845798031496063
11
6.7236268110236219
21
-4.2845805905511813
0
LINE
8
BLACK
6
CONTINUOUS
10
6.7236268110236219
20
-4.2845805905511813
11
6.7241251574803149
21
-4.2872018110236221
0
LINE
8
BLACK
6
CONTINUOUS
10
6.7241251574803149
20
-4.2872018110236221
11
6.7241252362204724
21
-4.2872022834645671
0
LINE
8
BLACK
6
CONTINUOUS
10
6.7241252362204724
20
-4.2872022834645671
11
6.7247141338582672
21
-4.2903422047244097
0
LINE
8
BLACK
6
CONTINUOUS
10
6.7247141338582672
20
-4.2903422047244097
11
6.7247142125984247
21
-4.2903425984251964
0
LINE
8
BLACK
6
CONTINUOUS
10
6.7247142125984247
20
-4.2903425984251964
11
6.7253557086614171
21
-4.2938016929133855
0
LINE
8
BLACK
6
CONTINUOUS
10
6.7253557086614171
20
-4.2938016929133855
11
6.7253557480314958
21
-4.2938018110236218
0
LINE
8
BLACK
6
CONTINUOUS
10
6.7253557480314958
20
-4.2938018110236218
11
6.7254078740157475
21
-4.2940837795275586
0
LINE
8
BLACK
6
CONTINUOUS
10
6.7254078740157475
20
-4.2940837795275586
11
6.7260473622047243
21
-4.297441102362205
0
LINE
8
BLACK
6
CONTINUOUS
10
6.7260473622047243
20
-4.297441102362205
11
6.7266418503937002
21
-4.3003874409448821
0
LINE
8
BLACK
6
CONTINUOUS
10
6.7266418503937002
20
-4.3003874409448821
11
6.7271525196850392
21
-4.3027428346456693
0
LINE
8
BLACK
6
CONTINUOUS
10
6.7271525196850392
20
-4.3027428346456693
11
6.7275399212598428
21
-4.3043264566929134
0
LINE
8
BLACK
6
CONTINUOUS
10
6.7275399212598428
20
-4.3043264566929134
11
6.7277395669291336
21
-4.3048904330708657
0
LINE
8
BLACK
6
CONTINUOUS
10
6.7277395669291336
20
-4.3048904330708657
11
6.7283852755905507
21
-4.3052107086614173
0
LINE
8
BLACK
6
CONTINUOUS
10
6.7283852755905507
20
-4.3052107086614173
11
6.729859763779527
21
-4.3058027952755902
0
LINE
8
BLACK
6
CONTINUOUS
10
6.729859763779527
20
-4.3058027952755902
11
6.7317798031496059
21
-4.3065056299212596
0
LINE
8
BLACK
6
CONTINUOUS
10
6.7317798031496059
20
-4.3065056299212596
11
6.7318882283464569
21
-4.3065438976377948
0
LINE
8
BLACK
6
CONTINUOUS
10
6.7318882283464569
20
-4.3065438976377948
11
6.7318923228346454
21
-4.3065453937007874
0
LINE
8
BLACK
6
CONTINUOUS
10
6.7318923228346454
20
-4.3065453937007874
11
6.7343537401574798
21
-4.3074756692913381
0
LINE
8
BLACK
6
CONTINUOUS
10
6.7343537401574798
20
-4.3074756692913381
11
6.7343584251968505
21
-4.3074775196850394
0
LINE
8
BLACK
6
CONTINUOUS
10
6.7343584251968505
20
-4.3074775196850394
11
6.7372216535433074
21
-4.3086442913385827
0
LINE
8
BLACK
6
CONTINUOUS
10
6.7372216535433074
20
-4.3086442913385827
11
6.7372258661417321
21
-4.3086460629921257
0
LINE
8
BLACK
6
CONTINUOUS
10
6.7372258661417321
20
-4.3086460629921257
11
6.7398932283464568
21
-4.3098061811023625
0
LINE
8
BLACK
6
CONTINUOUS
10
6.7398932283464568
20
-4.3098061811023625
11
6.7398960629921261
21
-4.3098074409448817
0
LINE
8
BLACK
6
CONTINUOUS
10
6.7398960629921261
20
-4.3098074409448817
11
6.7441813385826768
21
-4.3117523622047242
0
LINE
8
BLACK
6
CONTINUOUS
10
6.7441813385826768
20
-4.3117523622047242
11
6.7538023228346455
21
-4.3051823228346455
0
LINE
8
BLACK
6
CONTINUOUS
10
6.7538023228346455
20
-4.3051823228346455
11
6.7538024409448818
21
-4.305182244094488
0
LINE
8
BLACK
6
CONTINUOUS
10
6.7538024409448818
20
-4.305182244094488
11
6.7544865354330703
21
-4.3047157480314961
0
LINE
8
BLACK
6
CONTINUOUS
10
6.7544865354330703
20
-4.3047157480314961
11
6.7544871259842516
21
-4.3047153543307086
0
LINE
8
BLACK
6
CONTINUOUS
10
6.7544871259842516
20
-4.3047153543307086
11
6.7574173228346455
21
-4.3027325196850397
0
LINE
8
BLACK
6
CONTINUOUS
10
6.7574173228346455
20
-4.3027325196850397
11
6.757418346456693
21
-4.3027318110236221
0
LINE
8
BLACK
6
CONTINUOUS
10
6.757418346456693
20
-4.3027318110236221
11
6.7600329921259839
21
-4.3009863385826774
0
LINE
8
BLACK
6
CONTINUOUS
10
6.7600329921259839
20
-4.3009863385826774
11
6.7600343307086614
21
-4.3009854724409449
0
LINE
8
BLACK
6
CONTINUOUS
10
6.7600343307086614
20
-4.3009854724409449
11
6.7621770472440943
21
-4.299580118110236
0
LINE
8
BLACK
6
CONTINUOUS
10
6.7621770472440943
20
-4.299580118110236
11
6.7621794094488186
21
-4.2995785826771655
0
LINE
8
BLACK
6
CONTINUOUS
10
6.7621794094488186
20
-4.2995785826771655
11
6.7636938582677164
21
-4.2986161811023624
0
LINE
8
BLACK
6
CONTINUOUS
10
6.7636938582677164
20
-4.2986161811023624
11
6.7637018503937005
21
-4.2986113779527555
0
LINE
8
BLACK
6
CONTINUOUS
10
6.7637018503937005
20
-4.2986113779527555
11
6.7644316141732279
21
-4.2981947637795272
0
LINE
8
BLACK
6
CONTINUOUS
10
6.7644316141732279
20
-4.2981947637795272
11
6.7645661417322831
21
-4.2981723622047241
0
LINE
8
BLACK
6
CONTINUOUS
10
6.7645661417322831
20
-4.2981723622047241
11
6.7650661811023625
21
-4.2982678740157478
0
LINE
8
BLACK
6
CONTINUOUS
10
6.7650661811023625
20
-4.2982678740157478
11
6.7651367322834641
21
-4.2982962992125984
0
LINE
8
BLACK
6
CONTINUOUS
10
6.7651367322834641
20
-4.2982962992125984
11
6.7662720078740159
21
-4.29903625984252
0
LINE
8
BLACK
6
CONTINUOUS
10
6.7662720078740159
20
-4.29903625984252
11
6.7662907086614172
21
-4.2990500787401578
0
LINE
8
BLACK
6
CONTINUOUS
10
6.7662907086614172
20
-4.2990500787401578
11
6.7680451968503936
21
-4.3005154330708661
0
LINE
8
BLACK
6
CONTINUOUS
10
6.7680451968503936
20
-4.3005154330708661
11
6.7680524015748027
21
-4.3005217716535435
0
LINE
8
BLACK
6
CONTINUOUS
10
6.7680524015748027
20
-4.3005217716535435
11
6.770474724409449
21
-4.3027536614173227
0
LINE
8
BLACK
6
CONTINUOUS
10
6.770474724409449
20
-4.3027536614173227
11
6.7704782677165349
21
-4.3027570078740158
0
LINE
8
BLACK
6
CONTINUOUS
10
6.7704782677165349
20
-4.3027570078740158
11
6.7736171653543309
21
-4.3057966535433074
0
LINE
8
BLACK
6
CONTINUOUS
10
6.7736171653543309
20
-4.3057966535433074
11
6.7736183858267713
21
-4.3057978346456691
0
LINE
8
BLACK
6
CONTINUOUS
10
6.7736183858267713
20
-4.3057978346456691
11
6.773899251968504
21
-4.3060745275590548
0
LINE
8
BLACK
6
CONTINUOUS
10
6.773899251968504
20
-4.3060745275590548
11
6.7738999606299215
21
-4.3060752362204724
0
LINE
8
BLACK
6
CONTINUOUS
10
6.7738999606299215
20
-4.3060752362204724
11
6.776390669291338
21
-4.3085542519685038
0
LINE
8
BLACK
6
CONTINUOUS
10
6.776390669291338
20
-4.3085542519685038
11
6.7763920472440944
21
-4.3085556299212602
0
LINE
8
BLACK
6
CONTINUOUS
10
6.7763920472440944
20
-4.3085556299212602
11
6.7786044094488185
21
-4.3108015354330709
0
LINE
8
BLACK
6
CONTINUOUS
10
6.7786044094488185
20
-4.3108015354330709
11
6.7786061023622048
21
-4.3108033070866139
0
LINE
8
BLACK
6
CONTINUOUS
10
6.7786061023622048
20
-4.3108033070866139
11
6.7804048031496063
21
-4.3126753149606296
0
LINE
8
BLACK
6
CONTINUOUS
10
6.7804048031496063
20
-4.3126753149606296
11
6.7804077165354331
21
-4.3126783858267714
0
LINE
8
BLACK
6
CONTINUOUS
10
6.7804077165354331
20
-4.3126783858267714
11
6.781657204724409
21
-4.3140358661417322
0
LINE
8
BLACK
6
CONTINUOUS
10
6.781657204724409
20
-4.3140358661417322
11
6.7816657480314957
21
-4.3140457874015743
0
LINE
8
BLACK
6
CONTINUOUS
10
6.7816657480314957
20
-4.3140457874015743
11
6.7822307086614169
21
-4.3147479133858271
0
LINE
8
BLACK
6
CONTINUOUS
10
6.7822307086614169
20
-4.3147479133858271
11
6.7822509055118108
21
-4.3147784645669294
0
LINE
8
BLACK
6
CONTINUOUS
10
6.7822509055118108
20
-4.3147784645669294
11
6.7822527165354325
21
-4.3147818503937003
0
LINE
8
BLACK
6
CONTINUOUS
10
6.7822527165354325
20
-4.3147818503937003
11
6.782274251968504
21
-4.3148485039370081
0
LINE
8
BLACK
6
CONTINUOUS
10
6.782274251968504
20
-4.3148485039370081
11
6.782346023622047
21
-4.315383070866142
0
LINE
8
BLACK
6
CONTINUOUS
10
6.782346023622047
20
-4.315383070866142
11
6.7823391732283467
21
-4.3154667322834648
0
LINE
8
BLACK
6
CONTINUOUS
10
6.7823391732283467
20
-4.3154667322834648
11
6.7820744881889761
21
-4.3163338582677166
0
LINE
8
BLACK
6
CONTINUOUS
10
6.7820744881889761
20
-4.3163338582677166
11
6.7820618110236222
21
-4.316365354330709
0
LINE
8
BLACK
6
CONTINUOUS
10
6.7820618110236222
20
-4.316365354330709
11
6.7813939370078735
21
-4.3176836220472437
0
LINE
8
BLACK
6
CONTINUOUS
10
6.7813939370078735
20
-4.3176836220472437
11
6.7813869291338582
21
-4.3176962598425197
0
LINE
8
BLACK
6
CONTINUOUS
10
6.7813869291338582
20
-4.3176962598425197
11
6.7802490551181105
21
-4.3195843307086612
0
LINE
8
BLACK
6
CONTINUOUS
10
6.7802490551181105
20
-4.3195843307086612
11
6.7802455118110236
21
-4.3195899999999998
0
LINE
8
BLACK
6
CONTINUOUS
10
6.7802455118110236
20
-4.3195899999999998
11
6.7785708661417319
21
-4.3221664960629917
0
LINE
8
BLACK
6
CONTINUOUS
10
6.7785708661417319
20
-4.3221664960629917
11
6.7785691338582676
21
-4.322169173228346
0
LINE
8
BLACK
6
CONTINUOUS
10
6.7785691338582676
20
-4.322169173228346
11
6.776291023622047
21
-4.3255526771653541
0
LINE
8
BLACK
6
CONTINUOUS
10
6.776291023622047
20
-4.3255526771653541
11
6.7762905118110233
21
-4.3255533858267716
0
LINE
8
BLACK
6
CONTINUOUS
10
6.7762905118110233
20
-4.3255533858267716
11
6.7759022834645668
21
-4.3261244881889764
0
LINE
8
BLACK
6
CONTINUOUS
10
6.7759022834645668
20
-4.3261244881889764
11
6.7739389763779529
21
-4.3290174409448818
0
LINE
8
BLACK
6
CONTINUOUS
10
6.7739389763779529
20
-4.3290174409448818
11
6.7722067322834647
21
-4.3315779527559055
0
LINE
8
BLACK
6
CONTINUOUS
10
6.7722067322834647
20
-4.3315779527559055
11
6.7722067716535435
21
-4.3315779921259843
0
LINE
8
BLACK
6
CONTINUOUS
10
6.7722067716535435
20
-4.3315779921259843
11
6.7708081496062986
21
-4.3336539763779527
0
LINE
8
BLACK
6
CONTINUOUS
10
6.7708081496062986
20
-4.3336539763779527
11
6.7708081102362208
21
-4.3336539370078739
0
LINE
8
BLACK
6
CONTINUOUS
10
6.7708081102362208
20
-4.3336539370078739
11
6.7698483464566932
21
-4.3350891338582676
0
LINE
8
BLACK
6
CONTINUOUS
10
6.7698483464566932
20
-4.3350891338582676
11
6.7698483858267711
21
-4.3350891732283463
0
LINE
8
BLACK
6
CONTINUOUS
10
6.7698483858267711
20
-4.3350891732283463
11
6.7694462598425194
21
-4.3357064960629916
0
LINE
8
BLACK
6
CONTINUOUS
10
6.7694462598425194
20
-4.3357064960629916
11
6.7694318503937003
21
-4.3357686220472438
0
LINE
8
BLACK
6
CONTINUOUS
10
6.7694318503937003
20
-4.3357686220472438
11
6.7696202362204723
21
-4.3367345669291337
0
LINE
8
BLACK
6
CONTINUOUS
10
6.7696202362204723
20
-4.3367345669291337
11
6.7702096456692908
21
-4.3383822440944879
0
LINE
8
BLACK
6
CONTINUOUS
10
6.7702096456692908
20
-4.3383822440944879
11
6.7711026377952752
21
-4.3404032283464566
0
LINE
8
BLACK
6
CONTINUOUS
10
6.7711026377952752
20
-4.3404032283464566
11
6.7723217716535435
21
-4.3430584251968503
0
LINE
8
BLACK
6
CONTINUOUS
10
6.7723217716535435
20
-4.3430584251968503
11
6.7723235826771653
21
-4.3430624803149609
0
LINE
8
BLACK
6
CONTINUOUS
10
6.7723235826771653
20
-4.3430624803149609
11
6.7736848031496057
21
-4.3462130708661419
0
LINE
8
BLACK
6
CONTINUOUS
10
6.7736848031496057
20
-4.3462130708661419
11
6.7736865354330709
21
-4.3462172047244092
0
LINE
8
BLACK
6
CONTINUOUS
10
6.7736865354330709
20
-4.3462172047244092
11
6.7748425196850395
21
-4.3490689370078739
0
LINE
8
BLACK
6
CONTINUOUS
10
6.7748425196850395
20
-4.3490689370078739
11
6.7748435826771649
21
-4.3490716141732282
0
LINE
8
BLACK
6
CONTINUOUS
10
6.7748435826771649
20
-4.3490716141732282
11
6.7751295275590548
21
-4.3498081496062992
0
LINE
8
BLACK
6
CONTINUOUS
10
6.7751295275590548
20
-4.3498081496062992
11
6.7758792913385824
21
-4.3516907086614172
0
LINE
8
BLACK
6
CONTINUOUS
10
6.7758792913385824
20
-4.3516907086614172
11
6.776427362204724
21
-4.352995787401575
0
LINE
8
BLACK
6
CONTINUOUS
10
6.776427362204724
20
-4.352995787401575
11
6.7766265748031493
21
-4.3533900393700788
0
LINE
8
BLACK
6
CONTINUOUS
10
6.7766265748031493
20
-4.3533900393700788
11
6.7767987795275593
21
-4.3534131496062995
0
LINE
8
BLACK
6
CONTINUOUS
10
6.7767987795275593
20
-4.3534131496062995
11
6.7768060629921258
21
-4.3534142913385825
0
LINE
8
BLACK
6
CONTINUOUS
10
6.7768060629921258
20
-4.3534142913385825
11
6.7780418110236216
21
-4.3536273228346456
0
LINE
8
BLACK
6
CONTINUOUS
10
6.7780418110236216
20
-4.3536273228346456
11
6.7780436220472442
21
-4.3536276377952756
0
LINE
8
BLACK
6
CONTINUOUS
10
6.7780436220472442
20
-4.3536276377952756
11
6.7800662204724409
21
-4.3539955511811019
0
LINE
8
BLACK
6
CONTINUOUS
10
6.7800662204724409
20
-4.3539955511811019
11
6.7800669291338584
21
-4.3539956692913382
0
LINE
8
BLACK
6
CONTINUOUS
10
6.7800669291338584
20
-4.3539956692913382
11
6.7826659448818898
21
-4.3544784645669292
0
LINE
8
BLACK
6
CONTINUOUS
10
6.7826659448818898
20
-4.3544784645669292
11
6.7826663779527561
21
-4.3544785433070867
0
LINE
8
BLACK
6
CONTINUOUS
10
6.7826663779527561
20
-4.3544785433070867
11
6.7856313779527557
21
-4.3550361417322829
0
LINE
8
BLACK
6
CONTINUOUS
10
6.7856313779527557
20
-4.3550361417322829
11
6.7856317322834645
21
-4.3550362204724404
0
LINE
8
BLACK
6
CONTINUOUS
10
6.7856317322834645
20
-4.3550362204724404
11
6.788752283464567
21
-4.355628661417323
0
LINE
8
BLACK
6
CONTINUOUS
10
6.788752283464567
20
-4.355628661417323
11
6.7887525984251971
21
-4.3556287007874017
0
LINE
8
BLACK
6
CONTINUOUS
10
6.7887525984251971
20
-4.3556287007874017
11
6.7918182677165353
21
-4.356215905511811
0
LINE
8
BLACK
6
CONTINUOUS
10
6.7918182677165353
20
-4.356215905511811
11
6.7918186220472441
21
-4.3562159842519685
0
LINE
8
BLACK
6
CONTINUOUS
10
6.7918186220472441
20
-4.3562159842519685
11
6.794618897637795
21
-4.3567579527559053
0
LINE
8
BLACK
6
CONTINUOUS
10
6.794618897637795
20
-4.3567579527559053
11
6.7946194488188976
21
-4.3567580708661415
0
LINE
8
BLACK
6
CONTINUOUS
10
6.7946194488188976
20
-4.3567580708661415
11
6.7969439370078737
21
-4.3572148031496063
0
LINE
8
BLACK
6
CONTINUOUS
10
6.7969439370078737
20
-4.3572148031496063
11
6.796945
21
-4.3572150000000001
0
LINE
8
BLACK
6
CONTINUOUS
10
6.796945
20
-4.3572150000000001
11
6.7985831889763775
21
-4.3575464173228342
0
LINE
8
BLACK
6
CONTINUOUS
10
6.7985831889763775
20
-4.3575464173228342
11
6.7985872047244094
21
-4.3575472834645668
0
LINE
8
BLACK
6
CONTINUOUS
10
6.7985872047244094
20
-4.3575472834645668
11
6.7993287401574802
21
-4.3577133858267718
0
LINE
8
BLACK
6
CONTINUOUS
10
6.7993287401574802
20
-4.3577133858267718
11
6.7993557874015744
21
-4.3577215354330709
0
LINE
8
BLACK
6
CONTINUOUS
10
6.7993557874015744
20
-4.3577215354330709
11
6.7994787401574799
21
-4.3577683858267715
0
LINE
8
BLACK
6
CONTINUOUS
10
6.7994787401574799
20
-4.3577683858267715
11
6.7995355511811022
21
-4.3578018110236219
0
LINE
8
BLACK
6
CONTINUOUS
10
6.7995355511811022
20
-4.3578018110236219
11
6.7998351968503936
21
-4.3580544094488189
0
LINE
8
BLACK
6
CONTINUOUS
10
6.7998351968503936
20
-4.3580544094488189
11
6.7998901574803146
21
-4.358129527559055
0
LINE
8
BLACK
6
CONTINUOUS
10
6.7998901574803146
20
-4.358129527559055
11
6.8001131102362207
21
-4.3586673228346458
0
LINE
8
BLACK
6
CONTINUOUS
10
6.8001131102362207
20
-4.3586673228346458
11
6.8001255511811021
21
-4.3587110629921257
0
LINE
8
BLACK
6
CONTINUOUS
10
6.8001255511811021
20
-4.3587110629921257
11
6.8002829133858267
21
-4.3596769685039369
0
LINE
8
BLACK
6
CONTINUOUS
10
6.8002829133858267
20
-4.3596769685039369
11
6.8002850393700784
21
-4.3596954724409445
0
LINE
8
BLACK
6
CONTINUOUS
10
6.8002850393700784
20
-4.3596954724409445
11
6.8003879921259838
21
-4.3612324409448817
0
LINE
8
BLACK
6
CONTINUOUS
10
6.8003879921259838
20
-4.3612324409448817
11
6.8003883464566925
21
-4.3612403543307083
0
LINE
8
BLACK
6
CONTINUOUS
10
6.8003883464566925
20
-4.3612403543307083
11
6.8004481102362204
21
-4.3634913385826772
0
LINE
8
BLACK
6
CONTINUOUS
10
6.8004481102362204
20
-4.3634913385826772
11
6.8004481889763779
21
-4.3634948425196853
0
LINE
8
BLACK
6
CONTINUOUS
10
6.8004481889763779
20
-4.3634948425196853
11
6.8004758267716534
21
-4.3666027559055118
0
LINE
8
BLACK
6
CONTINUOUS
10
6.8004758267716534
20
-4.3666027559055118
11
6.8004758267716534
21
-4.366604173228346
0
LINE
8
BLACK
6
CONTINUOUS
10
6.8004758267716534
20
-4.366604173228346
11
6.8004825590551183
21
-4.3707119685039366
0
LINE
8
BLACK
6
CONTINUOUS
10
6.8004825590551183
20
-4.3707119685039366
11
6.8004825590551183
21
-4.3832046850393702
0
LINE
8
BLACK
6
CONTINUOUS
10
6.8004825590551183
20
-4.3832046850393702
11
6.8004249212598422
21
-4.3833438976377952
0
LINE
8
BLACK
6
CONTINUOUS
10
6.8004249212598422
20
-4.3833438976377952
11
6.8003238188976374
21
-4.3833977952755907
0
LINE
8
BLACK
6
CONTINUOUS
10
6.8003238188976374
20
-4.3833977952755907
11
6.7973238188976373
21
-4.3839899212598423
0
LINE
8
BLACK
6
CONTINUOUS
10
6.7973238188976373
20
-4.3839899212598423
11
6.7973235039370081
21
-4.3839899999999998
0
LINE
8
BLACK
6
CONTINUOUS
10
6.7973235039370081
20
-4.3839899999999998
11
6.7969606299212595
21
-4.3840609842519687
0
LINE
8
BLACK
6
CONTINUOUS
10
6.7969606299212595
20
-4.3840609842519687
11
6.7969597244094491
21
-4.3840611417322837
0
LINE
8
BLACK
6
CONTINUOUS
10
6.7969597244094491
20
-4.3840611417322837
11
6.7950325984251965
21
-4.3844287795275587
0
LINE
8
BLACK
6
CONTINUOUS
10
6.7950325984251965
20
-4.3844287795275587
11
6.7950319685039364
21
-4.384428897637795
0
LINE
8
BLACK
6
CONTINUOUS
10
6.7950319685039364
20
-4.384428897637795
11
6.7923671653543307
21
-4.3849284645669293
0
LINE
8
BLACK
6
CONTINUOUS
10
6.7923671653543307
20
-4.3849284645669293
11
6.7923668110236219
21
-4.3849285433070868
0
LINE
8
BLACK
6
CONTINUOUS
10
6.7923668110236219
20
-4.3849285433070868
11
6.7892673228346458
21
-4.3855035039370076
0
LINE
8
BLACK
6
CONTINUOUS
10
6.7892673228346458
20
-4.3855035039370076
11
6.7892670078740158
21
-4.3855035826771651
0
LINE
8
BLACK
6
CONTINUOUS
10
6.7892670078740158
20
-4.3855035826771651
11
6.7860355905511813
21
-4.3860973622047243
0
LINE
8
BLACK
6
CONTINUOUS
10
6.7860355905511813
20
-4.3860973622047243
11
6.7860355511811026
21
-4.3860973228346456
0
LINE
8
BLACK
6
CONTINUOUS
10
6.7860355511811026
20
-4.3860973228346456
11
6.7847664566929131
21
-4.3863355511811024
0
LINE
8
BLACK
6
CONTINUOUS
10
6.7847664566929131
20
-4.3863355511811024
11
6.7819258661417319
21
-4.3869160236220468
0
LINE
8
BLACK
6
CONTINUOUS
10
6.7819258661417319
20
-4.3869160236220468
11
6.7795626377952756
21
-4.387463976377953
0
LINE
8
BLACK
6
CONTINUOUS
10
6.7795626377952756
20
-4.387463976377953
11
6.777901574803149
21
-4.38792437007874
0
LINE
8
BLACK
6
CONTINUOUS
10
6.777901574803149
20
-4.38792437007874
11
6.7771996850393696
21
-4.3882239370078739
0
LINE
8
BLACK
6
CONTINUOUS
10
6.7771996850393696
20
-4.3882239370078739
11
6.7768922834645666
21
-4.388696968503937
0
LINE
8
BLACK
6
CONTINUOUS
10
6.7768922834645666
20
-4.388696968503937
11
6.7762675196850388
21
-4.3900941732283467
0
LINE
8
BLACK
6
CONTINUOUS
10
6.7762675196850388
20
-4.3900941732283467
11
6.7756224409448818
21
-4.3919192519685035
0
LINE
8
BLACK
6
CONTINUOUS
10
6.7756224409448818
20
-4.3919192519685035
11
6.7753940157480317
21
-4.3926067322834648
0
LINE
8
BLACK
6
CONTINUOUS
10
6.7753940157480317
20
-4.3926067322834648
11
6.7753916535433065
21
-4.3926133858267713
0
LINE
8
BLACK
6
CONTINUOUS
10
6.7753916535433065
20
-4.3926133858267713
11
6.7745508267716534
21
-4.3948702362204726
0
LINE
8
BLACK
6
CONTINUOUS
10
6.7745508267716534
20
-4.3948702362204726
11
6.7745487795275592
21
-4.3948755511811024
0
LINE
8
BLACK
6
CONTINUOUS
10
6.7745487795275592
20
-4.3948755511811024
11
6.7734642519685035
21
-4.3975465354330705
0
LINE
8
BLACK
6
CONTINUOUS
10
6.7734642519685035
20
-4.3975465354330705
11
6.7734623228346456
21
-4.3975511023622049
0
LINE
8
BLACK
6
CONTINUOUS
10
6.7734623228346456
20
-4.3975511023622049
11
6.7723106692913388
21
-4.4001949606299213
0
LINE
8
BLACK
6
CONTINUOUS
10
6.7723106692913388
20
-4.4001949606299213
11
6.7723099606299213
21
-4.4001965354330705
0
LINE
8
BLACK
6
CONTINUOUS
10
6.7723099606299213
20
-4.4001965354330705
11
6.7716948425196852
21
-4.4015755905511806
0
LINE
8
BLACK
6
CONTINUOUS
10
6.7716948425196852
20
-4.4015755905511806
11
6.7708192125984255
21
-4.4036338582677166
0
LINE
8
BLACK
6
CONTINUOUS
10
6.7708192125984255
20
-4.4036338582677166
11
6.7702202755905514
21
-4.4051681102362208
0
LINE
8
BLACK
6
CONTINUOUS
10
6.7702202755905514
20
-4.4051681102362208
11
6.7700142913385823
21
-4.4058736220472436
0
LINE
8
BLACK
6
CONTINUOUS
10
6.7700142913385823
20
-4.4058736220472436
11
6.770418661417323
21
-4.4066481889763782
0
LINE
8
BLACK
6
CONTINUOUS
10
6.770418661417323
20
-4.4066481889763782
11
6.7713727952755907
21
-4.4082126377952751
0
LINE
8
BLACK
6
CONTINUOUS
10
6.7713727952755907
20
-4.4082126377952751
11
6.7727669685039364
21
-4.4103881496062991
0
LINE
8
BLACK
6
CONTINUOUS
10
6.7727669685039364
20
-4.4103881496062991
11
6.7744992913385822
21
-4.4130151968503935
0
LINE
8
BLACK
6
CONTINUOUS
10
6.7744992913385822
20
-4.4130151968503935
11
6.7764755118110234
21
-4.4159458661417323
0
LINE
8
BLACK
6
CONTINUOUS
10
6.7764755118110234
20
-4.4159458661417323
11
6.7829776771653538
21
-4.4254885039370082
0
LINE
8
BLACK
6
CONTINUOUS
10
6.7829776771653538
20
-4.4254885039370082
11
6.7830084251968499
21
-4.4256359842519686
0
LINE
8
BLACK
6
CONTINUOUS
10
6.7830084251968499
20
-4.4256359842519686
11
6.7829542913385827
21
-4.4257384251968501
0
LINE
8
BLACK
6
CONTINUOUS
10
6.7829542913385827
20
-4.4257384251968501
11
6.7744110629921259
21
-4.434295905511811
0
LINE
8
BLACK
6
CONTINUOUS
10
6.7744110629921259
20
-4.434295905511811
11
6.7744107480314959
21
-4.4342962598425197
0
LINE
8
BLACK
6
CONTINUOUS
10
6.7744107480314959
20
-4.4342962598425197
11
6.773584488188976
21
-4.4351197244094491
0
LINE
8
BLACK
6
CONTINUOUS
10
6.773584488188976
20
-4.4351197244094491
11
6.7735829921259842
21
-4.4351211811023621
0
LINE
8
BLACK
6
CONTINUOUS
10
6.7735829921259842
20
-4.4351211811023621
11
6.7710564566929135
21
-4.4375859842519683
0
LINE
8
BLACK
6
CONTINUOUS
10
6.7710564566929135
20
-4.4375859842519683
11
6.7710538976377954
21
-4.43758842519685
0
LINE
8
BLACK
6
CONTINUOUS
10
6.7710538976377954
20
-4.43758842519685
11
6.76879594488189
21
-4.4397140157480317
0
LINE
8
BLACK
6
CONTINUOUS
10
6.76879594488189
20
-4.4397140157480317
11
6.7687925196850394
21
-4.439717165354331
0
LINE
8
BLACK
6
CONTINUOUS
10
6.7687925196850394
20
-4.439717165354331
11
6.7669354330708664
21
-4.4413837401574803
0
LINE
8
BLACK
6
CONTINUOUS
10
6.7669354330708664
20
-4.4413837401574803
11
6.7669288976377953
21
-4.4413893307086614
0
LINE
8
BLACK
6
CONTINUOUS
10
6.7669288976377953
20
-4.4413893307086614
11
6.7656049606299211
21
-4.4424771653543305
0
LINE
8
BLACK
6
CONTINUOUS
10
6.7656049606299211
20
-4.4424771653543305
11
6.7655801574803149
21
-4.4424945275590551
0
LINE
8
BLACK
6
CONTINUOUS
10
6.7655801574803149
20
-4.4424945275590551
11
6.7649216929133855
21
-4.4428837401574803
0
LINE
8
BLACK
6
CONTINUOUS
10
6.7649216929133855
20
-4.4428837401574803
11
6.7647725196850388
21
-4.4429049606299209
0
LINE
8
BLACK
6
CONTINUOUS
10
6.7647725196850388
20
-4.4429049606299209
11
6.7647462204724409
21
-4.4428961811023617
0
LINE
8
BLACK
6
CONTINUOUS
10
6.7647462204724409
20
-4.4428961811023617
11
6.7640311023622042
21
-4.4426000393700784
0
LINE
8
BLACK
6
CONTINUOUS
10
6.7640311023622042
20
-4.4426000393700784
11
6.7640092519685036
21
-4.4425893307086612
0
LINE
8
BLACK
6
CONTINUOUS
10
6.7640092519685036
20
-4.4425893307086612
11
6.7625116929133853
21
-4.4417391732283464
0
LINE
8
BLACK
6
CONTINUOUS
10
6.7625116929133853
20
-4.4417391732283464
11
6.7625053937007875
21
-4.4417354724409446
0
LINE
8
BLACK
6
CONTINUOUS
10
6.7625053937007875
20
-4.4417354724409446
11
6.760397559055118
21
-4.4404332677165357
0
LINE
8
BLACK
6
CONTINUOUS
10
6.760397559055118
20
-4.4404332677165357
11
6.7603940944881886
21
-4.4404310629921255
0
LINE
8
BLACK
6
CONTINUOUS
10
6.7603940944881886
20
-4.4404310629921255
11
6.7578412598425199
21
-4.4387790944881891
0
LINE
8
BLACK
6
CONTINUOUS
10
6.7578412598425199
20
-4.4387790944881891
11
6.7578385433070869
21
-4.4387773228346452
0
LINE
8
BLACK
6
CONTINUOUS
10
6.7578385433070869
20
-4.4387773228346452
11
6.7550061023622048
21
-4.4368777952755902
0
LINE
8
BLACK
6
CONTINUOUS
10
6.7550061023622048
20
-4.4368777952755902
11
6.7550057086614173
21
-4.436877519685039
0
LINE
8
BLACK
6
CONTINUOUS
10
6.7550057086614173
20
-4.436877519685039
11
6.7522236220472438
21
-4.4350014566929135
0
LINE
8
BLACK
6
CONTINUOUS
10
6.7522236220472438
20
-4.4350014566929135
11
6.7522236220472438
21
-4.4350014173228347
0
LINE
8
BLACK
6
CONTINUOUS
10
6.7522236220472438
20
-4.4350014173228347
11
6.7497180314960632
21
-4.4333521259842517
0
LINE
8
BLACK
6
CONTINUOUS
10
6.7497180314960632
20
-4.4333521259842517
11
6.7476727165354333
21
-4.4320480314960626
0
LINE
8
BLACK
6
CONTINUOUS
10
6.7476727165354333
20
-4.4320480314960626
11
6.746256062992126
21
-4.4311962204724411
0
LINE
8
BLACK
6
CONTINUOUS
10
6.746256062992126
20
-4.4311962204724411
11
6.7456794881889763
21
-4.4309209842519683
0
LINE
8
BLACK
6
CONTINUOUS
10
6.7456794881889763
20
-4.4309209842519683
11
6.7448818897637794
21
-4.4312035433070864
0
LINE
8
BLACK
6
CONTINUOUS
10
6.7448818897637794
20
-4.4312035433070864
11
6.743371535433071
21
-4.4319061023622046
0
LINE
8
BLACK
6
CONTINUOUS
10
6.743371535433071
20
-4.4319061023622046
11
6.7414935433070866
21
-4.4328755905511814
0
LINE
8
BLACK
6
CONTINUOUS
10
6.7414935433070866
20
-4.4328755905511814
11
6.7414757874015745
21
-4.4328851968503935
0
LINE
8
BLACK
6
CONTINUOUS
10
6.7414757874015745
20
-4.4328851968503935
11
6.7414704330708659
21
-4.4328879921259841
0
LINE
8
BLACK
6
CONTINUOUS
10
6.7414704330708659
20
-4.4328879921259841
11
6.7389695275590551
21
-4.4341405511811018
0
LINE
8
BLACK
6
CONTINUOUS
10
6.7389695275590551
20
-4.4341405511811018
11
6.7389475590551182
21
-4.4341499212598423
0
LINE
8
BLACK
6
CONTINUOUS
10
6.7389475590551182
20
-4.4341499212598423
11
6.737233897637795
21
-4.4347618503937003
0
LINE
8
BLACK
6
CONTINUOUS
10
6.737233897637795
20
-4.4347618503937003
11
6.7371680314960631
21
-4.4347733070866138
0
LINE
8
BLACK
6
CONTINUOUS
10
6.7371680314960631
20
-4.4347733070866138
11
6.736104724409449
21
-4.4347750000000001
0
LINE
8
BLACK
6
CONTINUOUS
10
6.736104724409449
20
-4.4347750000000001
11
6.7359654330708656
21
-4.4347175590551178
0
LINE
8
BLACK
6
CONTINUOUS
10
6.7359654330708656
20
-4.4347175590551178
11
6.7359617322834646
21
-4.4347137795275593
0
LINE
8
BLACK
6
CONTINUOUS
10
6.7359617322834646
20
-4.4347137795275593
11
6.7354120472440941
21
-4.4341356299212595
0
LINE
8
BLACK
6
CONTINUOUS
10
6.7354120472440941
20
-4.4341356299212595
11
6.7353725196850389
21
-4.4340744881889762
0
LINE
8
BLACK
6
CONTINUOUS
10
6.7353725196850389
20
-4.4340744881889762
11
6.7351400393700782
21
-4.4335058661417319
0
LINE
8
BLACK
6
CONTINUOUS
10
6.7351400393700782
20
-4.4335058661417319
11
6.7345120866141732
21
-4.4319818503937007
0
LINE
8
BLACK
6
CONTINUOUS
10
6.7345120866141732
20
-4.4319818503937007
11
6.7335448031496066
21
-4.4296387401574799
0
LINE
8
BLACK
6
CONTINUOUS
10
6.7335448031496066
20
-4.4296387401574799
11
6.7335448031496066
21
-4.4296387007874012
0
LINE
8
BLACK
6
CONTINUOUS
10
6.7335448031496066
20
-4.4296387007874012
11
6.7322896850393699
21
-4.4266014173228347
0
LINE
8
BLACK
6
CONTINUOUS
10
6.7322896850393699
20
-4.4266014173228347
11
6.7307981102362202
21
-4.4229941732283464
0
LINE
8
BLACK
6
CONTINUOUS
10
6.7307981102362202
20
-4.4229941732283464
11
6.7307981102362202
21
-4.4229941338582677
0
LINE
8
BLACK
6
CONTINUOUS
10
6.7307981102362202
20
-4.4229941338582677
11
6.7291216535433067
21
-4.4189416929133856
0
LINE
8
BLACK
6
CONTINUOUS
10
6.7291216535433067
20
-4.4189416929133856
11
6.7273116929133856
21
-4.4145684251968502
0
LINE
8
BLACK
6
CONTINUOUS
10
6.7273116929133856
20
-4.4145684251968502
11
6.7273116141732281
21
-4.4145681889763777
0
LINE
8
BLACK
6
CONTINUOUS
10
6.7273116141732281
20
-4.4145681889763777
11
6.7256710629921255
21
-4.41058968503937
0
LINE
8
BLACK
6
CONTINUOUS
10
6.7256710629921255
20
-4.41058968503937
11
6.725670826771653
21
-4.4105891338582675
0
LINE
8
BLACK
6
CONTINUOUS
10
6.725670826771653
20
-4.4105891338582675
11
6.7240015748031494
21
-4.4065067716535431
0
LINE
8
BLACK
6
CONTINUOUS
10
6.7240015748031494
20
-4.4065067716535431
11
6.7240012992125981
21
-4.4065061417322831
0
LINE
8
BLACK
6
CONTINUOUS
10
6.7240012992125981
20
-4.4065061417322831
11
6.7225244488188975
21
-4.4028580708661416
0
LINE
8
BLACK
6
CONTINUOUS
10
6.7225244488188975
20
-4.4028580708661416
11
6.7225241338582675
21
-4.4028572834645665
0
LINE
8
BLACK
6
CONTINUOUS
10
6.7225241338582675
20
-4.4028572834645665
11
6.721289173228346
21
-4.3997676377952759
0
LINE
8
BLACK
6
CONTINUOUS
10
6.721289173228346
20
-4.3997676377952759
11
6.7212887007874018
21
-4.3997663779527558
0
LINE
8
BLACK
6
CONTINUOUS
10
6.7212887007874018
20
-4.3997663779527558
11
6.7203452755905513
21
-4.3973592125984249
0
LINE
8
BLACK
6
CONTINUOUS
10
6.7203452755905513
20
-4.3973592125984249
11
6.7203442913385825
21
-4.3973567322834644
0
LINE
8
BLACK
6
CONTINUOUS
10
6.7203442913385825
20
-4.3973567322834644
11
6.7197418503937003
21
-4.3957560629921257
0
LINE
8
BLACK
6
CONTINUOUS
10
6.7197418503937003
20
-4.3957560629921257
11
6.7197384251968506
21
-4.3957460629921261
0
LINE
8
BLACK
6
CONTINUOUS
10
6.7197384251968506
20
-4.3957460629921261
11
6.7195266141732279
21
-4.3950760629921257
0
LINE
8
BLACK
6
CONTINUOUS
10
6.7195266141732279
20
-4.3950760629921257
11
6.7195396062992128
21
-4.3949259842519686
0
LINE
8
BLACK
6
CONTINUOUS
10
6.7195396062992128
20
-4.3949259842519686
11
6.7195498818897637
21
-4.394908464566929
0
LINE
8
BLACK
6
CONTINUOUS
10
6.7195498818897637
20
-4.394908464566929
11
6.7199544094488184
21
-4.3942940551181104
0
LINE
8
BLACK
6
CONTINUOUS
10
6.7199544094488184
20
-4.3942940551181104
11
6.7199861023622045
21
-4.3942569291338582
0
LINE
8
BLACK
6
CONTINUOUS
10
6.7199861023622045
20
-4.3942569291338582
11
6.721109921259842
21
-4.3932310629921263
0
LINE
8
BLACK
6
CONTINUOUS
10
6.721109921259842
20
-4.3932310629921263
11
6.7211246062992123
21
-4.393218937007874
0
LINE
8
BLACK
6
CONTINUOUS
10
6.7211246062992123
20
-4.393218937007874
11
6.7227120078740157
21
-4.3920295669291338
0
LINE
8
BLACK
6
CONTINUOUS
10
6.7227120078740157
20
-4.3920295669291338
11
6.72651468503937
21
-4.3889248425196845
0
LINE
8
BLACK
6
CONTINUOUS
10
6.72651468503937
20
-4.3889248425196845
11
6.7299088582677165
21
-4.3849678740157483
0
LINE
8
BLACK
6
CONTINUOUS
10
6.7299088582677165
20
-4.3849678740157483
11
6.7323912992125985
21
-4.3806164173228348
0
LINE
8
BLACK
6
CONTINUOUS
10
6.7323912992125985
20
-4.3806164173228348
11
6.7339480314960625
21
-4.375998622047244
0
LINE
8
BLACK
6
CONTINUOUS
10
6.7339480314960625
20
-4.375998622047244
11
6.7345646456692911
21
-4.3712418897637795
0
LINE
8
BLACK
6
CONTINUOUS
10
6.7345646456692911
20
-4.3712418897637795
11
6.734226181102362
21
-4.366475393700787
0
LINE
8
BLACK
6
CONTINUOUS
10
6.734226181102362
20
-4.366475393700787
11
6.7329174803149607
21
-4.3618257480314959
0
LINE
8
BLACK
6
CONTINUOUS
10
6.7329174803149607
20
-4.3618257480314959
11
6.7306230314960631
21
-4.3574211417322832
0
LINE
8
BLACK
6
CONTINUOUS
10
6.7306230314960631
20
-4.3574211417322832
11
6.7273223228346453
21
-4.3533839763779527
0
LINE
8
BLACK
6
CONTINUOUS
10
6.7273223228346453
20
-4.3533839763779527
11
6.7256115748031498
21
-4.3518210629921255
0
LINE
8
BLACK
6
CONTINUOUS
10
6.7256115748031498
20
-4.3518210629921255
11
6.7214896850393702
21
-4.3490420472440947
0
LINE
8
BLACK
6
CONTINUOUS
10
6.7214896850393702
20
-4.3490420472440947
11
6.71708531496063
21
-4.3472327952755903
0
LINE
8
BLACK
6
CONTINUOUS
10
6.71708531496063
20
-4.3472327952755903
11
6.7125213385826772
21
-4.3463463779527558
0
LINE
8
BLACK
6
CONTINUOUS
10
6.7125213385826772
20
-4.3463463779527558
11
6.7079254724409445
21
-4.3463396850393696
0
LINE
8
BLACK
6
CONTINUOUS
10
6.7079254724409445
20
-4.3463396850393696
11
6.7034269291338582
21
-4.3471701181102365
0
LINE
8
BLACK
6
CONTINUOUS
10
6.7034269291338582
20
-4.3471701181102365
11
6.6991549212598427
21
-4.3487945669291337
0
LINE
8
BLACK
6
CONTINUOUS
10
6.6991549212598427
20
-4.3487945669291337
11
6.695239212598425
21
-4.3511696062992122
0
LINE
8
BLACK
6
CONTINUOUS
10
6.695239212598425
20
-4.3511696062992122
11
6.6918084645669289
21
-4.3542517716535434
0
LINE
8
BLACK
6
CONTINUOUS
10
6.6918084645669289
20
-4.3542517716535434
11
6.6889912992125984
21
-4.3579977165354329
0
LINE
8
BLACK
6
CONTINUOUS
10
6.6889912992125984
20
-4.3579977165354329
11
6.6869156692913387
21
-4.3623651968503934
0
LINE
8
BLACK
6
CONTINUOUS
10
6.6869156692913387
20
-4.3623651968503934
11
6.6857087401574802
21
-4.3673182283464564
0
LINE
8
BLACK
6
CONTINUOUS
10
6.6857087401574802
20
-4.3673182283464564
11
6.6854883858267717
21
-4.3696927559055121
0
LINE
8
BLACK
6
CONTINUOUS
10
6.6854883858267717
20
-4.3696927559055121
11
6.6857930708661417
21
-4.3748639763779522
0
LINE
8
BLACK
6
CONTINUOUS
10
6.6857930708661417
20
-4.3748639763779522
11
6.6871635826771652
21
-4.3797639763779523
0
LINE
8
BLACK
6
CONTINUOUS
10
6.6871635826771652
20
-4.3797639763779523
11
6.6895603937007868
21
-4.3843140157480311
0
LINE
8
BLACK
6
CONTINUOUS
10
6.6895603937007868
20
-4.3843140157480311
11
6.6929449999999999
21
-4.3884289763779529
0
LINE
8
BLACK
6
CONTINUOUS
10
6.6929449999999999
20
-4.3884289763779529
11
6.6972879527559055
21
-4.3920295275590551
0
LINE
8
BLACK
6
CONTINUOUS
10
6.6972879527559055
20
-4.3920295275590551
11
6.6988158267716535
21
-4.3931701968503933
0
LINE
8
BLACK
6
CONTINUOUS
10
6.6988158267716535
20
-4.3931701968503933
11
6.6988300000000001
21
-4.3931818503937006
0
LINE
8
BLACK
6
CONTINUOUS
10
6.6988300000000001
20
-4.3931818503937006
11
6.6999785433070862
21
-4.3942189370078744
0
LINE
8
BLACK
6
CONTINUOUS
10
6.6999785433070862
20
-4.3942189370078744
11
6.700009803149606
21
-4.3942549212598427
0
LINE
8
BLACK
6
CONTINUOUS
10
6.700009803149606
20
-4.3942549212598427
11
6.7004488976377949
21
-4.3949056299212597
0
LINE
8
BLACK
6
CONTINUOUS
10
6.7004488976377949
20
-4.3949056299212597
11
6.7004789370078734
21
-4.395053267716535
0
LINE
8
BLACK
6
CONTINUOUS
10
6.7004789370078734
20
-4.395053267716535
11
6.7004738188976374
21
-4.3950738188976377
0
LINE
8
BLACK
6
CONTINUOUS
10
6.7004738188976374
20
-4.3950738188976377
11
6.7002987401574803
21
-4.3956411023622044
0
LINE
8
BLACK
6
CONTINUOUS
10
6.7002987401574803
20
-4.3956411023622044
11
6.7002949999999997
21
-4.3956519685039366
0
LINE
8
BLACK
6
CONTINUOUS
10
6.7002949999999997
20
-4.3956519685039366
11
6.6997268110236217
21
-4.3971718897637793
0
LINE
8
BLACK
6
CONTINUOUS
10
6.6997268110236217
20
-4.3971718897637793
11
6.699725787401575
21
-4.3971746062992123
0
LINE
8
BLACK
6
CONTINUOUS
10
6.699725787401575
20
-4.3971746062992123
11
6.6988122047244092
21
-4.3995126377952758
0
LINE
8
BLACK
6
CONTINUOUS
10
6.6988122047244092
20
-4.3995126377952758
11
6.6988116929133854
21
-4.3995139370078737
0
LINE
8
BLACK
6
CONTINUOUS
10
6.6988116929133854
20
-4.3995139370078737
11
6.6976022047244097
21
-4.4025459842519687
0
LINE
8
BLACK
6
CONTINUOUS
10
6.6976022047244097
20
-4.4025459842519687
11
6.6976018897637797
21
-4.4025468110236217
0
LINE
8
BLACK
6
CONTINUOUS
10
6.6976018897637797
20
-4.4025468110236217
11
6.6961460629921259
21
-4.4061487007874014
0
LINE
8
BLACK
6
CONTINUOUS
10
6.6961460629921259
20
-4.4061487007874014
11
6.6961457874015746
21
-4.4061493307086614
0
LINE
8
BLACK
6
CONTINUOUS
10
6.6961457874015746
20
-4.4061493307086614
11
6.6944931102362206
21
-4.4101970866141729
0
LINE
8
BLACK
6
CONTINUOUS
10
6.6944931102362206
20
-4.4101970866141729
11
6.6944928740157481
21
-4.4101976377952754
0
LINE
8
BLACK
6
CONTINUOUS
10
6.6944928740157481
20
-4.4101976377952754
11
6.6926929527559054
21
-4.414567165354331
0
LINE
8
BLACK
6
CONTINUOUS
10
6.6926929527559054
20
-4.414567165354331
11
6.6926928346456691
21
-4.4145674409448814
0
LINE
8
BLACK
6
CONTINUOUS
10
6.6926928346456691
20
-4.4145674409448814
11
6.6910550393700783
21
-4.4185268503937003
0
LINE
8
BLACK
6
CONTINUOUS
10
6.6910550393700783
20
-4.4185268503937003
11
6.691055078740157
21
-4.4185268897637791
0
LINE
8
BLACK
6
CONTINUOUS
10
6.691055078740157
20
-4.4185268897637791
11
6.6893638976377954
21
-4.4226164566929134
0
LINE
8
BLACK
6
CONTINUOUS
10
6.6893638976377954
20
-4.4226164566929134
11
6.6878523622047243
21
-4.4262727952755903
0
LINE
8
BLACK
6
CONTINUOUS
10
6.6878523622047243
20
-4.4262727952755903
11
6.6865718897637798
21
-4.4293714566929134
0
LINE
8
BLACK
6
CONTINUOUS
10
6.6865718897637798
20
-4.4293714566929134
11
6.6855739763779525
21
-4.4317875984251964
0
LINE
8
BLACK
6
CONTINUOUS
10
6.6855739763779525
20
-4.4317875984251964
11
6.6855740157480312
21
-4.4317876377952752
0
LINE
8
BLACK
6
CONTINUOUS
10
6.6855740157480312
20
-4.4317876377952752
11
6.6849101181102357
21
-4.433397086614173
0
LINE
8
BLACK
6
CONTINUOUS
10
6.6849101181102357
20
-4.433397086614173
11
6.6846324015748033
21
-4.4340733858267711
0
LINE
8
BLACK
6
CONTINUOUS
10
6.6846324015748033
20
-4.4340733858267711
11
6.6846324409448821
21
-4.4340734251968499
0
LINE
8
BLACK
6
CONTINUOUS
10
6.6846324409448821
20
-4.4340734251968499
11
6.6846292125984252
21
-4.4340814566929136
0
LINE
8
BLACK
6
CONTINUOUS
10
6.6846292125984252
20
-4.4340814566929136
11
6.6845876771653545
21
-4.4341452755905513
0
LINE
8
BLACK
6
CONTINUOUS
10
6.6845876771653545
20
-4.4341452755905513
11
6.684030787401575
21
-4.4347177559055115
0
LINE
8
BLACK
6
CONTINUOUS
10
6.684030787401575
20
-4.4347177559055115
11
6.6838924015748029
21
-4.4347773622047244
0
LINE
8
BLACK
6
CONTINUOUS
10
6.6838924015748029
20
-4.4347773622047244
11
6.6838884645669294
21
-4.4347773622047244
0
LINE
8
BLACK
6
CONTINUOUS
10
6.6838884645669294
20
-4.4347773622047244
11
6.6828199999999995
21
-4.4347708267716532
0
LINE
8
BLACK
6
CONTINUOUS
10
6.6828199999999995
20
-4.4347708267716532
11
6.6827547637795277
21
-4.4347592519685035
0
LINE
8
BLACK
6
CONTINUOUS
10
6.6827547637795277
20
-4.4347592519685035
11
6.6810368110236222
21
-4.4341430314960633
0
LINE
8
BLACK
6
CONTINUOUS
10
6.6810368110236222
20
-4.4341430314960633
11
6.6810150393700782
21
-4.4341337007874015
0
LINE
8
BLACK
6
CONTINUOUS
10
6.6810150393700782
20
-4.4341337007874015
11
6.6785097244094489
21
-4.4328772440944881
0
LINE
8
BLACK
6
CONTINUOUS
10
6.6785097244094489
20
-4.4328772440944881
11
6.6785048818897632
21
-4.4328747637795276
0
LINE
8
BLACK
6
CONTINUOUS
10
6.6785048818897632
20
-4.4328747637795276
11
6.6783084251968505
21
-4.4327693700787405
0
LINE
8
BLACK
6
CONTINUOUS
10
6.6783084251968505
20
-4.4327693700787405
11
6.6764547637795273
21
-4.431820984251968
0
LINE
8
BLACK
6
CONTINUOUS
10
6.6764547637795273
20
-4.431820984251968
11
6.6749991338582673
21
-4.4311534251968503
0
LINE
8
BLACK
6
CONTINUOUS
10
6.6749991338582673
20
-4.4311534251968503
11
6.6743098818897639
21
-4.4309259448818894
0
LINE
8
BLACK
6
CONTINUOUS
10
6.6743098818897639
20
-4.4309259448818894
11
6.6737546850393699
21
-4.431190157480315
0
LINE
8
BLACK
6
CONTINUOUS
10
6.6737546850393699
20
-4.431190157480315
11
6.67234531496063
21
-4.4320367716535429
0
LINE
8
BLACK
6
CONTINUOUS
10
6.67234531496063
20
-4.4320367716535429
11
6.670308661417323
21
-4.4333348425196846
0
LINE
8
BLACK
6
CONTINUOUS
10
6.670308661417323
20
-4.4333348425196846
11
6.6678047244094483
21
-4.4349825196850396
0
LINE
8
BLACK
6
CONTINUOUS
10
6.6678047244094483
20
-4.4349825196850396
11
6.6649942913385827
21
-4.436877519685039
0
LINE
8
BLACK
6
CONTINUOUS
10
6.6649942913385827
20
-4.436877519685039
11
6.6649939370078739
21
-4.4368777559055115
0
LINE
8
BLACK
6
CONTINUOUS
10
6.6649939370078739
20
-4.4368777559055115
11
6.6622248031496065
21
-4.438735551181102
0
LINE
8
BLACK
6
CONTINUOUS
10
6.6622248031496065
20
-4.438735551181102
11
6.6622221259842522
21
-4.4387373228346458
0
LINE
8
BLACK
6
CONTINUOUS
10
6.6622221259842522
20
-4.4387373228346458
11
6.6596609448818898
21
-4.440396220472441
0
LINE
8
BLACK
6
CONTINUOUS
10
6.6596609448818898
20
-4.440396220472441
11
6.6596574803149604
21
-4.4403983858267715
0
LINE
8
BLACK
6
CONTINUOUS
10
6.6596574803149604
20
-4.4403983858267715
11
6.6575374015748032
21
-4.4417098425196846
0
LINE
8
BLACK
6
CONTINUOUS
10
6.6575374015748032
20
-4.4417098425196846
11
6.6575312598425196
21
-4.4417135039370077
0
LINE
8
BLACK
6
CONTINUOUS
10
6.6575312598425196
20
-4.4417135039370077
11
6.6560176377952756
21
-4.4425753543307085
0
LINE
8
BLACK
6
CONTINUOUS
10
6.6560176377952756
20
-4.4425753543307085
11
6.6559961417322837
21
-4.4425859055118107
0
LINE
8
BLACK
6
CONTINUOUS
10
6.6559961417322837
20
-4.4425859055118107
11
6.6552544094488191
21
-4.4428959055118113
0
LINE
8
BLACK
6
CONTINUOUS
10
6.6552544094488191
20
-4.4428959055118113
11
6.6551199212598426
21
-4.4429022440944879
0
LINE
8
BLACK
6
CONTINUOUS
10
6.6551199212598426
20
-4.4429022440944879
11
6.6549935826771653
21
-4.4428628740157476
0
LINE
8
BLACK
6
CONTINUOUS
10
6.6549935826771653
20
-4.4428628740157476
11
6.6549388188976373
21
-4.4428358661417322
0
LINE
8
BLACK
6
CONTINUOUS
10
6.6549388188976373
20
-4.4428358661417322
11
6.6540580708661414
21
-4.4422154330708663
0
LINE
8
BLACK
6
CONTINUOUS
10
6.6540580708661414
20
-4.4422154330708663
11
6.6540437795275587
21
-4.4422043700787404
0
LINE
8
BLACK
6
CONTINUOUS
10
6.6540437795275587
20
-4.4422043700787404
11
6.6525390157480313
21
-4.4409228346456695
0
LINE
8
BLACK
6
CONTINUOUS
10
6.6525390157480313
20
-4.4409228346456695
11
6.652533937007874
21
-4.4409183464566926
0
LINE
8
BLACK
6
CONTINUOUS
10
6.652533937007874
20
-4.4409183464566926
11
6.6505374015748027
21
-4.4390955118110238
0
LINE
8
BLACK
6
CONTINUOUS
10
6.6505374015748027
20
-4.4390955118110238
11
6.6505343307086608
21
-4.4390926377952757
0
LINE
8
BLACK
6
CONTINUOUS
10
6.6505343307086608
20
-4.4390926377952757
11
6.6481784251968499
21
-4.4368482677165355
0
LINE
8
BLACK
6
CONTINUOUS
10
6.6481784251968499
20
-4.4368482677165355
11
6.6481760236220468
21
-4.43684594488189
0
LINE
8
BLACK
6
CONTINUOUS
10
6.6481760236220468
20
-4.43684594488189
11
6.645592952755905
21
-4.4342999606299216
0
LINE
8
BLACK
6
CONTINUOUS
10
6.645592952755905
20
-4.4342999606299216
11
6.6455918503937008
21
-4.4342988582677165
0
LINE
8
BLACK
6
CONTINUOUS
10
6.6455918503937008
20
-4.4342988582677165
11
6.6370515748031496
21
-4.4257442913385825
0
LINE
8
BLACK
6
CONTINUOUS
10
6.6370515748031496
20
-4.4257442913385825
11
6.6369940157480309
21
-4.4256050393700788
0
LINE
8
BLACK
6
CONTINUOUS
10
6.6369940157480309
20
-4.4256050393700788
11
6.6370280708661413
21
-4.4254945275590547
0
LINE
8
BLACK
6
CONTINUOUS
10
6.6370280708661413
20
-4.4254945275590547
11
6.6436797637795273
21
-4.4157103149606298
0
LINE
8
BLACK
6
CONTINUOUS
10
6.6436797637795273
20
-4.4157103149606298
11
6.6502687401574798
21
-4.4060181889763781
0
LINE
8
BLACK
6
CONTINUOUS
10
6.6502687401574798
20
-4.4060181889763781
11
6.6482930708661412
21
-4.4017438188976374
0
LINE
8
BLACK
6
CONTINUOUS
10
6.6482930708661412
20
-4.4017438188976374
11
6.6482930708661412
21
-4.4017437795275587
0
LINE
8
BLACK
6
CONTINUOUS
10
6.6482930708661412
20
-4.4017437795275587
11
6.6482870866141734
21
-4.4017308267716535
0
LINE
8
BLACK
6
CONTINUOUS
10
6.6482870866141734
20
-4.4017308267716535
11
6.6482853149606296
21
-4.4017268503937004
0
LINE
8
BLACK
6
CONTINUOUS
10
6.6482853149606296
20
-4.4017268503937004
11
6.6470708267716532
21
-4.3989375590551179
0
LINE
8
BLACK
6
CONTINUOUS
10
6.6470708267716532
20
-4.3989375590551179
11
6.6470685039370077
21
-4.3989320078740155
0
LINE
8
BLACK
6
CONTINUOUS
10
6.6470685039370077
20
-4.3989320078740155
11
6.6458274803149608
21
-4.3958259055118107
0
LINE
8
BLACK
6
CONTINUOUS
10
6.6458274803149608
20
-4.3958259055118107
11
6.6458252362204719
21
-4.3958200787401571
0
LINE
8
BLACK
6
CONTINUOUS
10
6.6458252362204719
20
-4.3958200787401571
11
6.6448254330708663
21
-4.3930672047244093
0
LINE
8
BLACK
6
CONTINUOUS
10
6.6448254330708663
20
-4.3930672047244093
11
6.6448241338582674
21
-4.3930635039370074
0
LINE
8
BLACK
6
CONTINUOUS
10
6.6448241338582674
20
-4.3930635039370074
11
6.6446733464566927
21
-4.3926210236220475
0
LINE
8
BLACK
6
CONTINUOUS
10
6.6446733464566927
20
-4.3926210236220475
11
6.6439134645669293
21
-4.3905678346456689
0
LINE
8
BLACK
6
CONTINUOUS
10
6.6439134645669293
20
-4.3905678346456689
11
6.6432322047244092
21
-4.3889815748031493
0
LINE
8
BLACK
6
CONTINUOUS
10
6.6432322047244092
20
-4.3889815748031493
11
6.6427839763779524
21
-4.3882092913385824
0
LINE
8
BLACK
6
CONTINUOUS
10
6.6427839763779524
20
-4.3882092913385824
11
6.6426506692913385
21
-4.3881296456692915
0
LINE
8
BLACK
6
CONTINUOUS
10
6.6426506692913385
20
-4.3881296456692915
11
6.6415049606299208
21
-4.3877470866141728
0
LINE
8
BLACK
6
CONTINUOUS
10
6.6415049606299208
20
-4.3877470866141728
11
6.6395232283464569
21
-4.3872429133858271
0
LINE
8
BLACK
6
CONTINUOUS
10
6.6395232283464569
20
-4.3872429133858271
11
6.6369355905511807
21
-4.3866750393700791
0
LINE
8
BLACK
6
CONTINUOUS
10
6.6369355905511807
20
-4.3866750393700791
11
6.6339628346456694
21
-4.3860970078740156
0
LINE
8
BLACK
6
CONTINUOUS
10
6.6339628346456694
20
-4.3860970078740156
11
6.6330731102362206
21
-4.3859341732283461
0
LINE
8
BLACK
6
CONTINUOUS
10
6.6330731102362206
20
-4.3859341732283461
11
6.6330728740157481
21
-4.3859341338582674
0
LINE
8
BLACK
6
CONTINUOUS
10
6.6330728740157481
20
-4.3859341338582674
11
6.6298477165354326
21
-4.385339881889764
0
LINE
8
BLACK
6
CONTINUOUS
10
6.6298477165354326
20
-4.385339881889764
11
6.6298474015748026
21
-4.3853398425196852
0
LINE
8
BLACK
6
CONTINUOUS
10
6.6298474015748026
20
-4.3853398425196852
11
6.6268380314960629
21
-4.3847801181102364
0
LINE
8
BLACK
6
CONTINUOUS
10
6.6268380314960629
20
-4.3847801181102364
11
6.6268375984251966
21
-4.3847800393700789
0
LINE
8
BLACK
6
CONTINUOUS
10
6.6268375984251966
20
-4.3847800393700789
11
6.6243469291338579
21
-4.3843113779527556
0
LINE
8
BLACK
6
CONTINUOUS
10
6.6243469291338579
20
-4.3843113779527556
11
6.6243461417322838
21
-4.3843112204724406
0
LINE
8
BLACK
6
CONTINUOUS
10
6.6243461417322838
20
-4.3843112204724406
11
6.6226770866141731
21
-4.3839901181102361
0
LINE
8
BLACK
6
CONTINUOUS
10
6.6226770866141731
20
-4.3839901181102361
11
6.6226761811023618
21
-4.3839899212598423
0
LINE
8
BLACK
6
CONTINUOUS
10
6.6226761811023618
20
-4.3839899212598423
11
6.6196761811023617
21
-4.3833977952755907
0
LINE
8
BLACK
6
CONTINUOUS
10
6.6196761811023617
20
-4.3833977952755907
11
6.6195507874015744
21
-4.383314291338583
0
LINE
8
BLACK
6
CONTINUOUS
10
6.6195507874015744
20
-4.383314291338583
11
6.6195174409448816
21
-4.3832046850393702
0
LINE
8
BLACK
6
CONTINUOUS
10
6.6195174409448816
20
-4.3832046850393702
11
6.6195174409448816
21
-4.3707122047244091
0
LINE
8
BLACK
6
CONTINUOUS
10
6.6195174409448816
20
-4.3707122047244091
11
6.6195181102362204
21
-4.3691761417322832
0
LINE
8
BLACK
6
CONTINUOUS
10
6.6195181102362204
20
-4.3691761417322832
11
6.6195181102362204
21
-4.3691755511811019
0
LINE
8
BLACK
6
CONTINUOUS
10
6.6195181102362204
20
-4.3691755511811019
11
6.6195307874015743
21
-4.3654281496062994
0
LINE
8
BLACK
6
CONTINUOUS
10
6.6195307874015743
20
-4.3654281496062994
11
6.6195307874015743
21
-4.3654261811023618
0
LINE
8
BLACK
6
CONTINUOUS
10
6.6195307874015743
20
-4.3654261811023618
11
6.6195682283464565
21
-4.3626294488188977
0
LINE
8
BLACK
6
CONTINUOUS
10
6.6195682283464565
20
-4.3626294488188977
11
6.6195683464566928
21
-4.3626248425196845
0
LINE
8
BLACK
6
CONTINUOUS
10
6.6195683464566928
20
-4.3626248425196845
11
6.6196416929133859
21
-4.3606358267716532
0
LINE
8
BLACK
6
CONTINUOUS
10
6.6196416929133859
20
-4.3606358267716532
11
6.6196424015748034
21
-4.3606252362204723
0
LINE
8
BLACK
6
CONTINUOUS
10
6.6196424015748034
20
-4.3606252362204723
11
6.6197628346456687
21
-4.3593009842519681
0
LINE
8
BLACK
6
CONTINUOUS
10
6.6197628346456687
20
-4.3593009842519681
11
6.6197667322834643
21
-4.3592760236220469
0
LINE
8
BLACK
6
CONTINUOUS
10
6.6197667322834643
20
-4.3592760236220469
11
6.6199454330708658
21
-4.3584736614173227
0
LINE
8
BLACK
6
CONTINUOUS
10
6.6199454330708658
20
-4.3584736614173227
11
6.6199677165354327
21
-4.3584169685039367
0
LINE
8
BLACK
6
CONTINUOUS
10
6.6199677165354327
20
-4.3584169685039367
11
6.620215787401575
21
-4.3579935039370081
0
LINE
8
BLACK
6
CONTINUOUS
10
6.620215787401575
20
-4.3579935039370081
11
6.6202880708661418
21
-4.3579220078740155
0
LINE
8
BLACK
6
CONTINUOUS
10
6.6202880708661418
20
-4.3579220078740155
11
6.6206167322834641
21
-4.3577344881889761
0
LINE
8
BLACK
6
CONTINUOUS
10
6.6206167322834641
20
-4.3577344881889761
11
6.6206685826771654
21
-4.357714015748031
0
LINE
8
BLACK
6
CONTINUOUS
10
6.6206685826771654
20
-4.357714015748031
11
6.6209867322834643
21
-4.357638070866142
0
LINE
8
BLACK
6
CONTINUOUS
10
6.6209867322834643
20
-4.357638070866142
11
6.6209925196850392
21
-4.3576367716535431
0
LINE
8
BLACK
6
CONTINUOUS
10
6.6209925196850392
20
-4.3576367716535431
11
6.6222896850393695
21
-4.3573680708661415
0
LINE
8
BLACK
6
CONTINUOUS
10
6.6222896850393695
20
-4.3573680708661415
11
6.6222912992125984
21
-4.3573677165354328
0
LINE
8
BLACK
6
CONTINUOUS
10
6.6222912992125984
20
-4.3573677165354328
11
6.6243607480314957
21
-4.3569573622047244
0
LINE
8
BLACK
6
CONTINUOUS
10
6.6243607480314957
20
-4.3569573622047244
11
6.6243614566929132
21
-4.3569572440944881
0
LINE
8
BLACK
6
CONTINUOUS
10
6.6243614566929132
20
-4.3569572440944881
11
6.6269926771653545
21
-4.3564452755905512
0
LINE
8
BLACK
6
CONTINUOUS
10
6.6269926771653545
20
-4.3564452755905512
11
6.6269931102362207
21
-4.3564451968503937
0
LINE
8
BLACK
6
CONTINUOUS
10
6.6269931102362207
20
-4.3564451968503937
11
6.6299757480314963
21
-4.3558716141732283
0
LINE
8
BLACK
6
CONTINUOUS
10
6.6299757480314963
20
-4.3558716141732283
11
6.6299760629921263
21
-4.3558715354330708
0
LINE
8
BLACK
6
CONTINUOUS
10
6.6299760629921263
20
-4.3558715354330708
11
6.6330995669291335
21
-4.3552764173228349
0
LINE
8
BLACK
6
CONTINUOUS
10
6.6330995669291335
20
-4.3552764173228349
11
6.6330998818897635
21
-4.3552763779527561
0
LINE
8
BLACK
6
CONTINUOUS
10
6.6330998818897635
20
-4.3552763779527561
11
6.6361538976377954
21
-4.3546996850393702
0
LINE
8
BLACK
6
CONTINUOUS
10
6.6361538976377954
20
-4.3546996850393702
11
6.6361542913385829
21
-4.3546996062992127
0
LINE
8
BLACK
6
CONTINUOUS
10
6.6361542913385829
20
-4.3546996062992127
11
6.6389283464566926
21
-4.3541814173228346
0
LINE
8
BLACK
6
CONTINUOUS
10
6.6389283464566926
20
-4.3541814173228346
11
6.6389288976377951
21
-4.3541812992125983
0
LINE
8
BLACK
6
CONTINUOUS
10
6.6389288976377951
20
-4.3541812992125983
11
6.6412125196850393
21
-4.3537616141732283
0
LINE
8
BLACK
6
CONTINUOUS
10
6.6412125196850393
20
-4.3537616141732283
11
6.6412136614173223
21
-4.3537614173228345
0
LINE
8
BLACK
6
CONTINUOUS
10
6.6412136614173223
20
-4.3537614173228345
11
6.6427964173228347
21
-4.3534802362204728
0
LINE
8
BLACK
6
CONTINUOUS
10
6.6427964173228347
20
-4.3534802362204728
11
6.6428011023622044
21
-4.3534794488188977
0
LINE
8
BLACK
6
CONTINUOUS
10
6.6428011023622044
20
-4.3534794488188977
11
6.643385708661417
21
-4.3533900787401576
0
LINE
8
BLACK
6
CONTINUOUS
10
6.643385708661417
20
-4.3533900787401576
11
6.6437322834645665
21
-4.3526268110236224
0
LINE
8
BLACK
6
CONTINUOUS
10
6.6437322834645665
20
-4.3526268110236224
11
6.6443613385826774
21
-4.3510951181102362
0
LINE
8
BLACK
6
CONTINUOUS
10
6.6443613385826774
20
-4.3510951181102362
11
6.6451567322834642
21
-4.3490708661417319
0
LINE
8
BLACK
6
CONTINUOUS
10
6.6451567322834642
20
-4.3490708661417319
11
6.6451574803149605
21
-4.3490690157480314
0
LINE
8
BLACK
6
CONTINUOUS
10
6.6451574803149605
20
-4.3490690157480314
11
6.6462612992125987
21
-4.3463416141732285
0
LINE
8
BLACK
6
CONTINUOUS
10
6.6462612992125987
20
-4.3463416141732285
11
6.6462629921259841
21
-4.3463375590551179
0
LINE
8
BLACK
6
CONTINUOUS
10
6.6462629921259841
20
-4.3463375590551179
11
6.6476218110236216
21
-4.3431854724409451
0
LINE
8
BLACK
6
CONTINUOUS
10
6.6476218110236216
20
-4.3431854724409451
11
6.647623661417323
21
-4.343181338582677
0
LINE
8
BLACK
6
CONTINUOUS
10
6.647623661417323
20
-4.343181338582677
11
6.6488973622047238
21
-4.3404033070866141
0
LINE
8
BLACK
6
CONTINUOUS
10
6.6488973622047238
20
-4.3404033070866141
11
6.6488980314960626
21
-4.3404018897637791
0
LINE
8
BLACK
6
CONTINUOUS
10
6.6488980314960626
20
-4.3404018897637791
11
6.6491880314960632
21
-4.3397823228346457
0
LINE
8
BLACK
6
CONTINUOUS
10
6.6491880314960632
20
-4.3397823228346457
11
6.6500025590551184
21
-4.3378403937007874
0
LINE
8
BLACK
6
CONTINUOUS
10
6.6500025590551184
20
-4.3378403937007874
11
6.6504836220472443
21
-4.3363638976377956
0
LINE
8
BLACK
6
CONTINUOUS
10
6.6504836220472443
20
-4.3363638976377956
11
6.6505411023622045
21
-4.3356758661417318
0
LINE
8
BLACK
6
CONTINUOUS
10
6.6505411023622045
20
-4.3356758661417318
11
6.6500154330708661
21
-4.3348740157480314
0
LINE
8
BLACK
6
CONTINUOUS
10
6.6500154330708661
20
-4.3348740157480314
11
6.6489646850393695
21
-4.3333035433070863
0
LINE
8
BLACK
6
CONTINUOUS
10
6.6489646850393695
20
-4.3333035433070863
11
6.6474957480314956
21
-4.3311233858267713
0
LINE
8
BLACK
6
CONTINUOUS
10
6.6474957480314956
20
-4.3311233858267713
11
6.6474957480314956
21
-4.3311233464566925
0
LINE
8
BLACK
6
CONTINUOUS
10
6.6474957480314956
20
-4.3311233464566925
11
6.6457124803149608
21
-4.3284875984251965
0
LINE
8
BLACK
6
CONTINUOUS
10
6.6457124803149608
20
-4.3284875984251965
11
6.643717125984252
21
-4.3255482283464568
0
LINE
8
BLACK
6
CONTINUOUS
10
6.643717125984252
20
-4.3255482283464568
11
6.6437166929133857
21
-4.3255475984251968
0
LINE
8
BLACK
6
CONTINUOUS
10
6.6437166929133857
20
-4.3255475984251968
11
6.6414683858267711
21
-4.3222080314960625
0
LINE
8
BLACK
6
CONTINUOUS
10
6.6414683858267711
20
-4.3222080314960625
11
6.6414666535433069
21
-4.3222053937007869
0
LINE
8
BLACK
6
CONTINUOUS
10
6.6414666535433069
20
-4.3222053937007869
11
6.6397801181102363
21
-4.3196112204724413
0
LINE
8
BLACK
6
CONTINUOUS
10
6.6397801181102363
20
-4.3196112204724413
11
6.6397766141732282
21
-4.3196055905511814
0
LINE
8
BLACK
6
CONTINUOUS
10
6.6397766141732282
20
-4.3196055905511814
11
6.6386290944881887
21
-4.3177031496062988
0
LINE
8
BLACK
6
CONTINUOUS
10
6.6386290944881887
20
-4.3177031496062988
11
6.6386221259842522
21
-4.3176906692913386
0
LINE
8
BLACK
6
CONTINUOUS
10
6.6386221259842522
20
-4.3176906692913386
11
6.6379472047244095
21
-4.3163621259842522
0
LINE
8
BLACK
6
CONTINUOUS
10
6.6379472047244095
20
-4.3163621259842522
11
6.6379345669291334
21
-4.3163308661417323
0
LINE
8
BLACK
6
CONTINUOUS
10
6.6379345669291334
20
-4.3163308661417323
11
6.6376659842519681
21
-4.3154583858267719
0
LINE
8
BLACK
6
CONTINUOUS
10
6.6376659842519681
20
-4.3154583858267719
11
6.6376590157480315
21
-4.3153744488188979
0
LINE
8
BLACK
6
CONTINUOUS
10
6.6376590157480315
20
-4.3153744488188979
11
6.6377303149606295
21
-4.314840196850394
0
LINE
8
BLACK
6
CONTINUOUS
10
6.6377303149606295
20
-4.314840196850394
11
6.637756496062992
21
-4.3147651574803145
0
LINE
8
BLACK
6
CONTINUOUS
10
6.637756496062992
20
-4.3147651574803145
11
6.6377804724409444
21
-4.3147250787401576
0
LINE
8
BLACK
6
CONTINUOUS
10
6.6377804724409444
20
-4.3147250787401576
11
6.637797834645669
21
-4.3147005511811019
0
LINE
8
BLACK
6
CONTINUOUS
10
6.637797834645669
20
-4.3147005511811019
11
6.6384427952755907
21
-4.3139220472440947
0
LINE
8
BLACK
6
CONTINUOUS
10
6.6384427952755907
20
-4.3139220472440947
11
6.6384499999999997
21
-4.313913818897638
0
LINE
8
BLACK
6
CONTINUOUS
10
6.6384499999999997
20
-4.313913818897638
11
6.6397648818897634
21
-4.3124951181102364
0
LINE
8
BLACK
6
CONTINUOUS
10
6.6397648818897634
20
-4.3124951181102364
11
6.639767519685039
21
-4.3124923228346459
0
LINE
8
BLACK
6
CONTINUOUS
10
6.639767519685039
20
-4.3124923228346459
11
6.6416169685039366
21
-4.31057405511811
0
LINE
8
BLACK
6
CONTINUOUS
10
6.6416169685039366
20
-4.31057405511811
11
6.6416186220472442
21
-4.3105723622047245
0
LINE
8
BLACK
6
CONTINUOUS
10
6.6416186220472442
20
-4.3105723622047245
11
6.6438672440944879
21
-4.3082952362204727
0
LINE
8
BLACK
6
CONTINUOUS
10
6.6438672440944879
20
-4.3082952362204727
11
6.6438685826771655
21
-4.3082938582677164
0
LINE
8
BLACK
6
CONTINUOUS
10
6.6438685826771655
20
-4.3082938582677164
11
6.6463810629921261
21
-4.3057983858267717
0
LINE
8
BLACK
6
CONTINUOUS
10
6.6463810629921261
20
-4.3057983858267717
11
6.6463826377952753
21
-4.3057968897637791
0
LINE
8
BLACK
6
CONTINUOUS
10
6.6463826377952753
20
-4.3057968897637791
11
6.6489888976377953
21
-4.3032645275590546
0
LINE
8
BLACK
6
CONTINUOUS
10
6.6489888976377953
20
-4.3032645275590546
11
6.6489918110236221
21
-4.3032617322834641
0
LINE
8
BLACK
6
CONTINUOUS
10
6.6489918110236221
20
-4.3032617322834641
11
6.6515448031496058
21
-4.300881496062992
0
LINE
8
BLACK
6
CONTINUOUS
10
6.6515448031496058
20
-4.300881496062992
11
6.651551023622047
21
-4.3008759448818896
0
LINE
8
BLACK
6
CONTINUOUS
10
6.651551023622047
20
-4.3008759448818896
11
6.6534270472440946
21
-4.2992699606299212
0
LINE
8
BLACK
6
CONTINUOUS
10
6.6534270472440946
20
-4.2992699606299212
11
6.6534422440944878
21
-4.2992581889763777
0
LINE
8
BLACK
6
CONTINUOUS
10
6.6534422440944878
20
-4.2992581889763777
11
6.654689921259842
21
-4.2983853149606297
0
LINE
8
BLACK
6
CONTINUOUS
10
6.654689921259842
20
-4.2983853149606297
11
6.6547512992125979
21
-4.2983566141732279
0
LINE
8
BLACK
6
CONTINUOUS
10
6.6547512992125979
20
-4.2983566141732279
11
6.6554193307086615
21
-4.2981757086614172
0
LINE
8
BLACK
6
CONTINUOUS
10
6.6554193307086615
20
-4.2981757086614172
11
6.6555538582677167
21
-4.2981872440944882
0
LINE
8
BLACK
6
CONTINUOUS
10
6.6555538582677167
20
-4.2981872440944882
11
6.6556411417322829
21
-4.2982278740157476
0
LINE
8
BLACK
6
CONTINUOUS
10
6.6556411417322829
20
-4.2982278740157476
11
6.6556588582677163
21
-4.298237244094488
0
LINE
8
BLACK
6
CONTINUOUS
10
6.6556588582677163
20
-4.298237244094488
11
6.6565781102362207
21
-4.2987851181102359
0
LINE
8
BLACK
6
CONTINUOUS
10
6.6565781102362207
20
-4.2987851181102359
11
6.6565836220472443
21
-4.2987885433070865
0
LINE
8
BLACK
6
CONTINUOUS
10
6.6565836220472443
20
-4.2987885433070865
11
6.6582524409448816
21
-4.2998591338582672
0
LINE
8
BLACK
6
CONTINUOUS
10
6.6582524409448816
20
-4.2998591338582672
11
6.6582544488188971
21
-4.2998604330708661
0
LINE
8
BLACK
6
CONTINUOUS
10
6.6582544488188971
20
-4.2998604330708661
11
6.6605165354330707
21
-4.3013509448818894
0
LINE
8
BLACK
6
CONTINUOUS
10
6.6605165354330707
20
-4.3013509448818894
11
6.660517755905512
21
-4.3013517716535432
0
LINE
8
BLACK
6
CONTINUOUS
10
6.660517755905512
20
-4.3013517716535432
11
6.6632167322834643
21
-4.3031594094488188
0
LINE
8
BLACK
6
CONTINUOUS
10
6.6632167322834643
20
-4.3031594094488188
11
6.6632177559055119
21
-4.3031600787401576
0
LINE
8
BLACK
6
CONTINUOUS
10
6.6632177559055119
20
-4.3031600787401576
11
6.6661972047244094
21
-4.3051820078740155
0
LINE
8
BLACK
6
CONTINUOUS
10
6.6661972047244094
20
-4.3051820078740155
11
6.6661976771653544
21
-4.3051823228346455
0
LINE
8
BLACK
6
CONTINUOUS
10
6.6661976771653544
20
-4.3051823228346455
11
6.6758186614173223
21
-4.3117523622047242
0
LINE
8
BLACK
6
CONTINUOUS
10
6.6758186614173223
20
-4.3117523622047242
11
6.6801039370078739
21
-4.3098074409448817
0
LINE
8
BLACK
6
CONTINUOUS
10
6.6801039370078739
20
-4.3098074409448817
11
6.6801040944881889
21
-4.3098073622047242
0
LINE
8
BLACK
6
CONTINUOUS
10
6.6801040944881889
20
-4.3098073622047242
11
6.6802315354330704
21
-4.3097496850393702
0
LINE
8
BLACK
6
CONTINUOUS
10
6.6802315354330704
20
-4.3097496850393702
11
6.6802344488188972
21
-4.3097483858267713
0
LINE
8
BLACK
6
CONTINUOUS
10
6.6802344488188972
20
-4.3097483858267713
11
6.6829273622047243
21
-4.3085817716535431
0
LINE
8
BLACK
6
CONTINUOUS
10
6.6829273622047243
20
-4.3085817716535431
11
6.682931574803149
21
-4.3085800393700788
0
LINE
8
BLACK
6
CONTINUOUS
10
6.682931574803149
20
-4.3085800393700788
11
6.6857884251968507
21
-4.3074197244094483
0
LINE
8
BLACK
6
CONTINUOUS
10
6.6857884251968507
20
-4.3074197244094483
11
6.6857932283464567
21
-4.3074178346456691
0
LINE
8
BLACK
6
CONTINUOUS
10
6.6857932283464567
20
-4.3074178346456691
11
6.6882164566929134
21
-4.306507007874016
0
LINE
8
BLACK
6
CONTINUOUS
10
6.6882164566929134
20
-4.306507007874016
11
6.6882201968503932
21
-4.3065056299212596
0
LINE
8
BLACK
6
CONTINUOUS
10
6.6882201968503932
20
-4.3065056299212596
11
6.6882309055118112
21
-4.3065018503937003
0
LINE
8
BLACK
6
CONTINUOUS
10
6.6882309055118112
20
-4.3065018503937003
11
6.6901489763779525
21
-4.3057994094488192
0
LINE
8
BLACK
6
CONTINUOUS
10
6.6901489763779525
20
-4.3057994094488192
11
6.691620866141732
21
-4.305208031496063
0
LINE
8
BLACK
6
CONTINUOUS
10
6.691620866141732
20
-4.305208031496063
11
6.6922674409448817
21
-4.3048866535433072
0
LINE
8
BLACK
6
CONTINUOUS
10
6.6922674409448817
20
-4.3048866535433072
11
6.6924856692913384
21
-4.3042322047244097
0
LINE
8
BLACK
6
CONTINUOUS
10
6.6924856692913384
20
-4.3042322047244097
11
6.6928842519685041
21
-4.3025805511811024
0
LINE
8
BLACK
6
CONTINUOUS
10
6.6928842519685041
20
-4.3025805511811024
11
6.6934039370078739
21
-4.3001670866141728
0
LINE
8
BLACK
6
CONTINUOUS
10
6.6934039370078739
20
-4.3001670866141728
11
6.6940034645669293
21
-4.2971812992125979
0
LINE
8
BLACK
6
CONTINUOUS
10
6.6940034645669293
20
-4.2971812992125979
11
6.6946442519685041
21
-4.2938018897637793
0
LINE
8
BLACK
6
CONTINUOUS
10
6.6946442519685041
20
-4.2938018897637793
11
6.6946666141732285
21
-4.2936806692913381
0
LINE
8
BLACK
6
CONTINUOUS
10
6.6946666141732285
20
-4.2936806692913381
11
6.6946666535433073
21
-4.2936804724409452
0
LINE
8
BLACK
6
CONTINUOUS
10
6.6946666535433073
20
-4.2936804724409452
11
6.695306968503937
21
-4.2902289763779526
0
LINE
8
BLACK
6
CONTINUOUS
10
6.695306968503937
20
-4.2902289763779526
11
6.6953070472440945
21
-4.2902285826771651
0
LINE
8
BLACK
6
CONTINUOUS
10
6.6953070472440945
20
-4.2902285826771651
11
6.6958934645669288
21
-4.2871031102362203
0
LINE
8
BLACK
6
CONTINUOUS
10
6.6958934645669288
20
-4.2871031102362203
11
6.6958935433070863
21
-4.2871026377952752
0
LINE
8
BLACK
6
CONTINUOUS
10
6.6958935433070863
20
-4.2871026377952752
11
6.6963881496062987
21
-4.2845026377952751
0
LINE
8
BLACK
6
CONTINUOUS
10
6.6963881496062987
20
-4.2845026377952751
11
6.6963883070866137
21
-4.2845018110236222
0
LINE
8
BLACK
6
CONTINUOUS
10
6.6963883070866137
20
-4.2845018110236222
11
6.6967531496062991
21
-4.2826269291338583
0
LINE
8
BLACK
6
CONTINUOUS
10
6.6967531496062991
20
-4.2826269291338583
11
6.6967536220472441
21
-4.2826245669291341
0
LINE
8
BLACK
6
CONTINUOUS
10
6.6967536220472441
20
-4.2826245669291341
11
6.6969507086614168
21
-4.2816743307086611
0
LINE
8
BLACK
6
CONTINUOUS
10
6.6969507086614168
20
-4.2816743307086611
11
6.6969520078740157
21
-4.2816685039370075
0
LINE
8
BLACK
6
CONTINUOUS
10
6.6969520078740157
20
-4.2816685039370075
11
6.6969646062992121
21
-4.2816158267716533
0
LINE
8
BLACK
6
CONTINUOUS
10
6.6969646062992121
20
-4.2816158267716533
11
6.6969685433070865
21
-4.2816017716535431
0
LINE
8
BLACK
6
CONTINUOUS
10
6.6969685433070865
20
-4.2816017716535431
11
6.6970983070866144
21
-4.2811950000000003
0
LINE
8
BLACK
6
CONTINUOUS
10
6.6970983070866144
20
-4.2811950000000003
11
6.6971365748031495
21
-4.281126496062992
0
LINE
8
BLACK
6
CONTINUOUS
10
6.6971365748031495
20
-4.281126496062992
11
6.6973994881889762
21
-4.280820708661417
0
LINE
8
BLACK
6
CONTINUOUS
10
6.6973994881889762
20
-4.280820708661417
11
6.6974747637795273
21
-4.2807666535433073
0
LINE
8
BLACK
6
CONTINUOUS
10
6.6974747637795273
20
-4.2807666535433073
11
6.6980150787401573
21
-4.2805475196850393
0
LINE
8
BLACK
6
CONTINUOUS
10
6.6980150787401573
20
-4.2805475196850393
11
6.6980593307086611
21
-4.2805353149606296
0
LINE
8
BLACK
6
CONTINUOUS
10
6.6980593307086611
20
-4.2805353149606296
11
6.6990212598425192
21
-4.280388346456693
0
LINE
8
BLACK
6
CONTINUOUS
10
6.6990212598425192
20
-4.280388346456693
11
6.6990395275590551
21
-4.280386417322835
0
LINE
8
BLACK
6
CONTINUOUS
10
6.6990395275590551
20
-4.280386417322835
11
6.7005673622047244
21
-4.2802972440944878
0
LINE
8
BLACK
6
CONTINUOUS
10
6.7005673622047244
20
-4.2802972440944878
11
6.700574803149606
21
-4.2802969685039365
0
LINE
8
BLACK
6
CONTINUOUS
10
6.700574803149606
20
-4.2802969685039365
11
6.7028127559055113
21
-4.2802511417322835
0
LINE
8
BLACK
6
CONTINUOUS
10
6.7028127559055113
20
-4.2802511417322835
11
6.7028157086614168
21
-4.2802511023622047
0
LINE
8
BLACK
6
CONTINUOUS
10
6.7028157086614168
20
-4.2802511023622047
11
6.7059079921259839
21
-4.2802341732283464
0
LINE
8
BLACK
6
CONTINUOUS
10
6.7059079921259839
20
-4.2802341732283464
11
6.7059089370078739
21
-4.2802341732283464
0
LINE
8
BLACK
6
CONTINUOUS
10
6.7059089370078739
20
-4.2802341732283464
11
6.7099998818897637
21
-4.2802317322834647
0
LINE
8
BLACK
6
CONTINUOUS
10
6.7099998818897637
20
-4.2802317322834647
11
6.7105141732283462
21
-4.2802317322834647
0
LINE
8
BLACK
6
CONTINUOUS
10
6.7105141732283462
20
-4.2802317322834647
11
6.7144857086614174
21
-4.2802350787401577
0
LINE
8
BLACK
6
CONTINUOUS
10
5.2181272834645664
20
-4.3593322440944879
11
5.218307086614173
21
-4.3602362204724407
0
LINE
8
BLACK
6
CONTINUOUS
10
5.218307086614173
20
-4.3602362204724407
11
5.218307086614173
21
-4.4173228346456694
0
LINE
8
BLACK
6
CONTINUOUS
10
5.218307086614173
20
-4.4173228346456694
11
5.2181272834645664
21
-4.4182268110236222
0
LINE
8
BLACK
6
CONTINUOUS
10
5.2181272834645664
20
-4.4182268110236222
11
5.2168488582677162
21
-4.4195052362204725
0
LINE
8
BLACK
6
CONTINUOUS
10
5.2168488582677162
20
-4.4195052362204725
11
5.2159448818897634
21
-4.4196850393700791
0
LINE
8
BLACK
6
CONTINUOUS
10
5.2159448818897634
20
-4.4196850393700791
11
5.14507874015748
21
-4.4196850393700791
0
LINE
8
BLACK
6
CONTINUOUS
10
5.14507874015748
20
-4.4196850393700791
11
5.1441747637795272
21
-4.4195052362204725
0
LINE
8
BLACK
6
CONTINUOUS
10
5.1441747637795272
20
-4.4195052362204725
11
5.1428963385826769
21
-4.4182268110236222
0
LINE
8
BLACK
6
CONTINUOUS
10
5.1428963385826769
20
-4.4182268110236222
11
5.1428963385826769
21
-4.4164188582677166
0
LINE
8
BLACK
6
CONTINUOUS
10
5.1428963385826769
20
-4.4164188582677166
11
5.1441747637795272
21
-4.4151404330708663
0
LINE
8
BLACK
6
CONTINUOUS
10
5.1441747637795272
20
-4.4151404330708663
11
5.14507874015748
21
-4.4149606299212598
0
LINE
8
BLACK
6
CONTINUOUS
10
5.14507874015748
20
-4.4149606299212598
11
5.2135826771653546
21
-4.4149606299212598
0
LINE
8
BLACK
6
CONTINUOUS
10
5.2135826771653546
20
-4.4149606299212598
11
5.2135826771653546
21
-4.3602362204724407
0
LINE
8
BLACK
6
CONTINUOUS
10
5.2135826771653546
20
-4.3602362204724407
11
5.2137624803149603
21
-4.3593322440944879
0
LINE
8
BLACK
6
CONTINUOUS
10
5.2137624803149603
20
-4.3593322440944879
11
5.2150409055118105
21
-4.3580538188976377
0
LINE
8
BLACK
6
CONTINUOUS
10
5.2150409055118105
20
-4.3580538188976377
11
5.2168488582677162
21
-4.3580538188976377
0
LINE
8
BLACK
6
CONTINUOUS
10
5.2168488582677162
20
-4.3580538188976377
11
5.2181272834645664
21
-4.3593322440944879
0
LINE
8
BLACK
6
CONTINUOUS
10
6.3697020866141729
20
-4.3593322440944879
11
6.3698818897637794
21
-4.3602362204724407
0
LINE
8
BLACK
6
CONTINUOUS
10
6.3698818897637794
20
-4.3602362204724407
11
6.3698818897637794
21
-4.4173228346456694
0
LINE
8
BLACK
6
CONTINUOUS
10
6.3698818897637794
20
-4.4173228346456694
11
6.3697020866141729
21
-4.4182268110236222
0
LINE
8
BLACK
6
CONTINUOUS
10
6.3697020866141729
20
-4.4182268110236222
11
6.3684236614173226
21
-4.4195052362204725
0
LINE
8
BLACK
6
CONTINUOUS
10
6.3684236614173226
20
-4.4195052362204725
11
6.3675196850393698
21
-4.4196850393700791
0
LINE
8
BLACK
6
CONTINUOUS
10
6.3675196850393698
20
-4.4196850393700791
11
6.2966535433070865
21
-4.4196850393700791
0
LINE
8
BLACK
6
CONTINUOUS
10
6.2966535433070865
20
-4.4196850393700791
11
6.2957495669291337
21
-4.4195052362204725
0
LINE
8
BLACK
6
CONTINUOUS
10
6.2957495669291337
20
-4.4195052362204725
11
6.2944711417322834
21
-4.4182268110236222
0
LINE
8
BLACK
6
CONTINUOUS
10
6.2944711417322834
20
-4.4182268110236222
11
6.2944711417322834
21
-4.4164188582677166
0
LINE
8
BLACK
6
CONTINUOUS
10
6.2944711417322834
20
-4.4164188582677166
11
6.2957495669291337
21
-4.4151404330708663
0
LINE
8
BLACK
6
CONTINUOUS
10
6.2957495669291337
20
-4.4151404330708663
11
6.2966535433070865
21
-4.4149606299212598
0
LINE
8
BLACK
6
CONTINUOUS
10
6.2966535433070865
20
-4.4149606299212598
11
6.3651574803149602
21
-4.4149606299212598
0
LINE
8
BLACK
6
CONTINUOUS
10
6.3651574803149602
20
-4.4149606299212598
11
6.3651574803149602
21
-4.3602362204724407
0
LINE
8
BLACK
6
CONTINUOUS
10
6.3651574803149602
20
-4.3602362204724407
11
6.3653372834645667
21
-4.3593322440944879
0
LINE
8
BLACK
6
CONTINUOUS
10
6.3653372834645667
20
-4.3593322440944879
11
6.366615708661417
21
-4.3580538188976377
0
LINE
8
BLACK
6
CONTINUOUS
10
6.366615708661417
20
-4.3580538188976377
11
6.3684236614173226
21
-4.3580538188976377
0
LINE
8
BLACK
6
CONTINUOUS
10
6.3684236614173226
20
-4.3580538188976377
11
6.3697020866141729
21
-4.3593322440944879
0
LINE
8
BLACK
6
CONTINUOUS
10
4.5747499606299211
20
-4.4128749999999997
11
4.5747499606299211
21
-4.4159999606299207
0
LINE
8
BLACK
6
CONTINUOUS
10
4.5747499606299211
20
-4.4159999606299207
11
4.5685000000000002
21
-4.4159999999999995
0
LINE
8
BLACK
6
CONTINUOUS
10
4.5685000000000002
20
-4.4159999999999995
11
4.5685000000000002
21
-4.4128749606299209
0
LINE
8
BLACK
6
CONTINUOUS
10
4.5685000000000002
20
-4.4128749606299209
11
4.5747499606299211
21
-4.4128749999999997
0
LINE
8
BLACK
6
CONTINUOUS
10
4.6341249606299213
20
-4.4159999999999995
11
4.6310000000000002
21
-4.4159999999999995
0
LINE
8
BLACK
6
CONTINUOUS
10
4.6310000000000002
20
-4.4159999999999995
11
4.6310000000000002
21
-4.4128749606299209
0
LINE
8
BLACK
6
CONTINUOUS
10
4.6310000000000002
20
-4.4128749606299209
11
4.6341249606299213
21
-4.4128749606299209
0
LINE
8
BLACK
6
CONTINUOUS
10
4.6341249606299213
20
-4.4128749606299209
11
4.6341249606299213
21
-4.4159999999999995
0
LINE
8
BLACK
6
CONTINUOUS
10
4.6466250000000002
20
-4.4128749606299209
11
4.6466249606299215
21
-4.4159999999999995
0
LINE
8
BLACK
6
CONTINUOUS
10
4.6466249606299215
20
-4.4159999999999995
11
4.6434999999999995
21
-4.4159999606299207
0
LINE
8
BLACK
6
CONTINUOUS
10
4.6434999999999995
20
-4.4159999606299207
11
4.6434999606299208
21
-4.4128748818897634
0
LINE
8
BLACK
6
CONTINUOUS
10
4.6434999606299208
20
-4.4128748818897634
11
4.6466250000000002
21
-4.4128749606299209
0
LINE
8
BLACK
6
CONTINUOUS
10
4.4872500393700783
20
-4.4159999606299207
11
4.4716250393700783
21
-4.4159999606299207
0
LINE
8
BLACK
6
CONTINUOUS
10
4.4716250393700783
20
-4.4159999606299207
11
4.4716249606299208
21
-4.4128748818897634
0
LINE
8
BLACK
6
CONTINUOUS
10
4.4716249606299208
20
-4.4128748818897634
11
4.4872499606299208
21
-4.4128748818897634
0
LINE
8
BLACK
6
CONTINUOUS
10
4.4872499606299208
20
-4.4128748818897634
11
4.4872500393700783
21
-4.4159999606299207
0
LINE
8
BLACK
6
CONTINUOUS
10
4.6403749212598422
20
-4.4159999606299207
11
4.6372499606299211
21
-4.4159999606299207
0
LINE
8
BLACK
6
CONTINUOUS
10
4.6372499606299211
20
-4.4159999606299207
11
4.6372499606299211
21
-4.4128749999999997
0
LINE
8
BLACK
6
CONTINUOUS
10
4.6372499606299211
20
-4.4128749999999997
11
4.6403750393700784
21
-4.4128749606299209
0
LINE
8
BLACK
6
CONTINUOUS
10
4.6403750393700784
20
-4.4128749606299209
11
4.6403749212598422
21
-4.4159999606299207
0
LINE
8
BLACK
6
CONTINUOUS
10
4.5778749606299209
20
-4.4097499999999998
11
4.5778750393700784
21
-4.4128749606299209
0
LINE
8
BLACK
6
CONTINUOUS
10
4.5778750393700784
20
-4.4128749606299209
11
4.5747499606299211
21
-4.4128749999999997
0
LINE
8
BLACK
6
CONTINUOUS
10
4.5747499606299211
20
-4.4128749999999997
11
4.5747499606299211
21
-4.4097499212598423
0
LINE
8
BLACK
6
CONTINUOUS
10
4.5747499606299211
20
-4.4097499212598423
11
4.5778749606299209
21
-4.4097499999999998
0
LINE
8
BLACK
6
CONTINUOUS
10
4.6372499606299211
20
-4.4128749999999997
11
4.6341249606299213
21
-4.4128749606299209
0
LINE
8
BLACK
6
CONTINUOUS
10
4.6341249606299213
20
-4.4128749606299209
11
4.6341249606299213
21
-4.4097499999999998
0
LINE
8
BLACK
6
CONTINUOUS
10
4.6341249606299213
20
-4.4097499999999998
11
4.6372499606299211
21
-4.4097499212598423
0
LINE
8
BLACK
6
CONTINUOUS
10
4.6372499606299211
20
-4.4097499212598423
11
4.6372499606299211
21
-4.4128749999999997
0
LINE
8
BLACK
6
CONTINUOUS
10
4.4747500000000002
20
-4.406625
11
4.4747500000000002
21
-4.4097499999999998
0
LINE
8
BLACK
6
CONTINUOUS
10
4.4747500000000002
20
-4.4097499999999998
11
4.4716250393700783
21
-4.4097499999999998
0
LINE
8
BLACK
6
CONTINUOUS
10
4.4716250393700783
20
-4.4097499999999998
11
4.4716249606299208
21
-4.4128748818897634
0
LINE
8
BLACK
6
CONTINUOUS
10
4.4716249606299208
20
-4.4128748818897634
11
4.4591250000000002
21
-4.4128749606299209
0
LINE
8
BLACK
6
CONTINUOUS
10
4.4591250000000002
20
-4.4128749606299209
11
4.4591250000000002
21
-4.4097499999999998
0
LINE
8
BLACK
6
CONTINUOUS
10
4.4591250000000002
20
-4.4097499999999998
11
4.4684999606299209
21
-4.4097499999999998
0
LINE
8
BLACK
6
CONTINUOUS
10
4.4684999606299209
20
-4.4097499999999998
11
4.4684999606299209
21
-4.4066249212598425
0
LINE
8
BLACK
6
CONTINUOUS
10
4.4684999606299209
20
-4.4066249212598425
11
4.4747500000000002
21
-4.406625
0
LINE
8
BLACK
6
CONTINUOUS
10
4.6310000000000002
20
-4.4128749606299209
11
4.6278749606299208
21
-4.4128748818897634
0
LINE
8
BLACK
6
CONTINUOUS
10
4.6278749606299208
20
-4.4128748818897634
11
4.6278749999999995
21
-4.4097499999999998
0
LINE
8
BLACK
6
CONTINUOUS
10
4.6278749999999995
20
-4.4097499999999998
11
4.6310000000000002
21
-4.4097499999999998
0
LINE
8
BLACK
6
CONTINUOUS
10
4.6310000000000002
20
-4.4097499999999998
11
4.6310000000000002
21
-4.4128749606299209
0
LINE
8
BLACK
6
CONTINUOUS
10
4.6434999606299208
20
-4.4128748818897634
11
4.6403750393700784
21
-4.4128749606299209
0
LINE
8
BLACK
6
CONTINUOUS
10
4.6403750393700784
20
-4.4128749606299209
11
4.6403749606299209
21
-4.4097499999999998
0
LINE
8
BLACK
6
CONTINUOUS
10
4.6403749606299209
20
-4.4097499999999998
11
4.6434999999999995
21
-4.4097499999999998
0
LINE
8
BLACK
6
CONTINUOUS
10
4.6434999999999995
20
-4.4097499999999998
11
4.6434999606299208
21
-4.4128748818897634
0
LINE
8
BLACK
6
CONTINUOUS
10
4.6497499606299213
20
-4.4128749606299209
11
4.6466250000000002
21
-4.4128749606299209
0
LINE
8
BLACK
6
CONTINUOUS
10
4.6466250000000002
20
-4.4128749606299209
11
4.6466250000000002
21
-4.4097499999999998
0
LINE
8
BLACK
6
CONTINUOUS
10
4.6466250000000002
20
-4.4097499999999998
11
4.6497499606299213
21
-4.4097499999999998
0
LINE
8
BLACK
6
CONTINUOUS
10
4.6497499606299213
20
-4.4097499999999998
11
4.6497499606299213
21
-4.4128749606299209
0
LINE
8
BLACK
6
CONTINUOUS
10
4.4591250000000002
20
-4.4097499999999998
11
4.4497499606299211
21
-4.4097499212598423
0
LINE
8
BLACK
6
CONTINUOUS
10
4.4497499606299211
20
-4.4097499212598423
11
4.4497499606299211
21
-4.406625
0
LINE
8
BLACK
6
CONTINUOUS
10
4.4497499606299211
20
-4.406625
11
4.4591250000000002
21
-4.406625
0
LINE
8
BLACK
6
CONTINUOUS
10
4.4591250000000002
20
-4.406625
11
4.4591250000000002
21
-4.4097499999999998
0
LINE
8
BLACK
6
CONTINUOUS
10
4.6341249606299213
20
-4.3878750000000002
11
4.6341249606299213
21
-4.3909999212598425
0
LINE
8
BLACK
6
CONTINUOUS
10
4.6341249606299213
20
-4.3909999212598425
11
4.6372499606299211
21
-4.391
0
LINE
8
BLACK
6
CONTINUOUS
10
4.6372499606299211
20
-4.391
11
4.6372499606299211
21
-4.3941249212598423
0
LINE
8
BLACK
6
CONTINUOUS
10
4.6372499606299211
20
-4.3941249212598423
11
4.6341249606299213
21
-4.3941249999999998
0
LINE
8
BLACK
6
CONTINUOUS
10
4.6341249606299213
20
-4.3941249999999998
11
4.6341249606299213
21
-4.3972499606299209
0
LINE
8
BLACK
6
CONTINUOUS
10
4.6341249606299213
20
-4.3972499606299209
11
4.6310000000000002
21
-4.3972499606299209
0
LINE
8
BLACK
6
CONTINUOUS
10
4.6310000000000002
20
-4.3972499606299209
11
4.6310000000000002
21
-4.4003749999999995
0
LINE
8
BLACK
6
CONTINUOUS
10
4.6310000000000002
20
-4.4003749999999995
11
4.6278749999999995
21
-4.4003749606299207
0
LINE
8
BLACK
6
CONTINUOUS
10
4.6278749999999995
20
-4.4003749606299207
11
4.6278749999999995
21
-4.4035000000000002
0
LINE
8
BLACK
6
CONTINUOUS
10
4.6278749999999995
20
-4.4035000000000002
11
4.6247499606299209
21
-4.4034999606299214
0
LINE
8
BLACK
6
CONTINUOUS
10
4.6247499606299209
20
-4.4034999606299214
11
4.6247499606299209
21
-4.4066249212598425
0
LINE
8
BLACK
6
CONTINUOUS
10
4.6247499606299209
20
-4.4066249212598425
11
4.6216249606299211
21
-4.406625
0
LINE
8
BLACK
6
CONTINUOUS
10
4.6216249606299211
20
-4.406625
11
4.6216249606299211
21
-4.4097499212598423
0
LINE
8
BLACK
6
CONTINUOUS
10
4.6216249606299211
20
-4.4097499212598423
11
4.6184999606299213
21
-4.4097499999999998
0
LINE
8
BLACK
6
CONTINUOUS
10
4.6184999606299213
20
-4.4097499999999998
11
4.6184999606299213
21
-4.4003749999999995
0
LINE
8
BLACK
6
CONTINUOUS
10
4.6184999606299213
20
-4.4003749999999995
11
4.6153750000000002
21
-4.4003749999999995
0
LINE
8
BLACK
6
CONTINUOUS
10
4.6153750000000002
20
-4.4003749999999995
11
4.6153750000000002
21
-4.3941249999999998
0
LINE
8
BLACK
6
CONTINUOUS
10
4.6153750000000002
20
-4.3941249999999998
11
4.6216249606299211
21
-4.3941249212598423
0
LINE
8
BLACK
6
CONTINUOUS
10
4.6216249606299211
20
-4.3941249212598423
11
4.6216249606299211
21
-4.4003749606299207
0
LINE
8
BLACK
6
CONTINUOUS
10
4.6216249606299211
20
-4.4003749606299207
11
4.6247499212598422
21
-4.4003749606299207
0
LINE
8
BLACK
6
CONTINUOUS
10
4.6247499212598422
20
-4.4003749606299207
11
4.6247500393700784
21
-4.3972499606299209
0
LINE
8
BLACK
6
CONTINUOUS
10
4.6247500393700784
20
-4.3972499606299209
11
4.6278749606299208
21
-4.3972498818897634
0
LINE
8
BLACK
6
CONTINUOUS
10
4.6278749606299208
20
-4.3972498818897634
11
4.6278749999999995
21
-4.3941249999999998
0
LINE
8
BLACK
6
CONTINUOUS
10
4.6278749999999995
20
-4.3941249999999998
11
4.6310000000000002
21
-4.3941249999999998
0
LINE
8
BLACK
6
CONTINUOUS
10
4.6310000000000002
20
-4.3941249999999998
11
4.6310000000000002
21
-4.3878749606299214
0
LINE
8
BLACK
6
CONTINUOUS
10
4.6310000000000002
20
-4.3878749606299214
11
4.6341249606299213
21
-4.3878750000000002
0
LINE
8
BLACK
6
CONTINUOUS
10
4.6278749999999995
20
-4.406625
11
4.6278749999999995
21
-4.4097499999999998
0
LINE
8
BLACK
6
CONTINUOUS
10
4.6278749999999995
20
-4.4097499999999998
11
4.6247499606299209
21
-4.4097499999999998
0
LINE
8
BLACK
6
CONTINUOUS
10
4.6247499606299209
20
-4.4097499999999998
11
4.6247499606299209
21
-4.4066249212598425
0
LINE
8
BLACK
6
CONTINUOUS
10
4.6247499606299209
20
-4.4066249212598425
11
4.6278749999999995
21
-4.406625
0
LINE
8
BLACK
6
CONTINUOUS
10
4.6341249606299213
20
-4.4097499999999998
11
4.6310000000000002
21
-4.4097499999999998
0
LINE
8
BLACK
6
CONTINUOUS
10
4.6310000000000002
20
-4.4097499999999998
11
4.6310000000000002
21
-4.406625
0
LINE
8
BLACK
6
CONTINUOUS
10
4.6310000000000002
20
-4.406625
11
4.6341249606299213
21
-4.4066249212598425
0
LINE
8
BLACK
6
CONTINUOUS
10
4.6341249606299213
20
-4.4066249212598425
11
4.6341249606299213
21
-4.4097499999999998
0
LINE
8
BLACK
6
CONTINUOUS
10
4.6403749606299209
20
-4.4097499999999998
11
4.6372499606299211
21
-4.4097499212598423
0
LINE
8
BLACK
6
CONTINUOUS
10
4.6372499606299211
20
-4.4097499212598423
11
4.6372499606299211
21
-4.406625
0
LINE
8
BLACK
6
CONTINUOUS
10
4.6372499606299211
20
-4.406625
11
4.6403749606299209
21
-4.4066249212598425
0
LINE
8
BLACK
6
CONTINUOUS
10
4.6403749606299209
20
-4.4066249212598425
11
4.6403749606299209
21
-4.4097499999999998
0
LINE
8
BLACK
6
CONTINUOUS
10
4.6466250000000002
20
-4.4097499999999998
11
4.6434999999999995
21
-4.4097499999999998
0
LINE
8
BLACK
6
CONTINUOUS
10
4.6434999999999995
20
-4.4097499999999998
11
4.6434999999999995
21
-4.406625
0
LINE
8
BLACK
6
CONTINUOUS
10
4.6434999999999995
20
-4.406625
11
4.6466250000000002
21
-4.406625
0
LINE
8
BLACK
6
CONTINUOUS
10
4.6466250000000002
20
-4.406625
11
4.6466250000000002
21
-4.4097499999999998
0
LINE
8
BLACK
6
CONTINUOUS
10
4.6528749606299211
20
-4.406625
11
4.6528749606299211
21
-4.4097499212598423
0
LINE
8
BLACK
6
CONTINUOUS
10
4.6528749606299211
20
-4.4097499212598423
11
4.6497499606299213
21
-4.4097499999999998
0
LINE
8
BLACK
6
CONTINUOUS
10
4.6497499606299213
20
-4.4097499999999998
11
4.6497499606299213
21
-4.4066249212598425
0
LINE
8
BLACK
6
CONTINUOUS
10
4.6497499606299213
20
-4.4066249212598425
11
4.6528749606299211
21
-4.406625
0
LINE
8
BLACK
6
CONTINUOUS
10
4.4497499606299211
20
-4.406625
11
4.4435000000000002
21
-4.406625
0
LINE
8
BLACK
6
CONTINUOUS
10
4.4435000000000002
20
-4.406625
11
4.4435000000000002
21
-4.4034999606299214
0
LINE
8
BLACK
6
CONTINUOUS
10
4.4435000000000002
20
-4.4034999606299214
11
4.4497499606299211
21
-4.4034999212598427
0
LINE
8
BLACK
6
CONTINUOUS
10
4.4497499606299211
20
-4.4034999212598427
11
4.4497499606299211
21
-4.406625
0
LINE
8
BLACK
6
CONTINUOUS
10
4.4809999606299211
20
-4.406625
11
4.4747500000000002
21
-4.406625
0
LINE
8
BLACK
6
CONTINUOUS
10
4.4747500000000002
20
-4.406625
11
4.4747500000000002
21
-4.4034999606299214
0
LINE
8
BLACK
6
CONTINUOUS
10
4.4747500000000002
20
-4.4034999606299214
11
4.4809999606299211
21
-4.4034999212598427
0
LINE
8
BLACK
6
CONTINUOUS
10
4.4809999606299211
20
-4.4034999212598427
11
4.4809999606299211
21
-4.406625
0
LINE
8
BLACK
6
CONTINUOUS
10
4.6310000000000002
20
-4.406625
11
4.6278749999999995
21
-4.406625
0
LINE
8
BLACK
6
CONTINUOUS
10
4.6278749999999995
20
-4.406625
11
4.6278749999999995
21
-4.4035000000000002
0
LINE
8
BLACK
6
CONTINUOUS
10
4.6278749999999995
20
-4.4035000000000002
11
4.6310000000000002
21
-4.4034999606299214
0
LINE
8
BLACK
6
CONTINUOUS
10
4.6310000000000002
20
-4.4034999606299214
11
4.6310000000000002
21
-4.406625
0
LINE
8
BLACK
6
CONTINUOUS
10
4.6372499606299211
20
-4.406625
11
4.6341249606299213
21
-4.4066249212598425
0
LINE
8
BLACK
6
CONTINUOUS
10
4.6341249606299213
20
-4.4066249212598425
11
4.6341249606299213
21
-4.4035000000000002
0
LINE
8
BLACK
6
CONTINUOUS
10
4.6341249606299213
20
-4.4035000000000002
11
4.6372499606299211
21
-4.4034999212598427
0
LINE
8
BLACK
6
CONTINUOUS
10
4.6372499606299211
20
-4.4034999212598427
11
4.6372499606299211
21
-4.406625
0
LINE
8
BLACK
6
CONTINUOUS
10
4.6434999999999995
20
-4.4035000000000002
11
4.6434999999999995
21
-4.406625
0
LINE
8
BLACK
6
CONTINUOUS
10
4.6434999999999995
20
-4.406625
11
4.6403749606299209
21
-4.4066249212598425
0
LINE
8
BLACK
6
CONTINUOUS
10
4.6403749606299209
20
-4.4066249212598425
11
4.6403749606299209
21
-4.4034999606299214
0
LINE
8
BLACK
6
CONTINUOUS
10
4.6403749606299209
20
-4.4034999606299214
11
4.6434999999999995
21
-4.4035000000000002
0
LINE
8
BLACK
6
CONTINUOUS
10
4.6497499606299213
20
-4.4035000000000002
11
4.6497499606299213
21
-4.4066249212598425
0
LINE
8
BLACK
6
CONTINUOUS
10
4.6497499606299213
20
-4.4066249212598425
11
4.6466250000000002
21
-4.406625
0
LINE
8
BLACK
6
CONTINUOUS
10
4.6466250000000002
20
-4.406625
11
4.6466250000000002
21
-4.4034999606299214
0
LINE
8
BLACK
6
CONTINUOUS
10
4.6466250000000002
20
-4.4034999606299214
11
4.6497499606299213
21
-4.4035000000000002
0
LINE
8
BLACK
6
CONTINUOUS
10
4.6559999606299209
20
-4.4034999606299214
11
4.6559999606299209
21
-4.4066249212598425
0
LINE
8
BLACK
6
CONTINUOUS
10
4.6559999606299209
20
-4.4066249212598425
11
4.6528749606299211
21
-4.406625
0
LINE
8
BLACK
6
CONTINUOUS
10
4.6528749606299211
20
-4.406625
11
4.6528749606299211
21
-4.4034999212598427
0
LINE
8
BLACK
6
CONTINUOUS
10
4.6528749606299211
20
-4.4034999212598427
11
4.6559999606299209
21
-4.4034999606299214
0
LINE
8
BLACK
6
CONTINUOUS
10
4.6341249606299213
20
-4.4035000000000002
11
4.6310000000000002
21
-4.4034999606299214
0
LINE
8
BLACK
6
CONTINUOUS
10
4.6310000000000002
20
-4.4034999606299214
11
4.6310000000000002
21
-4.4003749999999995
0
LINE
8
BLACK
6
CONTINUOUS
10
4.6310000000000002
20
-4.4003749999999995
11
4.6341249606299213
21
-4.4003749999999995
0
LINE
8
BLACK
6
CONTINUOUS
10
4.6341249606299213
20
-4.4003749999999995
11
4.6341249606299213
21
-4.4035000000000002
0
LINE
8
BLACK
6
CONTINUOUS
10
4.6466249606299215
20
-4.4003749999999995
11
4.6466250000000002
21
-4.4034999606299214
0
LINE
8
BLACK
6
CONTINUOUS
10
4.6466250000000002
20
-4.4034999606299214
11
4.6434999999999995
21
-4.4035000000000002
0
LINE
8
BLACK
6
CONTINUOUS
10
4.6434999999999995
20
-4.4035000000000002
11
4.6434999999999995
21
-4.4003749606299207
0
LINE
8
BLACK
6
CONTINUOUS
10
4.6434999999999995
20
-4.4003749606299207
11
4.6466249606299215
21
-4.4003749999999995
0
LINE
8
BLACK
6
CONTINUOUS
10
4.6528749606299211
20
-4.4034999212598427
11
4.6497499606299213
21
-4.4035000000000002
0
LINE
8
BLACK
6
CONTINUOUS
10
4.6497499606299213
20
-4.4035000000000002
11
4.6497499606299213
21
-4.4003749999999995
0
LINE
8
BLACK
6
CONTINUOUS
10
4.6497499606299213
20
-4.4003749999999995
11
4.6528749606299211
21
-4.4003749606299207
0
LINE
8
BLACK
6
CONTINUOUS
10
4.6528749606299211
20
-4.4003749606299207
11
4.6528749606299211
21
-4.4034999212598427
0
LINE
8
BLACK
6
CONTINUOUS
10
4.6403749606299209
20
-4.4034999606299214
11
4.6372499606299211
21
-4.4034999212598427
0
LINE
8
BLACK
6
CONTINUOUS
10
4.6372499606299211
20
-4.4034999212598427
11
4.6372499606299211
21
-4.4003749606299207
0
LINE
8
BLACK
6
CONTINUOUS
10
4.6372499606299211
20
-4.4003749606299207
11
4.6403749212598422
21
-4.4003749606299207
0
LINE
8
BLACK
6
CONTINUOUS
10
4.6403749212598422
20
-4.4003749606299207
11
4.6403749606299209
21
-4.4034999606299214
0
LINE
8
BLACK
6
CONTINUOUS
10
4.6372499606299211
20
-4.3972499999999997
11
4.6372499606299211
21
-4.4003749606299207
0
LINE
8
BLACK
6
CONTINUOUS
10
4.6372499606299211
20
-4.4003749606299207
11
4.6341249606299213
21
-4.4003749999999995
0
LINE
8
BLACK
6
CONTINUOUS
10
4.6341249606299213
20
-4.4003749999999995
11
4.6341249606299213
21
-4.3972499606299209
0
LINE
8
BLACK
6
CONTINUOUS
10
4.6341249606299213
20
-4.3972499606299209
11
4.6372499606299211
21
-4.3972499999999997
0
LINE
8
BLACK
6
CONTINUOUS
10
4.6497499606299213
20
-4.4003749999999995
11
4.6466249606299215
21
-4.4003749999999995
0
LINE
8
BLACK
6
CONTINUOUS
10
4.6466249606299215
20
-4.4003749999999995
11
4.6466250000000002
21
-4.3972499606299209
0
LINE
8
BLACK
6
CONTINUOUS
10
4.6466250000000002
20
-4.3972499606299209
11
4.6497499606299213
21
-4.3972499606299209
0
LINE
8
BLACK
6
CONTINUOUS
10
4.6497499606299213
20
-4.3972499606299209
11
4.6497499606299213
21
-4.4003749999999995
0
LINE
8
BLACK
6
CONTINUOUS
10
4.6434999999999995
20
-4.4003749606299207
11
4.6403749212598422
21
-4.4003749606299207
0
LINE
8
BLACK
6
CONTINUOUS
10
4.6403749212598422
20
-4.4003749606299207
11
4.6403750393700784
21
-4.3972499606299209
0
LINE
8
BLACK
6
CONTINUOUS
10
4.6403750393700784
20
-4.3972499606299209
11
4.6434999606299208
21
-4.3972498818897634
0
LINE
8
BLACK
6
CONTINUOUS
10
4.6434999606299208
20
-4.3972498818897634
11
4.6434999999999995
21
-4.4003749606299207
0
LINE
8
BLACK
6
CONTINUOUS
10
4.6559999212598422
20
-4.4003749606299207
11
4.6528749606299211
21
-4.4003749606299207
0
LINE
8
BLACK
6
CONTINUOUS
10
4.6528749606299211
20
-4.4003749606299207
11
4.6528749606299211
21
-4.3972499999999997
0
LINE
8
BLACK
6
CONTINUOUS
10
4.6528749606299211
20
-4.3972499999999997
11
4.6560000393700784
21
-4.3972499606299209
0
LINE
8
BLACK
6
CONTINUOUS
10
4.6560000393700784
20
-4.3972499606299209
11
4.6559999212598422
21
-4.4003749606299207
0
LINE
8
BLACK
6
CONTINUOUS
10
4.6403749606299209
20
-4.3941249999999998
11
4.6403750393700784
21
-4.3972499606299209
0
LINE
8
BLACK
6
CONTINUOUS
10
4.6403750393700784
20
-4.3972499606299209
11
4.6372499606299211
21
-4.3972499999999997
0
LINE
8
BLACK
6
CONTINUOUS
10
4.6372499606299211
20
-4.3972499999999997
11
4.6372499606299211
21
-4.3941249212598423
0
LINE
8
BLACK
6
CONTINUOUS
10
4.6372499606299211
20
-4.3941249212598423
11
4.6403749606299209
21
-4.3941249999999998
0
LINE
8
BLACK
6
CONTINUOUS
10
4.6528749606299211
20
-4.3972499999999997
11
4.6497499606299213
21
-4.3972499606299209
0
LINE
8
BLACK
6
CONTINUOUS
10
4.6497499606299213
20
-4.3972499606299209
11
4.6497499606299213
21
-4.3941249999999998
0
LINE
8
BLACK
6
CONTINUOUS
10
4.6497499606299213
20
-4.3941249999999998
11
4.6528749606299211
21
-4.3941249212598423
0
LINE
8
BLACK
6
CONTINUOUS
10
4.6528749606299211
20
-4.3941249212598423
11
4.6528749606299211
21
-4.3972499999999997
0
LINE
8
BLACK
6
CONTINUOUS
10
4.6466250000000002
20
-4.3972499606299209
11
4.6434999606299208
21
-4.3972498818897634
0
LINE
8
BLACK
6
CONTINUOUS
10
4.6434999606299208
20
-4.3972498818897634
11
4.6434999999999995
21
-4.3941249999999998
0
LINE
8
BLACK
6
CONTINUOUS
10
4.6434999999999995
20
-4.3941249999999998
11
4.6466250000000002
21
-4.3941249999999998
0
LINE
8
BLACK
6
CONTINUOUS
10
4.6466250000000002
20
-4.3941249999999998
11
4.6466250000000002
21
-4.3972499606299209
0
LINE
8
BLACK
6
CONTINUOUS
10
4.6091249606299209
20
-4.3566249606299214
11
4.6153750000000002
21
-4.3566249606299214
0
LINE
8
BLACK
6
CONTINUOUS
10
4.6153750000000002
20
-4.3566249606299214
11
4.6153750000000002
21
-4.35975
0
LINE
8
BLACK
6
CONTINUOUS
10
4.6153750000000002
20
-4.35975
11
4.6184999606299213
21
-4.3597499212598425
0
LINE
8
BLACK
6
CONTINUOUS
10
4.6184999606299213
20
-4.3597499212598425
11
4.6184999606299213
21
-4.3659999606299209
0
LINE
8
BLACK
6
CONTINUOUS
10
4.6184999606299213
20
-4.3659999606299209
11
4.6216249606299211
21
-4.3659999999999997
0
LINE
8
BLACK
6
CONTINUOUS
10
4.6216249606299211
20
-4.3659999999999997
11
4.6216249606299211
21
-4.3722499212598427
0
LINE
8
BLACK
6
CONTINUOUS
10
4.6216249606299211
20
-4.3722499212598427
11
4.6216249606299211
21
-4.3816249999999997
0
LINE
8
BLACK
6
CONTINUOUS
10
4.6216249606299211
20
-4.3816249999999997
11
4.6184999606299213
21
-4.3816249606299209
0
LINE
8
BLACK
6
CONTINUOUS
10
4.6184999606299213
20
-4.3816249606299209
11
4.6184999606299213
21
-4.3878750000000002
0
LINE
8
BLACK
6
CONTINUOUS
10
4.6184999606299213
20
-4.3878750000000002
11
4.6153750000000002
21
-4.3878749606299214
0
LINE
8
BLACK
6
CONTINUOUS
10
4.6153750000000002
20
-4.3878749606299214
11
4.6153750000000002
21
-4.3941249999999998
0
LINE
8
BLACK
6
CONTINUOUS
10
4.6153750000000002
20
-4.3941249999999998
11
4.6122499999999995
21
-4.3941249999999998
0
LINE
8
BLACK
6
CONTINUOUS
10
4.6122499999999995
20
-4.3941249999999998
11
4.6122499999999995
21
-4.391
0
LINE
8
BLACK
6
CONTINUOUS
10
4.6122499999999995
20
-4.391
11
4.6059999606299211
21
-4.391
0
LINE
8
BLACK
6
CONTINUOUS
10
4.6059999606299211
20
-4.391
11
4.6059999606299211
21
-4.3878749212598427
0
LINE
8
BLACK
6
CONTINUOUS
10
4.6059999606299211
20
-4.3878749212598427
11
4.5966249999999995
21
-4.3878750000000002
0
LINE
8
BLACK
6
CONTINUOUS
10
4.5966249999999995
20
-4.3878750000000002
11
4.5966249999999995
21
-4.3847499606299207
0
LINE
8
BLACK
6
CONTINUOUS
10
4.5966249999999995
20
-4.3847499606299207
11
4.5778749212598422
21
-4.3847499606299207
0
LINE
8
BLACK
6
CONTINUOUS
10
4.5778749212598422
20
-4.3847499606299207
11
4.5778749606299209
21
-4.3878749606299214
0
LINE
8
BLACK
6
CONTINUOUS
10
4.5778749606299209
20
-4.3878749606299214
11
4.5716249606299213
21
-4.3878750000000002
0
LINE
8
BLACK
6
CONTINUOUS
10
4.5716249606299213
20
-4.3878750000000002
11
4.5716249606299213
21
-4.3628749999999998
0
LINE
8
BLACK
6
CONTINUOUS
10
4.5716249606299213
20
-4.3628749999999998
11
4.5747499606299211
21
-4.3628749212598423
0
LINE
8
BLACK
6
CONTINUOUS
10
4.5747499606299211
20
-4.3628749212598423
11
4.5747499606299211
21
-4.3847499606299207
0
LINE
8
BLACK
6
CONTINUOUS
10
4.5747499606299211
20
-4.3847499606299207
11
4.5778749212598422
21
-4.3847499606299207
0
LINE
8
BLACK
6
CONTINUOUS
10
4.5778749212598422
20
-4.3847499606299207
11
4.5778750393700784
21
-4.3816249606299209
0
LINE
8
BLACK
6
CONTINUOUS
10
4.5778750393700784
20
-4.3816249606299209
11
4.5809999606299208
21
-4.3816248818897634
0
LINE
8
BLACK
6
CONTINUOUS
10
4.5809999606299208
20
-4.3816248818897634
11
4.5809999606299208
21
-4.3659998818897634
0
LINE
8
BLACK
6
CONTINUOUS
10
4.5809999606299208
20
-4.3659998818897634
11
4.5841250000000002
21
-4.3659999606299209
0
LINE
8
BLACK
6
CONTINUOUS
10
4.5841250000000002
20
-4.3659999606299209
11
4.5841250000000002
21
-4.35975
0
LINE
8
BLACK
6
CONTINUOUS
10
4.5841250000000002
20
-4.35975
11
4.5872499606299213
21
-4.3597499212598425
0
LINE
8
BLACK
6
CONTINUOUS
10
4.5872499606299213
20
-4.3597499212598425
11
4.5872499606299213
21
-4.3566250000000002
0
LINE
8
BLACK
6
CONTINUOUS
10
4.5872499606299213
20
-4.3566250000000002
11
4.5934999606299209
21
-4.3566249606299214
0
LINE
8
BLACK
6
CONTINUOUS
10
4.5934999606299209
20
-4.3566249606299214
11
4.5934999212598422
21
-4.3534999606299207
0
LINE
8
BLACK
6
CONTINUOUS
10
4.5934999212598422
20
-4.3534999606299207
11
4.6091249212598422
21
-4.3534999606299207
0
LINE
8
BLACK
6
CONTINUOUS
10
4.6091249212598422
20
-4.3534999606299207
11
4.6091249606299209
21
-4.3566249606299214
0
LINE
8
BLACK
6
CONTINUOUS
10
4.6028749606299213
20
-4.3722500000000002
11
4.6091249606299209
21
-4.3722499606299214
0
LINE
8
BLACK
6
CONTINUOUS
10
4.6091249606299209
20
-4.3722499606299214
11
4.6091250393700784
21
-4.3659999606299209
0
LINE
8
BLACK
6
CONTINUOUS
10
4.6091250393700784
20
-4.3659999606299209
11
4.6028749606299213
21
-4.3659999606299209
0
LINE
8
BLACK
6
CONTINUOUS
10
4.6028749606299213
20
-4.3659999606299209
11
4.6028749606299213
21
-4.3722500000000002
0
LINE
8
BLACK
6
CONTINUOUS
10
4.6247499606299209
20
-4.3941249999999998
11
4.6216249606299211
21
-4.3941249212598423
0
LINE
8
BLACK
6
CONTINUOUS
10
4.6216249606299211
20
-4.3941249212598423
11
4.6216249606299211
21
-4.391
0
LINE
8
BLACK
6
CONTINUOUS
10
4.6216249606299211
20
-4.391
11
4.6247499606299209
21
-4.3909999212598425
0
LINE
8
BLACK
6
CONTINUOUS
10
4.6247499606299209
20
-4.3909999212598425
11
4.6247499606299209
21
-4.3941249999999998
0
LINE
8
BLACK
6
CONTINUOUS
10
4.6434999999999995
20
-4.391
11
4.6434999999999995
21
-4.3941249999999998
0
LINE
8
BLACK
6
CONTINUOUS
10
4.6434999999999995
20
-4.3941249999999998
11
4.6403749606299209
21
-4.3941249999999998
0
LINE
8
BLACK
6
CONTINUOUS
10
4.6403749606299209
20
-4.3941249999999998
11
4.6403749606299209
21
-4.3909999212598425
0
LINE
8
BLACK
6
CONTINUOUS
10
4.6403749606299209
20
-4.3909999212598425
11
4.6434999999999995
21
-4.391
0
LINE
8
BLACK
6
CONTINUOUS
10
4.6497499606299213
20
-4.3941249999999998
11
4.6466250000000002
21
-4.3941249999999998
0
LINE
8
BLACK
6
CONTINUOUS
10
4.6466250000000002
20
-4.3941249999999998
11
4.6466250000000002
21
-4.391
0
LINE
8
BLACK
6
CONTINUOUS
10
4.6466250000000002
20
-4.391
11
4.6497499606299213
21
-4.3909999212598425
0
LINE
8
BLACK
6
CONTINUOUS
10
4.6497499606299213
20
-4.3909999212598425
11
4.6497499606299213
21
-4.3941249999999998
0
LINE
8
BLACK
6
CONTINUOUS
10
4.6559999606299209
20
-4.3941249999999998
11
4.6528749606299211
21
-4.3941249212598423
0
LINE
8
BLACK
6
CONTINUOUS
10
4.6528749606299211
20
-4.3941249212598423
11
4.6528749606299211
21
-4.391
0
LINE
8
BLACK
6
CONTINUOUS
10
4.6528749606299211
20
-4.391
11
4.6559999606299209
21
-4.3909999212598425
0
LINE
8
BLACK
6
CONTINUOUS
10
4.6559999606299209
20
-4.3909999212598425
11
4.6559999606299209
21
-4.3941249999999998
0
LINE
8
BLACK
6
CONTINUOUS
10
4.6278749999999995
20
-4.391
11
4.6247499606299209
21
-4.3909999212598425
0
LINE
8
BLACK
6
CONTINUOUS
10
4.6247499606299209
20
-4.3909999212598425
11
4.6247499212598422
21
-4.3847499606299207
0
LINE
8
BLACK
6
CONTINUOUS
10
4.6247499212598422
20
-4.3847499606299207
11
4.6278749999999995
21
-4.3847499606299207
0
LINE
8
BLACK
6
CONTINUOUS
10
4.6278749999999995
20
-4.3847499606299207
11
4.6278749999999995
21
-4.391
0
LINE
8
BLACK
6
CONTINUOUS
10
4.6403749606299209
20
-4.3878749606299214
11
4.6403749606299209
21
-4.3909999212598425
0
LINE
8
BLACK
6
CONTINUOUS
10
4.6403749606299209
20
-4.3909999212598425
11
4.6372499606299211
21
-4.391
0
LINE
8
BLACK
6
CONTINUOUS
10
4.6372499606299211
20
-4.391
11
4.6372499606299211
21
-4.3878749212598427
0
LINE
8
BLACK
6
CONTINUOUS
10
4.6372499606299211
20
-4.3878749212598427
11
4.6403749606299209
21
-4.3878749606299214
0
LINE
8
BLACK
6
CONTINUOUS
10
4.6466250000000002
20
-4.391
11
4.6434999999999995
21
-4.391
0
LINE
8
BLACK
6
CONTINUOUS
10
4.6434999999999995
20
-4.391
11
4.6434999999999995
21
-4.3878750000000002
0
LINE
8
BLACK
6
CONTINUOUS
10
4.6434999999999995
20
-4.3878750000000002
11
4.6466250000000002
21
-4.3878749606299214
0
LINE
8
BLACK
6
CONTINUOUS
10
4.6466250000000002
20
-4.3878749606299214
11
4.6466250000000002
21
-4.391
0
LINE
8
BLACK
6
CONTINUOUS
10
4.6528749606299211
20
-4.391
11
4.6497499606299213
21
-4.3909999212598425
0
LINE
8
BLACK
6
CONTINUOUS
10
4.6497499606299213
20
-4.3909999212598425
11
4.6497499606299213
21
-4.3878750000000002
0
LINE
8
BLACK
6
CONTINUOUS
10
4.6497499606299213
20
-4.3878750000000002
11
4.6528749606299211
21
-4.3878749212598427
0
LINE
8
BLACK
6
CONTINUOUS
10
4.6528749606299211
20
-4.3878749212598427
11
4.6528749606299211
21
-4.391
0
LINE
8
BLACK
6
CONTINUOUS
10
4.6372499606299211
20
-4.35975
11
4.6372499606299211
21
-4.3816249999999997
0
LINE
8
BLACK
6
CONTINUOUS
10
4.6372499606299211
20
-4.3816249999999997
11
4.6403750393700784
21
-4.3816249606299209
0
LINE
8
BLACK
6
CONTINUOUS
10
4.6403750393700784
20
-4.3816249606299209
11
4.6403749212598422
21
-4.3847499606299207
0
LINE
8
BLACK
6
CONTINUOUS
10
4.6403749212598422
20
-4.3847499606299207
11
4.6372499606299211
21
-4.3847499606299207
0
LINE
8
BLACK
6
CONTINUOUS
10
4.6372499606299211
20
-4.3847499606299207
11
4.6372499606299211
21
-4.3878749212598427
0
LINE
8
BLACK
6
CONTINUOUS
10
4.6372499606299211
20
-4.3878749212598427
11
4.6341249606299213
21
-4.3878750000000002
0
LINE
8
BLACK
6
CONTINUOUS
10
4.6341249606299213
20
-4.3878750000000002
11
4.6341249606299213
21
-4.3597499212598425
0
LINE
8
BLACK
6
CONTINUOUS
10
4.6341249606299213
20
-4.3597499212598425
11
4.6372499606299211
21
-4.35975
0
LINE
8
BLACK
6
CONTINUOUS
10
4.6434999999999995
20
-4.3878750000000002
11
4.6403749606299209
21
-4.3878749606299214
0
LINE
8
BLACK
6
CONTINUOUS
10
4.6403749606299209
20
-4.3878749606299214
11
4.6403749212598422
21
-4.3847499606299207
0
LINE
8
BLACK
6
CONTINUOUS
10
4.6403749212598422
20
-4.3847499606299207
11
4.6434999999999995
21
-4.3847499606299207
0
LINE
8
BLACK
6
CONTINUOUS
10
4.6434999999999995
20
-4.3847499606299207
11
4.6434999999999995
21
-4.3878750000000002
0
LINE
8
BLACK
6
CONTINUOUS
10
4.6497499606299213
20
-4.3878750000000002
11
4.6466250000000002
21
-4.3878749606299214
0
LINE
8
BLACK
6
CONTINUOUS
10
4.6466250000000002
20
-4.3878749606299214
11
4.6466249606299215
21
-4.3847499999999995
0
LINE
8
BLACK
6
CONTINUOUS
10
4.6466249606299215
20
-4.3847499999999995
11
4.6497499606299213
21
-4.3847499999999995
0
LINE
8
BLACK
6
CONTINUOUS
10
4.6497499606299213
20
-4.3847499999999995
11
4.6497499606299213
21
-4.3878750000000002
0
LINE
8
BLACK
6
CONTINUOUS
10
4.6310000000000002
20
-4.3847499999999995
11
4.6278749999999995
21
-4.3847499606299207
0
LINE
8
BLACK
6
CONTINUOUS
10
4.6278749999999995
20
-4.3847499606299207
11
4.6278749999999995
21
-4.3628749999999998
0
LINE
8
BLACK
6
CONTINUOUS
10
4.6278749999999995
20
-4.3628749999999998
11
4.6310000000000002
21
-4.3628749999999998
0
LINE
8
BLACK
6
CONTINUOUS
10
4.6310000000000002
20
-4.3628749999999998
11
4.6310000000000002
21
-4.3847499999999995
0
LINE
8
BLACK
6
CONTINUOUS
10
4.6466250000000002
20
-4.3816249606299209
11
4.6466249606299215
21
-4.3847499999999995
0
LINE
8
BLACK
6
CONTINUOUS
10
4.6466249606299215
20
-4.3847499999999995
11
4.6434999999999995
21
-4.3847499606299207
0
LINE
8
BLACK
6
CONTINUOUS
10
4.6434999999999995
20
-4.3847499606299207
11
4.6434999606299208
21
-4.3816248818897634
0
LINE
8
BLACK
6
CONTINUOUS
10
4.6434999606299208
20
-4.3816248818897634
11
4.6466250000000002
21
-4.3816249606299209
0
LINE
8
BLACK
6
CONTINUOUS
10
4.5685000000000002
20
-4.3816249606299209
11
4.5591249606299211
21
-4.3816249999999997
0
LINE
8
BLACK
6
CONTINUOUS
10
4.5591249606299211
20
-4.3816249999999997
11
4.5591249606299211
21
-4.3784999212598423
0
LINE
8
BLACK
6
CONTINUOUS
10
4.5591249606299211
20
-4.3784999212598423
11
4.5653749999999995
21
-4.3784999999999998
0
LINE
8
BLACK
6
CONTINUOUS
10
4.5653749999999995
20
-4.3784999999999998
11
4.5653749999999995
21
-4.35975
0
LINE
8
BLACK
6
CONTINUOUS
10
4.5653749999999995
20
-4.35975
11
4.5685000000000002
21
-4.35975
0
LINE
8
BLACK
6
CONTINUOUS
10
4.5685000000000002
20
-4.35975
11
4.5685000000000002
21
-4.3816249606299209
0
LINE
8
BLACK
6
CONTINUOUS
10
4.5591249606299211
20
-4.3784999212598423
11
4.5528750000000002
21
-4.3784999999999998
0
LINE
8
BLACK
6
CONTINUOUS
10
4.5528750000000002
20
-4.3784999999999998
11
4.5528750000000002
21
-4.375375
0
LINE
8
BLACK
6
CONTINUOUS
10
4.5528750000000002
20
-4.375375
11
4.5591249606299211
21
-4.375375
0
LINE
8
BLACK
6
CONTINUOUS
10
4.5591249606299211
20
-4.375375
11
4.5591249606299211
21
-4.3784999212598423
0
LINE
8
BLACK
6
CONTINUOUS
10
4.5528750000000002
20
-4.375375
11
4.5466249606299209
21
-4.3753749212598425
0
LINE
8
BLACK
6
CONTINUOUS
10
4.5466249606299209
20
-4.3753749212598425
11
4.5466249606299209
21
-4.3722499606299214
0
LINE
8
BLACK
6
CONTINUOUS
10
4.5466249606299209
20
-4.3722499606299214
11
4.5528750000000002
21
-4.3722499606299214
0
LINE
8
BLACK
6
CONTINUOUS
10
4.5528750000000002
20
-4.3722499606299214
11
4.5528750000000002
21
-4.375375
0
LINE
8
BLACK
6
CONTINUOUS
10
4.5466249606299209
20
-4.3722499606299214
11
4.5403749606299213
21
-4.3722500000000002
0
LINE
8
BLACK
6
CONTINUOUS
10
4.5403749606299213
20
-4.3722500000000002
11
4.5403749606299213
21
-4.3691249999999995
0
LINE
8
BLACK
6
CONTINUOUS
10
4.5403749606299213
20
-4.3691249999999995
11
4.5466249606299209
21
-4.3691249606299207
0
LINE
8
BLACK
6
CONTINUOUS
10
4.5466249606299209
20
-4.3691249606299207
11
4.5466249606299209
21
-4.3722499606299214
0
LINE
8
BLACK
6
CONTINUOUS
10
4.5403749606299213
20
-4.3659999606299209
11
4.5403749606299213
21
-4.3691249999999995
0
LINE
8
BLACK
6
CONTINUOUS
10
4.5403749606299213
20
-4.3691249999999995
11
4.5341249999999995
21
-4.3691249606299207
0
LINE
8
BLACK
6
CONTINUOUS
10
4.5341249999999995
20
-4.3691249606299207
11
4.5341249606299208
21
-4.3659998818897634
0
LINE
8
BLACK
6
CONTINUOUS
10
4.5341249606299208
20
-4.3659998818897634
11
4.5403749606299213
21
-4.3659999606299209
0
LINE
8
BLACK
6
CONTINUOUS
10
4.5341249606299208
20
-4.3659998818897634
11
4.5310000393700784
21
-4.3659999606299209
0
LINE
8
BLACK
6
CONTINUOUS
10
4.5310000393700784
20
-4.3659999606299209
11
4.5309999606299209
21
-4.3628749999999998
0
LINE
8
BLACK
6
CONTINUOUS
10
4.5309999606299209
20
-4.3628749999999998
11
4.5341249999999995
21
-4.3628749999999998
0
LINE
8
BLACK
6
CONTINUOUS
10
4.5341249999999995
20
-4.3628749999999998
11
4.5341249606299208
21
-4.3659998818897634
0
LINE
8
BLACK
6
CONTINUOUS
10
4.5309999606299209
20
-4.3628749999999998
11
4.52475
21
-4.3628749999999998
0
LINE
8
BLACK
6
CONTINUOUS
10
4.52475
20
-4.3628749999999998
11
4.52475
21
-4.3597499606299213
0
LINE
8
BLACK
6
CONTINUOUS
10
4.52475
20
-4.3597499606299213
11
4.5309999606299209
21
-4.3597499212598425
0
LINE
8
BLACK
6
CONTINUOUS
10
4.5309999606299209
20
-4.3597499212598425
11
4.5309999606299209
21
-4.3628749999999998
0
LINE
8
BLACK
6
CONTINUOUS
10
4.5778749606299209
20
-4.3566249606299214
11
4.5778749606299209
21
-4.3628749999999998
0
LINE
8
BLACK
6
CONTINUOUS
10
4.5778749606299209
20
-4.3628749999999998
11
4.5747499606299211
21
-4.3628749212598423
0
LINE
8
BLACK
6
CONTINUOUS
10
4.5747499606299211
20
-4.3628749212598423
11
4.5747499606299211
21
-4.3566249212598427
0
LINE
8
BLACK
6
CONTINUOUS
10
4.5747499606299211
20
-4.3566249212598427
11
4.5778749606299209
21
-4.3566249606299214
0
LINE
8
BLACK
6
CONTINUOUS
10
4.6278749999999995
20
-4.3566250393700789
11
4.6278749999999995
21
-4.3628749999999998
0
LINE
8
BLACK
6
CONTINUOUS
10
4.6278749999999995
20
-4.3628749999999998
11
4.6247499606299209
21
-4.3628749999999998
0
LINE
8
BLACK
6
CONTINUOUS
10
4.6247499606299209
20
-4.3628749999999998
11
4.6247499606299209
21
-4.3566249606299214
0
LINE
8
BLACK
6
CONTINUOUS
10
4.6247499606299209
20
-4.3566249606299214
11
4.6278749999999995
21
-4.3566250393700789
0
LINE
8
BLACK
6
CONTINUOUS
10
4.52475
20
-4.3566250000000002
11
4.52475
21
-4.3597499606299213
0
LINE
8
BLACK
6
CONTINUOUS
10
4.52475
20
-4.3597499606299213
11
4.5216250000000002
21
-4.35975
0
LINE
8
BLACK
6
CONTINUOUS
10
4.5216250000000002
20
-4.35975
11
4.5216250000000002
21
-4.3566249606299214
0
LINE
8
BLACK
6
CONTINUOUS
10
4.5216250000000002
20
-4.3566249606299214
11
4.52475
21
-4.3566250000000002
0
LINE
8
BLACK
6
CONTINUOUS
10
4.5716249606299213
20
-4.3597499212598425
11
4.5685000000000002
21
-4.35975
0
LINE
8
BLACK
6
CONTINUOUS
10
4.5685000000000002
20
-4.35975
11
4.5685000000000002
21
-4.3534999999999995
0
LINE
8
BLACK
6
CONTINUOUS
10
4.5685000000000002
20
-4.3534999999999995
11
4.5716249606299213
21
-4.3534999999999995
0
LINE
8
BLACK
6
CONTINUOUS
10
4.5716249606299213
20
-4.3534999999999995
11
4.5716249606299213
21
-4.3597499212598425
0
LINE
8
BLACK
6
CONTINUOUS
10
4.6341249606299213
20
-4.3597499212598425
11
4.6310000000000002
21
-4.35975
0
LINE
8
BLACK
6
CONTINUOUS
10
4.6310000000000002
20
-4.35975
11
4.6310000000000002
21
-4.3534999999999995
0
LINE
8
BLACK
6
CONTINUOUS
10
4.6310000000000002
20
-4.3534999999999995
11
4.6341249606299213
21
-4.3534999999999995
0
LINE
8
BLACK
6
CONTINUOUS
10
4.6341249606299213
20
-4.3534999999999995
11
4.6341249606299213
21
-4.3597499212598425
0
LINE
8
BLACK
6
CONTINUOUS
10
4.5497499999999995
20
-4.3566250393700789
11
4.5372500000000002
21
-4.3566249606299214
0
LINE
8
BLACK
6
CONTINUOUS
10
4.5372500000000002
20
-4.3566249606299214
11
4.5372500000000002
21
-4.3534999999999995
0
LINE
8
BLACK
6
CONTINUOUS
10
4.5372500000000002
20
-4.3534999999999995
11
4.5497499999999995
21
-4.3534999606299207
0
LINE
8
BLACK
6
CONTINUOUS
10
4.5497499999999995
20
-4.3534999606299207
11
4.5497499999999995
21
-4.3566250393700789
0
LINE
8
BLACK
6
CONTINUOUS
10
4.5809999999999995
20
-4.3566250393700789
11
4.5778749606299209
21
-4.3566249606299214
0
LINE
8
BLACK
6
CONTINUOUS
10
4.5778749606299209
20
-4.3566249606299214
11
4.5778749212598422
21
-4.3534999606299207
0
LINE
8
BLACK
6
CONTINUOUS
10
4.5778749212598422
20
-4.3534999606299207
11
4.5809999999999995
21
-4.3534999606299207
0
LINE
8
BLACK
6
CONTINUOUS
10
4.5809999999999995
20
-4.3534999606299207
11
4.5809999999999995
21
-4.3566250393700789
0
LINE
8
BLACK
6
CONTINUOUS
10
4.5216250000000002
20
-4.3534999999999995
11
4.5216250000000002
21
-4.3566249606299214
0
LINE
8
BLACK
6
CONTINUOUS
10
4.5216250000000002
20
-4.3566249606299214
11
4.5153749606299209
21
-4.3566249606299214
0
LINE
8
BLACK
6
CONTINUOUS
10
4.5153749606299209
20
-4.3566249606299214
11
4.5153749606299209
21
-4.3534999606299207
0
LINE
8
BLACK
6
CONTINUOUS
10
4.5153749606299209
20
-4.3534999606299207
11
4.5216250000000002
21
-4.3534999999999995
0
LINE
8
BLACK
6
CONTINUOUS
10
4.6247499606299209
20
-4.3566249606299214
11
4.6216249606299211
21
-4.3566249212598427
0
LINE
8
BLACK
6
CONTINUOUS
10
4.6216249606299211
20
-4.3566249212598427
11
4.6216249606299211
21
-4.3534999606299207
0
LINE
8
BLACK
6
CONTINUOUS
10
4.6216249606299211
20
-4.3534999606299207
11
4.6247499212598422
21
-4.3534999606299207
0
LINE
8
BLACK
6
CONTINUOUS
10
4.6247499212598422
20
-4.3534999606299207
11
4.6247499606299209
21
-4.3566249606299214
0
LINE
8
BLACK
6
CONTINUOUS
10
4.5372500000000002
20
-4.3534999999999995
11
4.5309999606299209
21
-4.3534999606299207
0
LINE
8
BLACK
6
CONTINUOUS
10
4.5309999606299209
20
-4.3534999606299207
11
4.5310000393700784
21
-4.3503749606299209
0
LINE
8
BLACK
6
CONTINUOUS
10
4.5310000393700784
20
-4.3503749606299209
11
4.5372500000000002
21
-4.3503749606299209
0
LINE
8
BLACK
6
CONTINUOUS
10
4.5372500000000002
20
-4.3503749606299209
11
4.5372500000000002
21
-4.3534999999999995
0
LINE
8
BLACK
6
CONTINUOUS
10
4.5528750000000002
20
-4.3503749606299209
11
4.5528750000000002
21
-4.3534999999999995
0
LINE
8
BLACK
6
CONTINUOUS
10
4.5528750000000002
20
-4.3534999999999995
11
4.5497499999999995
21
-4.3534999606299207
0
LINE
8
BLACK
6
CONTINUOUS
10
4.5497499999999995
20
-4.3534999606299207
11
4.5497499606299208
21
-4.3503748818897634
0
LINE
8
BLACK
6
CONTINUOUS
10
4.5497499606299208
20
-4.3503748818897634
11
4.5528750000000002
21
-4.3503749606299209
0
LINE
8
BLACK
6
CONTINUOUS
10
4.5747499606299211
20
-4.3503749999999997
11
4.5747499606299211
21
-4.3534999606299207
0
LINE
8
BLACK
6
CONTINUOUS
10
4.5747499606299211
20
-4.3534999606299207
11
4.5716249606299213
21
-4.3534999999999995
0
LINE
8
BLACK
6
CONTINUOUS
10
4.5716249606299213
20
-4.3534999999999995
11
4.5716249606299213
21
-4.3503749606299209
0
LINE
8
BLACK
6
CONTINUOUS
10
4.5716249606299213
20
-4.3503749606299209
11
4.5747499606299211
21
-4.3503749999999997
0
LINE
8
BLACK
6
CONTINUOUS
10
4.5841250000000002
20
-4.3503749606299209
11
4.5841250000000002
21
-4.3534999999999995
0
LINE
8
BLACK
6
CONTINUOUS
10
4.5841250000000002
20
-4.3534999999999995
11
4.5809999999999995
21
-4.3534999606299207
0
LINE
8
BLACK
6
CONTINUOUS
10
4.5809999999999995
20
-4.3534999606299207
11
4.5809999606299208
21
-4.3503748818897634
0
LINE
8
BLACK
6
CONTINUOUS
10
4.5809999606299208
20
-4.3503748818897634
11
4.5841250000000002
21
-4.3503749606299209
0
LINE
8
BLACK
6
CONTINUOUS
10
4.6216249606299211
20
-4.3503749999999997
11
4.6216249606299211
21
-4.3534999606299207
0
LINE
8
BLACK
6
CONTINUOUS
10
4.6216249606299211
20
-4.3534999606299207
11
4.6184999606299213
21
-4.3534999999999995
0
LINE
8
BLACK
6
CONTINUOUS
10
4.6184999606299213
20
-4.3534999999999995
11
4.6184999606299213
21
-4.3503749606299209
0
LINE
8
BLACK
6
CONTINUOUS
10
4.6184999606299213
20
-4.3503749606299209
11
4.6216249606299211
21
-4.3503749999999997
0
LINE
8
BLACK
6
CONTINUOUS
10
4.6310000000000002
20
-4.3503749606299209
11
4.6310000000000002
21
-4.3534999999999995
0
LINE
8
BLACK
6
CONTINUOUS
10
4.6310000000000002
20
-4.3534999999999995
11
4.6278749999999995
21
-4.3534999606299207
0
LINE
8
BLACK
6
CONTINUOUS
10
4.6278749999999995
20
-4.3534999606299207
11
4.6278749606299208
21
-4.3503748818897634
0
LINE
8
BLACK
6
CONTINUOUS
10
4.6278749606299208
20
-4.3503748818897634
11
4.6310000000000002
21
-4.3503749606299209
0
LINE
8
BLACK
6
CONTINUOUS
10
4.5153749606299209
20
-4.3534999606299207
11
4.5122499606299211
21
-4.3534999606299207
0
LINE
8
BLACK
6
CONTINUOUS
10
4.5122499606299211
20
-4.3534999606299207
11
4.5122499606299211
21
-4.3503749999999997
0
LINE
8
BLACK
6
CONTINUOUS
10
4.5122499606299211
20
-4.3503749999999997
11
4.5153750393700784
21
-4.3503749606299209
0
LINE
8
BLACK
6
CONTINUOUS
10
4.5153750393700784
20
-4.3503749606299209
11
4.5153749606299209
21
-4.3534999606299207
0
LINE
8
BLACK
6
CONTINUOUS
10
4.5122499606299211
20
-4.3503749999999997
11
4.5060000000000002
21
-4.3503749606299209
0
LINE
8
BLACK
6
CONTINUOUS
10
4.5060000000000002
20
-4.3503749606299209
11
4.5060000000000002
21
-4.3472499999999998
0
LINE
8
BLACK
6
CONTINUOUS
10
4.5060000000000002
20
-4.3472499999999998
11
4.5122499606299211
21
-4.3472499212598423
0
LINE
8
BLACK
6
CONTINUOUS
10
4.5122499606299211
20
-4.3472499212598423
11
4.5122499606299211
21
-4.3503749999999997
0
LINE
8
BLACK
6
CONTINUOUS
10
4.5778749606299209
20
-4.3472499999999998
11
4.5778750393700784
21
-4.3503749606299209
0
LINE
8
BLACK
6
CONTINUOUS
10
4.5778750393700784
20
-4.3503749606299209
11
4.5747499606299211
21
-4.3503749999999997
0
LINE
8
BLACK
6
CONTINUOUS
10
4.5747499606299211
20
-4.3503749999999997
11
4.5747499606299211
21
-4.3472499212598423
0
LINE
8
BLACK
6
CONTINUOUS
10
4.5747499606299211
20
-4.3472499212598423
11
4.5778749606299209
21
-4.3472499999999998
0
LINE
8
BLACK
6
CONTINUOUS
10
4.5903749606299211
20
-4.3503749999999997
11
4.5841250000000002
21
-4.3503749606299209
0
LINE
8
BLACK
6
CONTINUOUS
10
4.5841250000000002
20
-4.3503749606299209
11
4.5841250000000002
21
-4.3472499999999998
0
LINE
8
BLACK
6
CONTINUOUS
10
4.5841250000000002
20
-4.3472499999999998
11
4.5903749606299211
21
-4.3472499212598423
0
LINE
8
BLACK
6
CONTINUOUS
10
4.5903749606299211
20
-4.3472499212598423
11
4.5903749606299211
21
-4.3503749999999997
0
LINE
8
BLACK
6
CONTINUOUS
10
4.5310000393700784
20
-4.3503749606299209
11
4.52475
21
-4.3503749606299209
0
LINE
8
BLACK
6
CONTINUOUS
10
4.52475
20
-4.3503749606299209
11
4.52475
21
-4.3472499999999998
0
LINE
8
BLACK
6
CONTINUOUS
10
4.52475
20
-4.3472499999999998
11
4.5309999606299209
21
-4.3472499999999998
0
LINE
8
BLACK
6
CONTINUOUS
10
4.5309999606299209
20
-4.3472499999999998
11
4.5310000393700784
21
-4.3503749606299209
0
LINE
8
BLACK
6
CONTINUOUS
10
4.5559999606299213
20
-4.3503749606299209
11
4.5528750000000002
21
-4.3503749606299209
0
LINE
8
BLACK
6
CONTINUOUS
10
4.5528750000000002
20
-4.3503749606299209
11
4.5528750000000002
21
-4.3472499999999998
0
LINE
8
BLACK
6
CONTINUOUS
10
4.5528750000000002
20
-4.3472499999999998
11
4.5559999606299213
21
-4.3472499999999998
0
LINE
8
BLACK
6
CONTINUOUS
10
4.5559999606299213
20
-4.3472499999999998
11
4.5559999606299213
21
-4.3503749606299209
0
LINE
8
BLACK
6
CONTINUOUS
10
4.6184999606299213
20
-4.3503749606299209
11
4.6122499606299208
21
-4.3503748818897634
0
LINE
8
BLACK
6
CONTINUOUS
10
4.6122499606299208
20
-4.3503748818897634
11
4.6122499999999995
21
-4.3472499999999998
0
LINE
8
BLACK
6
CONTINUOUS
10
4.6122499999999995
20
-4.3472499999999998
11
4.6184999606299213
21
-4.3472499999999998
0
LINE
8
BLACK
6
CONTINUOUS
10
4.6184999606299213
20
-4.3472499999999998
11
4.6184999606299213
21
-4.3503749606299209
0
LINE
8
BLACK
6
CONTINUOUS
10
4.6278749606299208
20
-4.3503748818897634
11
4.6247500393700784
21
-4.3503749606299209
0
LINE
8
BLACK
6
CONTINUOUS
10
4.6247500393700784
20
-4.3503749606299209
11
4.6247499606299209
21
-4.3472499999999998
0
LINE
8
BLACK
6
CONTINUOUS
10
4.6247499606299209
20
-4.3472499999999998
11
4.6278749999999995
21
-4.3472499999999998
0
LINE
8
BLACK
6
CONTINUOUS
10
4.6278749999999995
20
-4.3472499999999998
11
4.6278749606299208
21
-4.3503748818897634
0
LINE
8
BLACK
6
CONTINUOUS
10
4.5060000000000002
20
-4.3472499999999998
11
4.5028750393700783
21
-4.3472499999999998
0
LINE
8
BLACK
6
CONTINUOUS
10
4.5028750393700783
20
-4.3472499999999998
11
4.5028749999999995
21
-4.344125
0
LINE
8
BLACK
6
CONTINUOUS
10
4.5028749999999995
20
-4.344125
11
4.5060000000000002
21
-4.344125
0
LINE
8
BLACK
6
CONTINUOUS
10
4.5060000000000002
20
-4.344125
11
4.5060000000000002
21
-4.3472499999999998
0
LINE
8
BLACK
6
CONTINUOUS
10
4.52475
20
-4.3472499999999998
11
4.5216250000000002
21
-4.3472499999999998
0
LINE
8
BLACK
6
CONTINUOUS
10
4.5216250000000002
20
-4.3472499999999998
11
4.5216250000000002
21
-4.344125
0
LINE
8
BLACK
6
CONTINUOUS
10
4.5216250000000002
20
-4.344125
11
4.52475
21
-4.3441249606299213
0
LINE
8
BLACK
6
CONTINUOUS
10
4.52475
20
-4.3441249606299213
11
4.52475
21
-4.3472499999999998
0
LINE
8
BLACK
6
CONTINUOUS
10
4.5591249606299211
20
-4.3472499212598423
11
4.5559999606299213
21
-4.3472499999999998
0
LINE
8
BLACK
6
CONTINUOUS
10
4.5559999606299213
20
-4.3472499999999998
11
4.5559999606299213
21
-4.3378749999999995
0
LINE
8
BLACK
6
CONTINUOUS
10
4.5559999606299213
20
-4.3378749999999995
11
4.5591249606299211
21
-4.3378749606299207
0
LINE
8
BLACK
6
CONTINUOUS
10
4.5591249606299211
20
-4.3378749606299207
11
4.5591249606299211
21
-4.3472499212598423
0
LINE
8
BLACK
6
CONTINUOUS
10
4.5872499606299213
20
-4.3378749999999995
11
4.6153750000000002
21
-4.3378749999999995
0
LINE
8
BLACK
6
CONTINUOUS
10
4.6153750000000002
20
-4.3378749999999995
11
4.6153750000000002
21
-4.3409999606299214
0
LINE
8
BLACK
6
CONTINUOUS
10
4.6153750000000002
20
-4.3409999606299214
11
4.5872499606299213
21
-4.3410000000000002
0
LINE
8
BLACK
6
CONTINUOUS
10
4.5872499606299213
20
-4.3410000000000002
11
4.5872499606299213
21
-4.3441249212598425
0
LINE
8
BLACK
6
CONTINUOUS
10
4.5872499606299213
20
-4.3441249212598425
11
4.5809999999999995
21
-4.344125
0
LINE
8
BLACK
6
CONTINUOUS
10
4.5809999999999995
20
-4.344125
11
4.5809999999999995
21
-4.3472499999999998
0
LINE
8
BLACK
6
CONTINUOUS
10
4.5809999999999995
20
-4.3472499999999998
11
4.5778749606299209
21
-4.3472499999999998
0
LINE
8
BLACK
6
CONTINUOUS
10
4.5778749606299209
20
-4.3472499999999998
11
4.5778749606299209
21
-4.3441249212598425
0
LINE
8
BLACK
6
CONTINUOUS
10
4.5778749606299209
20
-4.3441249212598425
11
4.5747499606299211
21
-4.344125
0
LINE
8
BLACK
6
CONTINUOUS
10
4.5747499606299211
20
-4.344125
11
4.5747499606299211
21
-4.3378749606299207
0
LINE
8
BLACK
6
CONTINUOUS
10
4.5747499606299211
20
-4.3378749606299207
11
4.5778749212598422
21
-4.3378749606299207
0
LINE
8
BLACK
6
CONTINUOUS
10
4.5778749212598422
20
-4.3378749606299207
11
4.5778749606299209
21
-4.3409999606299214
0
LINE
8
BLACK
6
CONTINUOUS
10
4.5778749606299209
20
-4.3409999606299214
11
4.5809999999999995
21
-4.3410000393700789
0
LINE
8
BLACK
6
CONTINUOUS
10
4.5809999999999995
20
-4.3410000393700789
11
4.5809999999999995
21
-4.3378749606299207
0
LINE
8
BLACK
6
CONTINUOUS
10
4.5809999999999995
20
-4.3378749606299207
11
4.5841250000000002
21
-4.3378749999999995
0
LINE
8
BLACK
6
CONTINUOUS
10
4.5841250000000002
20
-4.3378749999999995
11
4.5841250000000002
21
-4.3347499606299209
0
LINE
8
BLACK
6
CONTINUOUS
10
4.5841250000000002
20
-4.3347499606299209
11
4.5872499606299213
21
-4.3347499606299209
0
LINE
8
BLACK
6
CONTINUOUS
10
4.5872499606299213
20
-4.3347499606299209
11
4.5872499606299213
21
-4.3378749999999995
0
LINE
8
BLACK
6
CONTINUOUS
10
4.6122499999999995
20
-4.3472499999999998
11
4.5903749606299211
21
-4.3472499212598423
0
LINE
8
BLACK
6
CONTINUOUS
10
4.5903749606299211
20
-4.3472499212598423
11
4.5903749606299211
21
-4.344125
0
LINE
8
BLACK
6
CONTINUOUS
10
4.5903749606299211
20
-4.344125
11
4.6122499999999995
21
-4.344125
0
LINE
8
BLACK
6
CONTINUOUS
10
4.6122499999999995
20
-4.344125
11
4.6122499999999995
21
-4.3472499999999998
0
LINE
8
BLACK
6
CONTINUOUS
10
4.6247499606299209
20
-4.3472499999999998
11
4.6216249606299211
21
-4.3472499212598423
0
LINE
8
BLACK
6
CONTINUOUS
10
4.6216249606299211
20
-4.3472499212598423
11
4.6216249606299211
21
-4.344125
0
LINE
8
BLACK
6
CONTINUOUS
10
4.6216249606299211
20
-4.344125
11
4.6247499606299209
21
-4.3441249212598425
0
LINE
8
BLACK
6
CONTINUOUS
10
4.6247499606299209
20
-4.3441249212598425
11
4.6247499606299209
21
-4.3472499999999998
0
LINE
8
BLACK
6
CONTINUOUS
10
4.5216250000000002
20
-4.344125
11
4.5153749606299209
21
-4.3441249212598425
0
LINE
8
BLACK
6
CONTINUOUS
10
4.5153749606299209
20
-4.3441249212598425
11
4.5153749606299209
21
-4.3409999606299214
0
LINE
8
BLACK
6
CONTINUOUS
10
4.5153749606299209
20
-4.3409999606299214
11
4.5216250000000002
21
-4.3409999606299214
0
LINE
8
BLACK
6
CONTINUOUS
10
4.5216250000000002
20
-4.3409999606299214
11
4.5216250000000002
21
-4.344125
0
LINE
8
BLACK
6
CONTINUOUS
10
4.5372500000000002
20
-4.344125
11
4.5341249999999995
21
-4.344125
0
LINE
8
BLACK
6
CONTINUOUS
10
4.5341249999999995
20
-4.344125
11
4.5341249999999995
21
-4.3410000393700789
0
LINE
8
BLACK
6
CONTINUOUS
10
4.5341249999999995
20
-4.3410000393700789
11
4.5372500000000002
21
-4.3409999606299214
0
LINE
8
BLACK
6
CONTINUOUS
10
4.5372500000000002
20
-4.3409999606299214
11
4.5372500000000002
21
-4.344125
0
LINE
8
BLACK
6
CONTINUOUS
10
4.6216249606299211
20
-4.344125
11
4.6153750000000002
21
-4.344125
0
LINE
8
BLACK
6
CONTINUOUS
10
4.6153750000000002
20
-4.344125
11
4.6153750000000002
21
-4.3409999606299214
0
LINE
8
BLACK
6
CONTINUOUS
10
4.6153750000000002
20
-4.3409999606299214
11
4.6216249606299211
21
-4.3409999212598427
0
LINE
8
BLACK
6
CONTINUOUS
10
4.6216249606299211
20
-4.3409999212598427
11
4.6216249606299211
21
-4.344125
0
LINE
8
BLACK
6
CONTINUOUS
10
4.5403749606299213
20
-4.3410000000000002
11
4.5372500000000002
21
-4.3409999606299214
0
LINE
8
BLACK
6
CONTINUOUS
10
4.5372500000000002
20
-4.3409999606299214
11
4.5372500000000002
21
-4.3378749999999995
0
LINE
8
BLACK
6
CONTINUOUS
10
4.5372500000000002
20
-4.3378749999999995
11
4.5403749606299213
21
-4.3378749999999995
0
LINE
8
BLACK
6
CONTINUOUS
10
4.5403749606299213
20
-4.3378749999999995
11
4.5403749606299213
21
-4.3410000000000002
0
LINE
8
BLACK
6
CONTINUOUS
10
4.5153749606299209
20
-4.3409999606299214
11
4.5122499606299211
21
-4.3409999212598427
0
LINE
8
BLACK
6
CONTINUOUS
10
4.5122499606299211
20
-4.3409999212598427
11
4.5122499606299211
21
-4.3378749606299207
0
LINE
8
BLACK
6
CONTINUOUS
10
4.5122499606299211
20
-4.3378749606299207
11
4.5153749606299209
21
-4.3378749606299207
0
LINE
8
BLACK
6
CONTINUOUS
10
4.5153749606299209
20
-4.3378749606299207
11
4.5153749606299209
21
-4.3409999606299214
0
LINE
8
BLACK
6
CONTINUOUS
10
4.5434999606299211
20
-4.3347499999999997
11
4.5434999606299211
21
-4.3378749606299207
0
LINE
8
BLACK
6
CONTINUOUS
10
4.5434999606299211
20
-4.3378749606299207
11
4.5403749606299213
21
-4.3378749999999995
0
LINE
8
BLACK
6
CONTINUOUS
10
4.5403749606299213
20
-4.3378749999999995
11
4.5403749606299213
21
-4.3347499606299209
0
LINE
8
BLACK
6
CONTINUOUS
10
4.5403749606299213
20
-4.3347499606299209
11
4.5434999606299211
21
-4.3347499999999997
0
LINE
8
BLACK
6
CONTINUOUS
10
4.5559999606299213
20
-4.3378749999999995
11
4.5528750000000002
21
-4.3378749999999995
0
LINE
8
BLACK
6
CONTINUOUS
10
4.5528750000000002
20
-4.3378749999999995
11
4.5528750000000002
21
-4.3316249999999998
0
LINE
8
BLACK
6
CONTINUOUS
10
4.5528750000000002
20
-4.3316249999999998
11
4.5559999606299213
21
-4.3316249999999998
0
LINE
8
BLACK
6
CONTINUOUS
10
4.5559999606299213
20
-4.3316249999999998
11
4.5559999606299213
21
-4.3378749999999995
0
LINE
8
BLACK
6
CONTINUOUS
10
4.5716249606299213
20
-4.3253750000000002
11
4.5716249606299213
21
-4.3284999212598425
0
LINE
8
BLACK
6
CONTINUOUS
10
4.5716249606299213
20
-4.3284999212598425
11
4.5747499606299211
21
-4.3285
0
LINE
8
BLACK
6
CONTINUOUS
10
4.5747499606299211
20
-4.3285
11
4.5747499606299211
21
-4.3316249212598423
0
LINE
8
BLACK
6
CONTINUOUS
10
4.5747499606299211
20
-4.3316249212598423
11
4.5778749606299209
21
-4.3316249999999998
0
LINE
8
BLACK
6
CONTINUOUS
10
4.5778749606299209
20
-4.3316249999999998
11
4.5778750393700784
21
-4.3347499606299209
0
LINE
8
BLACK
6
CONTINUOUS
10
4.5778750393700784
20
-4.3347499606299209
11
4.5747499606299211
21
-4.3347499999999997
0
LINE
8
BLACK
6
CONTINUOUS
10
4.5747499606299211
20
-4.3347499999999997
11
4.5747499606299211
21
-4.3378749606299207
0
LINE
8
BLACK
6
CONTINUOUS
10
4.5747499606299211
20
-4.3378749606299207
11
4.5716249606299213
21
-4.3378749999999995
0
LINE
8
BLACK
6
CONTINUOUS
10
4.5716249606299213
20
-4.3378749999999995
11
4.5716249606299213
21
-4.3316249999999998
0
LINE
8
BLACK
6
CONTINUOUS
10
4.5716249606299213
20
-4.3316249999999998
11
4.5685000000000002
21
-4.3316249999999998
0
LINE
8
BLACK
6
CONTINUOUS
10
4.5685000000000002
20
-4.3316249999999998
11
4.5685000000000002
21
-4.3253749606299214
0
LINE
8
BLACK
6
CONTINUOUS
10
4.5685000000000002
20
-4.3253749606299214
11
4.5716249606299213
21
-4.3253750000000002
0
LINE
8
BLACK
6
CONTINUOUS
10
4.5278749606299211
20
-4.3347499999999997
11
4.5278749606299211
21
-4.3378749606299207
0
LINE
8
BLACK
6
CONTINUOUS
10
4.5278749606299211
20
-4.3378749606299207
11
4.52475
21
-4.3378749606299207
0
LINE
8
BLACK
6
CONTINUOUS
10
4.52475
20
-4.3378749606299207
11
4.52475
21
-4.3347499606299209
0
LINE
8
BLACK
6
CONTINUOUS
10
4.52475
20
-4.3347499606299209
11
4.5278749606299211
21
-4.3347499999999997
0
LINE
8
BLACK
6
CONTINUOUS
10
4.5809999999999995
20
-4.3378749606299207
11
4.5778749212598422
21
-4.3378749606299207
0
LINE
8
BLACK
6
CONTINUOUS
10
4.5778749212598422
20
-4.3378749606299207
11
4.5778750393700784
21
-4.3347499606299209
0
LINE
8
BLACK
6
CONTINUOUS
10
4.5778750393700784
20
-4.3347499606299209
11
4.5809999606299208
21
-4.3347498818897634
0
LINE
8
BLACK
6
CONTINUOUS
10
4.5809999606299208
20
-4.3347498818897634
11
4.5809999999999995
21
-4.3378749606299207
0
LINE
8
BLACK
6
CONTINUOUS
10
4.5309999606299209
20
-4.3316249999999998
11
4.5310000393700784
21
-4.3347499606299209
0
LINE
8
BLACK
6
CONTINUOUS
10
4.5310000393700784
20
-4.3347499606299209
11
4.5278749606299211
21
-4.3347499999999997
0
LINE
8
BLACK
6
CONTINUOUS
10
4.5278749606299211
20
-4.3347499999999997
11
4.5278749606299211
21
-4.3316249212598423
0
LINE
8
BLACK
6
CONTINUOUS
10
4.5278749606299211
20
-4.3316249212598423
11
4.5309999606299209
21
-4.3316249999999998
0
LINE
8
BLACK
6
CONTINUOUS
10
4.5841250000000002
20
-4.3347499606299209
11
4.5809999606299208
21
-4.3347498818897634
0
LINE
8
BLACK
6
CONTINUOUS
10
4.5809999606299208
20
-4.3347498818897634
11
4.5809999999999995
21
-4.3316249999999998
0
LINE
8
BLACK
6
CONTINUOUS
10
4.5809999999999995
20
-4.3316249999999998
11
4.5841250000000002
21
-4.3316249999999998
0
LINE
8
BLACK
6
CONTINUOUS
10
4.5841250000000002
20
-4.3316249999999998
11
4.5841250000000002
21
-4.3347499606299209
0
LINE
8
BLACK
6
CONTINUOUS
10
4.4372499606299209
20
-4.2847499999999998
11
4.4372499606299209
21
-4.2909999606299207
0
LINE
8
BLACK
6
CONTINUOUS
10
4.4372499606299209
20
-4.2909999606299207
11
4.4278750000000002
21
-4.2909999999999995
0
LINE
8
BLACK
6
CONTINUOUS
10
4.4278750000000002
20
-4.2909999999999995
11
4.4278750000000002
21
-4.2941249606299214
0
LINE
8
BLACK
6
CONTINUOUS
10
4.4278750000000002
20
-4.2941249606299214
11
4.4216249606299209
21
-4.2941249606299214
0
LINE
8
BLACK
6
CONTINUOUS
10
4.4216249606299209
20
-4.2941249606299214
11
4.4216249606299209
21
-4.2972499212598425
0
LINE
8
BLACK
6
CONTINUOUS
10
4.4216249606299209
20
-4.2972499212598425
11
4.415375
21
-4.2972499606299213
0
LINE
8
BLACK
6
CONTINUOUS
10
4.415375
20
-4.2972499606299213
11
4.415375
21
-4.3003749999999998
0
LINE
8
BLACK
6
CONTINUOUS
10
4.415375
20
-4.3003749999999998
11
4.4122500000000002
21
-4.3003749999999998
0
LINE
8
BLACK
6
CONTINUOUS
10
4.4122500000000002
20
-4.3003749999999998
11
4.4122500000000002
21
-4.3034999606299209
0
LINE
8
BLACK
6
CONTINUOUS
10
4.4122500000000002
20
-4.3034999606299209
11
4.4091250393700783
21
-4.3034999606299209
0
LINE
8
BLACK
6
CONTINUOUS
10
4.4091250393700783
20
-4.3034999606299209
11
4.4091250393700783
21
-4.3066249606299207
0
LINE
8
BLACK
6
CONTINUOUS
10
4.4091250393700783
20
-4.3066249606299207
11
4.4060000393700784
21
-4.3066249606299207
0
LINE
8
BLACK
6
CONTINUOUS
10
4.4060000393700784
20
-4.3066249606299207
11
4.4060000393700784
21
-4.3097499212598427
0
LINE
8
BLACK
6
CONTINUOUS
10
4.4060000393700784
20
-4.3097499212598427
11
4.4028749606299211
21
-4.3097499212598427
0
LINE
8
BLACK
6
CONTINUOUS
10
4.4028749606299211
20
-4.3097499212598427
11
4.4028749606299211
21
-4.3159999212598423
0
LINE
8
BLACK
6
CONTINUOUS
10
4.4028749606299211
20
-4.3159999212598423
11
4.39975
21
-4.3159999999999998
0
LINE
8
BLACK
6
CONTINUOUS
10
4.39975
20
-4.3159999999999998
11
4.39975
21
-4.3222499606299207
0
LINE
8
BLACK
6
CONTINUOUS
10
4.39975
20
-4.3222499606299207
11
4.3966250000000002
21
-4.3222499999999995
0
LINE
8
BLACK
6
CONTINUOUS
10
4.3966250000000002
20
-4.3222499999999995
11
4.3966250000000002
21
-4.3316249999999998
0
LINE
8
BLACK
6
CONTINUOUS
10
4.3966250000000002
20
-4.3316249999999998
11
4.3903749606299209
21
-4.3316249999999998
0
LINE
8
BLACK
6
CONTINUOUS
10
4.3903749606299209
20
-4.3316249999999998
11
4.3903749606299209
21
-4.3191249212598422
0
LINE
8
BLACK
6
CONTINUOUS
10
4.3903749606299209
20
-4.3191249212598422
11
4.3934999606299208
21
-4.3191248818897634
0
LINE
8
BLACK
6
CONTINUOUS
10
4.3934999606299208
20
-4.3191248818897634
11
4.3934999999999995
21
-4.312875
0
LINE
8
BLACK
6
CONTINUOUS
10
4.3934999999999995
20
-4.312875
11
4.3966249606299215
21
-4.3128749212598425
0
LINE
8
BLACK
6
CONTINUOUS
10
4.3966249606299215
20
-4.3128749212598425
11
4.3966250000000002
21
-4.3066249999999995
0
LINE
8
BLACK
6
CONTINUOUS
10
4.3966250000000002
20
-4.3066249999999995
11
4.39975
21
-4.3066249606299207
0
LINE
8
BLACK
6
CONTINUOUS
10
4.39975
20
-4.3066249606299207
11
4.39975
21
-4.3034999606299209
0
LINE
8
BLACK
6
CONTINUOUS
10
4.39975
20
-4.3034999606299209
11
4.4028749606299211
21
-4.3034999999999997
0
LINE
8
BLACK
6
CONTINUOUS
10
4.4028749606299211
20
-4.3034999999999997
11
4.4028749606299211
21
-4.3003749212598423
0
LINE
8
BLACK
6
CONTINUOUS
10
4.4028749606299211
20
-4.3003749212598423
11
4.4060000393700784
21
-4.3003749999999998
0
LINE
8
BLACK
6
CONTINUOUS
10
4.4060000393700784
20
-4.3003749999999998
11
4.4060000393700784
21
-4.29725
0
LINE
8
BLACK
6
CONTINUOUS
10
4.4060000393700784
20
-4.29725
11
4.4091250393700783
21
-4.29725
0
LINE
8
BLACK
6
CONTINUOUS
10
4.4091250393700783
20
-4.29725
11
4.4091250393700783
21
-4.2941249606299214
0
LINE
8
BLACK
6
CONTINUOUS
10
4.4091250393700783
20
-4.2941249606299214
11
4.4122500000000002
21
-4.2941249606299214
0
LINE
8
BLACK
6
CONTINUOUS
10
4.4122500000000002
20
-4.2941249606299214
11
4.4122500000000002
21
-4.2909999999999995
0
LINE
8
BLACK
6
CONTINUOUS
10
4.4122500000000002
20
-4.2909999999999995
11
4.4184999606299211
21
-4.2909999606299207
0
LINE
8
BLACK
6
CONTINUOUS
10
4.4184999606299211
20
-4.2909999606299207
11
4.4184999606299211
21
-4.2878749999999997
0
LINE
8
BLACK
6
CONTINUOUS
10
4.4184999606299211
20
-4.2878749999999997
11
4.4247499606299208
21
-4.2878749999999997
0
LINE
8
BLACK
6
CONTINUOUS
10
4.4247499606299208
20
-4.2878749999999997
11
4.4247499606299208
21
-4.2847499212598423
0
LINE
8
BLACK
6
CONTINUOUS
10
4.4247499606299208
20
-4.2847499212598423
11
4.4372499606299209
21
-4.2847499999999998
0
LINE
8
BLACK
6
CONTINUOUS
10
4.4372499606299209
20
-4.3066249606299207
11
4.431
21
-4.3066249606299207
0
LINE
8
BLACK
6
CONTINUOUS
10
4.431
20
-4.3066249606299207
11
4.4309999606299213
21
-4.3097499212598427
0
LINE
8
BLACK
6
CONTINUOUS
10
4.4309999606299213
20
-4.3097499212598427
11
4.4247499999999995
21
-4.3097500393700789
0
LINE
8
BLACK
6
CONTINUOUS
10
4.4247499999999995
20
-4.3097500393700789
11
4.4247499999999995
21
-4.312875
0
LINE
8
BLACK
6
CONTINUOUS
10
4.4247499999999995
20
-4.312875
11
4.4216249606299209
21
-4.3128749212598425
0
LINE
8
BLACK
6
CONTINUOUS
10
4.4216249606299209
20
-4.3128749212598425
11
4.4216249606299209
21
-4.3159999999999998
0
LINE
8
BLACK
6
CONTINUOUS
10
4.4216249606299209
20
-4.3159999999999998
11
4.4184999606299211
21
-4.3159999212598423
0
LINE
8
BLACK
6
CONTINUOUS
10
4.4184999606299211
20
-4.3159999212598423
11
4.4184999606299211
21
-4.3191249999999997
0
LINE
8
BLACK
6
CONTINUOUS
10
4.4184999606299211
20
-4.3191249999999997
11
4.415375
21
-4.3191249606299209
0
LINE
8
BLACK
6
CONTINUOUS
10
4.415375
20
-4.3191249606299209
11
4.4153749606299213
21
-4.3253749212598427
0
LINE
8
BLACK
6
CONTINUOUS
10
4.4153749606299213
20
-4.3253749212598427
11
4.4122500000000002
21
-4.3253749606299214
0
LINE
8
BLACK
6
CONTINUOUS
10
4.4122500000000002
20
-4.3253749606299214
11
4.4122500000000002
21
-4.3316249999999998
0
LINE
8
BLACK
6
CONTINUOUS
10
4.4122500000000002
20
-4.3316249999999998
11
4.4060000393700784
21
-4.3316249999999998
0
LINE
8
BLACK
6
CONTINUOUS
10
4.4060000393700784
20
-4.3316249999999998
11
4.4060000393700784
21
-4.3222499606299207
0
LINE
8
BLACK
6
CONTINUOUS
10
4.4060000393700784
20
-4.3222499606299207
11
4.4091250393700783
21
-4.3222499606299207
0
LINE
8
BLACK
6
CONTINUOUS
10
4.4091250393700783
20
-4.3222499606299207
11
4.4091250393700783
21
-4.3159999999999998
0
LINE
8
BLACK
6
CONTINUOUS
10
4.4091250393700783
20
-4.3159999999999998
11
4.4122500000000002
21
-4.3159999999999998
0
LINE
8
BLACK
6
CONTINUOUS
10
4.4122500000000002
20
-4.3159999999999998
11
4.4122500000000002
21
-4.3128749212598425
0
LINE
8
BLACK
6
CONTINUOUS
10
4.4122500000000002
20
-4.3128749212598425
11
4.415375
21
-4.3128749606299213
0
LINE
8
BLACK
6
CONTINUOUS
10
4.415375
20
-4.3128749606299213
11
4.4153749606299213
21
-4.3097499212598427
0
LINE
8
BLACK
6
CONTINUOUS
10
4.4153749606299213
20
-4.3097499212598427
11
4.4184999606299211
21
-4.3097499212598427
0
LINE
8
BLACK
6
CONTINUOUS
10
4.4184999606299211
20
-4.3097499212598427
11
4.4184999606299211
21
-4.3066249606299207
0
LINE
8
BLACK
6
CONTINUOUS
10
4.4184999606299211
20
-4.3066249606299207
11
4.4216249606299209
21
-4.3066249606299207
0
LINE
8
BLACK
6
CONTINUOUS
10
4.4216249606299209
20
-4.3066249606299207
11
4.4216249606299209
21
-4.3034999212598422
0
LINE
8
BLACK
6
CONTINUOUS
10
4.4216249606299209
20
-4.3034999212598422
11
4.4278750000000002
21
-4.3034999606299209
0
LINE
8
BLACK
6
CONTINUOUS
10
4.4278750000000002
20
-4.3034999606299209
11
4.4278750000000002
21
-4.3003749999999998
0
LINE
8
BLACK
6
CONTINUOUS
10
4.4278750000000002
20
-4.3003749999999998
11
4.4372499606299209
21
-4.3003749999999998
0
LINE
8
BLACK
6
CONTINUOUS
10
4.4372499606299209
20
-4.3003749999999998
11
4.4372499606299209
21
-4.3066249606299207
0
LINE
8
BLACK
6
CONTINUOUS
10
4.4372499606299209
20
-4.3222499606299207
11
4.431
21
-4.3222499606299207
0
LINE
8
BLACK
6
CONTINUOUS
10
4.431
20
-4.3222499606299207
11
4.4309999606299213
21
-4.3253749212598427
0
LINE
8
BLACK
6
CONTINUOUS
10
4.4309999606299213
20
-4.3253749212598427
11
4.4278750000000002
21
-4.3253749606299214
0
LINE
8
BLACK
6
CONTINUOUS
10
4.4278750000000002
20
-4.3253749606299214
11
4.4278750000000002
21
-4.3316249999999998
0
LINE
8
BLACK
6
CONTINUOUS
10
4.4278750000000002
20
-4.3316249999999998
11
4.4216249606299209
21
-4.3316249999999998
0
LINE
8
BLACK
6
CONTINUOUS
10
4.4216249606299209
20
-4.3316249999999998
11
4.4216249606299209
21
-4.3222499606299207
0
LINE
8
BLACK
6
CONTINUOUS
10
4.4216249606299209
20
-4.3222499606299207
11
4.4247500393700783
21
-4.3222499606299207
0
LINE
8
BLACK
6
CONTINUOUS
10
4.4247500393700783
20
-4.3222499606299207
11
4.4247499606299208
21
-4.3191248818897634
0
LINE
8
BLACK
6
CONTINUOUS
10
4.4247499606299208
20
-4.3191248818897634
11
4.4278750000000002
21
-4.3191249606299209
0
LINE
8
BLACK
6
CONTINUOUS
10
4.4278750000000002
20
-4.3191249606299209
11
4.4278750000000002
21
-4.3159999999999998
0
LINE
8
BLACK
6
CONTINUOUS
10
4.4278750000000002
20
-4.3159999999999998
11
4.4372499606299209
21
-4.3159999999999998
0
LINE
8
BLACK
6
CONTINUOUS
10
4.4372499606299209
20
-4.3159999999999998
11
4.4372499606299209
21
-4.3222499606299207
0
LINE
8
BLACK
6
CONTINUOUS
10
4.5184999999999995
20
-4.3285
11
4.5184999999999995
21
-4.3316249999999998
0
LINE
8
BLACK
6
CONTINUOUS
10
4.5184999999999995
20
-4.3316249999999998
11
4.5153749606299209
21
-4.3316249999999998
0
LINE
8
BLACK
6
CONTINUOUS
10
4.5153749606299209
20
-4.3316249999999998
11
4.5153749606299209
21
-4.3284999212598425
0
LINE
8
BLACK
6
CONTINUOUS
10
4.5153749606299209
20
-4.3284999212598425
11
4.5184999999999995
21
-4.3285
0
LINE
8
BLACK
6
CONTINUOUS
10
4.5341249999999995
20
-4.3285
11
4.5341249999999995
21
-4.3316249999999998
0
LINE
8
BLACK
6
CONTINUOUS
10
4.5341249999999995
20
-4.3316249999999998
11
4.5309999606299209
21
-4.3316249999999998
0
LINE
8
BLACK
6
CONTINUOUS
10
4.5309999606299209
20
-4.3316249999999998
11
4.5309999606299209
21
-4.3284999212598425
0
LINE
8
BLACK
6
CONTINUOUS
10
4.5309999606299209
20
-4.3284999212598425
11
4.5341249999999995
21
-4.3285
0
LINE
8
BLACK
6
CONTINUOUS
10
4.5528750000000002
20
-4.3316249999999998
11
4.5497499999999995
21
-4.3316249999999998
0
LINE
8
BLACK
6
CONTINUOUS
10
4.5497499999999995
20
-4.3316249999999998
11
4.5497499999999995
21
-4.3285
0
LINE
8
BLACK
6
CONTINUOUS
10
4.5497499999999995
20
-4.3285
11
4.5528750000000002
21
-4.3285
0
LINE
8
BLACK
6
CONTINUOUS
10
4.5528750000000002
20
-4.3285
11
4.5528750000000002
21
-4.3316249999999998
0
LINE
8
BLACK
6
CONTINUOUS
10
4.5809999999999995
20
-4.3285
11
4.5809999999999995
21
-4.3316249999999998
0
LINE
8
BLACK
6
CONTINUOUS
10
4.5809999999999995
20
-4.3316249999999998
11
4.5778749606299209
21
-4.3316249999999998
0
LINE
8
BLACK
6
CONTINUOUS
10
4.5778749606299209
20
-4.3316249999999998
11
4.5778749606299209
21
-4.3284999212598425
0
LINE
8
BLACK
6
CONTINUOUS
10
4.5778749606299209
20
-4.3284999212598425
11
4.5809999999999995
21
-4.3285
0
LINE
8
BLACK
6
CONTINUOUS
10
4.5216250000000002
20
-4.3285
11
4.5184999999999995
21
-4.3285
0
LINE
8
BLACK
6
CONTINUOUS
10
4.5184999999999995
20
-4.3285
11
4.5184999999999995
21
-4.3253750393700789
0
LINE
8
BLACK
6
CONTINUOUS
10
4.5184999999999995
20
-4.3253750393700789
11
4.5216250000000002
21
-4.3253749606299214
0
LINE
8
BLACK
6
CONTINUOUS
10
4.5216250000000002
20
-4.3253749606299214
11
4.5216250000000002
21
-4.3285
0
LINE
8
BLACK
6
CONTINUOUS
10
4.5372500000000002
20
-4.3285
11
4.5341249999999995
21
-4.3285
0
LINE
8
BLACK
6
CONTINUOUS
10
4.5341249999999995
20
-4.3285
11
4.5341249999999995
21
-4.3253750393700789
0
LINE
8
BLACK
6
CONTINUOUS
10
4.5341249999999995
20
-4.3253750393700789
11
4.5372500000000002
21
-4.3253749606299214
0
LINE
8
BLACK
6
CONTINUOUS
10
4.5372500000000002
20
-4.3253749606299214
11
4.5372500000000002
21
-4.3285
0
LINE
8
BLACK
6
CONTINUOUS
10
4.5497499999999995
20
-4.3253750393700789
11
4.5497499999999995
21
-4.3285
0
LINE
8
BLACK
6
CONTINUOUS
10
4.5497499999999995
20
-4.3285
11
4.5466249606299209
21
-4.3284999212598425
0
LINE
8
BLACK
6
CONTINUOUS
10
4.5466249606299209
20
-4.3284999212598425
11
4.5466249606299209
21
-4.3253749606299214
0
LINE
8
BLACK
6
CONTINUOUS
10
4.5466249606299209
20
-4.3253749606299214
11
4.5497499999999995
21
-4.3253750393700789
0
LINE
8
BLACK
6
CONTINUOUS
10
4.5778749606299209
20
-4.3253749606299214
11
4.5778749606299209
21
-4.3284999212598425
0
LINE
8
BLACK
6
CONTINUOUS
10
4.5778749606299209
20
-4.3284999212598425
11
4.5747499606299211
21
-4.3285
0
LINE
8
BLACK
6
CONTINUOUS
10
4.5747499606299211
20
-4.3285
11
4.5747499606299211
21
-4.3253749212598427
0
LINE
8
BLACK
6
CONTINUOUS
10
4.5747499606299211
20
-4.3253749212598427
11
4.5778749606299209
21
-4.3253749606299214
0
LINE
8
BLACK
6
CONTINUOUS
10
4.5841250000000002
20
-4.3285
11
4.5809999999999995
21
-4.3285
0
LINE
8
BLACK
6
CONTINUOUS
10
4.5809999999999995
20
-4.3285
11
4.5809999999999995
21
-4.3253750393700789
0
LINE
8
BLACK
6
CONTINUOUS
10
4.5809999999999995
20
-4.3253750393700789
11
4.5841250000000002
21
-4.3253749606299214
0
LINE
8
BLACK
6
CONTINUOUS
10
4.5841250000000002
20
-4.3253749606299214
11
4.5841250000000002
21
-4.3285
0
LINE
8
BLACK
6
CONTINUOUS
10
4.5685000000000002
20
-4.3222499999999995
11
4.5685000000000002
21
-4.3253749606299214
0
LINE
8
BLACK
6
CONTINUOUS
10
4.5685000000000002
20
-4.3253749606299214
11
4.5653749999999995
21
-4.3253750393700789
0
LINE
8
BLACK
6
CONTINUOUS
10
4.5653749999999995
20
-4.3253750393700789
11
4.5653749999999995
21
-4.3222499606299207
0
LINE
8
BLACK
6
CONTINUOUS
10
4.5653749999999995
20
-4.3222499606299207
11
4.5685000000000002
21
-4.3222499999999995
0
LINE
8
BLACK
6
CONTINUOUS
10
4.5809999999999995
20
-4.3253750393700789
11
4.5778749606299209
21
-4.3253749606299214
0
LINE
8
BLACK
6
CONTINUOUS
10
4.5778749606299209
20
-4.3253749606299214
11
4.5778749212598422
21
-4.3222499606299207
0
LINE
8
BLACK
6
CONTINUOUS
10
4.5778749212598422
20
-4.3222499606299207
11
4.5809999999999995
21
-4.3222499606299207
0
LINE
8
BLACK
6
CONTINUOUS
10
4.5809999999999995
20
-4.3222499606299207
11
4.5809999999999995
21
-4.3253750393700789
0
LINE
8
BLACK
6
CONTINUOUS
10
4.52475
20
-4.3253750000000002
11
4.5216250000000002
21
-4.3253749606299214
0
LINE
8
BLACK
6
CONTINUOUS
10
4.5216250000000002
20
-4.3253749606299214
11
4.5216250000000002
21
-4.3222499999999995
0
LINE
8
BLACK
6
CONTINUOUS
10
4.5216250000000002
20
-4.3222499999999995
11
4.52475
21
-4.3222499606299207
0
LINE
8
BLACK
6
CONTINUOUS
10
4.52475
20
-4.3222499606299207
11
4.52475
21
-4.3253750000000002
0
LINE
8
BLACK
6
CONTINUOUS
10
4.5747499606299211
20
-4.3253749212598427
11
4.5716249606299213
21
-4.3253750000000002
0
LINE
8
BLACK
6
CONTINUOUS
10
4.5716249606299213
20
-4.3253750000000002
11
4.5716249606299213
21
-4.3222499999999995
0
LINE
8
BLACK
6
CONTINUOUS
10
4.5716249606299213
20
-4.3222499999999995
11
4.5747499606299211
21
-4.3222499606299207
0
LINE
8
BLACK
6
CONTINUOUS
10
4.5747499606299211
20
-4.3222499606299207
11
4.5747499606299211
21
-4.3253749212598427
0
LINE
8
BLACK
6
CONTINUOUS
10
4.5466249606299209
20
-4.3253749606299214
11
4.5434999606299211
21
-4.3253749212598427
0
LINE
8
BLACK
6
CONTINUOUS
10
4.5434999606299211
20
-4.3253749212598427
11
4.5434999606299211
21
-4.3222499606299207
0
LINE
8
BLACK
6
CONTINUOUS
10
4.5434999606299211
20
-4.3222499606299207
11
4.5466249606299209
21
-4.3222499606299207
0
LINE
8
BLACK
6
CONTINUOUS
10
4.5466249606299209
20
-4.3222499606299207
11
4.5466249606299209
21
-4.3253749606299214
0
LINE
8
BLACK
6
CONTINUOUS
10
4.5434999606299211
20
-4.3191249999999997
11
4.5434999606299211
21
-4.3222499606299207
0
LINE
8
BLACK
6
CONTINUOUS
10
4.5434999606299211
20
-4.3222499606299207
11
4.5403749606299213
21
-4.3222499999999995
0
LINE
8
BLACK
6
CONTINUOUS
10
4.5403749606299213
20
-4.3222499999999995
11
4.5403749606299213
21
-4.3191249606299209
0
LINE
8
BLACK
6
CONTINUOUS
10
4.5403749606299213
20
-4.3191249606299209
11
4.5434999606299211
21
-4.3191249999999997
0
LINE
8
BLACK
6
CONTINUOUS
10
4.5716249606299213
20
-4.3222499999999995
11
4.5685000000000002
21
-4.3222499999999995
0
LINE
8
BLACK
6
CONTINUOUS
10
4.5685000000000002
20
-4.3222499999999995
11
4.5685000000000002
21
-4.3191249606299209
0
LINE
8
BLACK
6
CONTINUOUS
10
4.5685000000000002
20
-4.3191249606299209
11
4.5716249606299213
21
-4.3191249606299209
0
LINE
8
BLACK
6
CONTINUOUS
10
4.5716249606299213
20
-4.3191249606299209
11
4.5716249606299213
21
-4.3222499999999995
0
LINE
8
BLACK
6
CONTINUOUS
10
4.5278749606299211
20
-4.3191249999999997
11
4.5278749606299211
21
-4.3222499606299207
0
LINE
8
BLACK
6
CONTINUOUS
10
4.5278749606299211
20
-4.3222499606299207
11
4.52475
21
-4.3222499606299207
0
LINE
8
BLACK
6
CONTINUOUS
10
4.52475
20
-4.3222499606299207
11
4.52475
21
-4.3191249606299209
0
LINE
8
BLACK
6
CONTINUOUS
10
4.52475
20
-4.3191249606299209
11
4.5278749606299211
21
-4.3191249999999997
0
LINE
8
BLACK
6
CONTINUOUS
10
4.5778749606299209
20
-4.3159999999999998
11
4.5747499606299211
21
-4.3159999212598423
0
LINE
8
BLACK
6
CONTINUOUS
10
4.5747499606299211
20
-4.3159999212598423
11
4.5747499606299211
21
-4.3191249999999997
0
LINE
8
BLACK
6
CONTINUOUS
10
4.5747499606299211
20
-4.3191249999999997
11
4.5716249606299213
21
-4.3191249606299209
0
LINE
8
BLACK
6
CONTINUOUS
10
4.5716249606299213
20
-4.3191249606299209
11
4.5716249606299213
21
-4.3159999999999998
0
LINE
8
BLACK
6
CONTINUOUS
10
4.5716249606299213
20
-4.3159999999999998
11
4.5685000000000002
21
-4.3159999999999998
0
LINE
8
BLACK
6
CONTINUOUS
10
4.5685000000000002
20
-4.3159999999999998
11
4.5685000000000002
21
-4.3191249606299209
0
LINE
8
BLACK
6
CONTINUOUS
10
4.5685000000000002
20
-4.3191249606299209
11
4.5653749606299208
21
-4.3191248818897634
0
LINE
8
BLACK
6
CONTINUOUS
10
4.5653749606299208
20
-4.3191248818897634
11
4.5653749999999995
21
-4.3222499606299207
0
LINE
8
BLACK
6
CONTINUOUS
10
4.5653749999999995
20
-4.3222499606299207
11
4.5622499212598422
21
-4.3222499606299207
0
LINE
8
BLACK
6
CONTINUOUS
10
4.5622499212598422
20
-4.3222499606299207
11
4.5622500393700784
21
-4.3191249606299209
0
LINE
8
BLACK
6
CONTINUOUS
10
4.5622500393700784
20
-4.3191249606299209
11
4.5591249606299211
21
-4.3191249999999997
0
LINE
8
BLACK
6
CONTINUOUS
10
4.5591249606299211
20
-4.3191249999999997
11
4.5591249606299211
21
-4.3159999212598423
0
LINE
8
BLACK
6
CONTINUOUS
10
4.5591249606299211
20
-4.3159999212598423
11
4.5622499606299209
21
-4.3159999999999998
0
LINE
8
BLACK
6
CONTINUOUS
10
4.5622499606299209
20
-4.3159999999999998
11
4.5622499606299209
21
-4.3128749212598425
0
LINE
8
BLACK
6
CONTINUOUS
10
4.5622499606299209
20
-4.3128749212598425
11
4.5653749999999995
21
-4.312875
0
LINE
8
BLACK
6
CONTINUOUS
10
4.5653749999999995
20
-4.312875
11
4.5653749999999995
21
-4.3159999999999998
0
LINE
8
BLACK
6
CONTINUOUS
10
4.5653749999999995
20
-4.3159999999999998
11
4.5685000000000002
21
-4.3159999999999998
0
LINE
8
BLACK
6
CONTINUOUS
10
4.5685000000000002
20
-4.3159999999999998
11
4.5685000000000002
21
-4.312875
0
LINE
8
BLACK
6
CONTINUOUS
10
4.5685000000000002
20
-4.312875
11
4.5778749606299209
21
-4.3128749212598425
0
LINE
8
BLACK
6
CONTINUOUS
10
4.5778749606299209
20
-4.3128749212598425
11
4.5778749606299209
21
-4.3159999999999998
0
LINE
8
BLACK
6
CONTINUOUS
10
4.5778749212598422
20
-4.3222499606299207
11
4.5747499606299211
21
-4.3222499606299207
0
LINE
8
BLACK
6
CONTINUOUS
10
4.5747499606299211
20
-4.3222499606299207
11
4.5747499606299211
21
-4.3191249999999997
0
LINE
8
BLACK
6
CONTINUOUS
10
4.5747499606299211
20
-4.3191249999999997
11
4.5778750393700784
21
-4.3191249606299209
0
LINE
8
BLACK
6
CONTINUOUS
10
4.5778750393700784
20
-4.3191249606299209
11
4.5778749212598422
21
-4.3222499606299207
0
LINE
8
BLACK
6
CONTINUOUS
10
4.5403749606299213
20
-4.3191249606299209
11
4.5372500000000002
21
-4.3191249606299209
0
LINE
8
BLACK
6
CONTINUOUS
10
4.5372500000000002
20
-4.3191249606299209
11
4.5372500000000002
21
-4.3159999999999998
0
LINE
8
BLACK
6
CONTINUOUS
10
4.5372500000000002
20
-4.3159999999999998
11
4.5403749606299213
21
-4.3159999999999998
0
LINE
8
BLACK
6
CONTINUOUS
10
4.5403749606299213
20
-4.3159999999999998
11
4.5403749606299213
21
-4.3191249606299209
0
LINE
8
BLACK
6
CONTINUOUS
10
4.5372500000000002
20
-4.3159999999999998
11
4.5341249999999995
21
-4.3159999999999998
0
LINE
8
BLACK
6
CONTINUOUS
10
4.5341249999999995
20
-4.3159999999999998
11
4.5341249999999995
21
-4.312875
0
LINE
8
BLACK
6
CONTINUOUS
10
4.5341249999999995
20
-4.312875
11
4.5372500000000002
21
-4.312875
0
LINE
8
BLACK
6
CONTINUOUS
10
4.5372500000000002
20
-4.312875
11
4.5372500000000002
21
-4.3159999999999998
0
LINE
8
BLACK
6
CONTINUOUS
10
4.5591249606299211
20
-4.312875
11
4.5591249606299211
21
-4.3159999212598423
0
LINE
8
BLACK
6
CONTINUOUS
10
4.5591249606299211
20
-4.3159999212598423
11
4.5559999606299213
21
-4.3159999999999998
0
LINE
8
BLACK
6
CONTINUOUS
10
4.5559999606299213
20
-4.3159999999999998
11
4.5559999606299213
21
-4.3128749212598425
0
LINE
8
BLACK
6
CONTINUOUS
10
4.5559999606299213
20
-4.3128749212598425
11
4.5591249606299211
21
-4.312875
0
LINE
8
BLACK
6
CONTINUOUS
10
4.5559999606299213
20
-4.3097500000000002
11
4.5559999606299213
21
-4.3128749212598425
0
LINE
8
BLACK
6
CONTINUOUS
10
4.5559999606299213
20
-4.3128749212598425
11
4.5528750000000002
21
-4.312875
0
LINE
8
BLACK
6
CONTINUOUS
10
4.5528750000000002
20
-4.312875
11
4.5528750000000002
21
-4.3097499606299214
0
LINE
8
BLACK
6
CONTINUOUS
10
4.5528750000000002
20
-4.3097499606299214
11
4.5559999606299213
21
-4.3097500000000002
0
LINE
8
BLACK
6
CONTINUOUS
10
4.5622499606299209
20
-4.3097499606299214
11
4.5622499606299209
21
-4.3128749212598425
0
LINE
8
BLACK
6
CONTINUOUS
10
4.5622499606299209
20
-4.3128749212598425
11
4.5591249606299211
21
-4.312875
0
LINE
8
BLACK
6
CONTINUOUS
10
4.5591249606299211
20
-4.312875
11
4.5591249606299211
21
-4.3097499212598427
0
LINE
8
BLACK
6
CONTINUOUS
10
4.5591249606299211
20
-4.3097499212598427
11
4.5622499606299209
21
-4.3097499606299214
0
LINE
8
BLACK
6
CONTINUOUS
10
4.5872499606299213
20
-4.3097500000000002
11
4.5872499606299213
21
-4.3128749212598425
0
LINE
8
BLACK
6
CONTINUOUS
10
4.5872499606299213
20
-4.3128749212598425
11
4.5778749606299209
21
-4.3128749212598425
0
LINE
8
BLACK
6
CONTINUOUS
10
4.5778749606299209
20
-4.3128749212598425
11
4.5778749606299209
21
-4.3097499606299214
0
LINE
8
BLACK
6
CONTINUOUS
10
4.5778749606299209
20
-4.3097499606299214
11
4.5872499606299213
21
-4.3097500000000002
0
LINE
8
BLACK
6
CONTINUOUS
10
5.7793274409448818
20
-4.2656401574803144
11
5.7794254330708661
21
-4.265680748031496
0
LINE
8
BLACK
6
CONTINUOUS
10
5.7794254330708661
20
-4.265680748031496
11
5.7795312598425195
21
-4.2656882677165351
0
LINE
8
BLACK
6
CONTINUOUS
10
5.7795312598425195
20
-4.2656882677165351
11
5.7800718897637795
21
-4.2658951574803146
0
LINE
8
BLACK
6
CONTINUOUS
10
5.7800718897637795
20
-4.2658951574803146
11
5.7838214173228346
21
-4.2677699212598421
0
LINE
8
BLACK
6
CONTINUOUS
10
5.7838214173228346
20
-4.2677699212598421
11
5.7840694094488185
21
-4.2679259842519688
0
LINE
8
BLACK
6
CONTINUOUS
10
5.7840694094488185
20
-4.2679259842519688
11
5.7841413779527562
21
-4.2679558267716535
0
LINE
8
BLACK
6
CONTINUOUS
10
5.7841413779527562
20
-4.2679558267716535
11
5.7842223228346459
21
-4.2680222834645667
0
LINE
8
BLACK
6
CONTINUOUS
10
5.7842223228346459
20
-4.2680222834645667
11
5.7843112992125985
21
-4.2680782677165352
0
LINE
8
BLACK
6
CONTINUOUS
10
5.7843112992125985
20
-4.2680782677165352
11
5.7843624409448822
21
-4.268137244094488
0
LINE
8
BLACK
6
CONTINUOUS
10
5.7843624409448822
20
-4.268137244094488
11
5.784588818897638
21
-4.2683230314960632
0
LINE
8
BLACK
6
CONTINUOUS
10
5.784588818897638
20
-4.2683230314960632
11
5.7864635826771655
21
-4.2701977952755907
0
LINE
8
BLACK
6
CONTINUOUS
10
5.7864635826771655
20
-4.2701977952755907
11
5.7866493307086611
21
-4.2704241338582678
0
LINE
8
BLACK
6
CONTINUOUS
10
5.7866493307086611
20
-4.2704241338582678
11
5.7867083464566926
21
-4.2704753149606303
0
LINE
8
BLACK
6
CONTINUOUS
10
5.7867083464566926
20
-4.2704753149606303
11
5.7867642913385824
21
-4.2705642519685041
0
LINE
8
BLACK
6
CONTINUOUS
10
5.7867642913385824
20
-4.2705642519685041
11
5.7868307874015743
21
-4.2706452362204725
0
LINE
8
BLACK
6
CONTINUOUS
10
5.7868307874015743
20
-4.2706452362204725
11
5.7868605905511812
21
-4.2707171653543305
0
LINE
8
BLACK
6
CONTINUOUS
10
5.7868605905511812
20
-4.2707171653543305
11
5.7870166929133857
21
-4.2709651968503932
0
LINE
8
BLACK
6
CONTINUOUS
10
5.7870166929133857
20
-4.2709651968503932
11
5.7888914566929133
21
-4.2747147244094483
0
LINE
8
BLACK
6
CONTINUOUS
10
5.7888914566929133
20
-4.2747147244094483
11
5.7890983464566927
21
-4.2752553149606296
0
LINE
8
BLACK
6
CONTINUOUS
10
5.7890983464566927
20
-4.2752553149606296
11
5.7891058661417318
21
-4.2753611811023617
0
LINE
8
BLACK
6
CONTINUOUS
10
5.7891058661417318
20
-4.2753611811023617
11
5.7891464566929134
21
-4.275459173228346
0
LINE
8
BLACK
6
CONTINUOUS
10
5.7891464566929134
20
-4.275459173228346
11
5.7892031889763782
21
-4.2760352362204728
0
LINE
8
BLACK
6
CONTINUOUS
10
5.7892031889763782
20
-4.2760352362204728
11
5.7892031889763782
21
-4.2854090551181105
0
LINE
8
BLACK
6
CONTINUOUS
10
5.7892031889763782
20
-4.2854090551181105
11
5.7891464566929134
21
-4.2859851181102364
0
LINE
8
BLACK
6
CONTINUOUS
10
5.7891464566929134
20
-4.2859851181102364
11
5.7891058661417318
21
-4.2860830708661419
0
LINE
8
BLACK
6
CONTINUOUS
10
5.7891058661417318
20
-4.2860830708661419
11
5.7890983464566927
21
-4.2861889763779528
0
LINE
8
BLACK
6
CONTINUOUS
10
5.7890983464566927
20
-4.2861889763779528
11
5.7888914566929133
21
-4.2867295669291341
0
LINE
8
BLACK
6
CONTINUOUS
10
5.7888914566929133
20
-4.2867295669291341
11
5.7870166929133857
21
-4.2904790944881892
0
LINE
8
BLACK
6
CONTINUOUS
10
5.7870166929133857
20
-4.2904790944881892
11
5.7868605905511812
21
-4.2907270866141731
0
LINE
8
BLACK
6
CONTINUOUS
10
5.7868605905511812
20
-4.2907270866141731
11
5.7868307874015743
21
-4.2907990551181099
0
LINE
8
BLACK
6
CONTINUOUS
10
5.7868307874015743
20
-4.2907990551181099
11
5.7867642913385824
21
-4.2908799999999996
0
LINE
8
BLACK
6
CONTINUOUS
10
5.7867642913385824
20
-4.2908799999999996
11
5.7867083464566926
21
-4.290968976377953
0
LINE
8
BLACK
6
CONTINUOUS
10
5.7867083464566926
20
-4.290968976377953
11
5.7866493307086611
21
-4.2910201181102359
0
LINE
8
BLACK
6
CONTINUOUS
10
5.7866493307086611
20
-4.2910201181102359
11
5.7864635826771655
21
-4.2912464960629917
0
LINE
8
BLACK
6
CONTINUOUS
10
5.7864635826771655
20
-4.2912464960629917
11
5.784588818897638
21
-4.2931212598425192
0
LINE
8
BLACK
6
CONTINUOUS
10
5.784588818897638
20
-4.2931212598425192
11
5.7843624409448822
21
-4.2933070078740156
0
LINE
8
BLACK
6
CONTINUOUS
10
5.7843624409448822
20
-4.2933070078740156
11
5.7843112992125985
21
-4.2933660236220472
0
LINE
8
BLACK
6
CONTINUOUS
10
5.7843112992125985
20
-4.2933660236220472
11
5.7842223228346459
21
-4.293421968503937
0
LINE
8
BLACK
6
CONTINUOUS
10
5.7842223228346459
20
-4.293421968503937
11
5.7841413779527562
21
-4.2934884645669289
0
LINE
8
BLACK
6
CONTINUOUS
10
5.7841413779527562
20
-4.2934884645669289
11
5.7840694094488185
21
-4.2935182677165358
0
LINE
8
BLACK
6
CONTINUOUS
10
5.7840694094488185
20
-4.2935182677165358
11
5.7838214173228346
21
-4.2936743700787403
0
LINE
8
BLACK
6
CONTINUOUS
10
5.7838214173228346
20
-4.2936743700787403
11
5.7800718897637795
21
-4.2955491338582679
0
LINE
8
BLACK
6
CONTINUOUS
10
5.7800718897637795
20
-4.2955491338582679
11
5.7795312598425195
21
-4.2957560236220473
0
LINE
8
BLACK
6
CONTINUOUS
10
5.7795312598425195
20
-4.2957560236220473
11
5.7794254330708661
21
-4.2957635039370077
0
LINE
8
BLACK
6
CONTINUOUS
10
5.7794254330708661
20
-4.2957635039370077
11
5.7793274409448818
21
-4.295804133858268
0
LINE
8
BLACK
6
CONTINUOUS
10
5.7793274409448818
20
-4.295804133858268
11
5.778751377952756
21
-4.2958608661417319
0
LINE
8
BLACK
6
CONTINUOUS
10
5.778751377952756
20
-4.2958608661417319
11
5.7712523228346457
21
-4.2958608661417319
0
LINE
8
BLACK
6
CONTINUOUS
10
5.7712523228346457
20
-4.2958608661417319
11
5.7706762598425199
21
-4.295804133858268
0
LINE
8
BLACK
6
CONTINUOUS
10
5.7706762598425199
20
-4.295804133858268
11
5.7705782677165356
21
-4.2957635433070864
0
LINE
8
BLACK
6
CONTINUOUS
10
5.7705782677165356
20
-4.2957635433070864
11
5.7704724015748035
21
-4.2957560236220473
0
LINE
8
BLACK
6
CONTINUOUS
10
5.7704724015748035
20
-4.2957560236220473
11
5.7699318110236222
21
-4.2955491338582679
0
LINE
8
BLACK
6
CONTINUOUS
10
5.7699318110236222
20
-4.2955491338582679
11
5.7676392913385826
21
-4.2944028740157476
0
LINE
8
BLACK
6
CONTINUOUS
10
5.7676392913385826
20
-4.2944028740157476
11
5.7683685826771649
21
-4.2973200393700788
0
LINE
8
BLACK
6
CONTINUOUS
10
5.7683685826771649
20
-4.2973200393700788
11
5.7716722047244096
21
-4.3022755118110236
0
LINE
8
BLACK
6
CONTINUOUS
10
5.7716722047244096
20
-4.3022755118110236
11
5.7730014173228348
21
-4.3036047637795276
0
LINE
8
BLACK
6
CONTINUOUS
10
5.7730014173228348
20
-4.3036047637795276
11
5.7756988976377954
21
-4.3049535039370079
0
LINE
8
BLACK
6
CONTINUOUS
10
5.7756988976377954
20
-4.3049535039370079
11
5.7825009055118111
21
-4.3049535039370079
0
LINE
8
BLACK
6
CONTINUOUS
10
5.7825009055118111
20
-4.3049535039370079
11
5.7830769685039369
21
-4.3050102362204727
0
LINE
8
BLACK
6
CONTINUOUS
10
5.7830769685039369
20
-4.3050102362204727
11
5.7841413779527562
21
-4.3054511417322834
0
LINE
8
BLACK
6
CONTINUOUS
10
5.7841413779527562
20
-4.3054511417322834
11
5.7849560236220468
21
-4.3062657874015748
0
LINE
8
BLACK
6
CONTINUOUS
10
5.7849560236220468
20
-4.3062657874015748
11
5.7853969291338583
21
-4.3073301968503932
0
LINE
8
BLACK
6
CONTINUOUS
10
5.7853969291338583
20
-4.3073301968503932
11
5.7853969291338583
21
-4.3084823228346458
0
LINE
8
BLACK
6
CONTINUOUS
10
5.7853969291338583
20
-4.3084823228346458
11
5.7849560236220468
21
-4.3095467322834642
0
LINE
8
BLACK
6
CONTINUOUS
10
5.7849560236220468
20
-4.3095467322834642
11
5.7841413779527562
21
-4.3103613779527556
0
LINE
8
BLACK
6
CONTINUOUS
10
5.7841413779527562
20
-4.3103613779527556
11
5.7830769685039369
21
-4.3108022834645672
0
LINE
8
BLACK
6
CONTINUOUS
10
5.7830769685039369
20
-4.3108022834645672
11
5.7825009055118111
21
-4.3108590157480311
0
LINE
8
BLACK
6
CONTINUOUS
10
5.7825009055118111
20
-4.3108590157480311
11
5.7750018503937008
21
-4.3108590157480311
0
LINE
8
BLACK
6
CONTINUOUS
10
5.7750018503937008
20
-4.3108590157480311
11
5.774425787401575
21
-4.3108022834645672
0
LINE
8
BLACK
6
CONTINUOUS
10
5.774425787401575
20
-4.3108022834645672
11
5.7743277952755907
21
-4.3107616929133856
0
LINE
8
BLACK
6
CONTINUOUS
10
5.7743277952755907
20
-4.3107616929133856
11
5.7742219291338586
21
-4.3107541732283465
0
LINE
8
BLACK
6
CONTINUOUS
10
5.7742219291338586
20
-4.3107541732283465
11
5.7736813385826773
21
-4.3105472834645671
0
LINE
8
BLACK
6
CONTINUOUS
10
5.7736813385826773
20
-4.3105472834645671
11
5.7699318110236222
21
-4.3086725196850395
0
LINE
8
BLACK
6
CONTINUOUS
10
5.7699318110236222
20
-4.3086725196850395
11
5.7696837795275586
21
-4.308516417322835
0
LINE
8
BLACK
6
CONTINUOUS
10
5.7696837795275586
20
-4.308516417322835
11
5.7696118503937006
21
-4.3084866141732281
0
LINE
8
BLACK
6
CONTINUOUS
10
5.7696118503937006
20
-4.3084866141732281
11
5.7695308661417322
21
-4.3084201574803149
0
LINE
8
BLACK
6
CONTINUOUS
10
5.7695308661417322
20
-4.3084201574803149
11
5.7694419291338583
21
-4.3083641732283464
0
LINE
8
BLACK
6
CONTINUOUS
10
5.7694419291338583
20
-4.3083641732283464
11
5.7693907086614171
21
-4.3083051181102361
0
LINE
8
BLACK
6
CONTINUOUS
10
5.7693907086614171
20
-4.3083051181102361
11
5.7691643700787401
21
-4.3081193700787397
0
LINE
8
BLACK
6
CONTINUOUS
10
5.7691643700787401
20
-4.3081193700787397
11
5.7672896062992125
21
-4.3062445669291334
0
LINE
8
BLACK
6
CONTINUOUS
10
5.7672896062992125
20
-4.3062445669291334
11
5.7672883070866137
21
-4.3062429921259842
0
LINE
8
BLACK
6
CONTINUOUS
10
5.7672883070866137
20
-4.3062429921259842
11
5.7672874803149607
21
-4.3062424409448816
0
LINE
8
BLACK
6
CONTINUOUS
10
5.7672874803149607
20
-4.3062424409448816
11
5.7671025590551181
21
-4.3060166535433071
0
LINE
8
BLACK
6
CONTINUOUS
10
5.7671025590551181
20
-4.3060166535433071
11
5.7669224015748028
21
-4.3057971259842516
0
LINE
8
BLACK
6
CONTINUOUS
10
5.7669224015748028
20
-4.3057971259842516
11
5.7669220078740153
21
-4.3057961811023624
0
LINE
8
BLACK
6
CONTINUOUS
10
5.7669220078740153
20
-4.3057961811023624
11
5.7669207086614174
21
-4.3057946062992123
0
LINE
8
BLACK
6
CONTINUOUS
10
5.7669207086614174
20
-4.3057946062992123
11
5.7631711811023623
21
-4.3001703149606296
0
LINE
8
BLACK
6
CONTINUOUS
10
5.7631711811023623
20
-4.3001703149606296
11
5.7630016141732279
21
-4.2998522440944882
0
LINE
8
BLACK
6
CONTINUOUS
10
5.7630016141732279
20
-4.2998522440944882
11
5.7629581889763779
21
-4.2997936614173229
0
LINE
8
BLACK
6
CONTINUOUS
10
5.7629581889763779
20
-4.2997936614173229
11
5.7629334251968505
21
-4.2997243700787404
0
LINE
8
BLACK
6
CONTINUOUS
10
5.7629334251968505
20
-4.2997243700787404
11
5.7628988582677163
21
-4.2996595275590552
0
LINE
8
BLACK
6
CONTINUOUS
10
5.7628988582677163
20
-4.2996595275590552
11
5.7628846850393698
21
-4.2995879921259839
0
LINE
8
BLACK
6
CONTINUOUS
10
5.7628846850393698
20
-4.2995879921259839
11
5.7627634251968507
21
-4.2992485433070868
0
LINE
8
BLACK
6
CONTINUOUS
10
5.7627634251968507
20
-4.2992485433070868
11
5.7608886614173231
21
-4.2917494881889766
0
LINE
8
BLACK
6
CONTINUOUS
10
5.7608886614173231
20
-4.2917494881889766
11
5.7608738582677166
21
-4.2916496062992122
0
LINE
8
BLACK
6
CONTINUOUS
10
5.7608738582677166
20
-4.2916496062992122
11
5.7608572440944883
21
-4.2916094094488191
0
LINE
8
BLACK
6
CONTINUOUS
10
5.7608572440944883
20
-4.2916094094488191
11
5.7608358661417318
21
-4.2913923622047241
0
LINE
8
BLACK
6
CONTINUOUS
10
5.7608358661417318
20
-4.2913923622047241
11
5.7608040157480316
21
-4.2911768897637792
0
LINE
8
BLACK
6
CONTINUOUS
10
5.7608040157480316
20
-4.2911768897637792
11
5.7608103937007868
21
-4.2911338582677168
0
LINE
8
BLACK
6
CONTINUOUS
10
5.7608103937007868
20
-4.2911338582677168
11
5.7608005118110235
21
-4.2910333464566932
0
LINE
8
BLACK
6
CONTINUOUS
10
5.7608005118110235
20
-4.2910333464566932
11
5.7608005118110235
21
-4.2760352362204728
0
LINE
8
BLACK
6
CONTINUOUS
10
5.7608005118110235
20
-4.2760352362204728
11
5.7608572440944883
21
-4.275459173228346
0
LINE
8
BLACK
6
CONTINUOUS
10
5.7608572440944883
20
-4.275459173228346
11
5.760897834645669
21
-4.275361141732283
0
LINE
8
BLACK
6
CONTINUOUS
10
5.760897834645669
20
-4.275361141732283
11
5.7609053543307089
21
-4.2752553543307084
0
LINE
8
BLACK
6
CONTINUOUS
10
5.7609053543307089
20
-4.2752553543307084
11
5.7611122440944884
21
-4.2747147244094483
0
LINE
8
BLACK
6
CONTINUOUS
10
5.7611122440944884
20
-4.2747147244094483
11
5.762987007874016
21
-4.2709651968503932
0
LINE
8
BLACK
6
CONTINUOUS
10
5.762987007874016
20
-4.2709651968503932
11
5.7631430708661417
21
-4.2707171653543305
0
LINE
8
BLACK
6
CONTINUOUS
10
5.7631430708661417
20
-4.2707171653543305
11
5.7631729133858265
21
-4.2706452362204725
0
LINE
8
BLACK
6
CONTINUOUS
10
5.7631729133858265
20
-4.2706452362204725
11
5.7632393700787397
21
-4.2705642519685041
0
LINE
8
BLACK
6
CONTINUOUS
10
5.7632393700787397
20
-4.2705642519685041
11
5.7632953543307082
21
-4.2704753149606303
0
LINE
8
BLACK
6
CONTINUOUS
10
5.7632953543307082
20
-4.2704753149606303
11
5.763354330708661
21
-4.2704241338582678
0
LINE
8
BLACK
6
CONTINUOUS
10
5.763354330708661
20
-4.2704241338582678
11
5.7635401181102361
21
-4.2701977952755907
0
LINE
8
BLACK
6
CONTINUOUS
10
5.7635401181102361
20
-4.2701977952755907
11
5.7654148818897637
21
-4.2683230314960632
0
LINE
8
BLACK
6
CONTINUOUS
10
5.7654148818897637
20
-4.2683230314960632
11
5.7656412204724408
21
-4.268137244094488
0
LINE
8
BLACK
6
CONTINUOUS
10
5.7656412204724408
20
-4.268137244094488
11
5.7656924015748032
21
-4.2680782677165352
0
LINE
8
BLACK
6
CONTINUOUS
10
5.7656924015748032
20
-4.2680782677165352
11
5.7657813385826771
21
-4.2680222834645667
0
LINE
8
BLACK
6
CONTINUOUS
10
5.7657813385826771
20
-4.2680222834645667
11
5.7658623228346455
21
-4.2679558267716535
0
LINE
8
BLACK
6
CONTINUOUS
10
5.7658623228346455
20
-4.2679558267716535
11
5.7659342519685035
21
-4.2679259842519688
0
LINE
8
BLACK
6
CONTINUOUS
10
5.7659342519685035
20
-4.2679259842519688
11
5.7661822834645671
21
-4.2677699212598421
0
LINE
8
BLACK
6
CONTINUOUS
10
5.7661822834645671
20
-4.2677699212598421
11
5.7699318110236222
21
-4.2658951574803146
0
LINE
8
BLACK
6
CONTINUOUS
10
5.7699318110236222
20
-4.2658951574803146
11
5.7704724015748035
21
-4.2656882677165351
0
LINE
8
BLACK
6
CONTINUOUS
10
5.7704724015748035
20
-4.2656882677165351
11
5.7705782677165356
21
-4.2656807086614172
0
LINE
8
BLACK
6
CONTINUOUS
10
5.7705782677165356
20
-4.2656807086614172
11
5.7706762598425199
21
-4.2656401574803144
0
LINE
8
BLACK
6
CONTINUOUS
10
5.7706762598425199
20
-4.2656401574803144
11
5.7712523228346457
21
-4.2655834251968505
0
LINE
8
BLACK
6
CONTINUOUS
10
5.7712523228346457
20
-4.2655834251968505
11
5.778751377952756
21
-4.2655834251968505
0
LINE
8
BLACK
6
CONTINUOUS
10
5.778751377952756
20
-4.2655834251968505
11
5.7793274409448818
21
-4.2656401574803144
0
LINE
8
BLACK
6
CONTINUOUS
10
5.7692518897637797
20
-4.272837677165354
11
5.7680547637795279
21
-4.2740348031496058
0
LINE
8
BLACK
6
CONTINUOUS
10
5.7680547637795279
20
-4.2740348031496058
11
5.7667060236220475
21
-4.2767322834645665
0
LINE
8
BLACK
6
CONTINUOUS
10
5.7667060236220475
20
-4.2767322834645665
11
5.7667060236220475
21
-4.284712007874016
0
LINE
8
BLACK
6
CONTINUOUS
10
5.7667060236220475
20
-4.284712007874016
11
5.7680547637795279
21
-4.2874094881889766
0
LINE
8
BLACK
6
CONTINUOUS
10
5.7680547637795279
20
-4.2874094881889766
11
5.7692518897637797
21
-4.2886066141732284
0
LINE
8
BLACK
6
CONTINUOUS
10
5.7692518897637797
20
-4.2886066141732284
11
5.7719493700787403
21
-4.2899553543307087
0
LINE
8
BLACK
6
CONTINUOUS
10
5.7719493700787403
20
-4.2899553543307087
11
5.7780543307086614
21
-4.2899553543307087
0
LINE
8
BLACK
6
CONTINUOUS
10
5.7780543307086614
20
-4.2899553543307087
11
5.780751811023622
21
-4.2886066141732284
0
LINE
8
BLACK
6
CONTINUOUS
10
5.780751811023622
20
-4.2886066141732284
11
5.7819489370078738
21
-4.2874094881889766
0
LINE
8
BLACK
6
CONTINUOUS
10
5.7819489370078738
20
-4.2874094881889766
11
5.7832976771653541
21
-4.284712007874016
0
LINE
8
BLACK
6
CONTINUOUS
10
5.7832976771653541
20
-4.284712007874016
11
5.7832976771653541
21
-4.2767322834645665
0
LINE
8
BLACK
6
CONTINUOUS
10
5.7832976771653541
20
-4.2767322834645665
11
5.7819489370078738
21
-4.2740348031496058
0
LINE
8
BLACK
6
CONTINUOUS
10
5.7819489370078738
20
-4.2740348031496058
11
5.780751811023622
21
-4.272837677165354
0
LINE
8
BLACK
6
CONTINUOUS
10
5.780751811023622
20
-4.272837677165354
11
5.7780543307086614
21
-4.2714889370078737
0
LINE
8
BLACK
6
CONTINUOUS
10
5.7780543307086614
20
-4.2714889370078737
11
5.7719493700787403
21
-4.2714889370078737
0
LINE
8
BLACK
6
CONTINUOUS
10
5.7719493700787403
20
-4.2714889370078737
11
5.7692518897637797
21
-4.272837677165354
0
LINE
8
BLACK
6
CONTINUOUS
10
5.804763818897638
20
-4.266081062992126
11
5.8055784645669286
21
-4.2668957086614174
0
LINE
8
BLACK
6
CONTINUOUS
10
5.8055784645669286
20
-4.2668957086614174
11
5.8060193700787401
21
-4.2679601181102358
0
LINE
8
BLACK
6
CONTINUOUS
10
5.8060193700787401
20
-4.2679601181102358
11
5.8060761023622049
21
-4.2685361811023625
0
LINE
8
BLACK
6
CONTINUOUS
10
5.8060761023622049
20
-4.2685361811023625
11
5.8060761023622049
21
-4.2961784645669292
0
LINE
8
BLACK
6
CONTINUOUS
10
5.8060761023622049
20
-4.2961784645669292
11
5.8075788976377956
21
-4.3006868897637798
0
LINE
8
BLACK
6
CONTINUOUS
10
5.8075788976377956
20
-4.3006868897637798
11
5.8103426771653544
21
-4.3034507086614173
0
LINE
8
BLACK
6
CONTINUOUS
10
5.8103426771653544
20
-4.3034507086614173
11
5.8148510629921262
21
-4.3049535039370079
0
LINE
8
BLACK
6
CONTINUOUS
10
5.8148510629921262
20
-4.3049535039370079
11
5.8181214566929134
21
-4.3049535039370079
0
LINE
8
BLACK
6
CONTINUOUS
10
5.8181214566929134
20
-4.3049535039370079
11
5.8186975196850392
21
-4.3050102362204727
0
LINE
8
BLACK
6
CONTINUOUS
10
5.8186975196850392
20
-4.3050102362204727
11
5.8197619291338585
21
-4.3054511417322834
0
LINE
8
BLACK
6
CONTINUOUS
10
5.8197619291338585
20
-4.3054511417322834
11
5.8205765748031491
21
-4.3062657874015748
0
LINE
8
BLACK
6
CONTINUOUS
10
5.8205765748031491
20
-4.3062657874015748
11
5.8210174803149606
21
-4.3073301968503932
0
LINE
8
BLACK
6
CONTINUOUS
10
5.8210174803149606
20
-4.3073301968503932
11
5.8210174803149606
21
-4.3084823228346458
0
LINE
8
BLACK
6
CONTINUOUS
10
5.8210174803149606
20
-4.3084823228346458
11
5.8205765748031491
21
-4.3095467322834642
0
LINE
8
BLACK
6
CONTINUOUS
10
5.8205765748031491
20
-4.3095467322834642
11
5.8197619291338585
21
-4.3103613779527556
0
LINE
8
BLACK
6
CONTINUOUS
10
5.8197619291338585
20
-4.3103613779527556
11
5.8186975196850392
21
-4.3108022834645672
0
LINE
8
BLACK
6
CONTINUOUS
10
5.8186975196850392
20
-4.3108022834645672
11
5.8181214566929134
21
-4.3108590157480311
0
LINE
8
BLACK
6
CONTINUOUS
10
5.8181214566929134
20
-4.3108590157480311
11
5.8143719291338583
21
-4.3108590157480311
0
LINE
8
BLACK
6
CONTINUOUS
10
5.8143719291338583
20
-4.3108590157480311
11
5.8140803149606297
21
-4.3108302755905514
0
LINE
8
BLACK
6
CONTINUOUS
10
5.8140803149606297
20
-4.3108302755905514
11
5.8140025984251968
21
-4.3108358267716538
0
LINE
8
BLACK
6
CONTINUOUS
10
5.8140025984251968
20
-4.3108358267716538
11
5.8139003149606294
21
-4.3108125590551181
0
LINE
8
BLACK
6
CONTINUOUS
10
5.8139003149606294
20
-4.3108125590551181
11
5.8137958661417324
21
-4.3108022834645672
0
LINE
8
BLACK
6
CONTINUOUS
10
5.8137958661417324
20
-4.3108022834645672
11
5.8137237795275594
21
-4.3107724015748028
0
LINE
8
BLACK
6
CONTINUOUS
10
5.8137237795275594
20
-4.3107724015748028
11
5.8134381496062995
21
-4.3107074803149601
0
LINE
8
BLACK
6
CONTINUOUS
10
5.8134381496062995
20
-4.3107074803149601
11
5.8078138976377955
21
-4.3088327165354325
0
LINE
8
BLACK
6
CONTINUOUS
10
5.8078138976377955
20
-4.3088327165354325
11
5.8072853149606294
21
-4.3085967322834646
0
LINE
8
BLACK
6
CONTINUOUS
10
5.8072853149606294
20
-4.3085967322834646
11
5.8072051968503935
21
-4.3085272440944884
0
LINE
8
BLACK
6
CONTINUOUS
10
5.8072051968503935
20
-4.3085272440944884
11
5.8071071653543305
21
-4.3084866535433068
0
LINE
8
BLACK
6
CONTINUOUS
10
5.8071071653543305
20
-4.3084866535433068
11
5.8066597244094487
21
-4.3081194094488184
0
LINE
8
BLACK
6
CONTINUOUS
10
5.8066597244094487
20
-4.3081194094488184
11
5.8029101968503936
21
-4.3043698425196846
0
LINE
8
BLACK
6
CONTINUOUS
10
5.8029101968503936
20
-4.3043698425196846
11
5.8025429527559051
21
-4.303922362204724
0
LINE
8
BLACK
6
CONTINUOUS
10
5.8025429527559051
20
-4.303922362204724
11
5.8025023228346457
21
-4.3038242913385822
0
LINE
8
BLACK
6
CONTINUOUS
10
5.8025023228346457
20
-4.3038242913385822
11
5.8024328740157483
21
-4.3037442125984251
0
LINE
8
BLACK
6
CONTINUOUS
10
5.8024328740157483
20
-4.3037442125984251
11
5.8021968897637795
21
-4.3032156692913386
0
LINE
8
BLACK
6
CONTINUOUS
10
5.8021968897637795
20
-4.3032156692913386
11
5.8003221259842519
21
-4.2975913779527559
0
LINE
8
BLACK
6
CONTINUOUS
10
5.8003221259842519
20
-4.2975913779527559
11
5.8002571653543304
21
-4.2973057874015748
0
LINE
8
BLACK
6
CONTINUOUS
10
5.8002571653543304
20
-4.2973057874015748
11
5.8002273228346457
21
-4.2972337007874017
0
LINE
8
BLACK
6
CONTINUOUS
10
5.8002273228346457
20
-4.2972337007874017
11
5.8002170078740152
21
-4.2971291732283463
0
LINE
8
BLACK
6
CONTINUOUS
10
5.8002170078740152
20
-4.2971291732283463
11
5.8001937795275591
21
-4.2970269291338585
0
LINE
8
BLACK
6
CONTINUOUS
10
5.8001937795275591
20
-4.2970269291338585
11
5.8001992913385827
21
-4.296949173228346
0
LINE
8
BLACK
6
CONTINUOUS
10
5.8001992913385827
20
-4.296949173228346
11
5.8001705905511809
21
-4.2966576377952759
0
LINE
8
BLACK
6
CONTINUOUS
10
5.8001705905511809
20
-4.2966576377952759
11
5.8001705905511809
21
-4.2685361811023625
0
LINE
8
BLACK
6
CONTINUOUS
10
5.8001705905511809
20
-4.2685361811023625
11
5.8002273228346457
21
-4.2679601181102358
0
LINE
8
BLACK
6
CONTINUOUS
10
5.8002273228346457
20
-4.2679601181102358
11
5.8006682283464563
21
-4.2668957086614174
0
LINE
8
BLACK
6
CONTINUOUS
10
5.8006682283464563
20
-4.2668957086614174
11
5.8014828740157478
21
-4.266081062992126
0
LINE
8
BLACK
6
CONTINUOUS
10
5.8014828740157478
20
-4.266081062992126
11
5.8025472834645671
21
-4.2656401574803144
0
LINE
8
BLACK
6
CONTINUOUS
10
5.8025472834645671
20
-4.2656401574803144
11
5.8036994094488188
21
-4.2656401574803144
0
LINE
8
BLACK
6
CONTINUOUS
10
5.8036994094488188
20
-4.2656401574803144
11
5.804763818897638
21
-4.266081062992126
0
LINE
8
BLACK
6
CONTINUOUS
10
4.5528750000000002
20
-4.3066249999999995
11
4.5528750000000002
21
-4.3097499606299214
0
LINE
8
BLACK
6
CONTINUOUS
10
4.5528750000000002
20
-4.3097499606299214
11
4.5497499999999995
21
-4.3097500393700789
0
LINE
8
BLACK
6
CONTINUOUS
10
4.5497499999999995
20
-4.3097500393700789
11
4.5497499999999995
21
-4.3066249606299207
0
LINE
8
BLACK
6
CONTINUOUS
10
4.5497499999999995
20
-4.3066249606299207
11
4.5528750000000002
21
-4.3066249999999995
0
LINE
8
BLACK
6
CONTINUOUS
10
4.5591249606299211
20
-4.3097499212598427
11
4.5559999606299213
21
-4.3097500000000002
0
LINE
8
BLACK
6
CONTINUOUS
10
4.5559999606299213
20
-4.3097500000000002
11
4.5559999606299213
21
-4.3066249999999995
0
LINE
8
BLACK
6
CONTINUOUS
10
4.5559999606299213
20
-4.3066249999999995
11
4.5591249606299211
21
-4.3066249606299207
0
LINE
8
BLACK
6
CONTINUOUS
10
4.5591249606299211
20
-4.3066249606299207
11
4.5591249606299211
21
-4.3097499212598427
0
LINE
8
BLACK
6
CONTINUOUS
10
4.7243274409448821
20
-4.2606401574803145
11
4.7244254330708664
21
-4.2606807480314961
0
LINE
8
BLACK
6
CONTINUOUS
10
4.7244254330708664
20
-4.2606807480314961
11
4.7245312598425198
21
-4.2606882677165352
0
LINE
8
BLACK
6
CONTINUOUS
10
4.7245312598425198
20
-4.2606882677165352
11
4.7250718897637798
21
-4.2608951574803147
0
LINE
8
BLACK
6
CONTINUOUS
10
4.7250718897637798
20
-4.2608951574803147
11
4.7288214173228349
21
-4.2627699212598422
0
LINE
8
BLACK
6
CONTINUOUS
10
4.7288214173228349
20
-4.2627699212598422
11
4.7290694094488188
21
-4.262925984251968
0
LINE
8
BLACK
6
CONTINUOUS
10
4.7290694094488188
20
-4.262925984251968
11
4.7291413779527556
21
-4.2629558267716536
0
LINE
8
BLACK
6
CONTINUOUS
10
4.7291413779527556
20
-4.2629558267716536
11
4.7292223228346453
21
-4.2630222834645668
0
LINE
8
BLACK
6
CONTINUOUS
10
4.7292223228346453
20
-4.2630222834645668
11
4.7293112992125987
21
-4.2630782677165353
0
LINE
8
BLACK
6
CONTINUOUS
10
4.7293112992125987
20
-4.2630782677165353
11
4.7293624409448816
21
-4.2631372440944881
0
LINE
8
BLACK
6
CONTINUOUS
10
4.7293624409448816
20
-4.2631372440944881
11
4.7295888188976374
21
-4.2633230314960633
0
LINE
8
BLACK
6
CONTINUOUS
10
4.7295888188976374
20
-4.2633230314960633
11
4.7314635826771649
21
-4.2651977952755908
0
LINE
8
BLACK
6
CONTINUOUS
10
4.7314635826771649
20
-4.2651977952755908
11
4.7316493307086613
21
-4.2654241338582679
0
LINE
8
BLACK
6
CONTINUOUS
10
4.7316493307086613
20
-4.2654241338582679
11
4.7317083464566929
21
-4.2654753149606295
0
LINE
8
BLACK
6
CONTINUOUS
10
4.7317083464566929
20
-4.2654753149606295
11
4.7317642913385827
21
-4.2655642519685042
0
LINE
8
BLACK
6
CONTINUOUS
10
4.7317642913385827
20
-4.2655642519685042
11
4.7318307874015746
21
-4.2656452362204726
0
LINE
8
BLACK
6
CONTINUOUS
10
4.7318307874015746
20
-4.2656452362204726
11
4.7318605905511806
21
-4.2657171653543307
0
LINE
8
BLACK
6
CONTINUOUS
10
4.7318605905511806
20
-4.2657171653543307
11
4.732016692913386
21
-4.2659651968503933
0
LINE
8
BLACK
6
CONTINUOUS
10
4.732016692913386
20
-4.2659651968503933
11
4.7338914566929136
21
-4.2697147244094484
0
LINE
8
BLACK
6
CONTINUOUS
10
4.7338914566929136
20
-4.2697147244094484
11
4.734098346456693
21
-4.2702553149606297
0
LINE
8
BLACK
6
CONTINUOUS
10
4.734098346456693
20
-4.2702553149606297
11
4.7341058661417321
21
-4.2703611811023618
0
LINE
8
BLACK
6
CONTINUOUS
10
4.7341058661417321
20
-4.2703611811023618
11
4.7341464566929137
21
-4.2704591732283461
0
LINE
8
BLACK
6
CONTINUOUS
10
4.7341464566929137
20
-4.2704591732283461
11
4.7342031889763776
21
-4.271035236220472
0
LINE
8
BLACK
6
CONTINUOUS
10
4.7342031889763776
20
-4.271035236220472
11
4.7342031889763776
21
-4.2729099999999995
0
LINE
8
BLACK
6
CONTINUOUS
10
4.7342031889763776
20
-4.2729099999999995
11
4.7341464566929137
21
-4.2734860629921263
0
LINE
8
BLACK
6
CONTINUOUS
10
4.7341464566929137
20
-4.2734860629921263
11
4.7341058661417321
21
-4.2735840157480318
0
LINE
8
BLACK
6
CONTINUOUS
10
4.7341058661417321
20
-4.2735840157480318
11
4.734098346456693
21
-4.2736899212598427
0
LINE
8
BLACK
6
CONTINUOUS
10
4.734098346456693
20
-4.2736899212598427
11
4.7338914566929136
21
-4.2742305118110231
0
LINE
8
BLACK
6
CONTINUOUS
10
4.7338914566929136
20
-4.2742305118110231
11
4.732016692913386
21
-4.2779800393700782
0
LINE
8
BLACK
6
CONTINUOUS
10
4.732016692913386
20
-4.2779800393700782
11
4.7318605905511806
21
-4.278228031496063
0
LINE
8
BLACK
6
CONTINUOUS
10
4.7318605905511806
20
-4.278228031496063
11
4.7318307874015746
21
-4.2782999999999998
0
LINE
8
BLACK
6
CONTINUOUS
10
4.7318307874015746
20
-4.2782999999999998
11
4.7317642913385827
21
-4.2783809448818895
0
LINE
8
BLACK
6
CONTINUOUS
10
4.7317642913385827
20
-4.2783809448818895
11
4.7317083464566929
21
-4.278469921259842
0
LINE
8
BLACK
6
CONTINUOUS
10
4.7317083464566929
20
-4.278469921259842
11
4.7316493307086613
21
-4.2785210629921258
0
LINE
8
BLACK
6
CONTINUOUS
10
4.7316493307086613
20
-4.2785210629921258
11
4.7314635826771649
21
-4.2787474409448816
0
LINE
8
BLACK
6
CONTINUOUS
10
4.7314635826771649
20
-4.2787474409448816
11
4.7298019685039367
21
-4.2804090551181098
0
LINE
8
BLACK
6
CONTINUOUS
10
4.7298019685039367
20
-4.2804090551181098
11
4.7314635826771649
21
-4.2820706692913388
0
LINE
8
BLACK
6
CONTINUOUS
10
4.7314635826771649
20
-4.2820706692913388
11
4.7316493307086613
21
-4.2822970078740159
0
LINE
8
BLACK
6
CONTINUOUS
10
4.7316493307086613
20
-4.2822970078740159
11
4.7317083464566929
21
-4.2823481889763775
0
LINE
8
BLACK
6
CONTINUOUS
10
4.7317083464566929
20
-4.2823481889763775
11
4.7317642913385827
21
-4.2824371259842522
0
LINE
8
BLACK
6
CONTINUOUS
10
4.7317642913385827
20
-4.2824371259842522
11
4.7318307874015746
21
-4.2825181102362206
0
LINE
8
BLACK
6
CONTINUOUS
10
4.7318307874015746
20
-4.2825181102362206
11
4.7318605905511806
21
-4.2825900393700786
0
LINE
8
BLACK
6
CONTINUOUS
10
4.7318605905511806
20
-4.2825900393700786
11
4.732016692913386
21
-4.2828380708661413
0
LINE
8
BLACK
6
CONTINUOUS
10
4.732016692913386
20
-4.2828380708661413
11
4.7338914566929136
21
-4.2865875984251964
0
LINE
8
BLACK
6
CONTINUOUS
10
4.7338914566929136
20
-4.2865875984251964
11
4.734098346456693
21
-4.2871281889763777
0
LINE
8
BLACK
6
CONTINUOUS
10
4.734098346456693
20
-4.2871281889763777
11
4.7341058661417321
21
-4.2872340551181098
0
LINE
8
BLACK
6
CONTINUOUS
10
4.7341058661417321
20
-4.2872340551181098
11
4.7341464566929137
21
-4.2873320472440941
0
LINE
8
BLACK
6
CONTINUOUS
10
4.7341464566929137
20
-4.2873320472440941
11
4.7342031889763776
21
-4.28790811023622
0
LINE
8
BLACK
6
CONTINUOUS
10
4.7342031889763776
20
-4.28790811023622
11
4.7342031889763776
21
-4.2954071653543302
0
LINE
8
BLACK
6
CONTINUOUS
10
4.7342031889763776
20
-4.2954071653543302
11
4.7341464566929137
21
-4.295983228346457
0
LINE
8
BLACK
6
CONTINUOUS
10
4.7341464566929137
20
-4.295983228346457
11
4.7341058661417321
21
-4.2960811811023625
0
LINE
8
BLACK
6
CONTINUOUS
10
4.7341058661417321
20
-4.2960811811023625
11
4.734098346456693
21
-4.2961870866141734
0
LINE
8
BLACK
6
CONTINUOUS
10
4.734098346456693
20
-4.2961870866141734
11
4.7338914566929136
21
-4.2967276771653546
0
LINE
8
BLACK
6
CONTINUOUS
10
4.7338914566929136
20
-4.2967276771653546
11
4.732016692913386
21
-4.3004772047244098
0
LINE
8
BLACK
6
CONTINUOUS
10
4.732016692913386
20
-4.3004772047244098
11
4.7318606299212593
21
-4.3007250787401574
0
LINE
8
BLACK
6
CONTINUOUS
10
4.7318606299212593
20
-4.3007250787401574
11
4.7318308267716533
21
-4.3007971259842517
0
LINE
8
BLACK
6
CONTINUOUS
10
4.7318308267716533
20
-4.3007971259842517
11
4.7317642913385827
21
-4.3008781496062989
0
LINE
8
BLACK
6
CONTINUOUS
10
4.7317642913385827
20
-4.3008781496062989
11
4.7317083464566929
21
-4.3009670866141727
0
LINE
8
BLACK
6
CONTINUOUS
10
4.7317083464566929
20
-4.3009670866141727
11
4.7316493307086613
21
-4.3010182283464564
0
LINE
8
BLACK
6
CONTINUOUS
10
4.7316493307086613
20
-4.3010182283464564
11
4.7314635826771649
21
-4.3012446062992122
0
LINE
8
BLACK
6
CONTINUOUS
10
4.7314635826771649
20
-4.3012446062992122
11
4.7295888582677161
21
-4.3031193700787398
0
LINE
8
BLACK
6
CONTINUOUS
10
4.7295888582677161
20
-4.3031193700787398
11
4.7293624803149603
21
-4.3033051181102362
0
LINE
8
BLACK
6
CONTINUOUS
10
4.7293624803149603
20
-4.3033051181102362
11
4.7293112992125987
21
-4.3033641732283465
0
LINE
8
BLACK
6
CONTINUOUS
10
4.7293112992125987
20
-4.3033641732283465
11
4.7292223228346453
21
-4.303420157480315
0
LINE
8
BLACK
6
CONTINUOUS
10
4.7292223228346453
20
-4.303420157480315
11
4.7291413779527556
21
-4.3034866141732282
0
LINE
8
BLACK
6
CONTINUOUS
10
4.7291413779527556
20
-4.3034866141732282
11
4.7290694094488188
21
-4.3035164173228342
0
LINE
8
BLACK
6
CONTINUOUS
10
4.7290694094488188
20
-4.3035164173228342
11
4.7288214173228349
21
-4.3036725196850396
0
LINE
8
BLACK
6
CONTINUOUS
10
4.7288214173228349
20
-4.3036725196850396
11
4.7250718897637798
21
-4.3055472834645672
0
LINE
8
BLACK
6
CONTINUOUS
10
4.7250718897637798
20
-4.3055472834645672
11
4.7245312598425198
21
-4.3057541732283466
0
LINE
8
BLACK
6
CONTINUOUS
10
4.7245312598425198
20
-4.3057541732283466
11
4.7244254330708664
21
-4.305761653543307
0
LINE
8
BLACK
6
CONTINUOUS
10
4.7244254330708664
20
-4.305761653543307
11
4.7243274409448821
21
-4.3058022834645664
0
LINE
8
BLACK
6
CONTINUOUS
10
4.7243274409448821
20
-4.3058022834645664
11
4.7237513779527562
21
-4.3058590157480312
0
LINE
8
BLACK
6
CONTINUOUS
10
4.7237513779527562
20
-4.3058590157480312
11
4.7162523228346451
21
-4.3058590157480312
0
LINE
8
BLACK
6
CONTINUOUS
10
4.7162523228346451
20
-4.3058590157480312
11
4.7156762598425193
21
-4.3058022834645664
0
LINE
8
BLACK
6
CONTINUOUS
10
4.7156762598425193
20
-4.3058022834645664
11
4.715578267716535
21
-4.3057616929133857
0
LINE
8
BLACK
6
CONTINUOUS
10
4.715578267716535
20
-4.3057616929133857
11
4.7154724015748029
21
-4.3057541732283466
0
LINE
8
BLACK
6
CONTINUOUS
10
4.7154724015748029
20
-4.3057541732283466
11
4.7149318110236216
21
-4.3055472834645672
0
LINE
8
BLACK
6
CONTINUOUS
10
4.7149318110236216
20
-4.3055472834645672
11
4.7111822834645665
21
-4.3036725196850396
0
LINE
8
BLACK
6
CONTINUOUS
10
4.7111822834645665
20
-4.3036725196850396
11
4.7109342519685038
21
-4.3035164173228342
0
LINE
8
BLACK
6
CONTINUOUS
10
4.7109342519685038
20
-4.3035164173228342
11
4.7108623228346458
21
-4.3034866141732282
0
LINE
8
BLACK
6
CONTINUOUS
10
4.7108623228346458
20
-4.3034866141732282
11
4.7107813385826773
21
-4.303420157480315
0
LINE
8
BLACK
6
CONTINUOUS
10
4.7107813385826773
20
-4.303420157480315
11
4.7106924015748026
21
-4.3033641732283465
0
LINE
8
BLACK
6
CONTINUOUS
10
4.7106924015748026
20
-4.3033641732283465
11
4.7106411811023623
21
-4.3033051181102362
0
LINE
8
BLACK
6
CONTINUOUS
10
4.7106411811023623
20
-4.3033051181102362
11
4.7104148425196852
21
-4.3031193700787398
0
LINE
8
BLACK
6
CONTINUOUS
10
4.7104148425196852
20
-4.3031193700787398
11
4.7085400787401577
21
-4.3012445669291335
0
LINE
8
BLACK
6
CONTINUOUS
10
4.7085400787401577
20
-4.3012445669291335
11
4.7083543307086613
21
-4.3010182283464564
0
LINE
8
BLACK
6
CONTINUOUS
10
4.7083543307086613
20
-4.3010182283464564
11
4.7082953543307084
21
-4.3009670866141727
0
LINE
8
BLACK
6
CONTINUOUS
10
4.7082953543307084
20
-4.3009670866141727
11
4.7082393700787399
21
-4.3008781496062989
0
LINE
8
BLACK
6
CONTINUOUS
10
4.7082393700787399
20
-4.3008781496062989
11
4.708172874015748
21
-4.3007971259842517
0
LINE
8
BLACK
6
CONTINUOUS
10
4.708172874015748
20
-4.3007971259842517
11
4.7081430314960633
21
-4.3007250787401574
0
LINE
8
BLACK
6
CONTINUOUS
10
4.7081430314960633
20
-4.3007250787401574
11
4.7079870078740154
21
-4.3004772047244098
0
LINE
8
BLACK
6
CONTINUOUS
10
4.7079870078740154
20
-4.3004772047244098
11
4.7061122440944878
21
-4.2967276771653546
0
LINE
8
BLACK
6
CONTINUOUS
10
4.7061122440944878
20
-4.2967276771653546
11
4.7059053543307083
21
-4.2961870472440946
0
LINE
8
BLACK
6
CONTINUOUS
10
4.7059053543307083
20
-4.2961870472440946
11
4.7058978346456692
21
-4.2960812204724412
0
LINE
8
BLACK
6
CONTINUOUS
10
4.7058978346456692
20
-4.2960812204724412
11
4.7058572440944877
21
-4.295983228346457
0
LINE
8
BLACK
6
CONTINUOUS
10
4.7058572440944877
20
-4.295983228346457
11
4.7058005118110238
21
-4.2954071653543302
0
LINE
8
BLACK
6
CONTINUOUS
10
4.7058005118110238
20
-4.2954071653543302
11
4.7058005118110238
21
-4.28790811023622
0
LINE
8
BLACK
6
CONTINUOUS
10
4.7058005118110238
20
-4.28790811023622
11
4.7058572440944877
21
-4.2873320472440941
0
LINE
8
BLACK
6
CONTINUOUS
10
4.7058572440944877
20
-4.2873320472440941
11
4.7058978346456692
21
-4.2872340157480311
0
LINE
8
BLACK
6
CONTINUOUS
10
4.7058978346456692
20
-4.2872340157480311
11
4.7059053543307083
21
-4.2871282283464565
0
LINE
8
BLACK
6
CONTINUOUS
10
4.7059053543307083
20
-4.2871282283464565
11
4.7061122440944878
21
-4.2865875984251964
0
LINE
8
BLACK
6
CONTINUOUS
10
4.7061122440944878
20
-4.2865875984251964
11
4.7079870078740154
21
-4.2828380708661413
0
LINE
8
BLACK
6
CONTINUOUS
10
4.7079870078740154
20
-4.2828380708661413
11
4.708143070866142
21
-4.2825900393700786
0
LINE
8
BLACK
6
CONTINUOUS
10
4.708143070866142
20
-4.2825900393700786
11
4.7081729133858268
21
-4.2825181102362206
0
LINE
8
BLACK
6
CONTINUOUS
10
4.7081729133858268
20
-4.2825181102362206
11
4.7082393700787399
21
-4.2824371259842522
0
LINE
8
BLACK
6
CONTINUOUS
10
4.7082393700787399
20
-4.2824371259842522
11
4.7082953543307084
21
-4.2823481889763775
0
LINE
8
BLACK
6
CONTINUOUS
10
4.7082953543307084
20
-4.2823481889763775
11
4.7083543307086613
21
-4.2822970078740159
0
LINE
8
BLACK
6
CONTINUOUS
10
4.7083543307086613
20
-4.2822970078740159
11
4.7085401181102364
21
-4.2820706692913388
0
LINE
8
BLACK
6
CONTINUOUS
10
4.7085401181102364
20
-4.2820706692913388
11
4.7102017322834646
21
-4.2804090551181098
0
LINE
8
BLACK
6
CONTINUOUS
10
4.7102017322834646
20
-4.2804090551181098
11
4.7085401181102364
21
-4.2787474409448816
0
LINE
8
BLACK
6
CONTINUOUS
10
4.7085401181102364
20
-4.2787474409448816
11
4.7083543307086613
21
-4.2785210629921258
0
LINE
8
BLACK
6
CONTINUOUS
10
4.7083543307086613
20
-4.2785210629921258
11
4.7082953543307084
21
-4.278469921259842
0
LINE
8
BLACK
6
CONTINUOUS
10
4.7082953543307084
20
-4.278469921259842
11
4.7082393700787399
21
-4.2783809448818895
0
LINE
8
BLACK
6
CONTINUOUS
10
4.7082393700787399
20
-4.2783809448818895
11
4.7081729133858268
21
-4.2782999999999998
0
LINE
8
BLACK
6
CONTINUOUS
10
4.7081729133858268
20
-4.2782999999999998
11
4.708143070866142
21
-4.278228031496063
0
LINE
8
BLACK
6
CONTINUOUS
10
4.708143070866142
20
-4.278228031496063
11
4.7079870078740154
21
-4.2779800393700782
0
LINE
8
BLACK
6
CONTINUOUS
10
4.7079870078740154
20
-4.2779800393700782
11
4.7061122440944878
21
-4.2742305118110231
0
LINE
8
BLACK
6
CONTINUOUS
10
4.7061122440944878
20
-4.2742305118110231
11
4.7059053543307083
21
-4.273689881889764
0
LINE
8
BLACK
6
CONTINUOUS
10
4.7059053543307083
20
-4.273689881889764
11
4.7058978346456692
21
-4.2735840551181106
0
LINE
8
BLACK
6
CONTINUOUS
10
4.7058978346456692
20
-4.2735840551181106
11
4.7058572440944877
21
-4.2734860629921263
0
LINE
8
BLACK
6
CONTINUOUS
10
4.7058572440944877
20
-4.2734860629921263
11
4.7058005118110238
21
-4.2729099999999995
0
LINE
8
BLACK
6
CONTINUOUS
10
4.7058005118110238
20
-4.2729099999999995
11
4.7058005118110238
21
-4.271035236220472
0
LINE
8
BLACK
6
CONTINUOUS
10
4.7058005118110238
20
-4.271035236220472
11
4.7058572440944877
21
-4.2704591732283461
0
LINE
8
BLACK
6
CONTINUOUS
10
4.7058572440944877
20
-4.2704591732283461
11
4.7058978346456692
21
-4.2703611417322831
0
LINE
8
BLACK
6
CONTINUOUS
10
4.7058978346456692
20
-4.2703611417322831
11
4.7059053543307083
21
-4.2702553543307085
0
LINE
8
BLACK
6
CONTINUOUS
10
4.7059053543307083
20
-4.2702553543307085
11
4.7061122440944878
21
-4.2697147244094484
0
LINE
8
BLACK
6
CONTINUOUS
10
4.7061122440944878
20
-4.2697147244094484
11
4.7079870078740154
21
-4.2659651968503933
0
LINE
8
BLACK
6
CONTINUOUS
10
4.7079870078740154
20
-4.2659651968503933
11
4.708143070866142
21
-4.2657171653543307
0
LINE
8
BLACK
6
CONTINUOUS
10
4.708143070866142
20
-4.2657171653543307
11
4.7081729133858268
21
-4.2656452362204726
0
LINE
8
BLACK
6
CONTINUOUS
10
4.7081729133858268
20
-4.2656452362204726
11
4.7082393700787399
21
-4.2655642519685042
0
LINE
8
BLACK
6
CONTINUOUS
10
4.7082393700787399
20
-4.2655642519685042
11
4.7082953543307084
21
-4.2654753149606295
0
LINE
8
BLACK
6
CONTINUOUS
10
4.7082953543307084
20
-4.2654753149606295
11
4.7083543307086613
21
-4.2654241338582679
0
LINE
8
BLACK
6
CONTINUOUS
10
4.7083543307086613
20
-4.2654241338582679
11
4.7085401181102364
21
-4.2651977952755908
0
LINE
8
BLACK
6
CONTINUOUS
10
4.7085401181102364
20
-4.2651977952755908
11
4.710414881889764
21
-4.2633230314960633
0
LINE
8
BLACK
6
CONTINUOUS
10
4.710414881889764
20
-4.2633230314960633
11
4.710641220472441
21
-4.2631372440944881
0
LINE
8
BLACK
6
CONTINUOUS
10
4.710641220472441
20
-4.2631372440944881
11
4.7106924015748026
21
-4.2630782677165353
0
LINE
8
BLACK
6
CONTINUOUS
10
4.7106924015748026
20
-4.2630782677165353
11
4.7107813385826773
21
-4.2630222834645668
0
LINE
8
BLACK
6
CONTINUOUS
10
4.7107813385826773
20
-4.2630222834645668
11
4.7108623228346458
21
-4.2629558267716536
0
LINE
8
BLACK
6
CONTINUOUS
10
4.7108623228346458
20
-4.2629558267716536
11
4.7109342519685038
21
-4.262925984251968
0
LINE
8
BLACK
6
CONTINUOUS
10
4.7109342519685038
20
-4.262925984251968
11
4.7111822834645665
21
-4.2627699212598422
0
LINE
8
BLACK
6
CONTINUOUS
10
4.7111822834645665
20
-4.2627699212598422
11
4.7149318110236216
21
-4.2608951574803147
0
LINE
8
BLACK
6
CONTINUOUS
10
4.7149318110236216
20
-4.2608951574803147
11
4.7154724015748029
21
-4.2606882677165352
0
LINE
8
BLACK
6
CONTINUOUS
10
4.7154724015748029
20
-4.2606882677165352
11
4.715578267716535
21
-4.2606807086614173
0
LINE
8
BLACK
6
CONTINUOUS
10
4.715578267716535
20
-4.2606807086614173
11
4.7156762598425193
21
-4.2606401574803145
0
LINE
8
BLACK
6
CONTINUOUS
10
4.7156762598425193
20
-4.2606401574803145
11
4.7162523228346451
21
-4.2605834251968506
0
LINE
8
BLACK
6
CONTINUOUS
10
4.7162523228346451
20
-4.2605834251968506
11
4.7237513779527562
21
-4.2605834251968506
0
LINE
8
BLACK
6
CONTINUOUS
10
4.7237513779527562
20
-4.2605834251968506
11
4.7243274409448821
21
-4.2606401574803145
0
LINE
8
BLACK
6
CONTINUOUS
10
4.7142518897637791
20
-4.2847105511811021
11
4.7130547637795273
21
-4.2859076771653539
0
LINE
8
BLACK
6
CONTINUOUS
10
4.7130547637795273
20
-4.2859076771653539
11
4.7117060236220469
21
-4.2886051574803146
0
LINE
8
BLACK
6
CONTINUOUS
10
4.7117060236220469
20
-4.2886051574803146
11
4.7117060236220469
21
-4.2947101181102365
0
LINE
8
BLACK
6
CONTINUOUS
10
4.7117060236220469
20
-4.2947101181102365
11
4.7130547637795273
21
-4.2974075984251972
0
LINE
8
BLACK
6
CONTINUOUS
10
4.7130547637795273
20
-4.2974075984251972
11
4.7142518897637791
21
-4.2986047637795277
0
LINE
8
BLACK
6
CONTINUOUS
10
4.7142518897637791
20
-4.2986047637795277
11
4.7169493700787397
21
-4.299953503937008
0
LINE
8
BLACK
6
CONTINUOUS
10
4.7169493700787397
20
-4.299953503937008
11
4.7230543307086617
21
-4.299953503937008
0
LINE
8
BLACK
6
CONTINUOUS
10
4.7230543307086617
20
-4.299953503937008
11
4.7257517716535435
21
-4.2986047637795277
0
LINE
8
BLACK
6
CONTINUOUS
10
4.7257517716535435
20
-4.2986047637795277
11
4.7269488976377954
21
-4.2974075984251972
0
LINE
8
BLACK
6
CONTINUOUS
10
4.7269488976377954
20
-4.2974075984251972
11
4.7282976771653544
21
-4.2947101181102365
0
LINE
8
BLACK
6
CONTINUOUS
10
4.7282976771653544
20
-4.2947101181102365
11
4.7282976771653544
21
-4.2886051574803146
0
LINE
8
BLACK
6
CONTINUOUS
10
4.7282976771653544
20
-4.2886051574803146
11
4.7269489370078741
21
-4.2859076771653539
0
LINE
8
BLACK
6
CONTINUOUS
10
4.7269489370078741
20
-4.2859076771653539
11
4.7257518110236223
21
-4.2847105511811021
0
LINE
8
BLACK
6
CONTINUOUS
10
4.7257518110236223
20
-4.2847105511811021
11
4.7230543307086617
21
-4.2833618110236218
0
LINE
8
BLACK
6
CONTINUOUS
10
4.7230543307086617
20
-4.2833618110236218
11
4.7169493700787397
21
-4.2833618110236218
0
LINE
8
BLACK
6
CONTINUOUS
10
4.7169493700787397
20
-4.2833618110236218
11
4.7142518897637791
21
-4.2847105511811021
0
LINE
8
BLACK
6
CONTINUOUS
10
4.7142518897637791
20
-4.2678376771653541
11
4.7130547637795273
21
-4.2690348031496059
0
LINE
8
BLACK
6
CONTINUOUS
10
4.7130547637795273
20
-4.2690348031496059
11
4.7117060236220469
21
-4.2717322834645666
0
LINE
8
BLACK
6
CONTINUOUS
10
4.7117060236220469
20
-4.2717322834645666
11
4.7117060236220469
21
-4.2722129527559058
0
LINE
8
BLACK
6
CONTINUOUS
10
4.7117060236220469
20
-4.2722129527559058
11
4.7130547637795273
21
-4.2749104330708656
0
LINE
8
BLACK
6
CONTINUOUS
10
4.7130547637795273
20
-4.2749104330708656
11
4.7142518897637791
21
-4.2761075590551183
0
LINE
8
BLACK
6
CONTINUOUS
10
4.7142518897637791
20
-4.2761075590551183
11
4.7169493700787397
21
-4.2774562992125986
0
LINE
8
BLACK
6
CONTINUOUS
10
4.7169493700787397
20
-4.2774562992125986
11
4.7230543307086617
21
-4.2774562992125986
0
LINE
8
BLACK
6
CONTINUOUS
10
4.7230543307086617
20
-4.2774562992125986
11
4.7257518110236223
21
-4.2761075590551183
0
LINE
8
BLACK
6
CONTINUOUS
10
4.7257518110236223
20
-4.2761075590551183
11
4.7269489370078741
21
-4.2749104330708656
0
LINE
8
BLACK
6
CONTINUOUS
10
4.7269489370078741
20
-4.2749104330708656
11
4.7282976771653544
21
-4.2722129527559058
0
LINE
8
BLACK
6
CONTINUOUS
10
4.7282976771653544
20
-4.2722129527559058
11
4.7282976771653544
21
-4.2717322834645666
0
LINE
8
BLACK
6
CONTINUOUS
10
4.7282976771653544
20
-4.2717322834645666
11
4.7269489370078741
21
-4.2690348031496059
0
LINE
8
BLACK
6
CONTINUOUS
10
4.7269489370078741
20
-4.2690348031496059
11
4.7257518110236223
21
-4.2678376771653541
0
LINE
8
BLACK
6
CONTINUOUS
10
4.7257518110236223
20
-4.2678376771653541
11
4.7230543307086617
21
-4.2664889370078738
0
LINE
8
BLACK
6
CONTINUOUS
10
4.7230543307086617
20
-4.2664889370078738
11
4.7169493700787397
21
-4.2664889370078738
0
LINE
8
BLACK
6
CONTINUOUS
10
4.7169493700787397
20
-4.2664889370078738
11
4.7142518897637791
21
-4.2678376771653541
0
LINE
8
BLACK
6
CONTINUOUS
10
4.7497638188976374
20
-4.2610810629921261
11
4.7505784645669289
21
-4.2618957086614175
0
LINE
8
BLACK
6
CONTINUOUS
10
4.7505784645669289
20
-4.2618957086614175
11
4.7510193700787404
21
-4.2629601181102359
0
LINE
8
BLACK
6
CONTINUOUS
10
4.7510193700787404
20
-4.2629601181102359
11
4.7510761023622043
21
-4.2635361811023618
0
LINE
8
BLACK
6
CONTINUOUS
10
4.7510761023622043
20
-4.2635361811023618
11
4.7510761023622043
21
-4.2911784645669293
0
LINE
8
BLACK
6
CONTINUOUS
10
4.7510761023622043
20
-4.2911784645669293
11
4.752578897637795
21
-4.295686889763779
0
LINE
8
BLACK
6
CONTINUOUS
10
4.752578897637795
20
-4.295686889763779
11
4.7553426771653546
21
-4.2984507086614174
0
LINE
8
BLACK
6
CONTINUOUS
10
4.7553426771653546
20
-4.2984507086614174
11
4.7598510629921256
21
-4.299953503937008
0
LINE
8
BLACK
6
CONTINUOUS
10
4.7598510629921256
20
-4.299953503937008
11
4.7631214566929136
21
-4.299953503937008
0
LINE
8
BLACK
6
CONTINUOUS
10
4.7631214566929136
20
-4.299953503937008
11
4.7636975196850395
21
-4.300010236220472
0
LINE
8
BLACK
6
CONTINUOUS
10
4.7636975196850395
20
-4.300010236220472
11
4.7647619291338579
21
-4.3004511417322835
0
LINE
8
BLACK
6
CONTINUOUS
10
4.7647619291338579
20
-4.3004511417322835
11
4.7655765748031493
21
-4.3012657874015749
0
LINE
8
BLACK
6
CONTINUOUS
10
4.7655765748031493
20
-4.3012657874015749
11
4.7660174803149609
21
-4.3023301968503933
0
LINE
8
BLACK
6
CONTINUOUS
10
4.7660174803149609
20
-4.3023301968503933
11
4.7660174803149609
21
-4.3034823228346459
0
LINE
8
BLACK
6
CONTINUOUS
10
4.7660174803149609
20
-4.3034823228346459
11
4.7655765748031493
21
-4.3045467322834643
0
LINE
8
BLACK
6
CONTINUOUS
10
4.7655765748031493
20
-4.3045467322834643
11
4.7647619291338579
21
-4.3053613779527558
0
LINE
8
BLACK
6
CONTINUOUS
10
4.7647619291338579
20
-4.3053613779527558
11
4.7636975196850395
21
-4.3058022834645664
0
LINE
8
BLACK
6
CONTINUOUS
10
4.7636975196850395
20
-4.3058022834645664
11
4.7631214566929136
21
-4.3058590157480312
0
LINE
8
BLACK
6
CONTINUOUS
10
4.7631214566929136
20
-4.3058590157480312
11
4.7593719291338585
21
-4.3058590157480312
0
LINE
8
BLACK
6
CONTINUOUS
10
4.7593719291338585
20
-4.3058590157480312
11
4.75908031496063
21
-4.3058302755905506
0
LINE
8
BLACK
6
CONTINUOUS
10
4.75908031496063
20
-4.3058302755905506
11
4.7590025984251971
21
-4.3058358267716539
0
LINE
8
BLACK
6
CONTINUOUS
10
4.7590025984251971
20
-4.3058358267716539
11
4.7589003149606297
21
-4.3058125590551182
0
LINE
8
BLACK
6
CONTINUOUS
10
4.7589003149606297
20
-4.3058125590551182
11
4.7587958661417318
21
-4.3058022834645664
0
LINE
8
BLACK
6
CONTINUOUS
10
4.7587958661417318
20
-4.3058022834645664
11
4.7587237795275588
21
-4.3057724015748029
0
LINE
8
BLACK
6
CONTINUOUS
10
4.7587237795275588
20
-4.3057724015748029
11
4.7584381496062989
21
-4.3057074803149602
0
LINE
8
BLACK
6
CONTINUOUS
10
4.7584381496062989
20
-4.3057074803149602
11
4.7528138976377949
21
-4.3038327165354326
0
LINE
8
BLACK
6
CONTINUOUS
10
4.7528138976377949
20
-4.3038327165354326
11
4.7522853149606297
21
-4.3035967322834647
0
LINE
8
BLACK
6
CONTINUOUS
10
4.7522853149606297
20
-4.3035967322834647
11
4.7522051968503938
21
-4.3035272440944885
0
LINE
8
BLACK
6
CONTINUOUS
10
4.7522051968503938
20
-4.3035272440944885
11
4.7521071653543308
21
-4.303486653543307
0
LINE
8
BLACK
6
CONTINUOUS
10
4.7521071653543308
20
-4.303486653543307
11
4.7516597244094489
21
-4.3031194094488185
0
LINE
8
BLACK
6
CONTINUOUS
10
4.7516597244094489
20
-4.3031194094488185
11
4.7479101968503938
21
-4.2993698425196847
0
LINE
8
BLACK
6
CONTINUOUS
10
4.7479101968503938
20
-4.2993698425196847
11
4.7475429527559054
21
-4.2989223622047241
0
LINE
8
BLACK
6
CONTINUOUS
10
4.7475429527559054
20
-4.2989223622047241
11
4.7475023228346451
21
-4.2988242913385823
0
LINE
8
BLACK
6
CONTINUOUS
10
4.7475023228346451
20
-4.2988242913385823
11
4.7474328740157477
21
-4.2987442125984252
0
LINE
8
BLACK
6
CONTINUOUS
10
4.7474328740157477
20
-4.2987442125984252
11
4.7471968897637797
21
-4.2982156692913387
0
LINE
8
BLACK
6
CONTINUOUS
10
4.7471968897637797
20
-4.2982156692913387
11
4.7453221259842522
21
-4.292591377952756
0
LINE
8
BLACK
6
CONTINUOUS
10
4.7453221259842522
20
-4.292591377952756
11
4.7452571653543307
21
-4.2923057874015749
0
LINE
8
BLACK
6
CONTINUOUS
10
4.7452571653543307
20
-4.2923057874015749
11
4.745227322834646
21
-4.2922337007874019
0
LINE
8
BLACK
6
CONTINUOUS
10
4.745227322834646
20
-4.2922337007874019
11
4.7452170078740155
21
-4.2921291732283464
0
LINE
8
BLACK
6
CONTINUOUS
10
4.7452170078740155
20
-4.2921291732283464
11
4.7451937795275594
21
-4.2920269291338577
0
LINE
8
BLACK
6
CONTINUOUS
10
4.7451937795275594
20
-4.2920269291338577
11
4.745199291338583
21
-4.2919491732283461
0
LINE
8
BLACK
6
CONTINUOUS
10
4.745199291338583
20
-4.2919491732283461
11
4.7451705905511812
21
-4.2916576377952751
0
LINE
8
BLACK
6
CONTINUOUS
10
4.7451705905511812
20
-4.2916576377952751
11
4.7451705905511812
21
-4.2635361811023618
0
LINE
8
BLACK
6
CONTINUOUS
10
4.7451705905511812
20
-4.2635361811023618
11
4.745227322834646
21
-4.2629601181102359
0
LINE
8
BLACK
6
CONTINUOUS
10
4.745227322834646
20
-4.2629601181102359
11
4.7456682283464566
21
-4.2618957086614175
0
LINE
8
BLACK
6
CONTINUOUS
10
4.7456682283464566
20
-4.2618957086614175
11
4.7464828740157481
21
-4.2610810629921261
0
LINE
8
BLACK
6
CONTINUOUS
10
4.7464828740157481
20
-4.2610810629921261
11
4.7475472834645664
21
-4.2606401574803145
0
LINE
8
BLACK
6
CONTINUOUS
10
4.7475472834645664
20
-4.2606401574803145
11
4.7486994094488191
21
-4.2606401574803145
0
LINE
8
BLACK
6
CONTINUOUS
10
4.7486994094488191
20
-4.2606401574803145
11
4.7497638188976374
21
-4.2610810629921261
0
LINE
8
BLACK
6
CONTINUOUS
10
5.1668488582677163
20
-4.2470301968503934
11
5.1681272834645666
21
-4.2483086220472437
0
LINE
8
BLACK
6
CONTINUOUS
10
5.1681272834645666
20
-4.2483086220472437
11
5.1681272834645666
21
-4.2501165748031493
0
LINE
8
BLACK
6
CONTINUOUS
10
5.1681272834645666
20
-4.2501165748031493
11
5.1668488582677163
21
-4.2513949999999996
0
LINE
8
BLACK
6
CONTINUOUS
10
5.1668488582677163
20
-4.2513949999999996
11
5.1659448818897635
21
-4.2515748031496061
0
LINE
8
BLACK
6
CONTINUOUS
10
5.1659448818897635
20
-4.2515748031496061
11
4.8340551181102365
21
-4.2515748031496061
0
LINE
8
BLACK
6
CONTINUOUS
10
4.8340551181102365
20
-4.2515748031496061
11
4.8331511417322837
21
-4.2513949999999996
0
LINE
8
BLACK
6
CONTINUOUS
10
4.8331511417322837
20
-4.2513949999999996
11
4.8318727165354334
21
-4.2501165748031493
0
LINE
8
BLACK
6
CONTINUOUS
10
4.8318727165354334
20
-4.2501165748031493
11
4.8318727165354334
21
-4.2483086220472437
0
LINE
8
BLACK
6
CONTINUOUS
10
4.8318727165354334
20
-4.2483086220472437
11
4.8331511417322837
21
-4.2470301968503934
0
LINE
8
BLACK
6
CONTINUOUS
10
4.8331511417322837
20
-4.2470301968503934
11
4.8340551181102365
21
-4.2468503937007869
0
LINE
8
BLACK
6
CONTINUOUS
10
4.8340551181102365
20
-4.2468503937007869
11
5.1659448818897635
21
-4.2468503937007869
0
LINE
8
BLACK
6
CONTINUOUS
10
5.1659448818897635
20
-4.2468503937007869
11
5.1668488582677163
21
-4.2470301968503934
0
LINE
8
BLACK
6
CONTINUOUS
10
6.3184236614173228
20
-4.2470301968503934
11
6.3197020866141731
21
-4.2483086220472437
0
LINE
8
BLACK
6
CONTINUOUS
10
6.3197020866141731
20
-4.2483086220472437
11
6.3197020866141731
21
-4.2501165748031493
0
LINE
8
BLACK
6
CONTINUOUS
10
6.3197020866141731
20
-4.2501165748031493
11
6.3184236614173228
21
-4.2513949999999996
0
LINE
8
BLACK
6
CONTINUOUS
10
6.3184236614173228
20
-4.2513949999999996
11
6.31751968503937
21
-4.2515748031496061
0
LINE
8
BLACK
6
CONTINUOUS
10
6.31751968503937
20
-4.2515748031496061
11
5.8872047244094485
21
-4.2515748031496061
0
LINE
8
BLACK
6
CONTINUOUS
10
5.8872047244094485
20
-4.2515748031496061
11
5.8863007480314957
21
-4.2513949999999996
0
LINE
8
BLACK
6
CONTINUOUS
10
5.8863007480314957
20
-4.2513949999999996
11
5.8850223228346454
21
-4.2501165748031493
0
LINE
8
BLACK
6
CONTINUOUS
10
5.8850223228346454
20
-4.2501165748031493
11
5.8850223228346454
21
-4.2483086220472437
0
LINE
8
BLACK
6
CONTINUOUS
10
5.8850223228346454
20
-4.2483086220472437
11
5.8863007480314957
21
-4.2470301968503934
0
LINE
8
BLACK
6
CONTINUOUS
10
5.8863007480314957
20
-4.2470301968503934
11
5.8872047244094485
21
-4.2468503937007869
0
LINE
8
BLACK
6
CONTINUOUS
10
5.8872047244094485
20
-4.2468503937007869
11
6.31751968503937
21
-4.2468503937007869
0
LINE
8
BLACK
6
CONTINUOUS
10
6.31751968503937
20
-4.2468503937007869
11
6.3184236614173228
21
-4.2470301968503934
0
CIRCLE
8
BLACK
10
4.4424665354330708
20
-4.6279311023622043
40
0.0068897637795276
0
CIRCLE
8
BLACK
10
4.5424665354330704
20
-4.6279311023622043
40
0.0068897637795276
0
CIRCLE
8
BLACK
10
4.642466535433071
20
-4.6279311023622043
40
0.0068897637795276
0
CIRCLE
8
BLACK
10
4.7424665354330706
20
-4.6279311023622043
40
0.0068897637795276
0
CIRCLE
8
BLACK
10
4.8424665354330712
20
-4.6279311023622043
40
0.0068897637795276
0
CIRCLE
8
BLACK
10
4.9424665354330708
20
-4.6279311023622043
40
0.0068897637795276
0
CIRCLE
8
BLACK
10
5.0424665354330704
20
-4.6279311023622043
40
0.0068897637795276
0
CIRCLE
8
BLACK
10
5.142466535433071
20
-4.6279311023622043
40
0.0068897637795276
0
CIRCLE
8
BLACK
10
5.8424665354330712
20
-4.6279311023622043
40
0.0068897637795276
0
CIRCLE
8
BLACK
10
5.9424665354330708
20
-4.6279311023622043
40
0.0068897637795276
0
CIRCLE
8
BLACK
10
6.0424665354330704
20
-4.6279311023622043
40
0.0068897637795276
0
CIRCLE
8
BLACK
10
6.142466535433071
20
-4.6279311023622043
40
0.0068897637795276
0
CIRCLE
8
BLACK
10
6.2424665354330706
20
-4.6279311023622043
40
0.0068897637795276
0
CIRCLE
8
BLACK
10
6.3424665354330712
20
-4.6279311023622043
40
0.0068897637795276
0
CIRCLE
8
BLACK
10
6.4424665354330708
20
-4.6279311023622043
40
0.0068897637795276
0
CIRCLE
8
BLACK
10
6.5424665354330704
20
-4.6279311023622043
40
0.0068897637795276
0
CIRCLE
8
BLACK
10
6.642466535433071
20
-4.6279311023622043
40
0.0068897637795276
0
CIRCLE
8
BLACK
10
6.7424665354330706
20
-4.6279311023622043
40
0.0068897637795276
0
CIRCLE
8
BLACK
10
5.5800000000000001
20
-4.6626377952755904
40
0.0068897637795276
0
CIRCLE
8
BLACK
10
5.4799999999999995
20
-4.6626377952755904
40
0.0068897637795276
0
CIRCLE
8
BLACK
10
5.3799999999999999
20
-4.6626377952755904
40
0.0068897637795276
0
CIRCLE
8
BLACK
10
4.4424665354330708
20
-4.6279311023622043
40
0.0068897637795276
0
CIRCLE
8
BLACK
10
4.5424665354330704
20
-4.6279311023622043
40
0.0068897637795276
0
CIRCLE
8
BLACK
10
4.642466535433071
20
-4.6279311023622043
40
0.0068897637795276
0
CIRCLE
8
BLACK
10
4.7424665354330706
20
-4.6279311023622043
40
0.0068897637795276
0
CIRCLE
8
BLACK
10
4.8424665354330712
20
-4.6279311023622043
40
0.0068897637795276
0
CIRCLE
8
BLACK
10
4.9424665354330708
20
-4.6279311023622043
40
0.0068897637795276
0
CIRCLE
8
BLACK
10
5.0424665354330704
20
-4.6279311023622043
40
0.0068897637795276
0
CIRCLE
8
BLACK
10
5.142466535433071
20
-4.6279311023622043
40
0.0068897637795276
0
CIRCLE
8
BLACK
10
5.8424665354330712
20
-4.6279311023622043
40
0.0068897637795276
0
CIRCLE
8
BLACK
10
5.9424665354330708
20
-4.6279311023622043
40
0.0068897637795276
0
CIRCLE
8
BLACK
10
6.0424665354330704
20
-4.6279311023622043
40
0.0068897637795276
0
CIRCLE
8
BLACK
10
6.142466535433071
20
-4.6279311023622043
40
0.0068897637795276
0
CIRCLE
8
BLACK
10
6.2424665354330706
20
-4.6279311023622043
40
0.0068897637795276
0
CIRCLE
8
BLACK
10
6.3424665354330712
20
-4.6279311023622043
40
0.0068897637795276
0
CIRCLE
8
BLACK
10
6.4424665354330708
20
-4.6279311023622043
40
0.0068897637795276
0
CIRCLE
8
BLACK
10
6.5424665354330704
20
-4.6279311023622043
40
0.0068897637795276
0
CIRCLE
8
BLACK
10
6.642466535433071
20
-4.6279311023622043
40
0.0068897637795276
0
CIRCLE
8
BLACK
10
6.7424665354330706
20
-4.6279311023622043
40
0.0068897637795276
0
CIRCLE
8
BLACK
10
5.5800000000000001
20
-4.6626377952755904
40
0.0068897637795276
0
CIRCLE
8
BLACK
10
5.4799999999999995
20
-4.6626377952755904
40
0.0068897637795276
0
CIRCLE
8
BLACK
10
5.3799999999999999
20
-4.6626377952755904
40
0.0068897637795276
  0
ENDSEC
  0
EOF
